model,request_file,k,examples,hits,truth,predicted,recall,precision,avg_hits,mrr,ndcg
qwen3,Chinese-SimpleQA/中华文化/1.json,8,12032,51812.0,96256.0,96256.0,0.5382729388297872,0.5382729388297872,4.306183510638298,0.9223882099415394,0.6104451310127339
qwen3,Chinese-SimpleQA/中华文化/1.json,12,12032,63379.0,96256.0,144384.0,0.658442071143617,0.43896138076241137,5.267536569148936,0.9223882099415394,0.6800415997809552
qwen3,Chinese-SimpleQA/中华文化/1.json,16,12032,70112.0,96256.0,192512.0,0.7283909574468085,0.36419547872340424,5.827127659574468,0.9223882099415394,0.7160231851516886
qwen3,Chinese-SimpleQA/中华文化/100.json,8,12032,52966.0,96256.0,96256.0,0.5502618018617021,0.5502618018617021,4.402094414893617,0.9021240003565525,0.6126264238611181
qwen3,Chinese-SimpleQA/中华文化/100.json,12,12032,63473.0,96256.0,144384.0,0.659418633643617,0.439612422429078,5.275349069148936,0.9021240003565525,0.6759512874674289
qwen3,Chinese-SimpleQA/中华文化/100.json,16,12032,69998.0,96256.0,192512.0,0.7272066156914894,0.3636033078457447,5.817652925531915,0.9021240003565525,0.710790346277521
qwen3,Chinese-SimpleQA/中华文化/101.json,8,12032,50762.0,96256.0,96256.0,0.5273645279255319,0.5273645279255319,4.218916223404255,0.9123674453573024,0.596901867617952
qwen3,Chinese-SimpleQA/中华文化/101.json,12,12032,62233.0,96256.0,144384.0,0.6465363198138298,0.43102421320921985,5.172290558510638,0.9123674453573024,0.6658728845576023
qwen3,Chinese-SimpleQA/中华文化/101.json,16,12032,69375.0,96256.0,192512.0,0.7207342918882979,0.3603671459441489,5.765874335106383,0.9123674453573024,0.7040305847817279
qwen3,Chinese-SimpleQA/中华文化/102.json,8,10998,48589.0,87984.0,87984.0,0.5522481360247318,0.5522481360247318,4.417985088197854,0.9119021298994171,0.6180653853901171
qwen3,Chinese-SimpleQA/中华文化/102.json,12,10998,58564.0,87984.0,131976.0,0.6656210220040008,0.44374734800266713,5.324968176032006,0.9119021298994171,0.6838132667853672
qwen3,Chinese-SimpleQA/中华文化/102.json,16,10998,64266.0,87984.0,175968.0,0.7304282596835788,0.3652141298417894,5.843426077468631,0.9119021298994171,0.7171499332442547
qwen3,Chinese-SimpleQA/中华文化/113.json,8,12032,50667.0,96256.0,96256.0,0.526377576462766,0.526377576462766,4.211020611702128,0.8868822189087563,0.5882393609970173
qwen3,Chinese-SimpleQA/中华文化/113.json,12,12032,61398.0,96256.0,144384.0,0.6378615359042553,0.4252410239361702,5.1028922872340425,0.8868822189087563,0.6528584893713606
qwen3,Chinese-SimpleQA/中华文化/113.json,16,12032,68403.0,96256.0,192512.0,0.7106362200797872,0.3553181100398936,5.685089760638298,0.8868822189087563,0.6902780475768637
qwen3,Chinese-SimpleQA/中华文化/114.json,8,12032,48648.0,96256.0,96256.0,0.5054022606382979,0.5054022606382979,4.043218085106383,0.884246382307499,0.5704661848697257
qwen3,Chinese-SimpleQA/中华文化/114.json,12,12032,59566.0,96256.0,144384.0,0.6188289561170213,0.4125526374113475,4.95063164893617,0.884246382307499,0.6361296842706964
qwen3,Chinese-SimpleQA/中华文化/114.json,16,12032,66634.0,96256.0,192512.0,0.6922581449468085,0.34612907247340424,5.538065159574468,0.884246382307499,0.6738807863377511
qwen3,Chinese-SimpleQA/中华文化/119.json,8,12032,49887.0,96256.0,96256.0,0.5182741855053191,0.5182741855053191,4.146193484042553,0.8994510249888643,0.5872950820212669
qwen3,Chinese-SimpleQA/中华文化/119.json,12,12032,60210.0,96256.0,144384.0,0.6255194481382979,0.4170129654255319,5.004155585106383,0.8994510249888643,0.6494224990936036
qwen3,Chinese-SimpleQA/中华文化/119.json,16,12032,66827.0,96256.0,192512.0,0.6942632147606383,0.3471316073803192,5.554105718085107,0.8994510249888643,0.6847713545281836
qwen3,Chinese-SimpleQA/中华文化/121.json,8,12032,47681.0,96256.0,96256.0,0.495356133643617,0.495356133643617,3.962849069148936,0.8551282730508358,0.5524705007989356
qwen3,Chinese-SimpleQA/中华文化/121.json,12,12032,58054.0,96256.0,144384.0,0.6031208444148937,0.4020805629432624,4.824966755319149,0.8551282730508358,0.6150209662762094
qwen3,Chinese-SimpleQA/中华文化/121.json,16,12032,64632.0,96256.0,192512.0,0.6714594414893617,0.3357297207446808,5.371675531914893,0.8551282730508358,0.6501382842976996
qwen3,Chinese-SimpleQA/中华文化/143.json,8,12032,52218.0,96256.0,96256.0,0.542490857712766,0.542490857712766,4.339926861702128,0.9235072592471508,0.6129347815158519
qwen3,Chinese-SimpleQA/中华文化/143.json,12,12032,62887.0,96256.0,144384.0,0.653330701462766,0.4355538009751773,5.226645611702128,0.9235072592471508,0.6772281242177841
qwen3,Chinese-SimpleQA/中华文化/143.json,16,12032,69262.0,96256.0,192512.0,0.7195603390957447,0.35978016954787234,5.7564827127659575,0.9235072592471508,0.7112716905614163
qwen3,Chinese-SimpleQA/中华文化/145.json,8,12032,53712.0,96256.0,96256.0,0.5580119680851063,0.5580119680851063,4.464095744680851,0.8985693315242199,0.6203531001476531
qwen3,Chinese-SimpleQA/中华文化/145.json,12,12032,64780.0,96256.0,144384.0,0.6729970079787234,0.4486646719858156,5.383976063829787,0.8985693315242199,0.6870831194076132
qwen3,Chinese-SimpleQA/中华文化/145.json,16,12032,71054.0,96256.0,192512.0,0.7381773603723404,0.3690886801861702,5.905418882978723,0.8985693315242199,0.7206081316826192
qwen3,Chinese-SimpleQA/中华文化/150.json,8,12032,49648.0,96256.0,96256.0,0.5157912234042553,0.5157912234042553,4.1263297872340425,0.8587043602415856,0.570468026906886
qwen3,Chinese-SimpleQA/中华文化/150.json,12,12032,60195.0,96256.0,144384.0,0.6253636136968085,0.41690907579787234,5.002908909574468,0.8587043602415856,0.6340280371777555
qwen3,Chinese-SimpleQA/中华文化/150.json,16,12032,66246.0,96256.0,192512.0,0.688227227393617,0.3441136136968085,5.505817819148936,0.8587043602415856,0.6663491992240257
qwen3,Chinese-SimpleQA/中华文化/151.json,8,12032,46682.0,96256.0,96256.0,0.4849775598404255,0.4849775598404255,3.879820478723404,0.8591877703971051,0.5442025832673336
qwen3,Chinese-SimpleQA/中华文化/151.json,12,12032,57291.0,96256.0,144384.0,0.5951940658244681,0.39679604388297873,4.761552526595745,0.8591877703971051,0.6080259065678779
qwen3,Chinese-SimpleQA/中华文化/151.json,16,12032,64527.0,96256.0,192512.0,0.6703686003989362,0.3351843001994681,5.36294880319149,0.8591877703971051,0.64663088068049
qwen3,Chinese-SimpleQA/中华文化/156.json,8,12032,53344.0,96256.0,96256.0,0.554188829787234,0.554188829787234,4.433510638297872,0.922204684703908,0.6223240050863712
qwen3,Chinese-SimpleQA/中华文化/156.json,12,12032,64357.0,96256.0,144384.0,0.6686024767287234,0.4457349844858156,5.348819813829787,0.922204684703908,0.6885650804702271
qwen3,Chinese-SimpleQA/中华文化/156.json,16,12032,71044.0,96256.0,192512.0,0.7380734707446809,0.36903673537234044,5.904587765957447,0.922204684703908,0.7242983807908728
qwen3,Chinese-SimpleQA/中华文化/167.json,8,12032,52576.0,96256.0,96256.0,0.5462101063829787,0.5462101063829787,4.36968085106383,0.911077249557414,0.6116367147323933
qwen3,Chinese-SimpleQA/中华文化/167.json,12,12032,63612.0,96256.0,144384.0,0.6608626994680851,0.4405751329787234,5.2869015957446805,0.911077249557414,0.6781663736130329
qwen3,Chinese-SimpleQA/中华文化/167.json,16,12032,70143.0,96256.0,192512.0,0.7287130152925532,0.3643565076462766,5.829704122340425,0.911077249557414,0.7130796173785595
qwen3,Chinese-SimpleQA/中华文化/168.json,8,12032,47089.0,96256.0,96256.0,0.4892058676861702,0.4892058676861702,3.9136469414893615,0.8545173951920043,0.5468187256062285
qwen3,Chinese-SimpleQA/中华文化/168.json,12,12032,58926.0,96256.0,144384.0,0.6121800199468085,0.40812001329787234,4.897440159574468,0.8545173951920043,0.6179429761906887
qwen3,Chinese-SimpleQA/中华文化/168.json,16,12032,66594.0,96256.0,192512.0,0.6918425864361702,0.3459212932180851,5.534740691489362,0.8545173951920043,0.6589108756247987
qwen3,Chinese-SimpleQA/中华文化/179.json,8,12032,45722.0,96256.0,96256.0,0.4750041555851064,0.4750041555851064,3.800033244680851,0.8397657262518051,0.5309515202299078
qwen3,Chinese-SimpleQA/中华文化/179.json,12,12032,56210.0,96256.0,144384.0,0.5839635970744681,0.38930906471631205,4.671708776595745,0.8397657262518051,0.5941166497291402
qwen3,Chinese-SimpleQA/中华文化/179.json,16,12032,63262.0,96256.0,192512.0,0.6572265625,0.32861328125,5.2578125,0.8397657262518051,0.6317674289358423
qwen3,Chinese-SimpleQA/中华文化/185.json,8,12032,53239.0,96256.0,96256.0,0.5530979886968085,0.5530979886968085,4.424783909574468,0.9150435873802673,0.6207752735056775
qwen3,Chinese-SimpleQA/中华文化/185.json,12,12032,63898.0,96256.0,144384.0,0.663833942819149,0.44255596187943264,5.310671542553192,0.9150435873802673,0.6849240242166722
qwen3,Chinese-SimpleQA/中华文化/185.json,16,12032,70848.0,96256.0,192512.0,0.7360372340425532,0.3680186170212766,5.888297872340425,0.9150435873802673,0.7220564154868431
qwen3,Chinese-SimpleQA/中华文化/203.json,8,12032,55589.0,96256.0,96256.0,0.5775120511968085,0.5775120511968085,4.620096409574468,0.9369061386331599,0.6483081236798712
qwen3,Chinese-SimpleQA/中华文化/203.json,12,12032,66264.0,96256.0,144384.0,0.6884142287234043,0.45894281914893614,5.507313829787234,0.9369061386331599,0.7126691252627271
qwen3,Chinese-SimpleQA/中华文化/203.json,16,12032,72235.0,96256.0,192512.0,0.7504467253989362,0.3752233626994681,6.00357380319149,0.9369061386331599,0.7445608402820344
qwen3,Chinese-SimpleQA/中华文化/212.json,8,12032,47937.0,96256.0,96256.0,0.49801570811170215,0.49801570811170215,3.984125664893617,0.8619094123231604,0.5574928699655736
qwen3,Chinese-SimpleQA/中华文化/212.json,12,12032,58365.0,96256.0,144384.0,0.6063518118351063,0.40423454122340424,4.850814494680851,0.8619094123231604,0.6202802670762894
qwen3,Chinese-SimpleQA/中华文化/212.json,16,12032,64962.0,96256.0,192512.0,0.6748877992021277,0.33744389960106386,5.399102393617022,0.8619094123231604,0.6554863795321039
qwen3,Chinese-SimpleQA/中华文化/216.json,8,12032,50211.0,96256.0,96256.0,0.5216402094414894,0.5216402094414894,4.173121675531915,0.8739880526319463,0.5797421684924592
qwen3,Chinese-SimpleQA/中华文化/216.json,12,12032,61018.0,96256.0,144384.0,0.6339137300531915,0.42260915336879434,5.071309840425532,0.8739880526319463,0.6448397598368056
qwen3,Chinese-SimpleQA/中华文化/216.json,16,12032,67644.0,96256.0,192512.0,0.7027509973404256,0.3513754986702128,5.6220079787234045,0.8739880526319463,0.6802246570587158
qwen3,Chinese-SimpleQA/中华文化/218.json,8,12032,51992.0,96256.0,96256.0,0.5401429521276596,0.5401429521276596,4.321143617021277,0.9059263150742713,0.6051939408829872
qwen3,Chinese-SimpleQA/中华文化/218.json,12,12032,62831.0,96256.0,144384.0,0.6527489195478723,0.43516594636524825,5.221991356382978,0.9059263150742713,0.6705399865799762
qwen3,Chinese-SimpleQA/中华文化/218.json,16,12032,69133.0,96256.0,192512.0,0.7182201628989362,0.3591100814494681,5.74576130319149,0.9059263150742713,0.7041975475372152
qwen3,Chinese-SimpleQA/中华文化/225.json,8,12032,47792.0,96256.0,96256.0,0.4965093085106383,0.4965093085106383,3.9720744680851063,0.8549715813170088,0.5525697957962117
qwen3,Chinese-SimpleQA/中华文化/225.json,12,12032,58115.0,96256.0,144384.0,0.603754571143617,0.402503047429078,4.830036569148936,0.8549715813170088,0.6147508228078802
qwen3,Chinese-SimpleQA/中华文化/225.json,16,12032,64951.0,96256.0,192512.0,0.6747735206117021,0.3373867603058511,5.398188164893617,0.8549715813170088,0.6512366381097348
qwen3,Chinese-SimpleQA/中华文化/229.json,8,12032,49861.0,96256.0,96256.0,0.5180040724734043,0.5180040724734043,4.144032579787234,0.8806265047255982,0.579113428897046
qwen3,Chinese-SimpleQA/中华文化/229.json,12,12032,60766.0,96256.0,144384.0,0.6312957114361702,0.42086380762411346,5.050365691489362,0.8806265047255982,0.6447207991113054
qwen3,Chinese-SimpleQA/中华文化/229.json,16,12032,68330.0,96256.0,192512.0,0.7098778257978723,0.35493891289893614,5.679022606382978,0.8806265047255982,0.6851204329348625
qwen3,Chinese-SimpleQA/中华文化/2302.json,8,12032,50006.0,96256.0,96256.0,0.5195104720744681,0.5195104720744681,4.156083776595745,0.8848903787896988,0.582938366747917
qwen3,Chinese-SimpleQA/中华文化/2302.json,12,12032,60732.0,96256.0,144384.0,0.6309424867021277,0.4206283244680851,5.047539893617022,0.8848903787896988,0.6475412230542366
qwen3,Chinese-SimpleQA/中华文化/2302.json,16,12032,66892.0,96256.0,192512.0,0.6949384973404256,0.3474692486702128,5.5595079787234045,0.8848903787896988,0.6804560131215035
qwen3,Chinese-SimpleQA/中华文化/2308.json,8,12032,55743.0,96256.0,96256.0,0.579111951462766,0.579111951462766,4.632895611702128,0.9372271806635755,0.6490703377317875
qwen3,Chinese-SimpleQA/中华文化/2308.json,12,12032,66867.0,96256.0,144384.0,0.6946787732712766,0.4631191821808511,5.557430186170213,0.9372271806635755,0.7161473137267093
qwen3,Chinese-SimpleQA/中华文化/2308.json,16,12032,73055.0,96256.0,192512.0,0.7589656748670213,0.37948283743351063,6.07172539893617,0.9372271806635755,0.7492044377834239
qwen3,Chinese-SimpleQA/中华文化/231.json,8,12032,48092.0,96256.0,96256.0,0.4996259973404255,0.4996259973404255,3.997007978723404,0.875271571443436,0.5624716675027888
qwen3,Chinese-SimpleQA/中华文化/231.json,12,12032,58666.0,96256.0,144384.0,0.6094788896276596,0.4063192597517731,4.875831117021277,0.875271571443436,0.6261352192848286
qwen3,Chinese-SimpleQA/中华文化/231.json,16,12032,65559.0,96256.0,192512.0,0.6810900099734043,0.34054500498670215,5.448720079787234,0.875271571443436,0.6629277087272482
qwen3,Chinese-SimpleQA/中华文化/2312.json,8,12032,50379.0,96256.0,96256.0,0.5233855551861702,0.5233855551861702,4.187084441489362,0.900380569569608,0.5907759336715049
qwen3,Chinese-SimpleQA/中华文化/2312.json,12,12032,61213.0,96256.0,144384.0,0.6359395777925532,0.4239597185283688,5.087516622340425,0.900380569569608,0.6559866558998189
qwen3,Chinese-SimpleQA/中华文化/2312.json,16,12032,68186.0,96256.0,192512.0,0.7083818151595744,0.3541909075797872,5.6670545212765955,0.900380569569608,0.6932193998326647
qwen3,Chinese-SimpleQA/中华文化/2314.json,8,12032,48634.0,96256.0,96256.0,0.5052568151595744,0.5052568151595744,4.0420545212765955,0.8617972477953485,0.5633430417547834
qwen3,Chinese-SimpleQA/中华文化/2314.json,12,12032,59137.0,96256.0,144384.0,0.6143720910904256,0.4095813940602837,4.9149767287234045,0.8617972477953485,0.6266591916693017
qwen3,Chinese-SimpleQA/中华文化/2314.json,16,12032,64982.0,96256.0,192512.0,0.6750955784574468,0.3375477892287234,5.400764627659575,0.8617972477953485,0.6578811311975439
qwen3,Chinese-SimpleQA/中华文化/2319.json,8,12032,54170.0,96256.0,96256.0,0.5627701130319149,0.5627701130319149,4.5021609042553195,0.9239663633894413,0.6326752932781868
qwen3,Chinese-SimpleQA/中华文化/2319.json,12,12032,65182.0,96256.0,144384.0,0.6771733710106383,0.4514489140070922,5.417386968085107,0.9239663633894413,0.6989616758011757
qwen3,Chinese-SimpleQA/中华文化/2319.json,16,12032,71486.0,96256.0,192512.0,0.742665392287234,0.371332696143617,5.941323138297872,0.9239663633894413,0.7326831082080273
qwen3,Chinese-SimpleQA/中华文化/2323.json,8,12032,53391.0,96256.0,96256.0,0.554677111037234,0.554677111037234,4.437416888297872,0.9054619390913781,0.6193502069787776
qwen3,Chinese-SimpleQA/中华文化/2323.json,12,12032,64035.0,96256.0,144384.0,0.6652572307180851,0.4435048204787234,5.3220578457446805,0.9054619390913781,0.6835405477818023
qwen3,Chinese-SimpleQA/中华文化/2323.json,16,12032,70205.0,96256.0,192512.0,0.7293571309840425,0.36467856549202127,5.83485704787234,0.9054619390913781,0.7165130972862244
qwen3,Chinese-SimpleQA/中华文化/234.json,8,12032,53579.0,96256.0,96256.0,0.556630236037234,0.556630236037234,4.453041888297872,0.9268707645700333,0.6259257742699157
qwen3,Chinese-SimpleQA/中华文化/234.json,12,12032,64570.0,96256.0,144384.0,0.6708153257978723,0.44721021719858156,5.366522606382978,0.9268707645700333,0.6921787223917373
qwen3,Chinese-SimpleQA/中华文化/234.json,16,12032,70950.0,96256.0,192512.0,0.7370969082446809,0.36854845412234044,5.896775265957447,0.9268707645700333,0.7262786690224993
qwen3,Chinese-SimpleQA/中华文化/2341.json,8,12032,51870.0,96256.0,96256.0,0.5388754986702128,0.5388754986702128,4.311003989361702,0.9113926874830368,0.6072333448744834
qwen3,Chinese-SimpleQA/中华文化/2341.json,12,12032,62650.0,96256.0,144384.0,0.650868517287234,0.43391234485815605,5.206948138297872,0.9113926874830368,0.6720323981122768
qwen3,Chinese-SimpleQA/中华文化/2341.json,16,12032,70298.0,96256.0,192512.0,0.7303233045212766,0.3651616522606383,5.842586436170213,0.9113926874830368,0.7128724493878953
qwen3,Chinese-SimpleQA/中华文化/235.json,8,12032,51621.0,96256.0,96256.0,0.5362886469414894,0.5362886469414894,4.290309175531915,0.9190656162322836,0.6070471158687104
qwen3,Chinese-SimpleQA/中华文化/235.json,12,12032,62535.0,96256.0,144384.0,0.649673786569149,0.43311585771276595,5.197390292553192,0.9190656162322836,0.6726247002469733
qwen3,Chinese-SimpleQA/中华文化/235.json,16,12032,69992.0,96256.0,192512.0,0.7271442819148937,0.36357214095744683,5.817154255319149,0.9190656162322836,0.7124813351225345
qwen3,Chinese-SimpleQA/中华文化/2369.json,8,12032,54038.0,96256.0,96256.0,0.5613987699468085,0.5613987699468085,4.491190159574468,0.9218249232211011,0.6287328734042796
qwen3,Chinese-SimpleQA/中华文化/2369.json,12,12032,65165.0,96256.0,144384.0,0.676996758643617,0.451331172429078,5.415974069148936,0.9218249232211011,0.6957650844086992
qwen3,Chinese-SimpleQA/中华文化/2369.json,16,12032,71377.0,96256.0,192512.0,0.7415329953457447,0.37076649767287234,5.9322639627659575,0.9218249232211011,0.7289690109009438
qwen3,Chinese-SimpleQA/中华文化/239.json,8,12032,55911.0,96256.0,96256.0,0.5808572972074468,0.5808572972074468,4.646858377659575,0.9366476117296422,0.650014654118964
qwen3,Chinese-SimpleQA/中华文化/239.json,12,12032,66627.0,96256.0,144384.0,0.6921854222074468,0.46145694813829785,5.537483377659575,0.9366476117296422,0.7147210341818789
qwen3,Chinese-SimpleQA/中华文化/239.json,16,12032,72222.0,96256.0,192512.0,0.7503116688829787,0.37515583444148937,6.00249335106383,0.9366476117296422,0.7446203561539345
qwen3,Chinese-SimpleQA/中华文化/247.json,8,12032,53102.0,96256.0,96256.0,0.5516747007978723,0.5516747007978723,4.413397606382978,0.9327045526910336,0.6250144427127027
qwen3,Chinese-SimpleQA/中华文化/247.json,12,12032,64393.0,96256.0,144384.0,0.6689764793882979,0.4459843195921986,5.351811835106383,0.9327045526910336,0.6928878642143087
qwen3,Chinese-SimpleQA/中华文化/247.json,16,12032,71442.0,96256.0,192512.0,0.7422082779255319,0.37110413896276595,5.937666223404255,0.9327045526910336,0.730535570611345
qwen3,Chinese-SimpleQA/中华文化/257.json,8,12032,54091.0,96256.0,96256.0,0.5619493849734043,0.5619493849734043,4.495595079787234,0.9371336089803818,0.6338378102221387
qwen3,Chinese-SimpleQA/中华文化/257.json,12,12032,65014.0,96256.0,144384.0,0.6754280252659575,0.450285350177305,5.40342420212766,0.9371336089803818,0.6995865309492071
qwen3,Chinese-SimpleQA/中华文化/257.json,16,12032,71353.0,96256.0,192512.0,0.7412836602393617,0.3706418301196808,5.930269281914893,0.9371336089803818,0.7334815745658063
qwen3,Chinese-SimpleQA/中华文化/262.json,8,12032,55342.0,96256.0,96256.0,0.574945977393617,0.574945977393617,4.599567819148936,0.9382582750726254,0.6461225519789026
qwen3,Chinese-SimpleQA/中华文化/262.json,12,12032,66095.0,96256.0,144384.0,0.6866584940159575,0.4577723293439716,5.49326795212766,0.9382582750726254,0.7109063293071504
qwen3,Chinese-SimpleQA/中华文化/262.json,16,12032,72207.0,96256.0,192512.0,0.7501558344414894,0.3750779172207447,6.001246675531915,0.9382582750726254,0.7435991358249745
qwen3,Chinese-SimpleQA/中华文化/263.json,8,12032,50692.0,96256.0,96256.0,0.5266373005319149,0.5266373005319149,4.2130984042553195,0.8728844383929638,0.5840897629869745
qwen3,Chinese-SimpleQA/中华文化/263.json,12,12032,60556.0,96256.0,144384.0,0.6291140292553191,0.4194093528368794,5.032912234042553,0.8728844383929638,0.6436613290867907
qwen3,Chinese-SimpleQA/中华文化/263.json,16,12032,65749.0,96256.0,192512.0,0.6830639128989362,0.3415319564494681,5.46451130319149,0.8728844383929638,0.6714041695949879
qwen3,Chinese-SimpleQA/中华文化/277.json,8,12032,54339.0,96256.0,96256.0,0.5645258477393617,0.5645258477393617,4.516206781914893,0.9316418500656777,0.6358032017312152
qwen3,Chinese-SimpleQA/中华文化/277.json,12,12032,65183.0,96256.0,144384.0,0.6771837599734043,0.4514558399822695,5.417470079787234,0.9316418500656777,0.7011012041822393
qwen3,Chinese-SimpleQA/中华文化/277.json,16,12032,71607.0,96256.0,192512.0,0.7439224567819149,0.37196122839095747,5.9513796542553195,0.9316418500656777,0.7354365156051961
qwen3,Chinese-SimpleQA/中华文化/39.json,8,12032,51036.0,96256.0,96256.0,0.5302111037234043,0.5302111037234043,4.241688829787234,0.9098951550240212,0.6006808255581145
qwen3,Chinese-SimpleQA/中华文化/39.json,12,12032,61748.0,96256.0,144384.0,0.6414976728723404,0.4276651152482269,5.131981382978723,0.9098951550240212,0.6651439463838618
qwen3,Chinese-SimpleQA/中华文化/39.json,16,12032,68981.0,96256.0,192512.0,0.7166410405585106,0.3583205202792553,5.733128324468085,0.9098951550240212,0.7037967671739295
qwen3,Chinese-SimpleQA/中华文化/42.json,8,12032,52827.0,96256.0,96256.0,0.548817736037234,0.548817736037234,4.390541888297872,0.9082054051947086,0.6136924725897769
qwen3,Chinese-SimpleQA/中华文化/42.json,12,12032,63994.0,96256.0,144384.0,0.6648312832446809,0.4432208554964539,5.318650265957447,0.9082054051947086,0.6809319853782654
qwen3,Chinese-SimpleQA/中华文化/42.json,16,12032,71022.0,96256.0,192512.0,0.7378449135638298,0.3689224567819149,5.902759308510638,0.9082054051947086,0.7184710883079691
qwen3,Chinese-SimpleQA/中华文化/45.json,8,12032,54275.0,96256.0,96256.0,0.5638609541223404,0.5638609541223404,4.510887632978723,0.9175597581457584,0.6298539422928019
qwen3,Chinese-SimpleQA/中华文化/45.json,12,12032,64985.0,96256.0,144384.0,0.6751267453457447,0.4500844968971631,5.4010139627659575,0.9175597581457584,0.6944474692040301
qwen3,Chinese-SimpleQA/中华文化/45.json,16,12032,70661.0,96256.0,192512.0,0.7340944980053191,0.36704724900265956,5.872755984042553,0.9175597581457584,0.7247914532397656
qwen3,Chinese-SimpleQA/中华文化/48.json,8,12032,53990.0,96256.0,96256.0,0.5609000997340425,0.5609000997340425,4.48720079787234,0.9154161493828956,0.6275225839716323
qwen3,Chinese-SimpleQA/中华文化/48.json,12,12032,64529.0,96256.0,144384.0,0.6703893783244681,0.44692625221631205,5.363115026595745,0.9154161493828956,0.6910343690121428
qwen3,Chinese-SimpleQA/中华文化/48.json,16,12032,70703.0,96256.0,192512.0,0.7345308344414894,0.3672654172207447,5.876246675531915,0.9154161493828956,0.7240495523239704
qwen3,Chinese-SimpleQA/中华文化/54.json,8,12032,54133.0,96256.0,96256.0,0.5623857214095744,0.5623857214095744,4.4990857712765955,0.9280154705047607,0.6321517032511691
qwen3,Chinese-SimpleQA/中华文化/54.json,12,12032,64685.0,96256.0,144384.0,0.6720100565159575,0.4480067043439716,5.37608045212766,0.9280154705047607,0.6957528280450943
qwen3,Chinese-SimpleQA/中华文化/54.json,16,12032,71140.0,96256.0,192512.0,0.7390708111702128,0.3695354055851064,5.912566489361702,0.9280154705047607,0.7302292737554996
qwen3,Chinese-SimpleQA/中华文化/55.json,8,12032,52722.0,96256.0,96256.0,0.5477268949468085,0.5477268949468085,4.381815159574468,0.9152631467961251,0.6157360349563842
qwen3,Chinese-SimpleQA/中华文化/55.json,12,12032,64052.0,96256.0,144384.0,0.6654338430851063,0.4436225620567376,5.323470744680851,0.9152631467961251,0.6839425411630184
qwen3,Chinese-SimpleQA/中华文化/55.json,16,12032,70946.0,96256.0,192512.0,0.737055352393617,0.3685276761968085,5.896442819148936,0.9152631467961251,0.7207696374426497
qwen3,Chinese-SimpleQA/中华文化/56.json,8,12032,54064.0,96256.0,96256.0,0.5616688829787234,0.5616688829787234,4.493351063829787,0.9213204612123206,0.6292884070822533
qwen3,Chinese-SimpleQA/中华文化/56.json,12,12032,65283.0,96256.0,144384.0,0.67822265625,0.4521484375,5.42578125,0.9213204612123206,0.6968445987143415
qwen3,Chinese-SimpleQA/中华文化/56.json,16,12032,72233.0,96256.0,192512.0,0.7504259474734043,0.37521297373670215,6.003407579787234,0.9213204612123206,0.7339760610397826
qwen3,Chinese-SimpleQA/中华文化/59.json,8,12032,53438.0,96256.0,96256.0,0.555165392287234,0.555165392287234,4.441323138297872,0.9341238331287465,0.6270707820324187
qwen3,Chinese-SimpleQA/中华文化/59.json,12,12032,64254.0,96256.0,144384.0,0.6675324135638298,0.44502160904255317,5.340259308510638,0.9341238331287465,0.6922301383728676
qwen3,Chinese-SimpleQA/中华文化/59.json,16,12032,70537.0,96256.0,192512.0,0.7328062666223404,0.3664031333111702,5.862450132978723,0.9341238331287465,0.7257871234670599
qwen3,Chinese-SimpleQA/中华文化/8.json,8,12032,53369.0,96256.0,96256.0,0.554448553856383,0.554448553856383,4.435588430851064,0.9153338746821627,0.621322160705607
qwen3,Chinese-SimpleQA/中华文化/8.json,12,12032,64569.0,96256.0,144384.0,0.6708049368351063,0.44720329122340424,5.366439494680851,0.9153338746821627,0.6887372630707761
qwen3,Chinese-SimpleQA/中华文化/8.json,16,12032,71135.0,96256.0,192512.0,0.739018866356383,0.3695094331781915,5.912150930851064,0.9153338746821627,0.7238459403210498
qwen3,Chinese-SimpleQA/中华文化/80.json,8,12032,51722.0,96256.0,96256.0,0.537337932180851,0.537337932180851,4.298703457446808,0.924242412790339,0.608638162308551
qwen3,Chinese-SimpleQA/中华文化/80.json,12,12032,62121.0,96256.0,144384.0,0.6453727559840425,0.4302485039893617,5.16298204787234,0.924242412790339,0.6712355017662048
qwen3,Chinese-SimpleQA/中华文化/80.json,16,12032,68601.0,96256.0,192512.0,0.7126932347074468,0.3563466173537234,5.701545877659575,0.924242412790339,0.7058615811327671
qwen3,Chinese-SimpleQA/中华文化/84.json,8,12032,50535.0,96256.0,96256.0,0.5250062333776596,0.5250062333776596,4.200049867021277,0.9006606403817522,0.5923954299155701
qwen3,Chinese-SimpleQA/中华文化/84.json,12,12032,60688.0,96256.0,144384.0,0.6304853723404256,0.4203235815602837,5.0438829787234045,0.9006606403817522,0.6535723970291463
qwen3,Chinese-SimpleQA/中华文化/84.json,16,12032,66643.0,96256.0,192512.0,0.6923516456117021,0.3461758228058511,5.538813164893617,0.9006606403817522,0.6853938077358489
qwen3,Chinese-SimpleQA/中华文化/92.json,8,12032,48683.0,96256.0,96256.0,0.5057658743351063,0.5057658743351063,4.046126994680851,0.8636374346753384,0.5643957618703234
qwen3,Chinese-SimpleQA/中华文化/92.json,12,12032,59031.0,96256.0,144384.0,0.613270861037234,0.40884724069148937,4.906166888297872,0.8636374346753384,0.6267087922451344
qwen3,Chinese-SimpleQA/中华文化/92.json,16,12032,65414.0,96256.0,192512.0,0.6795836103723404,0.3397918051861702,5.436668882978723,0.8636374346753384,0.6607723375584217
qwen3,Chinese-SimpleQA/中华文化/95.json,8,12032,53126.0,96256.0,96256.0,0.5519240359042553,0.5519240359042553,4.4153922872340425,0.9155443513647039,0.6187799338330614
qwen3,Chinese-SimpleQA/中华文化/95.json,12,12032,64023.0,96256.0,144384.0,0.6651325631648937,0.44342170877659576,5.321060505319149,0.9155443513647039,0.6843807589500508
qwen3,Chinese-SimpleQA/中华文化/95.json,16,12032,70332.0,96256.0,192512.0,0.7306765292553191,0.36533826462765956,5.845412234042553,0.9155443513647039,0.7181167253788482
qwen3,Chinese-SimpleQA/人文与社会科学/2345.json,8,12032,49470.0,96256.0,96256.0,0.5139419880319149,0.5139419880319149,4.1115359042553195,0.8711981709967268,0.573130099697316
qwen3,Chinese-SimpleQA/人文与社会科学/2345.json,12,12032,60266.0,96256.0,144384.0,0.6261012300531915,0.417400820035461,5.008809840425532,0.8711981709967268,0.6382239803354791
qwen3,Chinese-SimpleQA/人文与社会科学/2345.json,16,12032,66188.0,96256.0,192512.0,0.6876246675531915,0.34381233377659576,5.500997340425532,0.8711981709967268,0.6698782405954726
qwen3,Chinese-SimpleQA/人文与社会科学/2350.json,8,12032,50444.0,96256.0,96256.0,0.5240608377659575,0.5240608377659575,4.19248670212766,0.8821025465397124,0.5859685299244333
qwen3,Chinese-SimpleQA/人文与社会科学/2350.json,12,12032,60271.0,96256.0,144384.0,0.6261531748670213,0.4174354499113475,5.00922539893617,0.8821025465397124,0.6452912333163809
qwen3,Chinese-SimpleQA/人文与社会科学/2350.json,16,12032,65824.0,96256.0,192512.0,0.683843085106383,0.3419215425531915,5.470744680851064,0.8821025465397124,0.6749545722565753
qwen3,Chinese-SimpleQA/人文与社会科学/2353.json,8,12032,48814.0,96256.0,96256.0,0.5071268284574468,0.5071268284574468,4.057014627659575,0.8710997130008454,0.5721009798506473
qwen3,Chinese-SimpleQA/人文与社会科学/2353.json,12,12032,59920.0,96256.0,144384.0,0.6225066489361702,0.41500443262411346,4.980053191489362,0.8710997130008454,0.638918454976792
qwen3,Chinese-SimpleQA/人文与社会科学/2353.json,16,12032,66908.0,96256.0,192512.0,0.6951047207446809,0.34755236037234044,5.560837765957447,0.8710997130008454,0.6762415360897145
qwen3,Chinese-SimpleQA/人文与社会科学/2357.json,8,10434,43612.0,83472.0,83472.0,0.5224746022618363,0.5224746022618363,4.17979681809469,0.8870594206728285,0.5851283469190081
qwen3,Chinese-SimpleQA/人文与社会科学/2357.json,12,10434,52813.0,83472.0,125208.0,0.6327031819053096,0.4218021212702064,5.061625455242477,0.8870594206728285,0.6490367211577123
qwen3,Chinese-SimpleQA/人文与社会科学/2357.json,16,10434,58283.0,83472.0,166944.0,0.6982341383937128,0.3491170691968564,5.585873107149703,0.8870594206728285,0.6827205038628222
qwen3,Chinese-SimpleQA/人文与社会科学/2374.json,8,12032,52773.0,96256.0,96256.0,0.5482567320478723,0.5482567320478723,4.386053856382978,0.9208185596668974,0.6179461105072752
qwen3,Chinese-SimpleQA/人文与社会科学/2374.json,12,12032,63165.0,96256.0,144384.0,0.6562188331117021,0.4374792220744681,5.249750664893617,0.9208185596668974,0.6805756409117516
qwen3,Chinese-SimpleQA/人文与社会科学/2374.json,16,12032,69071.0,96256.0,192512.0,0.7175760472074468,0.3587880236037234,5.740608377659575,0.9208185596668974,0.7121309460477626
qwen3,Chinese-SimpleQA/人文与社会科学/2377.json,8,12032,49210.0,96256.0,96256.0,0.511240857712766,0.511240857712766,4.089926861702128,0.8877936043637864,0.576985739647074
qwen3,Chinese-SimpleQA/人文与社会科学/2377.json,12,12032,59179.0,96256.0,144384.0,0.6148084275265957,0.4098722850177305,4.918467420212766,0.8877936043637864,0.6371145210367568
qwen3,Chinese-SimpleQA/人文与社会科学/2377.json,16,12032,65127.0,96256.0,192512.0,0.6766019780585106,0.3383009890292553,5.412815824468085,0.8877936043637864,0.6688714331768929
qwen3,Chinese-SimpleQA/人文与社会科学/2391.json,8,12032,48262.0,96256.0,96256.0,0.5013921210106383,0.5013921210106383,4.011136968085107,0.8703673443895705,0.5624721893604766
qwen3,Chinese-SimpleQA/人文与社会科学/2391.json,12,12032,59402.0,96256.0,144384.0,0.6171251662234043,0.4114167774822695,4.937001329787234,0.8703673443895705,0.6295035240497995
qwen3,Chinese-SimpleQA/人文与社会科学/2391.json,16,12032,66692.0,96256.0,192512.0,0.692860704787234,0.346430352393617,5.542885638297872,0.8703673443895705,0.6684481006987552
qwen3,Chinese-SimpleQA/人文与社会科学/2400.json,8,12032,50258.0,96256.0,96256.0,0.5221284906914894,0.5221284906914894,4.177027925531915,0.8828607937122913,0.5850776871468159
qwen3,Chinese-SimpleQA/人文与社会科学/2400.json,12,12032,60585.0,96256.0,144384.0,0.6294153091755319,0.41961020611702127,5.035322473404255,0.8828607937122913,0.6472737858904168
qwen3,Chinese-SimpleQA/人文与社会科学/2400.json,16,12032,66997.0,96256.0,192512.0,0.696029338430851,0.3480146692154255,5.568234707446808,0.8828607937122913,0.6815274890432966
qwen3,Chinese-SimpleQA/人文与社会科学/2412.json,8,12032,55150.0,96256.0,96256.0,0.5729512965425532,0.5729512965425532,4.583610372340425,0.9082466807771237,0.633435328590109
qwen3,Chinese-SimpleQA/人文与社会科学/2412.json,12,12032,64983.0,96256.0,144384.0,0.6751059674202128,0.4500706449468085,5.400847739361702,0.9082466807771237,0.6929053626161941
qwen3,Chinese-SimpleQA/人文与社会科学/2412.json,16,12032,69584.0,96256.0,192512.0,0.722905585106383,0.3614527925531915,5.783244680851064,0.9082466807771237,0.7174622023359258
qwen3,Chinese-SimpleQA/人文与社会科学/2415.json,8,12032,51261.0,96256.0,96256.0,0.5325486203457447,0.5325486203457447,4.2603889627659575,0.9022792996244228,0.6005961673056825
qwen3,Chinese-SimpleQA/人文与社会科学/2415.json,12,12032,61994.0,96256.0,144384.0,0.644053357712766,0.42936890514184395,5.152426861702128,0.9022792996244228,0.6653472869954211
qwen3,Chinese-SimpleQA/人文与社会科学/2415.json,16,12032,67587.0,96256.0,192512.0,0.702158826462766,0.351079413231383,5.617270611702128,0.9022792996244228,0.6952458341070946
qwen3,Chinese-SimpleQA/人文与社会科学/2416.json,8,12032,48016.0,96256.0,96256.0,0.4988364361702128,0.4988364361702128,3.9906914893617023,0.8731445936446495,0.5613918412238994
qwen3,Chinese-SimpleQA/人文与社会科学/2416.json,12,12032,58566.0,96256.0,144384.0,0.6084399933510638,0.40562666223404253,4.86751994680851,0.8731445936446495,0.6249189471944849
qwen3,Chinese-SimpleQA/人文与社会科学/2416.json,16,12032,65450.0,96256.0,192512.0,0.6799576130319149,0.33997880651595747,5.4396609042553195,0.8731445936446495,0.6616613116670162
qwen3,Chinese-SimpleQA/人文与社会科学/2417.json,8,12032,55790.0,96256.0,96256.0,0.579600232712766,0.579600232712766,4.636801861702128,0.9139768709527686,0.6416169734711342
qwen3,Chinese-SimpleQA/人文与社会科学/2417.json,12,12032,66175.0,96256.0,144384.0,0.687489611037234,0.45832640735815605,5.499916888297872,0.9139768709527686,0.7043813340207363
qwen3,Chinese-SimpleQA/人文与社会科学/2417.json,16,12032,71362.0,96256.0,192512.0,0.7413771609042553,0.37068858045212766,5.9310172872340425,0.9139768709527686,0.7320773943941644
qwen3,Chinese-SimpleQA/人文与社会科学/2418.json,8,12032,47840.0,96256.0,96256.0,0.49700797872340424,0.49700797872340424,3.976063829787234,0.8715565661166577,0.5598061084747314
qwen3,Chinese-SimpleQA/人文与社会科学/2418.json,12,12032,58507.0,96256.0,144384.0,0.6078270445478723,0.40521802969858156,4.862616356382978,0.8715565661166577,0.6239656102150044
qwen3,Chinese-SimpleQA/人文与社会科学/2418.json,16,12032,65548.0,96256.0,192512.0,0.6809757313829787,0.34048786569148937,5.44780585106383,0.8715565661166577,0.6615703194699389
qwen3,Chinese-SimpleQA/人文与社会科学/2428.json,8,12032,53779.0,96256.0,96256.0,0.5587080285904256,0.5587080285904256,4.4696642287234045,0.9107894618460473,0.6230065683101086
qwen3,Chinese-SimpleQA/人文与社会科学/2428.json,12,12032,64434.0,96256.0,144384.0,0.6694024268617021,0.4462682845744681,5.355219414893617,0.9107894618460473,0.6872811767649143
qwen3,Chinese-SimpleQA/人文与社会科学/2428.json,16,12032,70602.0,96256.0,192512.0,0.7334815492021277,0.36674077460106386,5.867852393617022,0.9107894618460473,0.7202434641249637
qwen3,Chinese-SimpleQA/人文与社会科学/2434.json,8,12032,46467.0,96256.0,96256.0,0.4827439328457447,0.4827439328457447,3.8619514627659575,0.8369638095510766,0.5368455420149133
qwen3,Chinese-SimpleQA/人文与社会科学/2434.json,12,12032,56822.0,96256.0,144384.0,0.590321642287234,0.3935477615248227,4.722573138297872,0.8369638095510766,0.5992470421689622
qwen3,Chinese-SimpleQA/人文与社会科学/2434.json,16,12032,63408.0,96256.0,192512.0,0.6587433510638298,0.3293716755319149,5.269946808510638,0.8369638095510766,0.6344024944812694
qwen3,Chinese-SimpleQA/人文与社会科学/2439.json,8,12032,47804.0,96256.0,96256.0,0.4966339760638298,0.4966339760638298,3.9730718085106385,0.8641546571508367,0.5571460108807746
qwen3,Chinese-SimpleQA/人文与社会科学/2439.json,12,12032,58210.0,96256.0,144384.0,0.604741522606383,0.403161015070922,4.837932180851064,0.8641546571508367,0.6198500287025532
qwen3,Chinese-SimpleQA/人文与社会科学/2439.json,16,12032,64541.0,96256.0,192512.0,0.6705140458776596,0.3352570229388298,5.364112367021277,0.8641546571508367,0.6536521531165914
qwen3,Chinese-SimpleQA/人文与社会科学/2456.json,8,12032,53012.0,96256.0,96256.0,0.5507396941489362,0.5507396941489362,4.40591755319149,0.9068639506684973,0.6156060359579452
qwen3,Chinese-SimpleQA/人文与社会科学/2456.json,12,12032,62842.0,96256.0,144384.0,0.6528631981382979,0.4352421320921986,5.222905585106383,0.9068639506684973,0.6749168862687781
qwen3,Chinese-SimpleQA/人文与社会科学/2456.json,16,12032,68497.0,96256.0,192512.0,0.7116127825797872,0.3558063912898936,5.692902260638298,0.9068639506684973,0.70510607323748
qwen3,Chinese-SimpleQA/人文与社会科学/2457.json,8,12032,50749.0,96256.0,96256.0,0.5272294714095744,0.5272294714095744,4.2178357712765955,0.896634801905206,0.5936479574822365
qwen3,Chinese-SimpleQA/人文与社会科学/2457.json,12,12032,60938.0,96256.0,144384.0,0.6330826130319149,0.42205507535460995,5.0646609042553195,0.896634801905206,0.655093677500461
qwen3,Chinese-SimpleQA/人文与社会科学/2457.json,16,12032,66864.0,96256.0,192512.0,0.6946476063829787,0.34732380319148937,5.55718085106383,0.896634801905206,0.6867528012458314
qwen3,Chinese-SimpleQA/人文与社会科学/2459.json,8,12032,53119.0,96256.0,96256.0,0.5518513131648937,0.5518513131648937,4.414810505319149,0.9183482198005027,0.6197388577968517
qwen3,Chinese-SimpleQA/人文与社会科学/2459.json,12,12032,64043.0,96256.0,144384.0,0.6653403424202128,0.44356022828014185,5.322722739361702,0.9183482198005027,0.6855241605576049
qwen3,Chinese-SimpleQA/人文与社会科学/2459.json,16,12032,70330.0,96256.0,192512.0,0.7306557513297872,0.3653278756648936,5.845246010638298,0.9183482198005027,0.7191472662256119
qwen3,Chinese-SimpleQA/人文与社会科学/2461.json,8,12032,49196.0,96256.0,96256.0,0.5110954122340425,0.5110954122340425,4.08876329787234,0.8820267408452136,0.5768559568739952
qwen3,Chinese-SimpleQA/人文与社会科学/2461.json,12,12032,59824.0,96256.0,144384.0,0.6215093085106383,0.4143395390070922,4.972074468085107,0.8820267408452136,0.6408304730628399
qwen3,Chinese-SimpleQA/人文与社会科学/2461.json,16,12032,65989.0,96256.0,192512.0,0.685557263962766,0.342778631981383,5.484458111702128,0.8820267408452136,0.6737755720919751
qwen3,Chinese-SimpleQA/人文与社会科学/2477.json,8,12032,54809.0,96256.0,96256.0,0.5694086602393617,0.5694086602393617,4.555269281914893,0.909732681639651,0.631880003087064
qwen3,Chinese-SimpleQA/人文与社会科学/2477.json,12,12032,65125.0,96256.0,144384.0,0.6765812001329787,0.4510541334219858,5.41264960106383,0.909732681639651,0.6941369340774861
qwen3,Chinese-SimpleQA/人文与社会科学/2477.json,16,12032,70683.0,96256.0,192512.0,0.7343230551861702,0.3671615275930851,5.874584441489362,0.909732681639651,0.7238336281573519
qwen3,Chinese-SimpleQA/人文与社会科学/2486.json,8,12032,47966.0,96256.0,96256.0,0.4983169880319149,0.4983169880319149,3.986535904255319,0.8609904811737386,0.558005171887418
qwen3,Chinese-SimpleQA/人文与社会科学/2486.json,12,12032,58253.0,96256.0,144384.0,0.6051882480053191,0.4034588320035461,4.841505984042553,0.8609904811737386,0.6200266258513674
qwen3,Chinese-SimpleQA/人文与社会科学/2486.json,16,12032,64425.0,96256.0,192512.0,0.6693089261968085,0.33465446309840424,5.354471409574468,0.8609904811737386,0.6529704383079041
qwen3,Chinese-SimpleQA/人文与社会科学/2492.json,8,12032,48291.0,96256.0,96256.0,0.501693400930851,0.501693400930851,4.013547207446808,0.8715799273328578,0.5651980676549546
qwen3,Chinese-SimpleQA/人文与社会科学/2492.json,12,12032,58552.0,96256.0,144384.0,0.6082945478723404,0.4055296985815603,4.866356382978723,0.8715799273328578,0.6270136769781721
qwen3,Chinese-SimpleQA/人文与社会科学/2492.json,16,12032,64759.0,96256.0,192512.0,0.6727788397606383,0.3363894198803192,5.382230718085107,0.8715799273328578,0.6601725981590596
qwen3,Chinese-SimpleQA/人文与社会科学/2499.json,8,12032,50939.0,96256.0,96256.0,0.5292033743351063,0.5292033743351063,4.233626994680851,0.8809214995262471,0.5900133759417432
qwen3,Chinese-SimpleQA/人文与社会科学/2499.json,12,12032,61288.0,96256.0,144384.0,0.63671875,0.4244791666666667,5.09375,0.8809214995262471,0.6523592459394577
qwen3,Chinese-SimpleQA/人文与社会科学/2499.json,16,12032,68032.0,96256.0,192512.0,0.706781914893617,0.3533909574468085,5.654255319148936,0.8809214995262471,0.6883632413884426
qwen3,Chinese-SimpleQA/人文与社会科学/2503.json,8,12032,50038.0,96256.0,96256.0,0.5198429188829787,0.5198429188829787,4.15874335106383,0.8815109032265683,0.5811258123276082
qwen3,Chinese-SimpleQA/人文与社会科学/2503.json,12,12032,60450.0,96256.0,144384.0,0.6280127992021277,0.4186751994680851,5.024102393617022,0.8815109032265683,0.6438747352742135
qwen3,Chinese-SimpleQA/人文与社会科学/2503.json,16,12032,66948.0,96256.0,192512.0,0.6955202792553191,0.34776013962765956,5.564162234042553,0.8815109032265683,0.6785659003765026
qwen3,Chinese-SimpleQA/人文与社会科学/2512.json,8,12032,49970.0,96256.0,96256.0,0.5191364694148937,0.5191364694148937,4.153091755319149,0.8889159065611819,0.5843040264667348
qwen3,Chinese-SimpleQA/人文与社会科学/2512.json,12,12032,60627.0,96256.0,144384.0,0.6298516456117021,0.4199010970744681,5.038813164893617,0.8889159065611819,0.6485490145835471
qwen3,Chinese-SimpleQA/人文与社会科学/2512.json,16,12032,66648.0,96256.0,192512.0,0.6924035904255319,0.34620179521276595,5.539228723404255,0.8889159065611819,0.6807162393914893
qwen3,Chinese-SimpleQA/人文与社会科学/2519.json,8,12032,48822.0,96256.0,96256.0,0.5072099401595744,0.5072099401595744,4.0576795212765955,0.855581430678672,0.5635966252773366
qwen3,Chinese-SimpleQA/人文与社会科学/2519.json,12,12032,59826.0,96256.0,144384.0,0.6215300864361702,0.41435339095744683,4.972240691489362,0.855581430678672,0.6298820680760323
qwen3,Chinese-SimpleQA/人文与社会科学/2519.json,16,12032,65997.0,96256.0,192512.0,0.6856403756648937,0.34282018783244683,5.485123005319149,0.855581430678672,0.6628485531248944
qwen3,Chinese-SimpleQA/人文与社会科学/2526.json,8,12032,52317.0,96256.0,96256.0,0.5435193650265957,0.5435193650265957,4.348154920212766,0.9074054258934995,0.6095931637794414
qwen3,Chinese-SimpleQA/人文与社会科学/2526.json,12,12032,63126.0,96256.0,144384.0,0.6558136635638298,0.43720910904255317,5.246509308510638,0.9074054258934995,0.6746850584415679
qwen3,Chinese-SimpleQA/人文与社会科学/2526.json,16,12032,69481.0,96256.0,192512.0,0.7218355219414894,0.3609177609707447,5.774684175531915,0.9074054258934995,0.7086433920454471
qwen3,Chinese-SimpleQA/人文与社会科学/292.json,8,12032,44387.0,96256.0,96256.0,0.46113489029255317,0.46113489029255317,3.6890791223404253,0.8279885814545003,0.5188564892779005
qwen3,Chinese-SimpleQA/人文与社会科学/292.json,12,12032,54921.0,96256.0,144384.0,0.570572224069149,0.38038148271276595,4.564577792553192,0.8279885814545003,0.5821962324862785
qwen3,Chinese-SimpleQA/人文与社会科学/292.json,16,12032,61854.0,96256.0,192512.0,0.6425989029255319,0.32129945146276595,5.140791223404255,0.8279885814545003,0.6192127827634203
qwen3,Chinese-SimpleQA/人文与社会科学/294.json,8,12032,54437.0,96256.0,96256.0,0.5655439660904256,0.5655439660904256,4.5243517287234045,0.9271148252994457,0.6335170788967863
qwen3,Chinese-SimpleQA/人文与社会科学/294.json,12,12032,65249.0,96256.0,144384.0,0.6778694315159575,0.4519129543439716,5.42295545212766,0.9271148252994457,0.6985502636179011
qwen3,Chinese-SimpleQA/人文与社会科学/294.json,16,12032,72154.0,96256.0,192512.0,0.7496052194148937,0.37480260970744683,5.996841755319149,0.9271148252994457,0.7354332119860547
qwen3,Chinese-SimpleQA/人文与社会科学/298.json,8,12032,52350.0,96256.0,96256.0,0.5438622007978723,0.5438622007978723,4.350897606382978,0.9116287561173134,0.6118214796198175
qwen3,Chinese-SimpleQA/人文与社会科学/298.json,12,12032,63599.0,96256.0,144384.0,0.6607276429521277,0.44048509530141844,5.285821143617022,0.9116287561173134,0.6795002906880481
qwen3,Chinese-SimpleQA/人文与社会科学/298.json,16,12032,70224.0,96256.0,192512.0,0.7295545212765957,0.36477726063829785,5.836436170212766,0.9116287561173134,0.7149230590526093
qwen3,Chinese-SimpleQA/人文与社会科学/301.json,8,12032,52865.0,96256.0,96256.0,0.5492125166223404,0.5492125166223404,4.393700132978723,0.9122494459152222,0.616589901929206
qwen3,Chinese-SimpleQA/人文与社会科学/301.json,12,12032,63743.0,96256.0,144384.0,0.6622236535904256,0.44148243572695034,5.2977892287234045,0.9122494459152222,0.6820721677009095
qwen3,Chinese-SimpleQA/人文与社会科学/301.json,16,12032,70013.0,96256.0,192512.0,0.7273624501329787,0.36368122506648937,5.81889960106383,0.9122494459152222,0.7155719691134513
qwen3,Chinese-SimpleQA/人文与社会科学/308.json,8,12032,45880.0,96256.0,96256.0,0.47664561170212766,0.47664561170212766,3.8131648936170213,0.8486775248608691,0.5368251090354108
qwen3,Chinese-SimpleQA/人文与社会科学/308.json,12,12032,55154.0,96256.0,144384.0,0.572992852393617,0.381995234929078,4.583942819148936,0.8486775248608691,0.5927306020513494
qwen3,Chinese-SimpleQA/人文与社会科学/308.json,16,12032,60755.0,96256.0,192512.0,0.6311814328457447,0.31559071642287234,5.0494514627659575,0.8486775248608691,0.622623898247455
qwen3,Chinese-SimpleQA/人文与社会科学/314.json,8,12032,48828.0,96256.0,96256.0,0.5072722739361702,0.5072722739361702,4.058178191489362,0.8713464457938012,0.5692264672289503
qwen3,Chinese-SimpleQA/人文与社会科学/314.json,12,12032,59417.0,96256.0,144384.0,0.6172810006648937,0.4115206671099291,4.938248005319149,0.8713464457938012,0.6330333453543643
qwen3,Chinese-SimpleQA/人文与社会科学/314.json,16,12032,65302.0,96256.0,192512.0,0.6784200465425532,0.3392100232712766,5.427360372340425,0.8713464457938012,0.6644675769704453
qwen3,Chinese-SimpleQA/人文与社会科学/323.json,8,12032,53138.0,96256.0,96256.0,0.5520487034574468,0.5520487034574468,4.416389627659575,0.9222022713498866,0.6228373760872699
qwen3,Chinese-SimpleQA/人文与社会科学/323.json,12,12032,62872.0,96256.0,144384.0,0.6531748670212766,0.4354499113475177,5.225398936170213,0.9222022713498866,0.6815400085550674
qwen3,Chinese-SimpleQA/人文与社会科学/323.json,16,12032,68655.0,96256.0,192512.0,0.7132542386968085,0.35662711934840424,5.706033909574468,0.9222022713498866,0.7124291354037345
qwen3,Chinese-SimpleQA/人文与社会科学/327.json,8,12032,50754.0,96256.0,96256.0,0.5272814162234043,0.5272814162234043,4.218251329787234,0.8829470974333743,0.5888828007464714
qwen3,Chinese-SimpleQA/人文与社会科学/327.json,12,12032,61350.0,96256.0,144384.0,0.6373628656914894,0.42490857712765956,5.098902925531915,0.8829470974333743,0.652681937877168
qwen3,Chinese-SimpleQA/人文与社会科学/327.json,16,12032,68470.0,96256.0,192512.0,0.7113322805851063,0.35566614029255317,5.690658244680851,0.8829470974333743,0.6906798824350885
qwen3,Chinese-SimpleQA/人文与社会科学/330.json,8,12032,52459.0,96256.0,96256.0,0.5449945977393617,0.5449945977393617,4.359956781914893,0.8981754335951297,0.6096166410344712
qwen3,Chinese-SimpleQA/人文与社会科学/330.json,12,12032,62584.0,96256.0,144384.0,0.6501828457446809,0.4334552304964539,5.201462765957447,0.8981754335951297,0.6706828189657089
qwen3,Chinese-SimpleQA/人文与社会科学/330.json,16,12032,68359.0,96256.0,192512.0,0.7101791057180851,0.35508955285904253,5.6814328457446805,0.8981754335951297,0.7015348926503607
qwen3,Chinese-SimpleQA/人文与社会科学/333.json,8,12032,49698.0,96256.0,96256.0,0.5163106715425532,0.5163106715425532,4.130485372340425,0.8609380950319007,0.5742255569772517
qwen3,Chinese-SimpleQA/人文与社会科学/333.json,12,12032,59571.0,96256.0,144384.0,0.618880900930851,0.41258726728723405,4.951047207446808,0.8609380950319007,0.6336856757072692
qwen3,Chinese-SimpleQA/人文与社会科学/333.json,16,12032,65997.0,96256.0,192512.0,0.6856403756648937,0.34282018783244683,5.485123005319149,0.8609380950319007,0.6680175535222317
qwen3,Chinese-SimpleQA/人文与社会科学/337.json,8,12032,48409.0,96256.0,96256.0,0.502919298537234,0.502919298537234,4.023354388297872,0.8820913598892537,0.568230686669654
qwen3,Chinese-SimpleQA/人文与社会科学/337.json,12,12032,59124.0,96256.0,144384.0,0.6142370345744681,0.40949135638297873,4.913896276595745,0.8820913598892537,0.6327176816920017
qwen3,Chinese-SimpleQA/人文与社会科学/337.json,16,12032,66153.0,96256.0,192512.0,0.687261053856383,0.3436305269281915,5.498088430851064,0.8820913598892537,0.6702676250579509
qwen3,Chinese-SimpleQA/人文与社会科学/340.json,8,12032,45548.0,96256.0,96256.0,0.4731964760638298,0.4731964760638298,3.7855718085106385,0.8358945275874848,0.5283036193949111
qwen3,Chinese-SimpleQA/人文与社会科学/340.json,12,12032,56212.0,96256.0,144384.0,0.583984375,0.3893229166666667,4.671875,0.8358945275874848,0.5925146835915586
qwen3,Chinese-SimpleQA/人文与社会科学/340.json,16,12032,63205.0,96256.0,192512.0,0.6566343916223404,0.3283171958111702,5.253075132978723,0.8358945275874848,0.6298692207387153
qwen3,Chinese-SimpleQA/人文与社会科学/341.json,8,12032,48832.0,96256.0,96256.0,0.507313829787234,0.507313829787234,4.058510638297872,0.8652605312935849,0.5672406839563492
qwen3,Chinese-SimpleQA/人文与社会科学/341.json,12,12032,59112.0,96256.0,144384.0,0.6141123670212766,0.4094082446808511,4.912898936170213,0.8652605312935849,0.6292402921838963
qwen3,Chinese-SimpleQA/人文与社会科学/341.json,16,12032,65116.0,96256.0,192512.0,0.6764876994680851,0.33824384973404253,5.4119015957446805,0.8652605312935849,0.6613045062156434
qwen3,Chinese-SimpleQA/人文与社会科学/344.json,8,12032,53934.0,96256.0,96256.0,0.560318317819149,0.560318317819149,4.482546542553192,0.9301972287766477,0.6320732705136562
qwen3,Chinese-SimpleQA/人文与社会科学/344.json,12,12032,64761.0,96256.0,144384.0,0.6727996176861702,0.44853307845744683,5.382396941489362,0.9301972287766477,0.6972779631614685
qwen3,Chinese-SimpleQA/人文与社会科学/344.json,16,12032,71296.0,96256.0,192512.0,0.7406914893617021,0.3703457446808511,5.925531914893617,0.9301972287766477,0.7322119899252628
qwen3,Chinese-SimpleQA/人文与社会科学/353.json,8,12032,50222.0,96256.0,96256.0,0.5217544880319149,0.5217544880319149,4.1740359042553195,0.8905071590809112,0.586453950151484
qwen3,Chinese-SimpleQA/人文与社会科学/353.json,12,12032,61029.0,96256.0,144384.0,0.634028008643617,0.4226853390957447,5.072224069148936,0.8905071590809112,0.6515459430978653
qwen3,Chinese-SimpleQA/人文与社会科学/353.json,16,12032,67613.0,96256.0,192512.0,0.7024289394946809,0.35121446974734044,5.619431515957447,0.8905071590809112,0.6867153771380161
qwen3,Chinese-SimpleQA/人文与社会科学/355.json,8,12032,51341.0,96256.0,96256.0,0.5333797373670213,0.5333797373670213,4.26703789893617,0.8965627145259938,0.5988597166030964
qwen3,Chinese-SimpleQA/人文与社会科学/355.json,12,12032,61579.0,96256.0,144384.0,0.6397419381648937,0.4264946254432624,5.117935505319149,0.8965627145259938,0.6605685873234526
qwen3,Chinese-SimpleQA/人文与社会科学/355.json,16,12032,67677.0,96256.0,192512.0,0.7030938331117021,0.3515469165558511,5.624750664893617,0.8965627145259938,0.6931314322542637
qwen3,Chinese-SimpleQA/人文与社会科学/356.json,8,12032,53791.0,96256.0,96256.0,0.558832696143617,0.558832696143617,4.470661569148936,0.9269597390864758,0.6282120670409913
qwen3,Chinese-SimpleQA/人文与社会科学/356.json,12,12032,64590.0,96256.0,144384.0,0.6710231050531915,0.44734873670212766,5.368184840425532,0.9269597390864758,0.6933239660364516
qwen3,Chinese-SimpleQA/人文与社会科学/356.json,16,12032,70585.0,96256.0,192512.0,0.7333049368351063,0.36665246841755317,5.866439494680851,0.9269597390864758,0.7253665556298926
qwen3,Chinese-SimpleQA/人文与社会科学/374.json,8,12032,48563.0,96256.0,96256.0,0.5045191988031915,0.5045191988031915,4.036153590425532,0.882082499088125,0.5694754244165218
qwen3,Chinese-SimpleQA/人文与社会科学/374.json,12,12032,59505.0,96256.0,144384.0,0.6181952293882979,0.4121301529255319,4.945561835106383,0.882082499088125,0.6353122966086611
qwen3,Chinese-SimpleQA/人文与社会科学/374.json,16,12032,66544.0,96256.0,192512.0,0.6913231382978723,0.34566156914893614,5.530585106382978,0.882082499088125,0.6729078863529449
qwen3,Chinese-SimpleQA/人文与社会科学/382.json,8,12032,80358.0,96256.0,96256.0,0.8348362699468085,0.8348362699468085,6.678690159574468,0.9916597414523998,0.8730926881445215
qwen3,Chinese-SimpleQA/人文与社会科学/382.json,12,12032,89880.0,96256.0,144384.0,0.9337599734042553,0.6225066489361702,7.4700797872340425,0.9916597414523998,0.9309693511496199
qwen3,Chinese-SimpleQA/人文与社会科学/382.json,16,12032,92610.0,96256.0,192512.0,0.9621218417553191,0.48106092087765956,7.696974734042553,0.9916597414523998,0.9456327024926531
qwen3,Chinese-SimpleQA/人文与社会科学/392.json,8,12032,51050.0,96256.0,96256.0,0.5303565492021277,0.5303565492021277,4.242852393617022,0.899791419506073,0.5979321262937911
qwen3,Chinese-SimpleQA/人文与社会科学/392.json,12,12032,61326.0,96256.0,144384.0,0.6371135305851063,0.42474235372340424,5.096908244680851,0.899791419506073,0.6598904006024624
qwen3,Chinese-SimpleQA/人文与社会科学/392.json,16,12032,67367.0,96256.0,192512.0,0.6998732546542553,0.34993662732712766,5.5989860372340425,0.899791419506073,0.6921587713221287
qwen3,Chinese-SimpleQA/人文与社会科学/405.json,8,12032,48109.0,96256.0,96256.0,0.49980260970744683,0.49980260970744683,3.9984208776595747,0.8801279106038682,0.5650856501244484
qwen3,Chinese-SimpleQA/人文与社会科学/405.json,12,12032,58980.0,96256.0,144384.0,0.6127410239361702,0.40849401595744683,4.901928191489362,0.8801279106038682,0.6305078483642416
qwen3,Chinese-SimpleQA/人文与社会科学/405.json,16,12032,66051.0,96256.0,192512.0,0.6862013796542553,0.34310068982712766,5.4896110372340425,0.8801279106038682,0.6682675049660054
qwen3,Chinese-SimpleQA/人文与社会科学/406.json,8,12032,47502.0,96256.0,96256.0,0.49349650930851063,0.49349650930851063,3.947972074468085,0.8501469011002398,0.5495543315055522
qwen3,Chinese-SimpleQA/人文与社会科学/406.json,12,12032,57619.0,96256.0,144384.0,0.5986016456117021,0.39906776374113473,4.788813164893617,0.8501469011002398,0.610533410564382
qwen3,Chinese-SimpleQA/人文与社会科学/406.json,16,12032,64178.0,96256.0,192512.0,0.666742852393617,0.3333714261968085,5.333942819148936,0.8501469011002398,0.645542175211805
qwen3,Chinese-SimpleQA/人文与社会科学/410.json,8,12032,46545.0,96256.0,96256.0,0.48355427194148937,0.48355427194148937,3.868434175531915,0.8490862871738191,0.5411808103957074
qwen3,Chinese-SimpleQA/人文与社会科学/410.json,12,12032,57628.0,96256.0,144384.0,0.5986951462765957,0.3991300975177305,4.789561170212766,0.8490862871738191,0.6077676073033759
qwen3,Chinese-SimpleQA/人文与社会科学/410.json,16,12032,65429.0,96256.0,192512.0,0.6797394448138298,0.3398697224069149,5.437915558510638,0.8490862871738191,0.6494133015896412
qwen3,Chinese-SimpleQA/人文与社会科学/419.json,8,10810,44467.0,86480.0,86480.0,0.5141882516188714,0.5141882516188714,4.113506012950971,0.8750379846451131,0.5734600845252221
qwen3,Chinese-SimpleQA/人文与社会科学/419.json,12,10810,52902.0,86480.0,129720.0,0.6117252543940795,0.4078168362627197,4.893802035152636,0.8750379846451131,0.6301463689107127
qwen3,Chinese-SimpleQA/人文与社会科学/419.json,16,10810,57935.0,86480.0,172960.0,0.6699236817761333,0.33496184088806663,5.359389454209066,0.8750379846451131,0.6600530449711096
qwen3,Chinese-SimpleQA/人文与社会科学/421.json,8,12032,47484.0,96256.0,96256.0,0.4933095079787234,0.4933095079787234,3.9464760638297873,0.8794888486253455,0.5589786767959595
qwen3,Chinese-SimpleQA/人文与社会科学/421.json,12,12032,58345.0,96256.0,144384.0,0.6061440325797872,0.40409602171985815,4.849152260638298,0.8794888486253455,0.6242820893196349
qwen3,Chinese-SimpleQA/人文与社会科学/421.json,16,12032,65530.0,96256.0,192512.0,0.6807887300531915,0.34039436502659576,5.446309840425532,0.8794888486253455,0.6626521577226355
qwen3,Chinese-SimpleQA/人文与社会科学/423.json,8,12032,51093.0,96256.0,96256.0,0.5308032746010638,0.5308032746010638,4.24642619680851,0.8977613563233233,0.5961120851496433
qwen3,Chinese-SimpleQA/人文与社会科学/423.json,12,12032,62303.0,96256.0,144384.0,0.6472635472074468,0.4315090314716312,5.178108377659575,0.8977613563233233,0.6635585516057116
qwen3,Chinese-SimpleQA/人文与社会科学/423.json,16,12032,69341.0,96256.0,192512.0,0.7203810671542553,0.36019053357712766,5.7630485372340425,0.8977613563233233,0.7011196055310838
qwen3,Chinese-SimpleQA/人文与社会科学/429.json,8,12032,50178.0,96256.0,96256.0,0.5212973736702128,0.5212973736702128,4.170378989361702,0.894119475750213,0.5894238390821092
qwen3,Chinese-SimpleQA/人文与社会科学/429.json,12,12032,60895.0,96256.0,144384.0,0.6326358876329787,0.4217572584219858,5.06108710106383,0.894119475750213,0.653915416053001
qwen3,Chinese-SimpleQA/人文与社会科学/429.json,16,12032,67688.0,96256.0,192512.0,0.7032081117021277,0.35160405585106386,5.625664893617022,0.894119475750213,0.6902158254004539
qwen3,Chinese-SimpleQA/人文与社会科学/432.json,8,12032,50843.0,96256.0,96256.0,0.5282060339095744,0.5282060339095744,4.2256482712765955,0.9099773498291664,0.5992593625758557
qwen3,Chinese-SimpleQA/人文与社会科学/432.json,12,12032,61824.0,96256.0,144384.0,0.6422872340425532,0.42819148936170215,5.138297872340425,0.9099773498291664,0.6653557419776917
qwen3,Chinese-SimpleQA/人文与社会科学/432.json,16,12032,68471.0,96256.0,192512.0,0.7113426695478723,0.35567133477393614,5.690741356382978,0.9099773498291664,0.7008884612550127
qwen3,Chinese-SimpleQA/人文与社会科学/435.json,8,12032,47827.0,96256.0,96256.0,0.49687292220744683,0.49687292220744683,3.9749833776595747,0.8647604153511372,0.5571483589233236
qwen3,Chinese-SimpleQA/人文与社会科学/435.json,12,12032,58528.0,96256.0,144384.0,0.6080452127659575,0.405363475177305,4.86436170212766,0.8647604153511372,0.6215048952305571
qwen3,Chinese-SimpleQA/人文与社会科学/435.json,16,12032,65657.0,96256.0,192512.0,0.6821081283244681,0.34105406416223405,5.456865026595745,0.8647604153511372,0.6595562049683105
qwen3,Chinese-SimpleQA/人文与社会科学/440.json,8,12032,46356.0,96256.0,96256.0,0.4815907579787234,0.4815907579787234,3.8527260638297873,0.8379580124895624,0.5363358658678988
qwen3,Chinese-SimpleQA/人文与社会科学/440.json,12,12032,56748.0,96256.0,144384.0,0.5895528590425532,0.39303523936170215,4.716422872340425,0.8379580124895624,0.5989902818456609
qwen3,Chinese-SimpleQA/人文与社会科学/440.json,16,12032,63547.0,96256.0,192512.0,0.6601874168882979,0.3300937084441489,5.281499335106383,0.8379580124895624,0.6352850642610104
qwen3,Chinese-SimpleQA/人文与社会科学/441.json,8,12032,52559.0,96256.0,96256.0,0.5460334940159575,0.5460334940159575,4.36826795212766,0.9237473721199847,0.6183458268642426
qwen3,Chinese-SimpleQA/人文与社会科学/441.json,12,12032,63353.0,96256.0,144384.0,0.6581719581117021,0.4387813054078014,5.265375664893617,0.9237473721199847,0.6833931467634566
qwen3,Chinese-SimpleQA/人文与社会科学/441.json,16,12032,69640.0,96256.0,192512.0,0.7234873670212766,0.3617436835106383,5.787898936170213,0.9237473721199847,0.7169911759964963
qwen3,Chinese-SimpleQA/人文与社会科学/460.json,8,12032,51645.0,96256.0,96256.0,0.5365379820478723,0.5365379820478723,4.292303856382978,0.909445917352717,0.6034147891592472
qwen3,Chinese-SimpleQA/人文与社会科学/460.json,12,12032,62379.0,96256.0,144384.0,0.6480531083776596,0.4320354055851064,5.184424867021277,0.909445917352717,0.6680973692143217
qwen3,Chinese-SimpleQA/人文与社会科学/460.json,16,12032,68560.0,96256.0,192512.0,0.7122672872340425,0.35613364361702127,5.69813829787234,0.909445917352717,0.7011149652460789
qwen3,Chinese-SimpleQA/人文与社会科学/466.json,8,12032,44808.0,96256.0,96256.0,0.46550864361702127,0.46550864361702127,3.72406914893617,0.8236292499176999,0.5210226698124663
qwen3,Chinese-SimpleQA/人文与社会科学/466.json,12,12032,55444.0,96256.0,144384.0,0.5760056515957447,0.38400376773049644,4.6080452127659575,0.8236292499176999,0.5849069483736729
qwen3,Chinese-SimpleQA/人文与社会科学/466.json,16,12032,62583.0,96256.0,192512.0,0.6501724567819149,0.32508622839095747,5.2013796542553195,0.8236292499176999,0.6230475338215523
qwen3,Chinese-SimpleQA/人文与社会科学/473.json,8,12032,49942.0,96256.0,96256.0,0.5188455784574468,0.5188455784574468,4.150764627659575,0.9086049757105239,0.5897537996160224
qwen3,Chinese-SimpleQA/人文与社会科学/473.json,12,12032,60995.0,96256.0,144384.0,0.6336747839095744,0.4224498559397163,5.0693982712765955,0.9086049757105239,0.6561543307405837
qwen3,Chinese-SimpleQA/人文与社会科学/473.json,16,12032,68754.0,96256.0,192512.0,0.7142827460106383,0.3571413730053192,5.714261968085107,0.9086049757105239,0.697593814515053
qwen3,Chinese-SimpleQA/人文与社会科学/487.json,8,12032,49446.0,96256.0,96256.0,0.5136926529255319,0.5136926529255319,4.109541223404255,0.8775847123024312,0.5758073621607841
qwen3,Chinese-SimpleQA/人文与社会科学/487.json,12,12032,59940.0,96256.0,144384.0,0.6227144281914894,0.41514295212765956,4.981715425531915,0.8775847123024312,0.6389891930083011
qwen3,Chinese-SimpleQA/人文与社会科学/487.json,16,12032,66215.0,96256.0,192512.0,0.6879051695478723,0.34395258477393614,5.503241356382978,0.8775847123024312,0.6725226653383133
qwen3,Chinese-SimpleQA/人文与社会科学/493.json,8,12032,50876.0,96256.0,96256.0,0.528548869680851,0.528548869680851,4.228390957446808,0.8881375079459333,0.5909531382804222
qwen3,Chinese-SimpleQA/人文与社会科学/493.json,12,12032,61386.0,96256.0,144384.0,0.6377368683510638,0.42515791223404253,5.10189494680851,0.8881375079459333,0.6543185362156402
qwen3,Chinese-SimpleQA/人文与社会科学/493.json,16,12032,67436.0,96256.0,192512.0,0.7005900930851063,0.35029504654255317,5.604720744680851,0.8881375079459333,0.6866469288125951
qwen3,Chinese-SimpleQA/人文与社会科学/505.json,8,12032,47318.0,96256.0,96256.0,0.4915849401595745,0.4915849401595745,3.932679521276596,0.8480894857264579,0.5471067428588867
qwen3,Chinese-SimpleQA/人文与社会科学/505.json,12,12032,57692.0,96256.0,144384.0,0.599360039893617,0.399573359929078,4.794880319148936,0.8480894857264579,0.6096229756132086
qwen3,Chinese-SimpleQA/人文与社会科学/505.json,16,12032,64478.0,96256.0,192512.0,0.6698595412234043,0.33492977061170215,5.358876329787234,0.8480894857264579,0.6458438178326221
qwen3,Chinese-SimpleQA/人文与社会科学/513.json,8,12032,52652.0,96256.0,96256.0,0.5469996675531915,0.5469996675531915,4.375997340425532,0.8987561591128086,0.6091031419469956
qwen3,Chinese-SimpleQA/人文与社会科学/513.json,12,12032,63064.0,96256.0,144384.0,0.6551695478723404,0.4367796985815603,5.241356382978723,0.8987561591128086,0.671826219305079
qwen3,Chinese-SimpleQA/人文与社会科学/513.json,16,12032,69726.0,96256.0,192512.0,0.724380817819149,0.3621904089095745,5.795046542553192,0.8987561591128086,0.707409641210069
qwen3,Chinese-SimpleQA/人文与社会科学/539.json,8,12032,42640.0,96256.0,96256.0,0.4429853723404255,0.4429853723404255,3.543882978723404,0.7993892520032031,0.494868962054557
qwen3,Chinese-SimpleQA/人文与社会科学/539.json,12,12032,53547.0,96256.0,144384.0,0.5562977892287234,0.3708651928191489,4.450382313829787,0.7993892520032031,0.5603811195556153
qwen3,Chinese-SimpleQA/人文与社会科学/539.json,16,12032,61359.0,96256.0,192512.0,0.637456366356383,0.3187281831781915,5.099650930851064,0.7993892520032031,0.6021328447981084
qwen3,Chinese-SimpleQA/人文与社会科学/556.json,8,12032,52260.0,96256.0,96256.0,0.5429271941489362,0.5429271941489362,4.34341755319149,0.8835325900544512,0.6023408009650859
qwen3,Chinese-SimpleQA/人文与社会科学/556.json,12,12032,63712.0,96256.0,144384.0,0.6619015957446809,0.4412677304964539,5.295212765957447,0.8835325900544512,0.6713612225461514
qwen3,Chinese-SimpleQA/人文与社会科学/556.json,16,12032,70082.0,96256.0,192512.0,0.7280792885638298,0.3640396442819149,5.824634308510638,0.8835325900544512,0.705415297061839
qwen3,Chinese-SimpleQA/人文与社会科学/557.json,8,12032,51505.0,96256.0,96256.0,0.5350835272606383,0.5350835272606383,4.280668218085107,0.8759903413184146,0.5913992295873925
qwen3,Chinese-SimpleQA/人文与社会科学/557.json,12,12032,61862.0,96256.0,144384.0,0.6426820146276596,0.4284546764184397,5.141456117021277,0.8759903413184146,0.653808314749535
qwen3,Chinese-SimpleQA/人文与社会科学/557.json,16,12032,68149.0,96256.0,192512.0,0.707997423537234,0.353998711768617,5.663979388297872,0.8759903413184146,0.6874053465559128
qwen3,Chinese-SimpleQA/人文与社会科学/564.json,8,12032,48048.0,96256.0,96256.0,0.4991688829787234,0.4991688829787234,3.9933510638297873,0.8811398668492094,0.5646042227745056
qwen3,Chinese-SimpleQA/人文与社会科学/564.json,12,12032,58776.0,96256.0,144384.0,0.6106216755319149,0.4070811170212766,4.8849734042553195,0.8811398668492094,0.6291218374637847
qwen3,Chinese-SimpleQA/人文与社会科学/564.json,16,12032,65760.0,96256.0,192512.0,0.6831781914893617,0.3415890957446808,5.465425531914893,0.8811398668492094,0.6664278545278184
qwen3,Chinese-SimpleQA/人文与社会科学/570.json,8,12032,55012.0,96256.0,96256.0,0.571517619680851,0.571517619680851,4.572140957446808,0.9199249262505389,0.6374656786309912
qwen3,Chinese-SimpleQA/人文与社会科学/570.json,12,12032,65605.0,96256.0,144384.0,0.6815679022606383,0.4543786015070922,5.452543218085107,0.9199249262505389,0.7013397229478714
qwen3,Chinese-SimpleQA/人文与社会科学/570.json,16,12032,71953.0,96256.0,192512.0,0.7475170378989362,0.3737585189494681,5.98013630319149,0.9199249262505389,0.7352387499301991
qwen3,Chinese-SimpleQA/人文与社会科学/575.json,8,12032,54104.0,96256.0,96256.0,0.5620844414893617,0.5620844414893617,4.496675531914893,0.9181280440472542,0.6295062404997805
qwen3,Chinese-SimpleQA/人文与社会科学/575.json,12,12032,66047.0,96256.0,144384.0,0.6861598238031915,0.457439882535461,5.489278590425532,0.9181280440472542,0.7014154544536103
qwen3,Chinese-SimpleQA/人文与社会科学/575.json,16,12032,73042.0,96256.0,192512.0,0.7588306183510638,0.3794153091755319,6.07064494680851,0.9181280440472542,0.7388090605431414
qwen3,Chinese-SimpleQA/人文与社会科学/577.json,8,12032,54996.0,96256.0,96256.0,0.5713513962765957,0.5713513962765957,4.570811170212766,0.922810842382147,0.6390526599072396
qwen3,Chinese-SimpleQA/人文与社会科学/577.json,12,12032,65676.0,96256.0,144384.0,0.6823055186170213,0.4548703457446808,5.45844414893617,0.922810842382147,0.703440341543644
qwen3,Chinese-SimpleQA/人文与社会科学/577.json,16,12032,71873.0,96256.0,192512.0,0.7466859208776596,0.3733429604388298,5.973487367021277,0.922810842382147,0.7365339163770067
qwen3,Chinese-SimpleQA/人文与社会科学/580.json,8,12032,51428.0,96256.0,96256.0,0.5342835771276596,0.5342835771276596,4.274268617021277,0.8928891382318862,0.5982820968678657
qwen3,Chinese-SimpleQA/人文与社会科学/580.json,12,12032,62421.0,96256.0,144384.0,0.6484894448138298,0.43232629654255317,5.187915558510638,0.8928891382318862,0.6644577466427012
qwen3,Chinese-SimpleQA/人文与社会科学/580.json,16,12032,68946.0,96256.0,192512.0,0.7162774268617021,0.3581387134308511,5.730219414893617,0.8928891382318862,0.6993150634968535
qwen3,Chinese-SimpleQA/人文与社会科学/587.json,8,12032,50720.0,96256.0,96256.0,0.5269281914893617,0.5269281914893617,4.215425531914893,0.8951558724362799,0.5911505000388368
qwen3,Chinese-SimpleQA/人文与社会科学/587.json,12,12032,61162.0,96256.0,144384.0,0.6354097406914894,0.42360649379432624,5.083277925531915,0.8951558724362799,0.6541012836263534
qwen3,Chinese-SimpleQA/人文与社会科学/587.json,16,12032,67039.0,96256.0,192512.0,0.6964656748670213,0.34823283743351063,5.57172539893617,0.8951558724362799,0.6855004315680646
qwen3,Chinese-SimpleQA/人文与社会科学/592.json,8,12032,53810.0,96256.0,96256.0,0.5590300864361702,0.5590300864361702,4.472240691489362,0.8990725266172531,0.618381400691702
qwen3,Chinese-SimpleQA/人文与社会科学/592.json,12,12032,63675.0,96256.0,144384.0,0.6615172041223404,0.4410114694148936,5.292137632978723,0.8990725266172531,0.6780311275035777
qwen3,Chinese-SimpleQA/人文与社会科学/592.json,16,12032,68506.0,96256.0,192512.0,0.7117062832446809,0.35585314162234044,5.693650265957447,0.8990725266172531,0.7038162147745173
qwen3,Chinese-SimpleQA/人文与社会科学/598.json,8,12032,45759.0,96256.0,96256.0,0.47538854720744683,0.47538854720744683,3.8031083776595747,0.8360185749987339,0.5303056880514673
qwen3,Chinese-SimpleQA/人文与社会科学/598.json,12,12032,56149.0,96256.0,144384.0,0.5833298703457447,0.38888658023049644,4.6666389627659575,0.8360185749987339,0.5929089372462415
qwen3,Chinese-SimpleQA/人文与社会科学/598.json,16,12032,62755.0,96256.0,192512.0,0.6519593583776596,0.3259796791888298,5.215674867021277,0.8360185749987339,0.6281718079079973
qwen3,Chinese-SimpleQA/人文与社会科学/599.json,8,12032,49843.0,96256.0,96256.0,0.517817071143617,0.517817071143617,4.142536569148936,0.8826925678456083,0.5809156355705667
qwen3,Chinese-SimpleQA/人文与社会科学/599.json,12,12032,59635.0,96256.0,144384.0,0.6195457945478723,0.41303052969858156,4.956366356382978,0.8826925678456083,0.6399306946612419
qwen3,Chinese-SimpleQA/人文与社会科学/599.json,16,12032,65766.0,96256.0,192512.0,0.6832405252659575,0.34162026263297873,5.46592420212766,0.8826925678456083,0.6726742526318165
qwen3,Chinese-SimpleQA/人文与社会科学/600.json,8,12032,53048.0,96256.0,96256.0,0.5511136968085106,0.5511136968085106,4.408909574468085,0.9137866103902776,0.621017353965881
qwen3,Chinese-SimpleQA/人文与社会科学/600.json,12,12032,63883.0,96256.0,144384.0,0.6636781083776596,0.4424520722517731,5.309424867021277,0.9137866103902776,0.686309853132735
qwen3,Chinese-SimpleQA/人文与社会科学/600.json,16,12032,70132.0,96256.0,192512.0,0.7285987367021277,0.36429936835106386,5.828789893617022,0.9137866103902776,0.7197011950168204
qwen3,Chinese-SimpleQA/人文与社会科学/604.json,8,12032,48100.0,96256.0,96256.0,0.49970910904255317,0.49970910904255317,3.9976728723404253,0.8707268212703948,0.563368465038056
qwen3,Chinese-SimpleQA/人文与社会科学/604.json,12,12032,58374.0,96256.0,144384.0,0.6064453125,0.404296875,4.8515625,0.8707268212703948,0.6252441418931839
qwen3,Chinese-SimpleQA/人文与社会科学/604.json,16,12032,64674.0,96256.0,192512.0,0.6718957779255319,0.33594788896276595,5.375166223404255,0.8707268212703948,0.65889673093532
qwen3,Chinese-SimpleQA/人文与社会科学/605.json,8,12032,47629.0,96256.0,96256.0,0.4948159075797872,0.4948159075797872,3.9585272606382977,0.8471279702288039,0.5491877946447818
qwen3,Chinese-SimpleQA/人文与社会科学/605.json,12,12032,57896.0,96256.0,144384.0,0.6014793882978723,0.40098625886524825,4.811835106382978,0.8471279702288039,0.6110466205059214
qwen3,Chinese-SimpleQA/人文与社会科学/605.json,16,12032,64366.0,96256.0,192512.0,0.668695977393617,0.3343479886968085,5.349567819148936,0.8471279702288039,0.6455830944345352
qwen3,Chinese-SimpleQA/人文与社会科学/610.json,8,12032,49817.0,96256.0,96256.0,0.5175469581117021,0.5175469581117021,4.140375664893617,0.8820991820477425,0.5807431758718288
qwen3,Chinese-SimpleQA/人文与社会科学/610.json,12,12032,60378.0,96256.0,144384.0,0.6272647938829787,0.4181765292553192,5.01811835106383,0.8820991820477425,0.6442358861578271
qwen3,Chinese-SimpleQA/人文与社会科学/610.json,16,12032,67805.0,96256.0,192512.0,0.7044236203457447,0.35221181017287234,5.6353889627659575,0.8820991820477425,0.6838880079857846
qwen3,Chinese-SimpleQA/人文与社会科学/628.json,8,12032,46364.0,96256.0,96256.0,0.4816738696808511,0.4816738696808511,3.8533909574468086,0.8425152999289492,0.537532812103312
qwen3,Chinese-SimpleQA/人文与社会科学/628.json,12,12032,56049.0,96256.0,144384.0,0.582290974069149,0.38819398271276595,4.658327792553192,0.8425152999289492,0.5959175368572803
qwen3,Chinese-SimpleQA/人文与社会科学/628.json,16,12032,62378.0,96256.0,192512.0,0.6480427194148937,0.32402135970744683,5.184341755319149,0.8425152999289492,0.6296853385073073
qwen3,Chinese-SimpleQA/人文与社会科学/632.json,8,12032,49021.0,96256.0,96256.0,0.50927734375,0.50927734375,4.07421875,0.8790996467813532,0.5733736074985342
qwen3,Chinese-SimpleQA/人文与社会科学/632.json,12,12032,59864.0,96256.0,144384.0,0.6219248670212766,0.4146165780141844,4.975398936170213,0.8790996467813532,0.6385816627360404
qwen3,Chinese-SimpleQA/人文与社会科学/632.json,16,12032,67818.0,96256.0,192512.0,0.7045586768617021,0.3522793384308511,5.636469414893617,0.8790996467813532,0.681040475977228
qwen3,Chinese-SimpleQA/人文与社会科学/640.json,8,12032,47894.0,96256.0,96256.0,0.49756898271276595,0.49756898271276595,3.9805518617021276,0.8570632478024097,0.556741457036201
qwen3,Chinese-SimpleQA/人文与社会科学/640.json,12,12032,57997.0,96256.0,144384.0,0.602528673537234,0.40168578235815605,4.820229388297872,0.8570632478024097,0.6176218193896273
qwen3,Chinese-SimpleQA/人文与社会科学/640.json,16,12032,64388.0,96256.0,192512.0,0.6689245345744681,0.33446226728723405,5.351396276595745,0.8570632478024097,0.651714156282709
qwen3,Chinese-SimpleQA/人文与社会科学/644.json,8,12032,46097.0,96256.0,96256.0,0.47890001662234044,0.47890001662234044,3.8312001329787235,0.8440367389232555,0.5355108240817456
qwen3,Chinese-SimpleQA/人文与社会科学/644.json,12,12032,56889.0,96256.0,144384.0,0.5910177027925532,0.39401180186170215,4.728141622340425,0.8440367389232555,0.6005076842105135
qwen3,Chinese-SimpleQA/人文与社会科学/644.json,16,12032,63562.0,96256.0,192512.0,0.6603432513297872,0.3301716256648936,5.282746010638298,0.8440367389232555,0.6361354697257915
qwen3,Chinese-SimpleQA/人文与社会科学/666.json,8,12032,53849.0,96256.0,96256.0,0.5594352559840425,0.5594352559840425,4.47548204787234,0.9013984330157017,0.6210377628498889
qwen3,Chinese-SimpleQA/人文与社会科学/666.json,12,12032,64310.0,96256.0,144384.0,0.6681141954787234,0.4454094636524823,5.344913563829787,0.9013984330157017,0.6841403030334635
qwen3,Chinese-SimpleQA/人文与社会科学/666.json,16,12032,69884.0,96256.0,192512.0,0.7260222739361702,0.3630111369680851,5.808178191489362,0.9013984330157017,0.7139177195569302
qwen3,Chinese-SimpleQA/人文与社会科学/677.json,8,12032,46863.0,96256.0,96256.0,0.48685796210106386,0.48685796210106386,3.894863696808511,0.8455110572754069,0.542184459402206
qwen3,Chinese-SimpleQA/人文与社会科学/677.json,12,12032,57158.0,96256.0,144384.0,0.5938123337765957,0.39587488918439717,4.750498670212766,0.8455110572754069,0.6042108624539477
qwen3,Chinese-SimpleQA/人文与社会科学/677.json,16,12032,64047.0,96256.0,192512.0,0.6653818982712766,0.3326909491356383,5.323055186170213,0.8455110572754069,0.6409762400261899
qwen3,Chinese-SimpleQA/人文与社会科学/679.json,8,12032,54643.0,96256.0,96256.0,0.5676840924202128,0.5676840924202128,4.541472739361702,0.9214840518667343,0.6341482026779905
qwen3,Chinese-SimpleQA/人文与社会科学/679.json,12,12032,64777.0,96256.0,144384.0,0.6729658410904256,0.4486438940602837,5.3837267287234045,0.9214840518667343,0.6953210513642494
qwen3,Chinese-SimpleQA/人文与社会科学/679.json,16,12032,70256.0,96256.0,192512.0,0.7298869680851063,0.36494348404255317,5.839095744680851,0.9214840518667343,0.7245875102408389
qwen3,Chinese-SimpleQA/人文与社会科学/680.json,8,12032,50454.0,96256.0,96256.0,0.524164727393617,0.524164727393617,4.193317819148936,0.8772477203227104,0.583692785273207
qwen3,Chinese-SimpleQA/人文与社会科学/680.json,12,12032,62072.0,96256.0,144384.0,0.6448636968085106,0.42990913120567376,5.158909574468085,0.8772477203227104,0.6536086696259519
qwen3,Chinese-SimpleQA/人文与社会科学/680.json,16,12032,69302.0,96256.0,192512.0,0.719975897606383,0.3599879488031915,5.759807180851064,0.8772477203227104,0.6922338998064081
qwen3,Chinese-SimpleQA/人文与社会科学/695.json,8,12032,47918.0,96256.0,96256.0,0.4978183178191489,0.4978183178191489,3.9825465425531914,0.8756822385686509,0.562157597947628
qwen3,Chinese-SimpleQA/人文与社会科学/695.json,12,12032,58528.0,96256.0,144384.0,0.6080452127659575,0.405363475177305,4.86436170212766,0.8756822385686509,0.6260032076784905
qwen3,Chinese-SimpleQA/人文与社会科学/695.json,16,12032,65507.0,96256.0,192512.0,0.6805497839095744,0.3402748919547872,5.4443982712765955,0.8756822385686509,0.663273905185943
qwen3,Chinese-SimpleQA/人文与社会科学/698.json,8,12032,47818.0,96256.0,96256.0,0.49677942154255317,0.49677942154255317,3.9742353723404253,0.8939372960557329,0.5670354702371232
qwen3,Chinese-SimpleQA/人文与社会科学/698.json,12,12032,58518.0,96256.0,144384.0,0.6079413231382979,0.4052942154255319,4.863530585106383,0.8939372960557329,0.6312712722636283
qwen3,Chinese-SimpleQA/人文与社会科学/698.json,16,12032,65850.0,96256.0,192512.0,0.6841131981382979,0.3420565990691489,5.472905585106383,0.8939372960557329,0.6704443769252046
qwen3,Chinese-SimpleQA/工程、技术与应用科学/1003.json,8,12032,53730.0,96256.0,96256.0,0.5581989694148937,0.5581989694148937,4.465591755319149,0.912648228888816,0.6247962218649844
qwen3,Chinese-SimpleQA/工程、技术与应用科学/1003.json,12,12032,63956.0,96256.0,144384.0,0.6644365026595744,0.4429576684397163,5.3154920212765955,0.912648228888816,0.686452994321255
qwen3,Chinese-SimpleQA/工程、技术与应用科学/1003.json,16,12032,69825.0,96256.0,192512.0,0.7254093251329787,0.36270466256648937,5.80327460106383,0.912648228888816,0.7178182170746175
qwen3,Chinese-SimpleQA/工程、技术与应用科学/1012.json,8,12032,47266.0,96256.0,96256.0,0.4910447140957447,0.4910447140957447,3.9283577127659575,0.8553261871033526,0.550551916056491
qwen3,Chinese-SimpleQA/工程、技术与应用科学/1012.json,12,12032,57544.0,96256.0,144384.0,0.5978224734042553,0.3985483156028369,4.7825797872340425,0.8553261871033526,0.6125092975636746
qwen3,Chinese-SimpleQA/工程、技术与应用科学/1012.json,16,12032,64010.0,96256.0,192512.0,0.6649975066489362,0.3324987533244681,5.31998005319149,0.8553261871033526,0.6470313877501386
qwen3,Chinese-SimpleQA/工程、技术与应用科学/1024.json,8,12032,50424.0,96256.0,96256.0,0.5238530585106383,0.5238530585106383,4.190824468085107,0.8820243591957904,0.5853035684595717
qwen3,Chinese-SimpleQA/工程、技术与应用科学/1024.json,12,12032,60682.0,96256.0,144384.0,0.6304230385638298,0.42028202570921985,5.043384308510638,0.8820243591957904,0.6471340383620973
qwen3,Chinese-SimpleQA/工程、技术与应用科学/1024.json,16,12032,66844.0,96256.0,192512.0,0.6944398271276596,0.3472199135638298,5.555518617021277,0.8820243591957904,0.6800506089596038
qwen3,Chinese-SimpleQA/工程、技术与应用科学/1025.json,8,12032,47395.0,96256.0,96256.0,0.49238489029255317,0.49238489029255317,3.9390791223404253,0.853715495860323,0.5489084663543295
qwen3,Chinese-SimpleQA/工程、技术与应用科学/1025.json,12,12032,57806.0,96256.0,144384.0,0.6005443816489362,0.4003629210992908,4.80435505319149,0.853715495860323,0.6116203887665526
qwen3,Chinese-SimpleQA/工程、技术与应用科学/1025.json,16,12032,64483.0,96256.0,192512.0,0.669911486037234,0.334955743018617,5.359291888297872,0.853715495860323,0.6472488958784874
qwen3,Chinese-SimpleQA/工程、技术与应用科学/1027.json,8,12032,44829.0,96256.0,96256.0,0.4657268118351064,0.4657268118351064,3.725814494680851,0.8659280145421941,0.5333662476945431
qwen3,Chinese-SimpleQA/工程、技术与应用科学/1027.json,12,12032,55603.0,96256.0,144384.0,0.5776574966755319,0.38510499778368795,4.621259973404255,0.8659280145421941,0.5981488107366765
qwen3,Chinese-SimpleQA/工程、技术与应用科学/1027.json,16,12032,62644.0,96256.0,192512.0,0.6508061835106383,0.3254030917553192,5.206449468085107,0.8659280145421941,0.6357504738138077
qwen3,Chinese-SimpleQA/工程、技术与应用科学/1028.json,8,12032,47646.0,96256.0,96256.0,0.4949925199468085,0.4949925199468085,3.959940159574468,0.8706500035651187,0.5588343270281528
qwen3,Chinese-SimpleQA/工程、技术与应用科学/1028.json,12,12032,57723.0,96256.0,144384.0,0.5996820977393617,0.3997880651595745,4.797456781914893,0.8706500035651187,0.6195965529756343
qwen3,Chinese-SimpleQA/工程、技术与应用科学/1028.json,16,12032,63594.0,96256.0,192512.0,0.6606756981382979,0.3303378490691489,5.285405585106383,0.8706500035651187,0.6509369358103326
qwen3,Chinese-SimpleQA/工程、技术与应用科学/1035.json,8,12032,44908.0,96256.0,96256.0,0.466547539893617,0.466547539893617,3.732380319148936,0.826092966059421,0.5221809047333738
qwen3,Chinese-SimpleQA/工程、技术与应用科学/1035.json,12,12032,55171.0,96256.0,144384.0,0.5731694647606383,0.3821129765070922,4.585355718085107,0.826092966059421,0.5839926017091629
qwen3,Chinese-SimpleQA/工程、技术与应用科学/1035.json,16,12032,61455.0,96256.0,192512.0,0.6384537067819149,0.31922685339095747,5.1076296542553195,0.826092966059421,0.6175475596113408
qwen3,Chinese-SimpleQA/工程、技术与应用科学/1047.json,8,12032,48385.0,96256.0,96256.0,0.502669963430851,0.502669963430851,4.021359707446808,0.8638778176713497,0.5637290274843256
qwen3,Chinese-SimpleQA/工程、技术与应用科学/1047.json,12,12032,58883.0,96256.0,144384.0,0.6117332945478723,0.40782219636524825,4.893866356382978,0.8638778176713497,0.6270111437807692
qwen3,Chinese-SimpleQA/工程、技术与应用科学/1047.json,16,12032,64970.0,96256.0,192512.0,0.6749709109042553,0.33748545545212766,5.3997672872340425,0.8638778176713497,0.6595187656422878
qwen3,Chinese-SimpleQA/工程、技术与应用科学/1053.json,8,12032,52571.0,96256.0,96256.0,0.546158161569149,0.546158161569149,4.369265292553192,0.8934583308848929,0.6060901493468183
qwen3,Chinese-SimpleQA/工程、技术与应用科学/1053.json,12,12032,62842.0,96256.0,144384.0,0.6528631981382979,0.4352421320921986,5.222905585106383,0.8934583308848929,0.6681036644793571
qwen3,Chinese-SimpleQA/工程、技术与应用科学/1053.json,16,12032,68485.0,96256.0,192512.0,0.7114881150265957,0.35574405751329785,5.691904920212766,0.8934583308848929,0.6982531959706164
qwen3,Chinese-SimpleQA/工程、技术与应用科学/1054.json,8,12032,47154.0,96256.0,96256.0,0.48988115026595747,0.48988115026595747,3.9190492021276597,0.8510992666508289,0.5466909801706354
qwen3,Chinese-SimpleQA/工程、技术与应用科学/1054.json,12,12032,57471.0,96256.0,144384.0,0.5970640791223404,0.3980427194148936,4.776512632978723,0.8510992666508289,0.6089110266655049
qwen3,Chinese-SimpleQA/工程、技术与应用科学/1054.json,16,12032,63678.0,96256.0,192512.0,0.6615483710106383,0.3307741855053192,5.292386968085107,0.8510992666508289,0.6420383681642249
qwen3,Chinese-SimpleQA/工程、技术与应用科学/1061.json,8,12032,49668.0,96256.0,96256.0,0.5159990026595744,0.5159990026595744,4.1279920212765955,0.8714816075690249,0.5761351737570255
qwen3,Chinese-SimpleQA/工程、技术与应用科学/1061.json,12,12032,59770.0,96256.0,144384.0,0.6209483045212766,0.4139655363475177,4.967586436170213,0.8714816075690249,0.637080119645342
qwen3,Chinese-SimpleQA/工程、技术与应用科学/1061.json,16,12032,65869.0,96256.0,192512.0,0.684310588430851,0.3421552942154255,5.474484707446808,0.8714816075690249,0.6696586304522575
qwen3,Chinese-SimpleQA/工程、技术与应用科学/1062.json,8,12032,49359.0,96256.0,96256.0,0.5127888131648937,0.5127888131648937,4.102310505319149,0.8647166148145148,0.5725943699796149
qwen3,Chinese-SimpleQA/工程、技术与应用科学/1062.json,12,12032,60290.0,96256.0,144384.0,0.6263505651595744,0.4175670434397163,5.0108045212765955,0.8647166148145148,0.6384312694377088
qwen3,Chinese-SimpleQA/工程、技术与应用科学/1062.json,16,12032,67185.0,96256.0,192512.0,0.697982463430851,0.3489912317154255,5.583859707446808,0.8647166148145148,0.6752595362511087
deepseek_r1,Chinese-SimpleQA/中华文化/1.json,8,7424,16194.0,59392.0,59392.0,0.2726629849137931,0.2726629849137931,2.1813038793103448,0.6847996660347643,0.32743050517707034
deepseek_r1,Chinese-SimpleQA/中华文化/1.json,12,7424,19257.0,59392.0,89088.0,0.32423558728448276,0.21615705818965517,2.593884698275862,0.6847996660347643,0.357348769903183
deepseek_r1,Chinese-SimpleQA/中华文化/1.json,16,7424,21232.0,59392.0,118784.0,0.35748922413793105,0.17874461206896552,2.8599137931034484,0.6847996660347643,0.3744231267222043
deepseek_r1,Chinese-SimpleQA/中华文化/100.json,8,7424,15692.0,59392.0,59392.0,0.2642106681034483,0.2642106681034483,2.1136853448275863,0.6675428655640833,0.3186145743419384
deepseek_r1,Chinese-SimpleQA/中华文化/100.json,12,7424,18887.0,59392.0,89088.0,0.31800579202586204,0.21200386135057472,2.5440463362068964,0.6675428655640833,0.3498007588345429
deepseek_r1,Chinese-SimpleQA/中华文化/100.json,16,7424,20968.0,59392.0,118784.0,0.35304418103448276,0.17652209051724138,2.824353448275862,0.6675428655640833,0.3678075532461035
deepseek_r1,Chinese-SimpleQA/中华文化/101.json,8,7424,13372.0,59392.0,59392.0,0.2251481681034483,0.2251481681034483,1.8011853448275863,0.6081688414359915,0.27054455311133946
deepseek_r1,Chinese-SimpleQA/中华文化/101.json,12,7424,16591.0,59392.0,89088.0,0.2793473868534483,0.18623159123563218,2.2347790948275863,0.6081688414359915,0.30193940421630594
deepseek_r1,Chinese-SimpleQA/中华文化/101.json,16,7424,18802.0,59392.0,118784.0,0.31657462284482757,0.15828731142241378,2.5325969827586206,0.6081688414359915,0.3210552617393691
deepseek_r1,Chinese-SimpleQA/中华文化/102.json,8,7424,18084.0,59392.0,59392.0,0.3044854525862069,0.3044854525862069,2.4358836206896552,0.7510328395613308,0.36980091600582515
deepseek_r1,Chinese-SimpleQA/中华文化/102.json,12,7424,21417.0,59392.0,89088.0,0.3606041217672414,0.2404027478448276,2.884832974137931,0.7510328395613308,0.40239602121813545
deepseek_r1,Chinese-SimpleQA/中华文化/102.json,16,7424,23540.0,59392.0,118784.0,0.39634967672413796,0.19817483836206898,3.1707974137931036,0.7510328395613308,0.42076627755987234
deepseek_r1,Chinese-SimpleQA/中华文化/113.json,8,7424,17514.0,59392.0,59392.0,0.2948882004310345,0.2948882004310345,2.359105603448276,0.7272362493235489,0.3577254280961793
deepseek_r1,Chinese-SimpleQA/中华文化/113.json,12,7424,21272.0,59392.0,89088.0,0.3581627155172414,0.2387751436781609,2.865301724137931,0.7272362493235489,0.3943978835796488
deepseek_r1,Chinese-SimpleQA/中华文化/113.json,16,7424,23714.0,59392.0,118784.0,0.39927936422413796,0.19963968211206898,3.1942349137931036,0.7272362493235489,0.4155300629550013
deepseek_r1,Chinese-SimpleQA/中华文化/114.json,8,7424,15933.0,59392.0,59392.0,0.2682684536637931,0.2682684536637931,2.1461476293103448,0.6763491342807638,0.3247022125227698
deepseek_r1,Chinese-SimpleQA/中华文化/114.json,12,7424,19264.0,59392.0,89088.0,0.32435344827586204,0.21623563218390804,2.5948275862068964,0.6763491342807638,0.3572034239768982
deepseek_r1,Chinese-SimpleQA/中华文化/114.json,16,7424,21532.0,59392.0,118784.0,0.3625404094827586,0.1812702047413793,2.900323275862069,0.6763491342807638,0.37679884248766404
deepseek_r1,Chinese-SimpleQA/中华文化/119.json,8,7422,17338.0,59376.0,59376.0,0.29200350309889517,0.29200350309889517,2.3360280247911613,0.6859516656742491,0.34583606221418245
deepseek_r1,Chinese-SimpleQA/中华文化/119.json,12,7422,20895.0,59376.0,89064.0,0.35190986257073564,0.2346065750471571,2.815278900565885,0.6859516656742491,0.3805556198362712
deepseek_r1,Chinese-SimpleQA/中华文化/119.json,16,7422,23303.0,59376.0,118752.0,0.3924649690110482,0.1962324845055241,3.1397197520883857,0.6859516656742491,0.40137865934626366
deepseek_r1,Chinese-SimpleQA/中华文化/121.json,8,5742,11173.0,45936.0,45936.0,0.2432297109021247,0.2432297109021247,1.9458376872169976,0.6325843735299265,0.29386913481592425
deepseek_r1,Chinese-SimpleQA/中华文化/121.json,12,5742,13875.0,45936.0,68904.0,0.3020506792058516,0.20136711947056773,2.416405433646813,0.6325843735299265,0.3279539109605067
deepseek_r1,Chinese-SimpleQA/中华文化/121.json,16,5742,15732.0,45936.0,91872.0,0.34247648902821315,0.17123824451410657,2.739811912225705,0.6325843735299265,0.3487055953559623
deepseek_r1,Chinese-SimpleQA/中华文化/143.json,8,7424,15441.0,59392.0,59392.0,0.25998450969827586,0.25998450969827586,2.079876077586207,0.673507034778595,0.31597617987928717
deepseek_r1,Chinese-SimpleQA/中华文化/143.json,12,7424,18987.0,59392.0,89088.0,0.31968952047413796,0.21312634698275862,2.5575161637931036,0.673507034778595,0.3505231296194011
deepseek_r1,Chinese-SimpleQA/中华文化/143.json,16,7424,21285.0,59392.0,118784.0,0.35838160021551724,0.17919080010775862,2.867052801724138,0.673507034778595,0.3704004996809466
deepseek_r1,Chinese-SimpleQA/中华文化/145.json,8,7424,16338.0,59392.0,59392.0,0.27508755387931033,0.27508755387931033,2.2007004310344827,0.6751965715967375,0.3327551206638073
deepseek_r1,Chinese-SimpleQA/中华文化/145.json,12,7424,20082.0,59392.0,89088.0,0.3381263469827586,0.2254175646551724,2.705010775862069,0.6751965715967375,0.36924133526867836
deepseek_r1,Chinese-SimpleQA/中华文化/145.json,16,7424,22656.0,59392.0,118784.0,0.38146551724137934,0.19073275862068967,3.0517241379310347,0.6751965715967375,0.3915229583608693
deepseek_r1,Chinese-SimpleQA/中华文化/150.json,8,7424,16003.0,59392.0,59392.0,0.2694470635775862,0.2694470635775862,2.1555765086206895,0.674412517712034,0.32606031463063995
deepseek_r1,Chinese-SimpleQA/中华文化/150.json,12,7424,19804.0,59392.0,89088.0,0.3334455818965517,0.22229705459770116,2.6675646551724137,0.674412517712034,0.3630905629232012
deepseek_r1,Chinese-SimpleQA/中华文化/150.json,16,7424,22330.0,59392.0,118784.0,0.3759765625,0.18798828125,3.0078125,0.674412517712034,0.3849457975091605
deepseek_r1,Chinese-SimpleQA/中华文化/151.json,8,7424,16822.0,59392.0,59392.0,0.2832367995689655,0.2832367995689655,2.265894396551724,0.7018903730244472,0.3416017011321824
deepseek_r1,Chinese-SimpleQA/中华文化/151.json,12,7424,20207.0,59392.0,89088.0,0.3402310075431034,0.2268206716954023,2.7218480603448274,0.7018903730244472,0.37468976964210643
deepseek_r1,Chinese-SimpleQA/中华文化/151.json,16,7424,22300.0,59392.0,118784.0,0.37547144396551724,0.18773572198275862,3.003771551724138,0.7018903730244472,0.392793037768068
deepseek_r1,Chinese-SimpleQA/中华文化/156.json,8,7424,18126.0,59392.0,59392.0,0.30519261853448276,0.30519261853448276,2.441540948275862,0.7313213348388672,0.37035752575972986
deepseek_r1,Chinese-SimpleQA/中华文化/156.json,12,7424,21539.0,59392.0,89088.0,0.36265827047413796,0.24177218031609196,2.9012661637931036,0.7313213348388672,0.40364151165403167
deepseek_r1,Chinese-SimpleQA/中华文化/156.json,16,7424,23837.0,59392.0,118784.0,0.40135035021551724,0.20067517510775862,3.210802801724138,0.7313213348388672,0.42351310828636435
deepseek_r1,Chinese-SimpleQA/中华文化/167.json,8,7424,17147.0,59392.0,59392.0,0.28870891702586204,0.28870891702586204,2.3096713362068964,0.6845125535438801,0.3449717914236003
deepseek_r1,Chinese-SimpleQA/中华文化/167.json,12,7424,20921.0,59392.0,89088.0,0.3522528286637931,0.23483521910919541,2.8180226293103448,0.6845125535438801,0.38177086772589847
deepseek_r1,Chinese-SimpleQA/中华文化/167.json,16,7424,23529.0,59392.0,118784.0,0.39616446659482757,0.19808223329741378,3.1693157327586206,0.6845125535438801,0.40433395987954635
deepseek_r1,Chinese-SimpleQA/中华文化/168.json,8,7424,14718.0,59392.0,59392.0,0.24781115301724138,0.24781115301724138,1.982489224137931,0.6380681703830587,0.2976265287604825
deepseek_r1,Chinese-SimpleQA/中华文化/168.json,12,7424,18004.0,59392.0,89088.0,0.3031384698275862,0.2020923132183908,2.4251077586206895,0.6380681703830587,0.32970208700360926
deepseek_r1,Chinese-SimpleQA/中华文化/168.json,16,7424,20243.0,59392.0,118784.0,0.34083714978448276,0.17041857489224138,2.726697198275862,0.6380681703830587,0.34905985562965786
deepseek_r1,Chinese-SimpleQA/中华文化/179.json,8,7405,14177.0,59240.0,59240.0,0.23931465226198514,0.23931465226198514,1.9145172180958812,0.6470657647420714,0.2919730712560928
deepseek_r1,Chinese-SimpleQA/中华文化/179.json,12,7405,17643.0,59240.0,88860.0,0.2978224172856178,0.19854827819041188,2.3825793382849425,0.6470657647420714,0.32584326909572026
deepseek_r1,Chinese-SimpleQA/中华文化/179.json,16,7405,20265.0,59240.0,118480.0,0.34208305199189737,0.17104152599594868,2.736664415935179,0.6470657647420714,0.3485845376477702
deepseek_r1,Chinese-SimpleQA/中华文化/185.json,8,7424,15719.0,59392.0,59392.0,0.26466527478448276,0.26466527478448276,2.117322198275862,0.6634378803187403,0.3197421534308072
deepseek_r1,Chinese-SimpleQA/中华文化/185.json,12,7424,19697.0,59392.0,89088.0,0.3316439924568966,0.22109599497126436,2.6531519396551726,0.6634378803187403,0.3584215070666938
deepseek_r1,Chinese-SimpleQA/中华文化/185.json,16,7424,22667.0,59392.0,118784.0,0.38165072737068967,0.19082536368534483,3.0532058189655173,0.6634378803187403,0.3841138071027295
deepseek_r1,Chinese-SimpleQA/中华文化/203.json,8,7424,17571.0,59392.0,59392.0,0.2958479256465517,0.2958479256465517,2.3667834051724137,0.7001276879475035,0.35390557297344866
deepseek_r1,Chinese-SimpleQA/中华文化/203.json,12,7424,21490.0,59392.0,89088.0,0.36183324353448276,0.24122216235632185,2.894665948275862,0.7001276879475035,0.39212077496380643
deepseek_r1,Chinese-SimpleQA/中华文化/203.json,16,7424,23948.0,59392.0,118784.0,0.4032192887931034,0.2016096443965517,3.2257543103448274,0.7001276879475035,0.41339530821504267
deepseek_r1,Chinese-SimpleQA/中华文化/212.json,8,7424,14105.0,59392.0,59392.0,0.23748989762931033,0.23748989762931033,1.8999191810344827,0.6511133354285668,0.29225503010996456
deepseek_r1,Chinese-SimpleQA/中华文化/212.json,12,7424,17527.0,59392.0,89088.0,0.29510708512931033,0.19673805675287356,2.3608566810344827,0.6511133354285668,0.32561299821426126
deepseek_r1,Chinese-SimpleQA/中华文化/212.json,16,7424,20033.0,59392.0,118784.0,0.3373013200431034,0.1686506600215517,2.6984105603448274,0.6511133354285668,0.3472979675079214
deepseek_r1,Chinese-SimpleQA/中华文化/216.json,8,7424,15064.0,59392.0,59392.0,0.25363685344827586,0.25363685344827586,2.029094827586207,0.6304818422629915,0.2989018592855026
deepseek_r1,Chinese-SimpleQA/中华文化/216.json,12,7424,18115.0,59392.0,89088.0,0.30500740840517243,0.20333827227011494,2.4400592672413794,0.6304818422629915,0.3286690403675211
deepseek_r1,Chinese-SimpleQA/中华文化/216.json,16,7424,20153.0,59392.0,118784.0,0.3393217941810345,0.16966089709051724,2.714574353448276,0.6304818422629915,0.3463134960881595
deepseek_r1,Chinese-SimpleQA/中华文化/218.json,8,7424,15033.0,59392.0,59392.0,0.25311489762931033,0.25311489762931033,2.0249191810344827,0.6581398639185675,0.3061165763386365
deepseek_r1,Chinese-SimpleQA/中华文化/218.json,12,7424,18555.0,59392.0,89088.0,0.3124158135775862,0.20827720905172414,2.4993265086206895,0.6581398639185675,0.34043718360621356
deepseek_r1,Chinese-SimpleQA/中华文化/218.json,16,7424,21021.0,59392.0,118784.0,0.35393655711206895,0.17696827855603448,2.8314924568965516,0.6581398639185675,0.3617808674943858
deepseek_r1,Chinese-SimpleQA/中华文化/225.json,8,7424,14779.0,59392.0,59392.0,0.24883822737068967,0.24883822737068967,1.9907058189655173,0.6379461524815395,0.29586088811529093
deepseek_r1,Chinese-SimpleQA/中华文化/225.json,12,7424,17984.0,59392.0,89088.0,0.30280172413793105,0.20186781609195403,2.4224137931034484,0.6379461524815395,0.3271434471524995
deepseek_r1,Chinese-SimpleQA/中华文化/225.json,16,7424,20182.0,59392.0,118784.0,0.3398100754310345,0.16990503771551724,2.718480603448276,0.6379461524815395,0.34614591043570947
deepseek_r1,Chinese-SimpleQA/中华文化/229.json,8,7424,17900.0,59392.0,59392.0,0.30138739224137934,0.30138739224137934,2.4110991379310347,0.703760262193351,0.35781314969062805
deepseek_r1,Chinese-SimpleQA/中华文化/229.json,12,7424,21439.0,59392.0,89088.0,0.36097454202586204,0.24064969468390804,2.8877963362068964,0.703760262193351,0.39242857078026083
deepseek_r1,Chinese-SimpleQA/中华文化/229.json,16,7424,23616.0,59392.0,118784.0,0.39762931034482757,0.19881465517241378,3.1810344827586206,0.703760262193351,0.4112659425571047
deepseek_r1,Chinese-SimpleQA/中华文化/231.json,8,7424,14315.0,59392.0,59392.0,0.24102572737068967,0.24102572737068967,1.9282058189655173,0.6287038213220136,0.2894232951361558
deepseek_r1,Chinese-SimpleQA/中华文化/231.json,12,7424,17673.0,59392.0,89088.0,0.2975653286637931,0.19837688577586207,2.3805226293103448,0.6287038213220136,0.32221493536028367
deepseek_r1,Chinese-SimpleQA/中华文化/231.json,16,7424,19908.0,59392.0,118784.0,0.3351966594827586,0.1675983297413793,2.681573275862069,0.6287038213220136,0.3415400581113223
deepseek_r1,Chinese-SimpleQA/中华文化/234.json,8,7424,15673.0,59392.0,59392.0,0.26389075969827586,0.26389075969827586,2.111126077586207,0.6427084567217991,0.3121500189962058
deepseek_r1,Chinese-SimpleQA/中华文化/234.json,12,7424,18907.0,59392.0,89088.0,0.31834253771551724,0.2122283584770115,2.546740301724138,0.6427084567217991,0.34374894098988895
deepseek_r1,Chinese-SimpleQA/中华文化/234.json,16,7424,21124.0,59392.0,118784.0,0.3556707974137931,0.17783539870689655,2.8453663793103448,0.6427084567217991,0.36291305874956065
deepseek_r1,Chinese-SimpleQA/中华文化/235.json,8,7424,17673.0,59392.0,59392.0,0.2975653286637931,0.2975653286637931,2.3805226293103448,0.7347920393121654,0.3617088332258422
deepseek_r1,Chinese-SimpleQA/中华文化/235.json,12,7424,21233.0,59392.0,89088.0,0.3575060614224138,0.2383373742816092,2.8600484913793105,0.7347920393121654,0.39644710411285533
deepseek_r1,Chinese-SimpleQA/中华文化/235.json,16,7424,23516.0,59392.0,118784.0,0.3959455818965517,0.19797279094827586,3.1675646551724137,0.7347920393121654,0.4162038246105457
deepseek_r1,Chinese-SimpleQA/中华文化/239.json,8,7370,14422.0,58960.0,58960.0,0.24460651289009497,0.24460651289009497,1.9568521031207597,0.6368046340010707,0.29290327333530547
deepseek_r1,Chinese-SimpleQA/中华文化/239.json,12,7370,17824.0,58960.0,88440.0,0.3023066485753053,0.20153776571687018,2.4184531886024425,0.6368046340010707,0.3263981626347577
deepseek_r1,Chinese-SimpleQA/中华文化/239.json,16,7370,20035.0,58960.0,117920.0,0.3398066485753053,0.16990332428765265,2.7184531886024423,0.6368046340010707,0.3456613662284944
deepseek_r1,Chinese-SimpleQA/中华文化/247.json,8,7424,12804.0,59392.0,59392.0,0.21558459051724138,0.21558459051724138,1.724676724137931,0.5921721520095036,0.2643201392272423
deepseek_r1,Chinese-SimpleQA/中华文化/247.json,12,7424,16544.0,59392.0,89088.0,0.2785560344827586,0.18570402298850575,2.228448275862069,0.5921721520095036,0.30071464489246236
deepseek_r1,Chinese-SimpleQA/中华文化/247.json,16,7424,19239.0,59392.0,118784.0,0.3239325161637931,0.16196625808189655,2.5914601293103448,0.5921721520095036,0.3240445574809765
deepseek_r1,Chinese-SimpleQA/中华文化/257.json,8,7424,17616.0,59392.0,59392.0,0.29660560344827586,0.29660560344827586,2.372844827586207,0.7090584440477963,0.3567321557423164
deepseek_r1,Chinese-SimpleQA/中华文化/257.json,12,7424,21216.0,59392.0,89088.0,0.3572198275862069,0.23814655172413793,2.8577586206896552,0.7090584440477963,0.3918246858078858
deepseek_r1,Chinese-SimpleQA/中华文化/257.json,16,7424,23714.0,59392.0,118784.0,0.39927936422413796,0.19963968211206898,3.1942349137931036,0.7090584440477963,0.41345246238955136
deepseek_r1,Chinese-SimpleQA/中华文化/262.json,8,7424,14244.0,59392.0,59392.0,0.23983028017241378,0.23983028017241378,1.9186422413793103,0.5930913666198994,0.2775784730911255
deepseek_r1,Chinese-SimpleQA/中华文化/262.json,12,7424,17299.0,59392.0,89088.0,0.2912681842672414,0.19417878951149425,2.330145474137931,0.5930913666198994,0.3073975073880163
deepseek_r1,Chinese-SimpleQA/中华文化/262.json,16,7424,19485.0,59392.0,118784.0,0.3280744881465517,0.16403724407327586,2.6245959051724137,0.5930913666198994,0.326289191328246
deepseek_r1,Chinese-SimpleQA/中华文化/263.json,8,7424,15160.0,59392.0,59392.0,0.25525323275862066,0.25525323275862066,2.0420258620689653,0.6524062516360447,0.3057494512919722
deepseek_r1,Chinese-SimpleQA/中华文化/263.json,12,7424,18209.0,59392.0,89088.0,0.3065901131465517,0.20439340876436782,2.4527209051724137,0.6524062516360447,0.33551136378584234
deepseek_r1,Chinese-SimpleQA/中华文化/263.json,16,7424,20338.0,59392.0,118784.0,0.3424366918103448,0.1712183459051724,2.7394935344827585,0.6524062516360447,0.35391447359117967
deepseek_r1,Chinese-SimpleQA/中华文化/277.json,8,7424,13178.0,59392.0,59392.0,0.2218817349137931,0.2218817349137931,1.7750538793103448,0.6006790009038202,0.2671983750729725
deepseek_r1,Chinese-SimpleQA/中华文化/277.json,12,7424,16438.0,59392.0,89088.0,0.2767712823275862,0.1845141882183908,2.2141702586206895,0.6006790009038202,0.2990097788901165
deepseek_r1,Chinese-SimpleQA/中华文化/277.json,16,7424,18646.0,59392.0,118784.0,0.31394800646551724,0.15697400323275862,2.511584051724138,0.6006790009038202,0.3180957616403185
deepseek_r1,Chinese-SimpleQA/中华文化/39.json,8,7327,17166.0,58616.0,58616.0,0.29285519312133207,0.29285519312133207,2.3428415449706566,0.6992040482910623,0.3473094764731339
deepseek_r1,Chinese-SimpleQA/中华文化/39.json,12,7327,20135.0,58616.0,87924.0,0.34350689231609116,0.2290045948773941,2.7480551385287293,0.6992040482910623,0.3768119744329087
deepseek_r1,Chinese-SimpleQA/中华文化/39.json,16,7327,21983.0,58616.0,117232.0,0.375034120376689,0.1875170601883445,3.000272963013512,0.6992040482910623,0.39299066886417666
deepseek_r1,Chinese-SimpleQA/中华文化/42.json,8,7424,17714.0,59392.0,59392.0,0.2982556573275862,0.2982556573275862,2.3860452586206895,0.7049606606878084,0.35828307630686923
deepseek_r1,Chinese-SimpleQA/中华文化/42.json,12,7424,21500.0,59392.0,89088.0,0.36200161637931033,0.24133441091954022,2.8960129310344827,0.7049606606878084,0.3952406829801099
deepseek_r1,Chinese-SimpleQA/中华文化/42.json,16,7424,24096.0,59392.0,118784.0,0.4057112068965517,0.20285560344827586,3.2456896551724137,0.7049606606878084,0.41771453002403525
deepseek_r1,Chinese-SimpleQA/中华文化/45.json,8,7424,17311.0,59392.0,59392.0,0.2914702316810345,0.2914702316810345,2.331761853448276,0.7047304778263487,0.3530976535945103
deepseek_r1,Chinese-SimpleQA/中华文化/45.json,12,7424,20789.0,59392.0,89088.0,0.35003030711206895,0.23335353807471265,2.8002424568965516,0.7047304778263487,0.38703034355722626
deepseek_r1,Chinese-SimpleQA/中华文化/45.json,16,7424,23156.0,59392.0,118784.0,0.3898841594827586,0.1949420797413793,3.119073275862069,0.7047304778263487,0.4074989516159584
deepseek_r1,Chinese-SimpleQA/中华文化/48.json,8,7424,15477.0,59392.0,59392.0,0.2605906519396552,0.2605906519396552,2.0847252155172415,0.6440114646122373,0.30701423719011506
deepseek_r1,Chinese-SimpleQA/中华文化/48.json,12,7424,18718.0,59392.0,89088.0,0.31516029094827586,0.2101068606321839,2.521282327586207,0.6440114646122373,0.33871785268701354
deepseek_r1,Chinese-SimpleQA/中华文化/48.json,16,7424,20973.0,59392.0,118784.0,0.3531283674568966,0.1765641837284483,2.8250269396551726,0.6440114646122373,0.3581871847654211
deepseek_r1,Chinese-SimpleQA/中华文化/54.json,8,7424,18575.0,59392.0,59392.0,0.3127525592672414,0.3127525592672414,2.502020474137931,0.7551022788573956,0.38105707744072226
deepseek_r1,Chinese-SimpleQA/中华文化/54.json,12,7424,22447.0,59392.0,89088.0,0.37794652478448276,0.2519643498563218,3.023572198275862,0.7551022788573956,0.41879069805145264
deepseek_r1,Chinese-SimpleQA/中华文化/54.json,16,7424,25077.0,59392.0,118784.0,0.42222858297413796,0.21111429148706898,3.3778286637931036,0.7551022788573956,0.44153076615826836
deepseek_r1,Chinese-SimpleQA/中华文化/55.json,8,7424,14915.0,59392.0,59392.0,0.2511280980603448,0.2511280980603448,2.0090247844827585,0.6525523826993745,0.3048195844066554
deepseek_r1,Chinese-SimpleQA/中华文化/55.json,12,7424,18528.0,59392.0,89088.0,0.3119612068965517,0.20797413793103448,2.4956896551724137,0.6525523826993745,0.3400504928210686
deepseek_r1,Chinese-SimpleQA/中华文化/55.json,16,7424,20876.0,59392.0,118784.0,0.35149515086206895,0.17574757543103448,2.8119612068965516,0.6525523826993745,0.36036356564225824
deepseek_r1,Chinese-SimpleQA/中华文化/56.json,8,7424,15615.0,59392.0,59392.0,0.26291419719827586,0.26291419719827586,2.103313577586207,0.683178154558971,0.32197032303645695
deepseek_r1,Chinese-SimpleQA/中华文化/56.json,12,7424,19238.0,59392.0,89088.0,0.32391567887931033,0.21594378591954022,2.5913254310344827,0.683178154558971,0.3572592920270459
deepseek_r1,Chinese-SimpleQA/中华文化/56.json,16,7424,21698.0,59392.0,118784.0,0.3653353987068966,0.1826676993534483,2.9226831896551726,0.683178154558971,0.37854795414825965
deepseek_r1,Chinese-SimpleQA/中华文化/59.json,8,7330,15144.0,58640.0,58640.0,0.2582537517053206,0.2582537517053206,2.066030013642565,0.6694804983932683,0.31648903725742483
deepseek_r1,Chinese-SimpleQA/中华文化/59.json,12,7330,18821.0,58640.0,87960.0,0.32095839017735334,0.21397226011823556,2.5676671214188267,0.6694804983932683,0.35267436819870185
deepseek_r1,Chinese-SimpleQA/中华文化/59.json,16,7330,21480.0,58640.0,117280.0,0.3663028649386085,0.18315143246930424,2.930422919508868,0.6694804983932683,0.37596216865320975
deepseek_r1,Chinese-SimpleQA/中华文化/8.json,8,7424,15223.0,59392.0,59392.0,0.2563139816810345,0.2563139816810345,2.050511853448276,0.6579578128354303,0.3085587168562001
deepseek_r1,Chinese-SimpleQA/中华文化/8.json,12,7424,18418.0,59392.0,89088.0,0.3101091056034483,0.20673940373563218,2.4808728448275863,0.6579578128354303,0.33977778255939484
deepseek_r1,Chinese-SimpleQA/中华文化/8.json,16,7424,20578.0,59392.0,118784.0,0.3464776400862069,0.17323882004310345,2.7718211206896552,0.6579578128354303,0.3584539494637785
deepseek_r1,Chinese-SimpleQA/中华文化/80.json,8,7424,15623.0,59392.0,59392.0,0.26304889547413796,0.26304889547413796,2.1043911637931036,0.6497327212629647,0.3112133212130645
deepseek_r1,Chinese-SimpleQA/中华文化/80.json,12,7424,19079.0,59392.0,89088.0,0.3212385506465517,0.21415903376436782,2.5699084051724137,0.6497327212629647,0.3449192288620719
deepseek_r1,Chinese-SimpleQA/中华文化/80.json,16,7424,21415.0,59392.0,118784.0,0.36057044719827586,0.18028522359913793,2.884563577586207,0.6497327212629647,0.36512495063502215
deepseek_r1,Chinese-SimpleQA/中华文化/84.json,8,7424,12593.0,59392.0,59392.0,0.2120319234913793,0.2120319234913793,1.6962553879310345,0.6025851266137485,0.2602152469856986
deepseek_r1,Chinese-SimpleQA/中华文化/84.json,12,7424,16061.0,59392.0,89088.0,0.2704236260775862,0.18028241738505746,2.1633890086206895,0.6025851266137485,0.2939676570481268
deepseek_r1,Chinese-SimpleQA/中华文化/84.json,16,7424,18766.0,59392.0,118784.0,0.3159684806034483,0.15798424030172414,2.5277478448275863,0.6025851266137485,0.3173800676033415
deepseek_r1,Chinese-SimpleQA/中华文化/92.json,8,7424,18843.0,59392.0,59392.0,0.31726495150862066,0.31726495150862066,2.5381196120689653,0.7307961542030861,0.37697825246843797
deepseek_r1,Chinese-SimpleQA/中华文化/92.json,12,7424,22323.0,59392.0,89088.0,0.37585870150862066,0.2505724676724138,3.0068696120689653,0.7307961542030861,0.41102276999374915
deepseek_r1,Chinese-SimpleQA/中华文化/92.json,16,7424,24513.0,59392.0,118784.0,0.41273235452586204,0.20636617726293102,3.3018588362068964,0.7307961542030861,0.4299840495504182
deepseek_r1,Chinese-SimpleQA/中华文化/95.json,8,7424,16636.0,59392.0,59392.0,0.28010506465517243,0.28010506465517243,2.2408405172413794,0.6821284448278362,0.3325403841405079
deepseek_r1,Chinese-SimpleQA/中华文化/95.json,12,7424,19657.0,59392.0,89088.0,0.3309705010775862,0.2206470007183908,2.6477640086206895,0.6821284448278362,0.36214981870404606
deepseek_r1,Chinese-SimpleQA/中华文化/95.json,16,7424,21603.0,59392.0,118784.0,0.3637358566810345,0.18186792834051724,2.909886853448276,0.6821284448278362,0.37896506282789955
deepseek_r1,Chinese-SimpleQA/人文与社会科学/292.json,8,7424,16014.0,59392.0,59392.0,0.2696322737068966,0.2696322737068966,2.1570581896551726,0.6851007054592001,0.32930503991143456
deepseek_r1,Chinese-SimpleQA/人文与社会科学/292.json,12,7424,19974.0,59392.0,89088.0,0.33630792025862066,0.22420528017241378,2.6904633620689653,0.6851007054592001,0.3678399283310463
deepseek_r1,Chinese-SimpleQA/人文与社会科学/292.json,16,7424,22857.0,59392.0,118784.0,0.3848498114224138,0.1924249057112069,3.0787984913793105,0.6851007054592001,0.3927925321562537
deepseek_r1,Chinese-SimpleQA/人文与社会科学/294.json,8,7424,16365.0,59392.0,59392.0,0.2755421605603448,0.2755421605603448,2.2043372844827585,0.6896445288740355,0.3318655465183587
deepseek_r1,Chinese-SimpleQA/人文与社会科学/294.json,12,7424,19579.0,59392.0,89088.0,0.32965719288793105,0.21977146192528735,2.6372575431034484,0.6896445288740355,0.3632781885821244
deepseek_r1,Chinese-SimpleQA/人文与社会科学/294.json,16,7424,21684.0,59392.0,118784.0,0.36509967672413796,0.18254983836206898,2.9207974137931036,0.6896445288740355,0.38148752574262945
deepseek_r1,Chinese-SimpleQA/人文与社会科学/298.json,8,7424,15028.0,59392.0,59392.0,0.2530307112068966,0.2530307112068966,2.0242456896551726,0.6615938749806635,0.3069821246739092
deepseek_r1,Chinese-SimpleQA/人文与社会科学/298.json,12,7424,18585.0,59392.0,89088.0,0.31292093211206895,0.2086139547413793,2.5033674568965516,0.6615938749806635,0.3416114418671049
deepseek_r1,Chinese-SimpleQA/人文与社会科学/298.json,16,7424,21067.0,59392.0,118784.0,0.35471107219827586,0.17735553609913793,2.837688577586207,0.6615938749806635,0.3630892264431921
deepseek_r1,Chinese-SimpleQA/人文与社会科学/301.json,8,7424,15664.0,59392.0,59392.0,0.26373922413793105,0.26373922413793105,2.1099137931034484,0.6525250066970957,0.31475608564656354
deepseek_r1,Chinese-SimpleQA/人文与社会科学/301.json,12,7424,19356.0,59392.0,89088.0,0.32590247844827586,0.21726831896551724,2.607219827586207,0.6525250066970957,0.35070719595613153
deepseek_r1,Chinese-SimpleQA/人文与社会科学/301.json,16,7424,21839.0,59392.0,118784.0,0.3677094558189655,0.18385472790948276,2.941675646551724,0.6525250066970957,0.3721777344572133
deepseek_r1,Chinese-SimpleQA/人文与社会科学/308.json,8,7424,17324.0,59392.0,59392.0,0.29168911637931033,0.29168911637931033,2.3335129310344827,0.6967426754277328,0.34932332562989205
deepseek_r1,Chinese-SimpleQA/人文与社会科学/308.json,12,7424,20799.0,59392.0,89088.0,0.3501986799568966,0.23346578663793102,2.8015894396551726,0.6967426754277328,0.3831999635901944
deepseek_r1,Chinese-SimpleQA/人文与社会科学/308.json,16,7424,23142.0,59392.0,118784.0,0.3896484375,0.19482421875,3.1171875,0.6967426754277328,0.40346015732863855
deepseek_r1,Chinese-SimpleQA/人文与社会科学/314.json,8,7424,18183.0,59392.0,59392.0,0.30615234375,0.30615234375,2.44921875,0.6973414081951668,0.36172015194235174
deepseek_r1,Chinese-SimpleQA/人文与社会科学/314.json,12,7424,21665.0,59392.0,89088.0,0.3647797683189655,0.24318651221264367,2.918238146551724,0.6973414081951668,0.39575278296552857
deepseek_r1,Chinese-SimpleQA/人文与社会科学/314.json,16,7424,23786.0,59392.0,118784.0,0.4004916487068966,0.2002458243534483,3.2039331896551726,0.6973414081951668,0.41410009306052636
deepseek_r1,Chinese-SimpleQA/人文与社会科学/323.json,8,7424,15241.0,59392.0,59392.0,0.25661705280172414,0.25661705280172414,2.052936422413793,0.6441117206524158,0.3062838706476935
deepseek_r1,Chinese-SimpleQA/人文与社会科学/323.json,12,7424,18554.0,59392.0,89088.0,0.3123989762931034,0.2082659841954023,2.4991918103448274,0.6441117206524158,0.33860447386215475
deepseek_r1,Chinese-SimpleQA/人文与社会科学/323.json,16,7424,20792.0,59392.0,118784.0,0.35008081896551724,0.17504040948275862,2.800646551724138,0.6441117206524158,0.3579599590137087
deepseek_r1,Chinese-SimpleQA/人文与社会科学/327.json,8,7424,14278.0,59392.0,59392.0,0.2404027478448276,0.2404027478448276,1.9232219827586208,0.6430293773782665,0.29184660109980354
deepseek_r1,Chinese-SimpleQA/人文与社会科学/327.json,12,7424,17824.0,59392.0,89088.0,0.30010775862068967,0.20007183908045978,2.4008620689655173,0.6430293773782665,0.32637136455239923
deepseek_r1,Chinese-SimpleQA/人文与社会科学/327.json,16,7424,20269.0,59392.0,118784.0,0.3412749191810345,0.17063745959051724,2.730199353448276,0.6430293773782665,0.3475082444733587
deepseek_r1,Chinese-SimpleQA/人文与社会科学/330.json,8,7424,17481.0,59392.0,59392.0,0.2943325700431034,0.2943325700431034,2.3546605603448274,0.7029954863005671,0.34917394251659
deepseek_r1,Chinese-SimpleQA/人文与社会科学/330.json,12,7424,20764.0,59392.0,89088.0,0.349609375,0.23307291666666666,2.796875,0.7029954863005671,0.3813127346079925
deepseek_r1,Chinese-SimpleQA/人文与社会科学/330.json,16,7424,22864.0,59392.0,118784.0,0.3849676724137931,0.19248383620689655,3.0797413793103448,0.7029954863005671,0.39947076552900773
deepseek_r1,Chinese-SimpleQA/人文与社会科学/333.json,8,7424,14698.0,59392.0,59392.0,0.24747440732758622,0.24747440732758622,1.9797952586206897,0.6054945505898575,0.2879313595336059
deepseek_r1,Chinese-SimpleQA/人文与社会科学/333.json,12,7424,17918.0,59392.0,89088.0,0.30169046336206895,0.20112697557471265,2.4135237068965516,0.6054945505898575,0.3193219627799659
deepseek_r1,Chinese-SimpleQA/人文与社会科学/333.json,16,7424,20118.0,59392.0,118784.0,0.33873248922413796,0.16936624461206898,2.7098599137931036,0.6054945505898575,0.33834709586768313
deepseek_r1,Chinese-SimpleQA/人文与社会科学/337.json,8,7424,14157.0,59392.0,59392.0,0.23836543642241378,0.23836543642241378,1.9069234913793103,0.621464675870435,0.28541934592970486
deepseek_r1,Chinese-SimpleQA/人文与社会科学/337.json,12,7424,17762.0,59392.0,89088.0,0.2990638469827586,0.19937589798850575,2.392510775862069,0.621464675870435,0.3205319309029086
deepseek_r1,Chinese-SimpleQA/人文与社会科学/337.json,16,7424,20335.0,59392.0,118784.0,0.3423861799568966,0.1711930899784483,2.7390894396551726,0.621464675870435,0.3427727135090992
deepseek_r1,Chinese-SimpleQA/人文与社会科学/340.json,8,7424,16643.0,59392.0,59392.0,0.2802229256465517,0.2802229256465517,2.2417834051724137,0.6687494238902782,0.3315068270111906
deepseek_r1,Chinese-SimpleQA/人文与社会科学/340.json,12,7424,20811.0,59392.0,89088.0,0.35040072737068967,0.2336004849137931,2.8032058189655173,0.6687494238902782,0.37215252837230417
deepseek_r1,Chinese-SimpleQA/人文与社会科学/340.json,16,7424,23969.0,59392.0,118784.0,0.4035728717672414,0.2017864358836207,3.228582974137931,0.6687494238902782,0.39947865543694333
deepseek_r1,Chinese-SimpleQA/人文与社会科学/341.json,8,7424,14475.0,59392.0,59392.0,0.24371969288793102,0.24371969288793102,1.9497575431034482,0.5959942690257368,0.2820644224512166
deepseek_r1,Chinese-SimpleQA/人文与社会科学/341.json,12,7424,17692.0,59392.0,89088.0,0.2978852370689655,0.19859015804597702,2.383081896551724,0.5959942690257368,0.31346863816524373
deepseek_r1,Chinese-SimpleQA/人文与社会科学/341.json,16,7424,19961.0,59392.0,118784.0,0.3360890355603448,0.1680445177801724,2.6887122844827585,0.5959942690257368,0.3330954981261286
deepseek_r1,Chinese-SimpleQA/人文与社会科学/344.json,8,7424,17089.0,59392.0,59392.0,0.28773235452586204,0.28773235452586204,2.3018588362068964,0.6804914125080767,0.3433937204295191
deepseek_r1,Chinese-SimpleQA/人文与社会科学/344.json,12,7424,20561.0,59392.0,89088.0,0.34619140625,0.23079427083333334,2.76953125,0.6804914125080767,0.37726296330320425
deepseek_r1,Chinese-SimpleQA/人文与社会科学/344.json,16,7424,22883.0,59392.0,118784.0,0.3852875808189655,0.19264379040948276,3.082300646551724,0.6804914125080767,0.39735667767195865
deepseek_r1,Chinese-SimpleQA/人文与社会科学/353.json,8,7424,17174.0,59392.0,59392.0,0.2891635237068966,0.2891635237068966,2.3133081896551726,0.6954717903301634,0.343647464595992
deepseek_r1,Chinese-SimpleQA/人文与社会科学/353.json,12,7424,20327.0,59392.0,89088.0,0.3422514816810345,0.22816765445402298,2.738011853448276,0.6954717903301634,0.37449572004120923
deepseek_r1,Chinese-SimpleQA/人文与社会科学/353.json,16,7424,22370.0,59392.0,118784.0,0.37665005387931033,0.18832502693965517,3.0132004310344827,0.6954717903301634,0.3921618785323768
deepseek_r1,Chinese-SimpleQA/人文与社会科学/355.json,8,7424,17744.0,59392.0,59392.0,0.29876077586206895,0.29876077586206895,2.3900862068965516,0.7143116418657631,0.3571675681862338
deepseek_r1,Chinese-SimpleQA/人文与社会科学/355.json,12,7424,23714.0,59392.0,89088.0,0.39927936422413796,0.26618624281609193,3.1942349137931036,0.7143116418657631,0.41512029335416595
deepseek_r1,Chinese-SimpleQA/人文与社会科学/355.json,16,7424,28129.0,59392.0,118784.0,0.47361597521551724,0.23680798760775862,3.788927801724138,0.7143116418657631,0.4533501020793257
deepseek_r1,Chinese-SimpleQA/人文与社会科学/356.json,8,7424,16340.0,59392.0,59392.0,0.27512122844827586,0.27512122844827586,2.200969827586207,0.6681217612891361,0.32728078601689176
deepseek_r1,Chinese-SimpleQA/人文与社会科学/356.json,12,7424,19719.0,59392.0,89088.0,0.33201441271551724,0.22134294181034483,2.656115301724138,0.6681217612891361,0.36023841849688826
deepseek_r1,Chinese-SimpleQA/人文与社会科学/356.json,16,7424,22069.0,59392.0,118784.0,0.37158203125,0.185791015625,2.97265625,0.6681217612891361,0.38056009082958614
deepseek_r1,Chinese-SimpleQA/人文与社会科学/374.json,8,7424,15290.0,59392.0,59392.0,0.25744207974137934,0.25744207974137934,2.0595366379310347,0.6599839761339384,0.3098811245170133
deepseek_r1,Chinese-SimpleQA/人文与社会科学/374.json,12,7424,18765.0,59392.0,89088.0,0.3159516433189655,0.21063442887931033,2.527613146551724,0.6599839761339384,0.3437894223065212
deepseek_r1,Chinese-SimpleQA/人文与社会科学/374.json,16,7424,21158.0,59392.0,118784.0,0.3562432650862069,0.17812163254310345,2.8499461206896552,0.6599839761339384,0.36449553175219174
deepseek_r1,Chinese-SimpleQA/人文与社会科学/382.json,8,7424,15190.0,59392.0,59392.0,0.2557583512931034,0.2557583512931034,2.0460668103448274,0.6197207426202709,0.29713819561333493
deepseek_r1,Chinese-SimpleQA/人文与社会科学/382.json,12,7424,18462.0,59392.0,89088.0,0.31084994612068967,0.2072332974137931,2.4867995689655173,0.6197207426202709,0.32909008860588074
deepseek_r1,Chinese-SimpleQA/人文与社会科学/382.json,16,7424,20706.0,59392.0,118784.0,0.3486328125,0.17431640625,2.7890625,0.6197207426202709,0.3484776174199992
deepseek_r1,Chinese-SimpleQA/人文与社会科学/392.json,8,7424,15793.0,59392.0,59392.0,0.2659112338362069,0.2659112338362069,2.1272898706896552,0.6820265383555971,0.3229661866508681
deepseek_r1,Chinese-SimpleQA/人文与社会科学/392.json,12,7424,19372.0,59392.0,89088.0,0.326171875,0.21744791666666666,2.609375,0.6820265383555971,0.35789791879982785
deepseek_r1,Chinese-SimpleQA/人文与社会科学/392.json,16,7424,21613.0,59392.0,118784.0,0.36390422952586204,0.18195211476293102,2.9112338362068964,0.6820265383555971,0.37728092074394226
deepseek_r1,Chinese-SimpleQA/人文与社会科学/405.json,8,7424,17377.0,59392.0,59392.0,0.2925814924568966,0.2925814924568966,2.3406519396551726,0.7024694866147535,0.3485790306124194
deepseek_r1,Chinese-SimpleQA/人文与社会科学/405.json,12,7424,20588.0,59392.0,89088.0,0.3466460129310345,0.23109734195402298,2.773168103448276,0.7024694866147535,0.37998310553616493
deepseek_r1,Chinese-SimpleQA/人文与社会科学/405.json,16,7424,22726.0,59392.0,118784.0,0.38264412715517243,0.19132206357758622,3.0611530172413794,0.7024694866147535,0.39846291470116585
deepseek_r1,Chinese-SimpleQA/人文与社会科学/406.json,8,7424,15695.0,59392.0,59392.0,0.2642611799568966,0.2642611799568966,2.1140894396551726,0.6708104970126316,0.3179887738721124
deepseek_r1,Chinese-SimpleQA/人文与社会科学/406.json,12,7424,19074.0,59392.0,89088.0,0.32115436422413796,0.21410290948275862,2.5692349137931036,0.6708104970126316,0.3509616805561658
deepseek_r1,Chinese-SimpleQA/人文与社会科学/406.json,16,7424,21210.0,59392.0,118784.0,0.35711880387931033,0.17855940193965517,2.8569504310344827,0.6708104970126316,0.3694394996453976
deepseek_r1,Chinese-SimpleQA/人文与社会科学/410.json,8,7424,18403.0,59392.0,59392.0,0.3098565463362069,0.3098565463362069,2.4788523706896552,0.7324542804010983,0.3713413106984106
deepseek_r1,Chinese-SimpleQA/人文与社会科学/410.json,12,7424,21972.0,59392.0,89088.0,0.36994881465517243,0.2466325431034483,2.9595905172413794,0.7324542804010983,0.40620932805127113
deepseek_r1,Chinese-SimpleQA/人文与社会科学/410.json,16,7424,24270.0,59392.0,118784.0,0.4086408943965517,0.20432044719827586,3.2691271551724137,0.7324542804010983,0.4260925332020069
deepseek_r1,Chinese-SimpleQA/人文与社会科学/419.json,8,7338,15661.0,58704.0,58704.0,0.26677909512128645,0.26677909512128645,2.1342327609702916,0.6721965470603846,0.3222820960913279
deepseek_r1,Chinese-SimpleQA/人文与社会科学/419.json,12,7338,19492.0,58704.0,88056.0,0.33203870264377217,0.2213591350958481,2.6563096211501773,0.6721965470603846,0.36002469524176645
deepseek_r1,Chinese-SimpleQA/人文与社会科学/419.json,16,7338,22130.0,58704.0,117408.0,0.37697601526301444,0.18848800763150722,3.0158081221041155,0.6721965470603846,0.3831085647994733
deepseek_r1,Chinese-SimpleQA/人文与社会科学/421.json,8,7424,17758.0,59392.0,59392.0,0.29899649784482757,0.29899649784482757,2.3919719827586206,0.6842653998013201,0.3518870714409598
deepseek_r1,Chinese-SimpleQA/人文与社会科学/421.json,12,7424,21477.0,59392.0,89088.0,0.3616143588362069,0.24107623922413793,2.8929148706896552,0.6842653998013201,0.38819495665616005
deepseek_r1,Chinese-SimpleQA/人文与社会科学/421.json,16,7424,23728.0,59392.0,118784.0,0.3995150862068966,0.1997575431034483,3.1961206896551726,0.6842653998013201,0.40767010327043207
deepseek_r1,Chinese-SimpleQA/人文与社会科学/423.json,8,7424,14456.0,59392.0,59392.0,0.24339978448275862,0.24339978448275862,1.947198275862069,0.5932796176137596,0.2800212502479553
deepseek_r1,Chinese-SimpleQA/人文与社会科学/423.json,12,7424,17633.0,59392.0,89088.0,0.29689183728448276,0.1979278915229885,2.375134698275862,0.5932796176137596,0.311077857325817
deepseek_r1,Chinese-SimpleQA/人文与社会科学/423.json,16,7424,19867.0,59392.0,118784.0,0.3345063308189655,0.16725316540948276,2.676050646551724,0.5932796176137596,0.33041440310149356
deepseek_r1,Chinese-SimpleQA/人文与社会科学/429.json,8,7424,16218.0,59392.0,59392.0,0.27306707974137934,0.27306707974137934,2.1845366379310347,0.6825476196305506,0.32940851717159664
deepseek_r1,Chinese-SimpleQA/人文与社会科学/429.json,12,7424,19795.0,59392.0,89088.0,0.3332940463362069,0.22219603089080459,2.6663523706896552,0.6825476196305506,0.36434930254673137
deepseek_r1,Chinese-SimpleQA/人文与社会科学/429.json,16,7424,22088.0,59392.0,118784.0,0.37190193965517243,0.18595096982758622,2.9752155172413794,0.6825476196305506,0.3842124091140155
deepseek_r1,Chinese-SimpleQA/人文与社会科学/432.json,8,7424,14765.0,59392.0,59392.0,0.24860250538793102,0.24860250538793102,1.9888200431034482,0.6292578136098796,0.29730545446790496
deepseek_r1,Chinese-SimpleQA/人文与社会科学/432.json,12,7424,18088.0,59392.0,89088.0,0.30455280172413796,0.20303520114942528,2.4364224137931036,0.6292578136098796,0.32975818525100575
deepseek_r1,Chinese-SimpleQA/人文与社会科学/432.json,16,7424,20299.0,59392.0,118784.0,0.34178003771551724,0.17089001885775862,2.734240301724138,0.6292578136098796,0.3488999440752227
deepseek_r1,Chinese-SimpleQA/人文与社会科学/435.json,8,7424,17241.0,59392.0,59392.0,0.2902916217672414,0.2902916217672414,2.322332974137931,0.710691557875995,0.3492444157600403
deepseek_r1,Chinese-SimpleQA/人文与社会科学/435.json,12,7424,20549.0,59392.0,89088.0,0.3459893588362069,0.23065957255747127,2.7679148706896552,0.710691557875995,0.3815555438913148
deepseek_r1,Chinese-SimpleQA/人文与社会科学/435.json,16,7424,22616.0,59392.0,118784.0,0.38079202586206895,0.19039601293103448,3.0463362068965516,0.710691557875995,0.39942791544157885
deepseek_r1,Chinese-SimpleQA/人文与社会科学/440.json,8,7424,16793.0,59392.0,59392.0,0.2827485183189655,0.2827485183189655,2.261988146551724,0.6912517424287468,0.33764925958781405
deepseek_r1,Chinese-SimpleQA/人文与社会科学/440.json,12,7424,19976.0,59392.0,89088.0,0.3363415948275862,0.22422772988505746,2.6907327586206895,0.6912517424287468,0.3687564042107812
deepseek_r1,Chinese-SimpleQA/人文与社会科学/440.json,16,7424,21984.0,59392.0,118784.0,0.3701508620689655,0.18507543103448276,2.961206896551724,0.6912517424287468,0.38611943249044745
deepseek_r1,Chinese-SimpleQA/人文与社会科学/441.json,8,7424,15693.0,59392.0,59392.0,0.26422750538793105,0.26422750538793105,2.1138200431034484,0.687247633934021,0.32242233999844255
deepseek_r1,Chinese-SimpleQA/人文与社会科学/441.json,12,7424,19324.0,59392.0,89088.0,0.32536368534482757,0.2169091235632184,2.6029094827586206,0.687247633934021,0.357832801753077
deepseek_r1,Chinese-SimpleQA/人文与社会科学/441.json,16,7424,21592.0,59392.0,118784.0,0.36355064655172414,0.18177532327586207,2.908405172413793,0.687247633934021,0.37746187016881744
deepseek_r1,Chinese-SimpleQA/人文与社会科学/460.json,8,7424,17007.0,59392.0,59392.0,0.28635169719827586,0.28635169719827586,2.290813577586207,0.704490786996381,0.3444923111077013
deepseek_r1,Chinese-SimpleQA/人文与社会科学/460.json,12,7424,20485.0,59392.0,89088.0,0.34491177262931033,0.22994118175287356,2.7592941810344827,0.704490786996381,0.37846306171910515
deepseek_r1,Chinese-SimpleQA/人文与社会科学/460.json,16,7424,22682.0,59392.0,118784.0,0.38190328663793105,0.19095164331896552,3.0552262931034484,0.704490786996381,0.39746776531482564
deepseek_r1,Chinese-SimpleQA/人文与社会科学/466.json,8,7424,14164.0,59392.0,59392.0,0.2384832974137931,0.2384832974137931,1.9078663793103448,0.6111028163597502,0.2822189048446458
deepseek_r1,Chinese-SimpleQA/人文与社会科学/466.json,12,7424,17570.0,59392.0,89088.0,0.29583108836206895,0.19722072557471265,2.3666487068965516,0.6111028163597502,0.3154088926726374
deepseek_r1,Chinese-SimpleQA/人文与社会科学/466.json,16,7424,20094.0,59392.0,118784.0,0.3383283943965517,0.16916419719827586,2.7066271551724137,0.6111028163597502,0.33723679801513406
deepseek_r1,Chinese-SimpleQA/人文与社会科学/473.json,8,7424,16308.0,59392.0,59392.0,0.27458243534482757,0.27458243534482757,2.1966594827586206,0.6937181353569031,0.3341330397745659
deepseek_r1,Chinese-SimpleQA/人文与社会科学/473.json,12,7424,19640.0,59392.0,89088.0,0.33068426724137934,0.22045617816091953,2.6454741379310347,0.6937181353569031,0.3666311687436597
deepseek_r1,Chinese-SimpleQA/人文与社会科学/473.json,16,7424,21847.0,59392.0,118784.0,0.36784415409482757,0.18392207704741378,2.9427532327586206,0.6937181353569031,0.3857184026775689
deepseek_r1,Chinese-SimpleQA/人文与社会科学/487.json,8,7424,15945.0,59392.0,59392.0,0.2684705010775862,0.2684705010775862,2.1477640086206895,0.655239075422287,0.31650445584593145
deepseek_r1,Chinese-SimpleQA/人文与社会科学/487.json,12,7424,19222.0,59392.0,89088.0,0.3236462823275862,0.2157641882183908,2.5891702586206895,0.655239075422287,0.3485489312944741
deepseek_r1,Chinese-SimpleQA/人文与社会科学/487.json,16,7424,21499.0,59392.0,118784.0,0.36198477909482757,0.18099238954741378,2.8958782327586206,0.655239075422287,0.36821464320708963
deepseek_r1,Chinese-SimpleQA/人文与社会科学/493.json,8,7424,14925.0,59392.0,59392.0,0.25129647090517243,0.25129647090517243,2.0103717672413794,0.6470331303004561,0.300795529936922
deepseek_r1,Chinese-SimpleQA/人文与社会科学/493.json,12,7424,18213.0,59392.0,89088.0,0.30665746228448276,0.20443830818965517,2.453259698275862,0.6470331303004561,0.33284596122544385
deepseek_r1,Chinese-SimpleQA/人文与社会科学/493.json,16,7424,20451.0,59392.0,118784.0,0.3443393049568966,0.1721696524784483,2.7547144396551726,0.6470331303004561,0.3522096975096341
deepseek_r1,Chinese-SimpleQA/人文与社会科学/505.json,8,7424,13822.0,59392.0,59392.0,0.23272494612068967,0.23272494612068967,1.8617995689655173,0.6261443845156965,0.28286650879629727
deepseek_r1,Chinese-SimpleQA/人文与社会科学/505.json,12,7424,17350.0,59392.0,89088.0,0.29212688577586204,0.19475125718390804,2.3370150862068964,0.6261443845156965,0.31718107133076107
deepseek_r1,Chinese-SimpleQA/人文与社会科学/505.json,16,7424,19838.0,59392.0,118784.0,0.3340180495689655,0.16700902478448276,2.672144396551724,0.6261443845156965,0.3387020816063059
deepseek_r1,Chinese-SimpleQA/人文与社会科学/513.json,8,7424,16795.0,59392.0,59392.0,0.28278219288793105,0.28278219288793105,2.2622575431034484,0.7117444379576321,0.34692903993458585
deepseek_r1,Chinese-SimpleQA/人文与社会科学/513.json,12,7424,20571.0,59392.0,89088.0,0.34635977909482757,0.2309065193965517,2.7708782327586206,0.7117444379576321,0.38372246098929436
deepseek_r1,Chinese-SimpleQA/人文与社会科学/513.json,16,7424,23249.0,59392.0,118784.0,0.3914500269396552,0.1957250134698276,3.1316002155172415,0.7117444379576321,0.4068708486598113
deepseek_r1,Chinese-SimpleQA/人文与社会科学/539.json,8,7420,15193.0,59360.0,59360.0,0.2559467654986523,0.2559467654986523,2.0475741239892185,0.6430891319747883,0.305867032156479
deepseek_r1,Chinese-SimpleQA/人文与社会科学/539.json,12,7420,18718.0,59360.0,89040.0,0.3153301886792453,0.21022012578616353,2.5226415094339623,0.6430891319747883,0.3402892500885092
deepseek_r1,Chinese-SimpleQA/人文与社会科学/539.json,16,7420,21011.0,59360.0,118720.0,0.3539588948787062,0.1769794474393531,2.8316711590296495,0.6430891319747883,0.3601292617880109
deepseek_r1,Chinese-SimpleQA/人文与社会科学/556.json,8,7424,16994.0,59392.0,59392.0,0.2861328125,0.2861328125,2.2890625,0.7073258058778171,0.3477896380013433
deepseek_r1,Chinese-SimpleQA/人文与社会科学/556.json,12,7424,20656.0,59392.0,89088.0,0.34779094827586204,0.23186063218390804,2.7823275862068964,0.7073258058778171,0.38345936557342264
deepseek_r1,Chinese-SimpleQA/人文与社会科学/556.json,16,7424,23060.0,59392.0,118784.0,0.3882677801724138,0.1941338900862069,3.1061422413793105,0.7073258058778171,0.4042478820373272
deepseek_r1,Chinese-SimpleQA/人文与社会科学/557.json,8,7424,16029.0,59392.0,59392.0,0.26988483297413796,0.26988483297413796,2.1590786637931036,0.6591174602508545,0.31956865407269575
deepseek_r1,Chinese-SimpleQA/人文与社会科学/557.json,12,7424,19206.0,59392.0,89088.0,0.32337688577586204,0.21558459051724138,2.5870150862068964,0.6591174602508545,0.350633112007174
deepseek_r1,Chinese-SimpleQA/人文与社会科学/557.json,16,7424,21339.0,59392.0,118784.0,0.3592908135775862,0.1796454067887931,2.8743265086206895,0.6591174602508545,0.3690847071080372
deepseek_r1,Chinese-SimpleQA/人文与社会科学/564.json,8,7424,15832.0,59392.0,59392.0,0.2665678879310345,0.2665678879310345,2.132543103448276,0.6569951649369865,0.3193728322612828
deepseek_r1,Chinese-SimpleQA/人文与社会科学/564.json,12,7424,19516.0,59392.0,89088.0,0.32859644396551724,0.2190642959770115,2.628771551724138,0.6569951649369865,0.35527050597914334
deepseek_r1,Chinese-SimpleQA/人文与社会科学/564.json,16,7424,22047.0,59392.0,118784.0,0.37121161099137934,0.18560580549568967,2.9696928879310347,0.6569951649369865,0.37717913039799394
deepseek_r1,Chinese-SimpleQA/人文与社会科学/570.json,8,7424,16626.0,59392.0,59392.0,0.2799366918103448,0.2799366918103448,2.2394935344827585,0.6839975745513521,0.3335696767116415
deepseek_r1,Chinese-SimpleQA/人文与社会科学/570.json,12,7424,19742.0,59392.0,89088.0,0.33240167025862066,0.22160111350574713,2.6592133620689653,0.6839975745513521,0.3640524837477454
deepseek_r1,Chinese-SimpleQA/人文与社会科学/570.json,16,7424,21705.0,59392.0,118784.0,0.36545325969827586,0.18272662984913793,2.923626077586207,0.6839975745513521,0.3810273886754595
deepseek_r1,Chinese-SimpleQA/人文与社会科学/575.json,8,7424,17328.0,59392.0,59392.0,0.2917564655172414,0.2917564655172414,2.334051724137931,0.7218320236123842,0.354196068541757
deepseek_r1,Chinese-SimpleQA/人文与社会科学/575.json,12,7424,20923.0,59392.0,89088.0,0.3522865032327586,0.2348576688218391,2.818292025862069,0.7218320236123842,0.38923986924105675
deepseek_r1,Chinese-SimpleQA/人文与社会科学/575.json,16,7424,23320.0,59392.0,118784.0,0.39264547413793105,0.19632273706896552,3.1411637931034484,0.7218320236123842,0.4099624773551678
deepseek_r1,Chinese-SimpleQA/人文与社会科学/577.json,8,7424,15503.0,59392.0,59392.0,0.2610284213362069,0.2610284213362069,2.0882273706896552,0.6521470639212378,0.3117104588911451
deepseek_r1,Chinese-SimpleQA/人文与社会科学/577.json,12,7424,18679.0,59392.0,89088.0,0.3145036368534483,0.20966909123563218,2.5160290948275863,0.6521470639212378,0.34279098181888973
deepseek_r1,Chinese-SimpleQA/人文与社会科学/577.json,16,7424,20651.0,59392.0,118784.0,0.3477067618534483,0.17385338092672414,2.7816540948275863,0.6521470639212378,0.3598499149084091
deepseek_r1,Chinese-SimpleQA/人文与社会科学/580.json,8,7424,15970.0,59392.0,59392.0,0.2688914331896552,0.2688914331896552,2.1511314655172415,0.6654901956689769,0.3213772239356205
deepseek_r1,Chinese-SimpleQA/人文与社会科学/580.json,12,7424,19741.0,59392.0,89088.0,0.33238483297413796,0.22158988864942528,2.6590786637931036,0.6654901956689769,0.3581442617136857
deepseek_r1,Chinese-SimpleQA/人文与社会科学/580.json,16,7424,22263.0,59392.0,118784.0,0.3748484644396552,0.1874242322198276,2.9987877155172415,0.6654901956689769,0.3799842513840774
deepseek_r1,Chinese-SimpleQA/人文与社会科学/587.json,8,7424,14943.0,59392.0,59392.0,0.25159954202586204,0.25159954202586204,2.0127963362068964,0.6625860025142801,0.30610900654875
deepseek_r1,Chinese-SimpleQA/人文与社会科学/587.json,12,7424,18231.0,59392.0,89088.0,0.30696053340517243,0.2046403556034483,2.4556842672413794,0.6625860025142801,0.3382173190856802
deepseek_r1,Chinese-SimpleQA/人文与社会科学/587.json,16,7424,20382.0,59392.0,118784.0,0.3431775323275862,0.1715887661637931,2.7454202586206895,0.6625860025142801,0.356814913194755
deepseek_r1,Chinese-SimpleQA/人文与社会科学/592.json,8,7424,14521.0,59392.0,59392.0,0.24449420797413793,0.24449420797413793,1.9559536637931034,0.6000667183563627,0.28368040354087437
deepseek_r1,Chinese-SimpleQA/人文与社会科学/592.json,12,7424,17689.0,59392.0,89088.0,0.29783472521551724,0.1985564834770115,2.382677801724138,0.6000667183563627,0.3146107813407635
deepseek_r1,Chinese-SimpleQA/人文与社会科学/592.json,16,7424,19984.0,59392.0,118784.0,0.3364762931034483,0.16823814655172414,2.6918103448275863,0.6000667183563627,0.33446613005523024
deepseek_r1,Chinese-SimpleQA/人文与社会科学/598.json,8,7424,16491.0,59392.0,59392.0,0.27766365840517243,0.27766365840517243,2.2213092672413794,0.6667183884258928,0.32886464328601445
deepseek_r1,Chinese-SimpleQA/人文与社会科学/598.json,12,7424,19876.0,59392.0,89088.0,0.33465786637931033,0.22310524425287356,2.6772629310344827,0.6667183884258928,0.3619371611496498
deepseek_r1,Chinese-SimpleQA/人文与社会科学/598.json,16,7424,21963.0,59392.0,118784.0,0.36979727909482757,0.18489863954741378,2.9583782327586206,0.6667183884258928,0.3799996196195997
deepseek_r1,Chinese-SimpleQA/人文与社会科学/599.json,8,7323,15387.0,58584.0,58584.0,0.26264850471118395,0.26264850471118395,2.1011880376894716,0.6771049483884118,0.31912549831625314
deepseek_r1,Chinese-SimpleQA/人文与社会科学/599.json,12,7323,18749.0,58584.0,87876.0,0.3200361873549092,0.21335745823660612,2.5602894988392735,0.6771049483884118,0.3524001383413533
deepseek_r1,Chinese-SimpleQA/人文与社会科学/599.json,16,7323,20841.0,58584.0,117168.0,0.3557455960671856,0.1778727980335928,2.8459647685374847,0.6771049483884118,0.37075318082929
deepseek_r1,Chinese-SimpleQA/人文与社会科学/600.json,8,7424,17482.0,59392.0,59392.0,0.2943494073275862,0.2943494073275862,2.3547952586206895,0.7070556026080559,0.35158031408129065
deepseek_r1,Chinese-SimpleQA/人文与社会科学/600.json,12,7424,20575.0,59392.0,89088.0,0.3464271282327586,0.2309514188218391,2.771417025862069,0.7070556026080559,0.38187816841848965
deepseek_r1,Chinese-SimpleQA/人文与社会科学/600.json,16,7424,22496.0,59392.0,118784.0,0.37877155172413796,0.18938577586206898,3.0301724137931036,0.7070556026080559,0.39848905236556614
deepseek_r1,Chinese-SimpleQA/人文与社会科学/604.json,8,7424,18805.0,59392.0,59392.0,0.31662513469827586,0.31662513469827586,2.533001077586207,0.710017350213281,0.3745702823688244
deepseek_r1,Chinese-SimpleQA/人文与社会科学/604.json,12,7424,22680.0,59392.0,89088.0,0.3818696120689655,0.25457974137931033,3.054956896551724,0.710017350213281,0.41238599501807116
deepseek_r1,Chinese-SimpleQA/人文与社会科学/604.json,16,7424,25249.0,59392.0,118784.0,0.42512459590517243,0.21256229795258622,3.4009967672413794,0.710017350213281,0.43461563258335506
deepseek_r1,Chinese-SimpleQA/人文与社会科学/605.json,8,7424,16950.0,59392.0,59392.0,0.2853919719827586,0.2853919719827586,2.283135775862069,0.6911837448333872,0.33923757281796685
deepseek_r1,Chinese-SimpleQA/人文与社会科学/605.json,12,7424,19827.0,59392.0,89088.0,0.3338328394396552,0.22255522629310345,2.6706627155172415,0.6911837448333872,0.36744068768517724
deepseek_r1,Chinese-SimpleQA/人文与社会科学/605.json,16,7424,21591.0,59392.0,118784.0,0.3635338092672414,0.1817669046336207,2.908270474137931,0.6911837448333872,0.3826891851836237
deepseek_r1,Chinese-SimpleQA/人文与社会科学/610.json,8,7424,13578.0,59392.0,59392.0,0.22861664870689655,0.22861664870689655,1.8289331896551724,0.5863167520227104,0.2688275493424514
deepseek_r1,Chinese-SimpleQA/人文与社会科学/610.json,12,7424,17421.0,59392.0,89088.0,0.29332233297413796,0.19554822198275862,2.3465786637931036,0.5863167520227104,0.30619490968769997
deepseek_r1,Chinese-SimpleQA/人文与社会科学/610.json,16,7424,20246.0,59392.0,118784.0,0.34088766163793105,0.17044383081896552,2.7271012931034484,0.5863167520227104,0.3306211567130582
deepseek_r1,Chinese-SimpleQA/人文与社会科学/628.json,8,7424,15861.0,59392.0,59392.0,0.2670561691810345,0.2670561691810345,2.136449353448276,0.6767971926722033,0.3236102508059863
deepseek_r1,Chinese-SimpleQA/人文与社会科学/628.json,12,7424,19482.0,59392.0,89088.0,0.3280239762931034,0.21868265086206898,2.6241918103448274,0.6767971926722033,0.35893918008639897
deepseek_r1,Chinese-SimpleQA/人文与社会科学/628.json,16,7424,21893.0,59392.0,118784.0,0.3686186691810345,0.18430933459051724,2.948949353448276,0.6767971926722033,0.37978662447682743
deepseek_r1,Chinese-SimpleQA/人文与社会科学/632.json,8,7424,15891.0,59392.0,59392.0,0.26756128771551724,0.26756128771551724,2.140490301724138,0.6524665705088911,0.3173411339521408
deepseek_r1,Chinese-SimpleQA/人文与社会科学/632.json,12,7424,18997.0,59392.0,89088.0,0.3198578933189655,0.21323859554597702,2.558863146551724,0.6524665705088911,0.347723684434233
deepseek_r1,Chinese-SimpleQA/人文与社会科学/632.json,16,7424,20904.0,59392.0,118784.0,0.3519665948275862,0.1759832974137931,2.8157327586206895,0.6524665705088911,0.36420213765111464
deepseek_r1,Chinese-SimpleQA/人文与社会科学/640.json,8,7424,16052.0,59392.0,59392.0,0.2702720905172414,0.2702720905172414,2.162176724137931,0.6760204917397993,0.32402690063262807
deepseek_r1,Chinese-SimpleQA/人文与社会科学/640.json,12,7424,19365.0,59392.0,89088.0,0.32605401400862066,0.21736934267241378,2.6084321120689653,0.6760204917397993,0.3564231996906215
deepseek_r1,Chinese-SimpleQA/人文与社会科学/640.json,16,7424,21526.0,59392.0,118784.0,0.36243938577586204,0.18121969288793102,2.8995150862068964,0.6760204917397993,0.37511244519003506
deepseek_r1,Chinese-SimpleQA/人文与社会科学/644.json,8,7424,16638.0,59392.0,59392.0,0.28013873922413796,0.28013873922413796,2.2411099137931036,0.6781506158154587,0.33367214531734074
deepseek_r1,Chinese-SimpleQA/人文与社会科学/644.json,12,7424,20006.0,59392.0,89088.0,0.33684671336206895,0.22456447557471265,2.6947737068965516,0.6781506158154587,0.36658856940680534
deepseek_r1,Chinese-SimpleQA/人文与社会科学/644.json,16,7424,22105.0,59392.0,118784.0,0.37218817349137934,0.18609408674568967,2.9775053879310347,0.6781506158154587,0.38475098332454416
deepseek_r1,Chinese-SimpleQA/人文与社会科学/666.json,8,7424,15234.0,59392.0,59392.0,0.2564991918103448,0.2564991918103448,2.0519935344827585,0.6643398774081263,0.30980730776129095
deepseek_r1,Chinese-SimpleQA/人文与社会科学/666.json,12,7424,18112.0,59392.0,89088.0,0.30495689655172414,0.20330459770114942,2.439655172413793,0.6643398774081263,0.3379365858332864
deepseek_r1,Chinese-SimpleQA/人文与社会科学/666.json,16,7424,20049.0,59392.0,118784.0,0.33757071659482757,0.16878535829741378,2.7005657327586206,0.6643398774081263,0.35469338657527133
deepseek_r1,Chinese-SimpleQA/人文与社会科学/677.json,8,7424,16976.0,59392.0,59392.0,0.28582974137931033,0.28582974137931033,2.2866379310344827,0.732854255314531,0.3559903980329119
deepseek_r1,Chinese-SimpleQA/人文与社会科学/677.json,12,7424,21500.0,59392.0,89088.0,0.36200161637931033,0.24133441091954022,2.8960129310344827,0.732854255314531,0.3999133002141426
deepseek_r1,Chinese-SimpleQA/人文与社会科学/677.json,16,7424,24762.0,59392.0,118784.0,0.41692483836206895,0.20846241918103448,3.3353987068965516,0.732854255314531,0.42813043244953813
deepseek_r1,Chinese-SimpleQA/人文与社会科学/679.json,8,7322,14630.0,58576.0,58576.0,0.24976099426386233,0.24976099426386233,1.9980879541108987,0.6301112264858768,0.29631113804158404
deepseek_r1,Chinese-SimpleQA/人文与社会科学/679.json,12,7322,17762.0,58576.0,87864.0,0.30322999180551763,0.20215332787034507,2.425839934444141,0.6301112264858768,0.3273140256830136
deepseek_r1,Chinese-SimpleQA/人文与社会科学/679.json,16,7322,19809.0,58576.0,117152.0,0.3381760447965037,0.16908802239825185,2.7054083583720296,0.6301112264858768,0.3452406124937114
deepseek_r1,Chinese-SimpleQA/人文与社会科学/680.json,8,7424,16489.0,59392.0,59392.0,0.2776299838362069,0.2776299838362069,2.2210398706896552,0.7100067107841886,0.3386649073197924
deepseek_r1,Chinese-SimpleQA/人文与社会科学/680.json,12,7424,22180.0,59392.0,89088.0,0.3734509698275862,0.2489673132183908,2.9876077586206895,0.7100067107841886,0.3938609813821727
deepseek_r1,Chinese-SimpleQA/人文与社会科学/680.json,16,7424,27537.0,59392.0,118784.0,0.46364830280172414,0.23182415140086207,3.709186422413793,0.7100067107841886,0.44015536945441674
deepseek_r1,Chinese-SimpleQA/人文与社会科学/695.json,8,7424,15838.0,59392.0,59392.0,0.26666891163793105,0.26666891163793105,2.1333512931034484,0.686436997405414,0.32181510123713264
deepseek_r1,Chinese-SimpleQA/人文与社会科学/695.json,12,7424,18889.0,59392.0,89088.0,0.31803946659482757,0.2120263110632184,2.5443157327586206,0.686436997405414,0.35165090910319624
deepseek_r1,Chinese-SimpleQA/人文与社会科学/695.json,16,7424,20853.0,59392.0,118784.0,0.3511078933189655,0.17555394665948276,2.808863146551724,0.686436997405414,0.36861501942420827
deepseek_r1,Chinese-SimpleQA/人文与社会科学/698.json,8,7424,17219.0,59392.0,59392.0,0.28992120150862066,0.28992120150862066,2.3193696120689653,0.6987257949237166,0.3445112499697455
deepseek_r1,Chinese-SimpleQA/人文与社会科学/698.json,12,7424,20116.0,59392.0,89088.0,0.33869881465517243,0.22579920977011494,2.7095905172413794,0.6987257949237166,0.37294630603543644
deepseek_r1,Chinese-SimpleQA/人文与社会科学/698.json,16,7424,21890.0,59392.0,118784.0,0.3685681573275862,0.1842840786637931,2.9485452586206895,0.6987257949237166,0.3882834931899761
deepseek_r1,Chinese-SimpleQA/工程、技术与应用科学/1003.json,8,7424,16394.0,59392.0,59392.0,0.2760304418103448,0.2760304418103448,2.2082435344827585,0.6758331307049456,0.3291413665845476
deepseek_r1,Chinese-SimpleQA/工程、技术与应用科学/1003.json,12,7424,19635.0,59392.0,89088.0,0.3306000808189655,0.22040005387931033,2.644800646551724,0.6758331307049456,0.3607563741248229
deepseek_r1,Chinese-SimpleQA/工程、技术与应用科学/1003.json,16,7424,21840.0,59392.0,118784.0,0.3677262931034483,0.18386314655172414,2.9418103448275863,0.6758331307049456,0.3798290218772559
deepseek_r1,Chinese-SimpleQA/工程、技术与应用科学/1012.json,8,7424,17853.0,59392.0,59392.0,0.30059603987068967,0.30059603987068967,2.4047683189655173,0.711734776866847,0.35816566594715776
deepseek_r1,Chinese-SimpleQA/工程、技术与应用科学/1012.json,12,7424,21257.0,59392.0,89088.0,0.35791015625,0.23860677083333334,2.86328125,0.711734776866847,0.3914531685155013
deepseek_r1,Chinese-SimpleQA/工程、技术与应用科学/1012.json,16,7424,23428.0,59392.0,118784.0,0.39446390086206895,0.19723195043103448,3.1557112068965516,0.711734776866847,0.4102168607300726
deepseek_r1,Chinese-SimpleQA/工程、技术与应用科学/1024.json,8,7424,14666.0,59392.0,59392.0,0.24693561422413793,0.24693561422413793,1.9754849137931034,0.6183961681250868,0.2908260940477766
deepseek_r1,Chinese-SimpleQA/工程、技术与应用科学/1024.json,12,7424,17617.0,59392.0,89088.0,0.2966224407327586,0.1977482938218391,2.372979525862069,0.6183961681250868,0.31966067901973066
deepseek_r1,Chinese-SimpleQA/工程、技术与应用科学/1024.json,16,7424,19685.0,59392.0,118784.0,0.3314419450431034,0.1657209725215517,2.6515355603448274,0.6183961681250868,0.3375557249990003
deepseek_r1,Chinese-SimpleQA/工程、技术与应用科学/1025.json,8,7424,16622.0,59392.0,59392.0,0.2798693426724138,0.2798693426724138,2.2389547413793105,0.6869798097117193,0.3363895308354805
deepseek_r1,Chinese-SimpleQA/工程、技术与应用科学/1025.json,12,7424,20338.0,59392.0,89088.0,0.3424366918103448,0.22829112787356323,2.7394935344827585,0.6869798097117193,0.3726319845380454
deepseek_r1,Chinese-SimpleQA/工程、技术与应用科学/1025.json,16,7424,22712.0,59392.0,118784.0,0.3824084051724138,0.1912042025862069,3.0592672413793105,0.6869798097117193,0.3931579826206997
deepseek_r1,Chinese-SimpleQA/工程、技术与应用科学/1027.json,8,7424,15202.0,59392.0,59392.0,0.2559603987068966,0.2559603987068966,2.0476831896551726,0.6719762282124881,0.3129605296356925
deepseek_r1,Chinese-SimpleQA/工程、技术与应用科学/1027.json,12,7424,18807.0,59392.0,89088.0,0.3166588092672414,0.2111058728448276,2.533270474137931,0.6719762282124881,0.3481265938487546
deepseek_r1,Chinese-SimpleQA/工程、技术与应用科学/1027.json,16,7424,21302.0,59392.0,118784.0,0.35866783405172414,0.17933391702586207,2.869342672413793,0.6719762282124881,0.3697144944092323
deepseek_r1,Chinese-SimpleQA/工程、技术与应用科学/1028.json,8,7424,16596.0,59392.0,59392.0,0.27943157327586204,0.27943157327586204,2.2354525862068964,0.67488834878494,0.3331401949298793
deepseek_r1,Chinese-SimpleQA/工程、技术与应用科学/1028.json,12,7424,19691.0,59392.0,89088.0,0.33154296875,0.22102864583333334,2.65234375,0.67488834878494,0.36339448495157833
deepseek_r1,Chinese-SimpleQA/工程、技术与应用科学/1028.json,16,7424,21707.0,59392.0,118784.0,0.3654869342672414,0.1827434671336207,2.923895474137931,0.67488834878494,0.3808241245047799
deepseek_r1,Chinese-SimpleQA/工程、技术与应用科学/1035.json,8,4756,10418.0,38048.0,38048.0,0.2738120269133726,0.2738120269133726,2.1904962153069807,0.663133186487915,0.323140976106148
deepseek_r1,Chinese-SimpleQA/工程、技术与应用科学/1035.json,12,4756,12534.0,38048.0,57072.0,0.3294259882253995,0.21961732548359966,2.635407905803196,0.663133186487915,0.3554117525195354
deepseek_r1,Chinese-SimpleQA/工程、技术与应用科学/1035.json,16,4756,14002.0,38048.0,76096.0,0.36800883095037845,0.18400441547518923,2.9440706476030276,0.663133186487915,0.37520746226266616
deepseek_r1,Chinese-SimpleQA/工程、技术与应用科学/1047.json,8,7424,16513.0,59392.0,59392.0,0.2780340786637931,0.2780340786637931,2.2242726293103448,0.663174469923151,0.3287724832008625
deepseek_r1,Chinese-SimpleQA/工程、技术与应用科学/1047.json,12,7424,19875.0,59392.0,89088.0,0.33464102909482757,0.2230940193965517,2.6771282327586206,0.663174469923151,0.3615764312703034
deepseek_r1,Chinese-SimpleQA/工程、技术与应用科学/1047.json,16,7424,22101.0,59392.0,118784.0,0.3721208243534483,0.18606041217672414,2.9769665948275863,0.663174469923151,0.38083117172635833
deepseek_r1,Chinese-SimpleQA/工程、技术与应用科学/1053.json,8,7424,17615.0,59392.0,59392.0,0.2965887661637931,0.2965887661637931,2.3727101293103448,0.7510655810093058,0.365061953663826
deepseek_r1,Chinese-SimpleQA/工程、技术与应用科学/1053.json,12,7424,21357.0,59392.0,89088.0,0.35959388469827586,0.23972925646551724,2.876751077586207,0.7510655810093058,0.40157686584982377
deepseek_r1,Chinese-SimpleQA/工程、技术与应用科学/1053.json,16,7424,23741.0,59392.0,118784.0,0.39973397090517243,0.19986698545258622,3.1978717672413794,0.7510655810093058,0.422207651980992
deepseek_r1,Chinese-SimpleQA/工程、技术与应用科学/1054.json,8,7424,15376.0,59392.0,59392.0,0.2588900862068966,0.2588900862068966,2.0711206896551726,0.6344774776491625,0.30447196138316185
deepseek_r1,Chinese-SimpleQA/工程、技术与应用科学/1054.json,12,7424,18496.0,59392.0,89088.0,0.3114224137931034,0.20761494252873564,2.4913793103448274,0.6344774776491625,0.33493751133310384
deepseek_r1,Chinese-SimpleQA/工程、技术与应用科学/1054.json,16,7424,20717.0,59392.0,118784.0,0.34881802262931033,0.17440901131465517,2.7905441810344827,0.6344774776491625,0.35415399691154215
deepseek_r1,Chinese-SimpleQA/工程、技术与应用科学/1061.json,8,7424,15290.0,59392.0,59392.0,0.25744207974137934,0.25744207974137934,2.0595366379310347,0.638828829444688,0.3078308429183631
deepseek_r1,Chinese-SimpleQA/工程、技术与应用科学/1061.json,12,7424,19129.0,59392.0,89088.0,0.32208041487068967,0.21472027658045978,2.5766433189655173,0.638828829444688,0.3451414247011316
deepseek_r1,Chinese-SimpleQA/工程、技术与应用科学/1061.json,16,7424,22092.0,59392.0,118784.0,0.3719692887931034,0.1859846443965517,2.9757543103448274,0.638828829444688,0.3707674407753451
deepseek_r1,Chinese-SimpleQA/工程、技术与应用科学/1062.json,8,7424,15180.0,59392.0,59392.0,0.25558997844827586,0.25558997844827586,2.044719827586207,0.6556778498764696,0.30645394787706176
deepseek_r1,Chinese-SimpleQA/工程、技术与应用科学/1062.json,12,7424,18613.0,59392.0,89088.0,0.3133923760775862,0.2089282507183908,2.5071390086206895,0.6556778498764696,0.33997384124788743
deepseek_r1,Chinese-SimpleQA/工程、技术与应用科学/1062.json,16,7424,20864.0,59392.0,118784.0,0.35129310344827586,0.17564655172413793,2.810344827586207,0.6556778498764696,0.3594562164668379
deepseek_r1,Chinese-SimpleQA/工程、技术与应用科学/1072.json,8,4002,8798.0,32016.0,32016.0,0.27480009995002497,0.27480009995002497,2.1984007996001997,0.6755558301781727,0.3288253896657018
deepseek_r1,Chinese-SimpleQA/工程、技术与应用科学/1072.json,12,4002,10975.0,32016.0,48024.0,0.3427973513243378,0.22853156754955856,2.7423788105947025,0.6755558301781727,0.368054937565702
deepseek_r1,Chinese-SimpleQA/工程、技术与应用科学/1072.json,16,4002,12607.0,32016.0,64032.0,0.393771864067966,0.196885932033983,3.150174912543728,0.6755558301781727,0.39424553470335144
deepseek_r1,Chinese-SimpleQA/工程、技术与应用科学/712.json,8,7424,16578.0,59392.0,59392.0,0.27912850215517243,0.27912850215517243,2.2330280172413794,0.6878947821156732,0.3351814556738426
deepseek_r1,Chinese-SimpleQA/工程、技术与应用科学/712.json,12,7424,20112.0,59392.0,89088.0,0.3386314655172414,0.2257543103448276,2.709051724137931,0.6878947821156732,0.3696463822290815
deepseek_r1,Chinese-SimpleQA/工程、技术与应用科学/712.json,16,7424,22425.0,59392.0,118784.0,0.37757610452586204,0.18878805226293102,3.0206088362068964,0.6878947821156732,0.38965966526804297
deepseek_r1,Chinese-SimpleQA/工程、技术与应用科学/718.json,8,7424,19073.0,59392.0,59392.0,0.3211375269396552,0.3211375269396552,2.5691002155172415,0.7175440891035672,0.3829241754679844
deepseek_r1,Chinese-SimpleQA/工程、技术与应用科学/718.json,12,7424,23208.0,59392.0,89088.0,0.39075969827586204,0.2605064655172414,3.1260775862068964,0.7175440891035672,0.4231973619296633
deepseek_r1,Chinese-SimpleQA/工程、技术与应用科学/718.json,16,7424,26083.0,59392.0,118784.0,0.4391668911637931,0.21958344558189655,3.5133351293103448,0.7175440891035672,0.44806698684034674
deepseek_r1,Chinese-SimpleQA/工程、技术与应用科学/724.json,8,7424,14791.0,59392.0,59392.0,0.24904027478448276,0.24904027478448276,1.992322198275862,0.6219177266647076,0.2939060813394086
deepseek_r1,Chinese-SimpleQA/工程、技术与应用科学/724.json,12,7424,18208.0,59392.0,89088.0,0.30657327586206895,0.20438218390804597,2.4525862068965516,0.6219177266647076,0.3272520540089443
deepseek_r1,Chinese-SimpleQA/工程、技术与应用科学/724.json,16,7424,20560.0,59392.0,118784.0,0.34617456896551724,0.17308728448275862,2.769396551724138,0.6219177266647076,0.347578429970248
deepseek_r1,Chinese-SimpleQA/工程、技术与应用科学/731.json,8,7424,16693.0,59392.0,59392.0,0.28106478987068967,0.28106478987068967,2.2485183189655173,0.6919822014611343,0.33745331805327844
deepseek_r1,Chinese-SimpleQA/工程、技术与应用科学/731.json,12,7424,20189.0,59392.0,89088.0,0.3399279364224138,0.2266186242816092,2.7194234913793105,0.6919822014611343,0.37160438401945706
deepseek_r1,Chinese-SimpleQA/工程、技术与应用科学/731.json,16,7424,22380.0,59392.0,118784.0,0.37681842672413796,0.18840921336206898,3.0145474137931036,0.6919822014611343,0.3905403161871022
deepseek_r1,Chinese-SimpleQA/工程、技术与应用科学/732.json,8,7424,14732.0,59392.0,59392.0,0.248046875,0.248046875,1.984375,0.6555248468086637,0.30059733216104834
deepseek_r1,Chinese-SimpleQA/工程、技术与应用科学/732.json,12,7424,18090.0,59392.0,89088.0,0.3045864762931034,0.20305765086206898,2.4366918103448274,0.6555248468086637,0.3333357711290491
deepseek_r1,Chinese-SimpleQA/工程、技术与应用科学/732.json,16,7424,20345.0,59392.0,118784.0,0.34255455280172414,0.17127727640086207,2.740436422413793,0.6555248468086637,0.3528471311618542
deepseek_r1,Chinese-SimpleQA/工程、技术与应用科学/759.json,8,7349,16208.0,58792.0,58792.0,0.2756837664988434,0.2756837664988434,2.2054701319907473,0.6677986567548253,0.32544999609903213
deepseek_r1,Chinese-SimpleQA/工程、技术与应用科学/759.json,12,7349,19576.0,58792.0,88188.0,0.3329704721730848,0.22198031478205651,2.6637637773846783,0.6677986567548253,0.3586685215961302
deepseek_r1,Chinese-SimpleQA/工程、技术与应用科学/759.json,16,7349,21828.0,58792.0,117584.0,0.3712750034018234,0.1856375017009117,2.970200027214587,0.6677986567548253,0.3783462130953656
deepseek_r1,Chinese-SimpleQA/工程、技术与应用科学/762.json,8,7424,19462.0,59392.0,59392.0,0.3276872306034483,0.3276872306034483,2.6214978448275863,0.7605818571715519,0.39492313409673757
deepseek_r1,Chinese-SimpleQA/工程、技术与应用科学/762.json,12,7424,22949.0,59392.0,89088.0,0.38639884159482757,0.2575992277298851,3.0911907327586206,0.7605818571715519,0.42899610461859866
deepseek_r1,Chinese-SimpleQA/工程、技术与应用科学/762.json,16,7424,25031.0,59392.0,118784.0,0.42145406788793105,0.21072703394396552,3.3716325431034484,0.7605818571715519,0.4470054938875396
deepseek_r1,Chinese-SimpleQA/工程、技术与应用科学/772.json,8,7424,15467.0,59392.0,59392.0,0.26042227909482757,0.26042227909482757,2.0833782327586206,0.66417320740634,0.3138887142312938
deepseek_r1,Chinese-SimpleQA/工程、技术与应用科学/772.json,12,7424,19234.0,59392.0,89088.0,0.32384832974137934,0.21589888649425287,2.5907866379310347,0.66417320740634,0.35058340430259705
deepseek_r1,Chinese-SimpleQA/工程、技术与应用科学/772.json,16,7424,21866.0,59392.0,118784.0,0.3681640625,0.18408203125,2.9453125,0.66417320740634,0.37336140151681574
deepseek_r1,Chinese-SimpleQA/工程、技术与应用科学/773.json,8,7424,14065.0,59392.0,59392.0,0.23681640625,0.23681640625,1.89453125,0.5967179454606155,0.2761265943790304
deepseek_r1,Chinese-SimpleQA/工程、技术与应用科学/773.json,12,7424,17136.0,59392.0,89088.0,0.2885237068965517,0.19234913793103448,2.3081896551724137,0.5967179454606155,0.306155559317819
deepseek_r1,Chinese-SimpleQA/工程、技术与应用科学/773.json,16,7424,19305.0,59392.0,118784.0,0.3250437769396552,0.1625218884698276,2.6003502155172415,0.5967179454606155,0.32491290980371934
deepseek_r1,Chinese-SimpleQA/工程、技术与应用科学/777.json,8,7424,17288.0,59392.0,59392.0,0.29108297413793105,0.29108297413793105,2.3286637931034484,0.6995363019663712,0.34611204728997985
deepseek_r1,Chinese-SimpleQA/工程、技术与应用科学/777.json,12,7424,20341.0,59392.0,89088.0,0.3424872036637931,0.22832480244252873,2.7398976293103448,0.6995363019663712,0.3760483105634821
deepseek_r1,Chinese-SimpleQA/工程、技术与应用科学/777.json,16,7424,22176.0,59392.0,118784.0,0.3733836206896552,0.1866918103448276,2.9870689655172415,0.6995363019663712,0.3919195979833603
deepseek_r1,Chinese-SimpleQA/工程、技术与应用科学/783.json,8,7424,16113.0,59392.0,59392.0,0.27129916487068967,0.27129916487068967,2.1703933189655173,0.6705154088036768,0.32400476829759006
deepseek_r1,Chinese-SimpleQA/工程、技术与应用科学/783.json,12,7424,19152.0,59392.0,89088.0,0.3224676724137931,0.21497844827586207,2.5797413793103448,0.6705154088036768,0.3537246872638834
deepseek_r1,Chinese-SimpleQA/工程、技术与应用科学/783.json,16,7424,21196.0,59392.0,118784.0,0.3568830818965517,0.17844154094827586,2.8550646551724137,0.6705154088036768,0.3713958504898795
deepseek_r1,Chinese-SimpleQA/工程、技术与应用科学/785.json,8,7424,15271.0,59392.0,59392.0,0.2571221713362069,0.2571221713362069,2.0569773706896552,0.6466190362798756,0.3051783524710557
deepseek_r1,Chinese-SimpleQA/工程、技术与应用科学/785.json,12,7424,18370.0,59392.0,89088.0,0.30930091594827586,0.2062006106321839,2.474407327586207,0.6466190362798756,0.3354689992707351
deepseek_r1,Chinese-SimpleQA/工程、技术与应用科学/785.json,16,7424,20438.0,59392.0,118784.0,0.34412042025862066,0.17206021012931033,2.7529633620689653,0.6466190362798756,0.3533508577223482
deepseek_r1,Chinese-SimpleQA/工程、技术与应用科学/796.json,8,7424,15751.0,59392.0,59392.0,0.26520406788793105,0.26520406788793105,2.1216325431034484,0.6741480724564914,0.32061037472609816
deepseek_r1,Chinese-SimpleQA/工程、技术与应用科学/796.json,12,7424,19581.0,59392.0,89088.0,0.3296908674568966,0.21979391163793102,2.6375269396551726,0.6741480724564914,0.3578983144513492
deepseek_r1,Chinese-SimpleQA/工程、技术与应用科学/796.json,16,7424,22126.0,59392.0,118784.0,0.37254175646551724,0.18627087823275862,2.980334051724138,0.6741480724564914,0.3799142457287887
deepseek_r1,Chinese-SimpleQA/工程、技术与应用科学/802.json,8,7424,15702.0,59392.0,59392.0,0.26437904094827586,0.26437904094827586,2.115032327586207,0.6664528548717499,0.3179251181668249
deepseek_r1,Chinese-SimpleQA/工程、技术与应用科学/802.json,12,7424,18851.0,59392.0,89088.0,0.31739964978448276,0.2115997665229885,2.539197198275862,0.6664528548717499,0.3486822771614996
deepseek_r1,Chinese-SimpleQA/工程、技术与应用科学/802.json,16,7424,20945.0,59392.0,118784.0,0.35265692349137934,0.17632846174568967,2.8212553879310347,0.6664528548717499,0.3667853839438537
deepseek_r1,Chinese-SimpleQA/工程、技术与应用科学/806.json,8,7424,17619.0,59392.0,59392.0,0.29665611530172414,0.29665611530172414,2.373248922413793,0.7047964622234476,0.3540407496279684
deepseek_r1,Chinese-SimpleQA/工程、技术与应用科学/806.json,12,7424,20931.0,59392.0,89088.0,0.35242120150862066,0.23494746767241378,2.8193696120689653,0.7047964622234476,0.38645540075055484
deepseek_r1,Chinese-SimpleQA/工程、技术与应用科学/806.json,16,7424,22957.0,59392.0,118784.0,0.38653353987068967,0.19326676993534483,3.0922683189655173,0.7047964622234476,0.40397859698739547
deepseek_r1,Chinese-SimpleQA/工程、技术与应用科学/815.json,8,7424,16607.0,59392.0,59392.0,0.27961678340517243,0.27961678340517243,2.2369342672413794,0.6917387863685345,0.33472449974767093
deepseek_r1,Chinese-SimpleQA/工程、技术与应用科学/815.json,12,7424,19845.0,59392.0,89088.0,0.3341359105603448,0.22275727370689655,2.6730872844827585,0.6917387863685345,0.36637919678770264
deepseek_r1,Chinese-SimpleQA/工程、技术与应用科学/815.json,16,7424,21942.0,59392.0,118784.0,0.36944369612068967,0.18472184806034483,2.9555495689655173,0.6917387863685345,0.3845212870630725
deepseek_r1,Chinese-SimpleQA/工程、技术与应用科学/816.json,8,3596,7015.0,28768.0,28768.0,0.24384733036707454,0.24384733036707454,1.9507786429365963,0.6315339035929509,0.2911270206112485
deepseek_r1,Chinese-SimpleQA/工程、技术与应用科学/816.json,12,3596,8469.0,28768.0,43152.0,0.29438959955506117,0.19625973303670746,2.3551167964404893,0.6315339035929509,0.3204617494338081
deepseek_r1,Chinese-SimpleQA/工程、技术与应用科学/816.json,16,3596,9455.0,28768.0,57536.0,0.3286637931034483,0.16433189655172414,2.6293103448275863,0.6315339035929509,0.33804481638154144
deepseek_r1,Chinese-SimpleQA/工程、技术与应用科学/817.json,8,7424,15776.0,59392.0,59392.0,0.265625,0.265625,2.125,0.66317369197977,0.3196001571827921
deepseek_r1,Chinese-SimpleQA/工程、技术与应用科学/817.json,12,7424,19277.0,59392.0,89088.0,0.32457233297413796,0.21638155531609196,2.5965786637931036,0.66317369197977,0.35373554044756395
deepseek_r1,Chinese-SimpleQA/工程、技术与应用科学/817.json,16,7424,21468.0,59392.0,118784.0,0.36146282327586204,0.18073141163793102,2.8917025862068964,0.66317369197977,0.37269145353087063
deepseek_r1,Chinese-SimpleQA/工程、技术与应用科学/832.json,8,7424,15731.0,59392.0,59392.0,0.26486732219827586,0.26486732219827586,2.118938577586207,0.662525279768582,0.31583869971078016
deepseek_r1,Chinese-SimpleQA/工程、技术与应用科学/832.json,12,7424,18895.0,59392.0,89088.0,0.31814049030172414,0.21209366020114942,2.545123922413793,0.662525279768582,0.34676870087097433
deepseek_r1,Chinese-SimpleQA/工程、技术与应用科学/832.json,16,7424,21039.0,59392.0,118784.0,0.3542396282327586,0.1771198141163793,2.833917025862069,0.662525279768582,0.36532253540795423
deepseek_r1,Chinese-SimpleQA/工程、技术与应用科学/837.json,8,7424,16772.0,59392.0,59392.0,0.28239493534482757,0.28239493534482757,2.2591594827586206,0.6798637982072502,0.33718038992635135
deepseek_r1,Chinese-SimpleQA/工程、技术与应用科学/837.json,12,7424,20495.0,59392.0,89088.0,0.34508014547413796,0.23005343031609196,2.7606411637931036,0.6798637982072502,0.3734789439316454
deepseek_r1,Chinese-SimpleQA/工程、技术与应用科学/837.json,16,7424,22909.0,59392.0,118784.0,0.38572535021551724,0.19286267510775862,3.085802801724138,0.6798637982072502,0.3943617220582633
deepseek_r1,Chinese-SimpleQA/工程、技术与应用科学/843.json,8,7424,19100.0,59392.0,59392.0,0.32159213362068967,0.32159213362068967,2.5727370689655173,0.7475170493125916,0.387796202610279
deepseek_r1,Chinese-SimpleQA/工程、技术与应用科学/843.json,12,7424,23180.0,59392.0,89088.0,0.3902882543103448,0.2601921695402299,3.1223060344827585,0.7475170493125916,0.4275655345670108
deepseek_r1,Chinese-SimpleQA/工程、技术与应用科学/843.json,16,7424,25938.0,59392.0,118784.0,0.4367254849137931,0.21836274245689655,3.4938038793103448,0.7475170493125916,0.4514353460279004
deepseek_r1,Chinese-SimpleQA/工程、技术与应用科学/847.json,8,7424,13953.0,59392.0,59392.0,0.23493063038793102,0.23493063038793102,1.8794450431034482,0.6301823505039873,0.2862946930630454
deepseek_r1,Chinese-SimpleQA/工程、技术与应用科学/847.json,12,7424,17693.0,59392.0,89088.0,0.2979020743534483,0.19860138290229884,2.3832165948275863,0.6301823505039873,0.32267726752264747
deepseek_r1,Chinese-SimpleQA/工程、技术与应用科学/847.json,16,7424,20427.0,59392.0,118784.0,0.34393521012931033,0.17196760506465517,2.7514816810344827,0.6301823505039873,0.346333125028117
deepseek_r1,Chinese-SimpleQA/工程、技术与应用科学/848.json,8,7424,16561.0,59392.0,59392.0,0.2788422683189655,0.2788422683189655,2.230738146551724,0.7036394980447046,0.3385257253359104
deepseek_r1,Chinese-SimpleQA/工程、技术与应用科学/848.json,12,7424,20148.0,59392.0,89088.0,0.33923760775862066,0.22615840517241378,2.7139008620689653,0.7036394980447046,0.37349843465048693
deepseek_r1,Chinese-SimpleQA/工程、技术与应用科学/848.json,16,7424,22564.0,59392.0,118784.0,0.3799164870689655,0.18995824353448276,3.039331896551724,0.7036394980447046,0.3943897516563021
deepseek_r1,Chinese-SimpleQA/工程、技术与应用科学/862.json,8,7424,14925.0,59392.0,59392.0,0.25129647090517243,0.25129647090517243,2.0103717672413794,0.653590362647484,0.30329148676888695
deepseek_r1,Chinese-SimpleQA/工程、技术与应用科学/862.json,12,7424,18510.0,59392.0,89088.0,0.31165813577586204,0.20777209051724138,2.4932650862068964,0.653590362647484,0.3382399359653736
deepseek_r1,Chinese-SimpleQA/工程、技术与应用科学/862.json,16,7424,21095.0,59392.0,118784.0,0.3551825161637931,0.17759125808189655,2.8414601293103448,0.653590362647484,0.3605875938103117
deepseek_r1,Chinese-SimpleQA/工程、技术与应用科学/880.json,8,7424,17877.0,59392.0,59392.0,0.30100013469827586,0.30100013469827586,2.408001077586207,0.7175156433006813,0.36051264610783806
deepseek_r1,Chinese-SimpleQA/工程、技术与应用科学/880.json,12,7424,21379.0,59392.0,89088.0,0.3599643049568966,0.2399762033045977,2.8797144396551726,0.7175156433006813,0.3947166358602458
deepseek_r1,Chinese-SimpleQA/工程、技术与应用科学/880.json,16,7424,23627.0,59392.0,118784.0,0.39781452047413796,0.19890726023706898,3.1825161637931036,0.7175156433006813,0.41416155778128527
deepseek_r1,Chinese-SimpleQA/工程、技术与应用科学/884.json,8,7424,16585.0,59392.0,59392.0,0.2792463631465517,0.2792463631465517,2.2339709051724137,0.6820651416120858,0.3355681839688071
deepseek_r1,Chinese-SimpleQA/工程、技术与应用科学/884.json,12,7424,20040.0,59392.0,89088.0,0.33741918103448276,0.22494612068965517,2.699353448275862,0.6820651416120858,0.3692893062172265
deepseek_r1,Chinese-SimpleQA/工程、技术与应用科学/884.json,16,7424,22349.0,59392.0,118784.0,0.37629647090517243,0.18814823545258622,3.0103717672413794,0.6820651416120858,0.3892689419203791
deepseek_r1,Chinese-SimpleQA/工程、技术与应用科学/894.json,8,7424,15697.0,59392.0,59392.0,0.26429485452586204,0.26429485452586204,2.1143588362068964,0.6406593641330456,0.30949820423948354
deepseek_r1,Chinese-SimpleQA/工程、技术与应用科学/894.json,12,7424,19212.0,59392.0,89088.0,0.3234779094827586,0.2156519396551724,2.587823275862069,0.6406593641330456,0.3437669950312582
deepseek_r1,Chinese-SimpleQA/工程、技术与应用科学/894.json,16,7424,21735.0,59392.0,118784.0,0.3659583782327586,0.1829791891163793,2.927667025862069,0.6406593641330456,0.36561044845087776
deepseek_r1,Chinese-SimpleQA/工程、技术与应用科学/902.json,8,7424,15829.0,59392.0,59392.0,0.2665173760775862,0.2665173760775862,2.1321390086206895,0.6670078604385771,0.32002341850050564
deepseek_r1,Chinese-SimpleQA/工程、技术与应用科学/902.json,12,7424,19376.0,59392.0,89088.0,0.32623922413793105,0.21749281609195403,2.6099137931034484,0.6670078604385771,0.3546101522856745
deepseek_r1,Chinese-SimpleQA/工程、技术与应用科学/902.json,16,7424,21735.0,59392.0,118784.0,0.3659583782327586,0.1829791891163793,2.927667025862069,0.6670078604385771,0.3750262789685151
deepseek_r1,Chinese-SimpleQA/工程、技术与应用科学/909.json,8,7424,16697.0,59392.0,59392.0,0.28113213900862066,0.28113213900862066,2.2490571120689653,0.7010393142700195,0.34054658844553193
deepseek_r1,Chinese-SimpleQA/工程、技术与应用科学/909.json,12,7424,19896.0,59392.0,89088.0,0.3349946120689655,0.22332974137931033,2.679956896551724,0.7010393142700195,0.3718151121303953
deepseek_r1,Chinese-SimpleQA/工程、技术与应用科学/909.json,16,7424,21851.0,59392.0,118784.0,0.3679115032327586,0.1839557516163793,2.943292025862069,0.7010393142700195,0.38870991098469704
deepseek_r1,Chinese-SimpleQA/工程、技术与应用科学/911.json,8,7424,16949.0,59392.0,59392.0,0.28537513469827586,0.28537513469827586,2.283001077586207,0.6966587490048902,0.34433771772631283
deepseek_r1,Chinese-SimpleQA/工程、技术与应用科学/911.json,12,7424,20981.0,59392.0,89088.0,0.3532630657327586,0.23550871048850575,2.826104525862069,0.6966587490048902,0.3835929416376969
deepseek_r1,Chinese-SimpleQA/工程、技术与应用科学/911.json,16,7424,23742.0,59392.0,118784.0,0.3997508081896552,0.1998754040948276,3.1980064655172415,0.6966587490048902,0.4074965273511821
deepseek_r1,Chinese-SimpleQA/工程、技术与应用科学/927.json,8,7424,16361.0,59392.0,59392.0,0.2754748114224138,0.2754748114224138,2.2037984913793105,0.6798406983244007,0.33188622162259857
deepseek_r1,Chinese-SimpleQA/工程、技术与应用科学/927.json,12,7424,20068.0,59392.0,89088.0,0.337890625,0.22526041666666666,2.703125,0.6798406983244007,0.3680459949476966
deepseek_r1,Chinese-SimpleQA/工程、技术与应用科学/927.json,16,7424,22555.0,59392.0,118784.0,0.37976495150862066,0.18988247575431033,3.0381196120689653,0.6798406983244007,0.38955345441555156
llama4_maverick,hellaswag/test/10.json,1,3072,1083.0,3072.0,3072.0,0.3525390625,0.3525390625,0.3525390625,0.49936676273743313,0.3525390625
llama4_maverick,hellaswag/test/10.json,2,3072,1437.0,3072.0,6144.0,0.4677734375,0.23388671875,0.4677734375,0.49936676273743313,0.42524386445681256
llama4_maverick,hellaswag/test/10.json,4,3072,1733.0,3072.0,12288.0,0.5641276041666666,0.14103190104166666,0.5641276041666666,0.49936676273743313,0.47091609239578247
llama4_maverick,hellaswag/test/10.json,8,3072,1991.0,3072.0,24576.0,0.6481119791666666,0.08101399739583333,0.6481119791666666,0.49936676273743313,0.5005339259902636
llama4_maverick,hellaswag/test/10000.json,1,3072,843.0,3072.0,3072.0,0.2744140625,0.2744140625,0.2744140625,0.42861414949099225,0.2744140625
llama4_maverick,hellaswag/test/10000.json,2,3072,1147.0,3072.0,6144.0,0.3733723958333333,0.18668619791666666,0.3733723958333333,0.42861414949099225,0.3368498260776202
llama4_maverick,hellaswag/test/10000.json,4,3072,1503.0,3072.0,12288.0,0.4892578125,0.122314453125,0.4892578125,0.42861414949099225,0.39170095572868985
llama4_maverick,hellaswag/test/10000.json,8,3072,1914.0,3072.0,24576.0,0.623046875,0.077880859375,0.623046875,0.42861414949099225,0.43817558139562607
llama4_maverick,hellaswag/test/1004.json,1,3072,910.0,3072.0,3072.0,0.2962239583333333,0.2962239583333333,0.2962239583333333,0.4394613802433014,0.2962239583333333
llama4_maverick,hellaswag/test/1004.json,2,3072,1225.0,3072.0,6144.0,0.3987630208333333,0.19938151041666666,0.3987630208333333,0.4394613802433014,0.36091890931129456
llama4_maverick,hellaswag/test/1004.json,4,3072,1521.0,3072.0,12288.0,0.4951171875,0.123779296875,0.4951171875,0.4394613802433014,0.406410609682401
llama4_maverick,hellaswag/test/1004.json,8,3072,1745.0,3072.0,24576.0,0.5680338541666666,0.07100423177083333,0.5680338541666666,0.4394613802433014,0.43223440647125244
llama4_maverick,hellaswag/test/1015.json,1,3072,979.0,3072.0,3072.0,0.3186848958333333,0.3186848958333333,0.3186848958333333,0.4715573266148567,0.3186848958333333
llama4_maverick,hellaswag/test/1015.json,2,3072,1321.0,3072.0,6144.0,0.4300130208333333,0.21500651041666666,0.4300130208333333,0.4715573266148567,0.38892511775096256
llama4_maverick,hellaswag/test/1015.json,4,3072,1678.0,3072.0,12288.0,0.5462239583333334,0.13655598958333334,0.5462239583333334,0.4715573266148567,0.4438713267445564
llama4_maverick,hellaswag/test/1015.json,8,3072,2000.0,3072.0,24576.0,0.6510416666666666,0.08138020833333333,0.6510416666666666,0.4715573266148567,0.4809270352125168
llama4_maverick,hellaswag/test/102.json,1,3072,988.0,3072.0,3072.0,0.3216145833333333,0.3216145833333333,0.3216145833333333,0.47068754583597183,0.3216145833333333
llama4_maverick,hellaswag/test/102.json,2,3072,1336.0,3072.0,6144.0,0.4348958333333333,0.21744791666666666,0.4348958333333333,0.47068754583597183,0.39308710396289825
llama4_maverick,hellaswag/test/102.json,4,3072,1610.0,3072.0,12288.0,0.5240885416666666,0.13102213541666666,0.5240885416666666,0.47068754583597183,0.4354042634367943
llama4_maverick,hellaswag/test/102.json,8,3072,1953.0,3072.0,24576.0,0.6357421875,0.0794677734375,0.6357421875,0.47068754583597183,0.47447802623112995
llama4_maverick,hellaswag/test/1022.json,1,3072,840.0,3072.0,3072.0,0.2734375,0.2734375,0.2734375,0.42054976522922516,0.2734375
llama4_maverick,hellaswag/test/1022.json,2,3072,1162.0,3072.0,6144.0,0.3782552083333333,0.18912760416666666,0.3782552083333333,0.42054976522922516,0.33957011500994366
llama4_maverick,hellaswag/test/1022.json,4,3072,1446.0,3072.0,12288.0,0.470703125,0.11767578125,0.470703125,0.42054976522922516,0.3832440947492917
llama4_maverick,hellaswag/test/1022.json,8,3072,1715.0,3072.0,24576.0,0.5582682291666666,0.06978352864583333,0.5582682291666666,0.42054976522922516,0.41428059091170627
llama4_maverick,hellaswag/test/1044.json,1,3072,911.0,3072.0,3072.0,0.2965494791666667,0.2965494791666667,0.2965494791666667,0.44995297739903134,0.2965494791666667
llama4_maverick,hellaswag/test/1044.json,2,3072,1250.0,3072.0,6144.0,0.4069010416666667,0.20345052083333334,0.4069010416666667,0.44995297739903134,0.36617356538772583
llama4_maverick,hellaswag/test/1044.json,4,3072,1589.0,3072.0,12288.0,0.5172526041666666,0.12931315104166666,0.5172526041666666,0.44995297739903134,0.41816751410563785
llama4_maverick,hellaswag/test/1044.json,8,3072,1895.0,3072.0,24576.0,0.6168619791666666,0.07710774739583333,0.6168619791666666,0.44995297739903134,0.4532957325379054
llama4_maverick,hellaswag/test/106.json,1,3072,982.0,3072.0,3072.0,0.3196614583333333,0.3196614583333333,0.3196614583333333,0.47105830162763596,0.3196614583333333
llama4_maverick,hellaswag/test/106.json,2,3072,1339.0,3072.0,6144.0,0.4358723958333333,0.21793619791666666,0.4358723958333333,0.47105830162763596,0.3929824009537697
llama4_maverick,hellaswag/test/106.json,4,3072,1656.0,3072.0,12288.0,0.5390625,0.134765625,0.5390625,0.47105830162763596,0.44144074122111004
llama4_maverick,hellaswag/test/106.json,8,3072,1920.0,3072.0,24576.0,0.625,0.078125,0.625,0.47105830162763596,0.4717556859056155
llama4_maverick,hellaswag/test/1067.json,1,3072,831.0,3072.0,3072.0,0.2705078125,0.2705078125,0.2705078125,0.42901228616635007,0.2705078125
llama4_maverick,hellaswag/test/1067.json,2,3072,1192.0,3072.0,6144.0,0.3880208333333333,0.19401041666666666,0.3880208333333333,0.42901228616635007,0.344650278488795
llama4_maverick,hellaswag/test/1067.json,4,3072,1551.0,3072.0,12288.0,0.5048828125,0.126220703125,0.5048828125,0.42901228616635007,0.399267574151357
llama4_maverick,hellaswag/test/1067.json,8,3072,1875.0,3072.0,24576.0,0.6103515625,0.0762939453125,0.6103515625,0.42901228616635007,0.43681227415800095
llama4_maverick,hellaswag/test/1070.json,1,3072,843.0,3072.0,3072.0,0.2744140625,0.2744140625,0.2744140625,0.4366425424814224,0.2744140625
llama4_maverick,hellaswag/test/1070.json,2,3072,1216.0,3072.0,6144.0,0.3958333333333333,0.19791666666666666,0.3958333333333333,0.4366425424814224,0.3510210911432902
llama4_maverick,hellaswag/test/1070.json,4,3072,1549.0,3072.0,12288.0,0.5042317708333334,0.12605794270833334,0.5042317708333334,0.4366425424814224,0.4023544068137805
llama4_maverick,hellaswag/test/1070.json,8,3072,1950.0,3072.0,24576.0,0.634765625,0.079345703125,0.634765625,0.4366425424814224,0.4482564106583595
llama4_maverick,hellaswag/test/1078.json,1,3072,806.0,3072.0,3072.0,0.2623697916666667,0.2623697916666667,0.2623697916666667,0.4298312986890475,0.2623697916666667
llama4_maverick,hellaswag/test/1078.json,2,3072,1218.0,3072.0,6144.0,0.396484375,0.1982421875,0.396484375,0.4298312986890475,0.34698667377233505
llama4_maverick,hellaswag/test/1078.json,4,3072,1588.0,3072.0,12288.0,0.5169270833333334,0.12923177083333334,0.5169270833333334,0.4298312986890475,0.40380052477121353
llama4_maverick,hellaswag/test/1078.json,8,3072,1875.0,3072.0,24576.0,0.6103515625,0.0762939453125,0.6103515625,0.4298312986890475,0.4369303658604622
llama4_maverick,hellaswag/test/1084.json,1,3072,998.0,3072.0,3072.0,0.3248697916666667,0.3248697916666667,0.3248697916666667,0.47982224076986313,0.3248697916666667
llama4_maverick,hellaswag/test/1084.json,2,3072,1336.0,3072.0,6144.0,0.4348958333333333,0.21744791666666666,0.4348958333333333,0.47982224076986313,0.39428849518299103
llama4_maverick,hellaswag/test/1084.json,4,3072,1698.0,3072.0,12288.0,0.552734375,0.13818359375,0.552734375,0.47982224076986313,0.45018388827641803
llama4_maverick,hellaswag/test/1084.json,8,3072,2049.0,3072.0,24576.0,0.6669921875,0.0833740234375,0.6669921875,0.47982224076986313,0.49045340716838837
llama4_maverick,hellaswag/test/1085.json,1,3072,882.0,3072.0,3072.0,0.287109375,0.287109375,0.287109375,0.43850240111351013,0.287109375
llama4_maverick,hellaswag/test/1085.json,2,3072,1198.0,3072.0,6144.0,0.3899739583333333,0.19498697916666666,0.3899739583333333,0.43850240111351013,0.3520097037156423
llama4_maverick,hellaswag/test/1085.json,4,3072,1546.0,3072.0,12288.0,0.5032552083333334,0.12581380208333334,0.5032552083333334,0.43850240111351013,0.40553618719180423
llama4_maverick,hellaswag/test/1085.json,8,3072,1846.0,3072.0,24576.0,0.6009114583333334,0.07511393229166667,0.6009114583333334,0.43850240111351013,0.44023650387922925
llama4_maverick,hellaswag/test/1096.json,1,3072,1004.0,3072.0,3072.0,0.3268229166666667,0.3268229166666667,0.3268229166666667,0.47236151744922,0.3268229166666667
llama4_maverick,hellaswag/test/1096.json,2,3072,1367.0,3072.0,6144.0,0.4449869791666667,0.22249348958333334,0.4449869791666667,0.47236151744922,0.4013761455814044
llama4_maverick,hellaswag/test/1096.json,4,3072,1638.0,3072.0,12288.0,0.533203125,0.13330078125,0.533203125,0.47236151744922,0.44320501883824664
llama4_maverick,hellaswag/test/1096.json,8,3072,1868.0,3072.0,24576.0,0.6080729166666666,0.07600911458333333,0.6080729166666666,0.47236151744922,0.46952397376298904
llama4_maverick,hellaswag/test/1098.json,1,3072,872.0,3072.0,3072.0,0.2838541666666667,0.2838541666666667,0.2838541666666667,0.44210340330998105,0.2838541666666667
llama4_maverick,hellaswag/test/1098.json,2,3072,1240.0,3072.0,6144.0,0.4036458333333333,0.20182291666666666,0.4036458333333333,0.44210340330998105,0.3594342942039172
llama4_maverick,hellaswag/test/1098.json,4,3072,1601.0,3072.0,12288.0,0.5211588541666666,0.13028971354166666,0.5211588541666666,0.44210340330998105,0.4149412711461385
llama4_maverick,hellaswag/test/1098.json,8,3072,1905.0,3072.0,24576.0,0.6201171875,0.0775146484375,0.6201171875,0.44210340330998105,0.44978947192430496
llama4_maverick,hellaswag/test/1106.json,1,3072,933.0,3072.0,3072.0,0.3037109375,0.3037109375,0.3037109375,0.44884121666351956,0.3037109375
llama4_maverick,hellaswag/test/1106.json,2,3072,1240.0,3072.0,6144.0,0.4036458333333333,0.20182291666666666,0.4036458333333333,0.44884121666351956,0.36676284422477085
llama4_maverick,hellaswag/test/1106.json,4,3072,1522.0,3072.0,12288.0,0.4954427083333333,0.12386067708333333,0.4954427083333333,0.44884121666351956,0.409975898762544
llama4_maverick,hellaswag/test/1106.json,8,3072,1881.0,3072.0,24576.0,0.6123046875,0.0765380859375,0.6123046875,0.44884121666351956,0.45089379449685413
llama4_maverick,hellaswag/test/1109.json,1,3072,966.0,3072.0,3072.0,0.314453125,0.314453125,0.314453125,0.4737064341704051,0.314453125
llama4_maverick,hellaswag/test/1109.json,2,3072,1347.0,3072.0,6144.0,0.4384765625,0.21923828125,0.4384765625,0.4737064341704051,0.3927032028635343
llama4_maverick,hellaswag/test/1109.json,4,3072,1677.0,3072.0,12288.0,0.5458984375,0.136474609375,0.5458984375,0.4737064341704051,0.4431646044055621
llama4_maverick,hellaswag/test/1109.json,8,3072,2085.0,3072.0,24576.0,0.6787109375,0.0848388671875,0.6787109375,0.4737064341704051,0.48955724388360977
llama4_maverick,hellaswag/test/1115.json,1,3072,900.0,3072.0,3072.0,0.29296875,0.29296875,0.29296875,0.433689924577872,0.29296875
llama4_maverick,hellaswag/test/1115.json,2,3072,1199.0,3072.0,6144.0,0.3902994791666667,0.19514973958333334,0.3902994791666667,0.433689924577872,0.3543776099880536
llama4_maverick,hellaswag/test/1115.json,4,3072,1456.0,3072.0,12288.0,0.4739583333333333,0.11848958333333333,0.4739583333333333,0.433689924577872,0.39363448321819305
llama4_maverick,hellaswag/test/1115.json,8,3072,1741.0,3072.0,24576.0,0.5667317708333334,0.07084147135416667,0.5667317708333334,0.433689924577872,0.42621496816476184
llama4_maverick,hellaswag/test/1116.json,1,3072,947.0,3072.0,3072.0,0.3082682291666667,0.3082682291666667,0.3082682291666667,0.4720980649193128,0.3082682291666667
llama4_maverick,hellaswag/test/1116.json,2,3072,1340.0,3072.0,6144.0,0.4361979166666667,0.21809895833333334,0.4361979166666667,0.4720980649193128,0.3889828796188037
llama4_maverick,hellaswag/test/1116.json,4,3072,1694.0,3072.0,12288.0,0.5514322916666666,0.13785807291666666,0.5514322916666666,0.4720980649193128,0.4434182321031888
llama4_maverick,hellaswag/test/1116.json,8,3072,2082.0,3072.0,24576.0,0.677734375,0.084716796875,0.677734375,0.4720980649193128,0.48815898100535077
llama4_maverick,hellaswag/test/1118.json,1,3072,1002.0,3072.0,3072.0,0.326171875,0.326171875,0.326171875,0.48206205666065216,0.326171875
llama4_maverick,hellaswag/test/1118.json,2,3072,1395.0,3072.0,6144.0,0.4541015625,0.22705078125,0.4541015625,0.48206205666065216,0.4068865204850833
llama4_maverick,hellaswag/test/1118.json,4,3072,1712.0,3072.0,12288.0,0.5572916666666666,0.13932291666666666,0.5572916666666666,0.48206205666065216,0.45604441811641055
llama4_maverick,hellaswag/test/1118.json,8,3072,1999.0,3072.0,24576.0,0.6507161458333334,0.08133951822916667,0.6507161458333334,0.48206205666065216,0.48898669332265854
llama4_maverick,hellaswag/test/1125.json,1,3072,912.0,3072.0,3072.0,0.296875,0.296875,0.296875,0.44239067037900287,0.296875
llama4_maverick,hellaswag/test/1125.json,2,3072,1220.0,3072.0,6144.0,0.3971354166666667,0.19856770833333334,0.3971354166666667,0.44239067037900287,0.3601322869459788
llama4_maverick,hellaswag/test/1125.json,4,3072,1512.0,3072.0,12288.0,0.4921875,0.123046875,0.4921875,0.44239067037900287,0.4047924155990283
llama4_maverick,hellaswag/test/1125.json,8,3072,1818.0,3072.0,24576.0,0.591796875,0.073974609375,0.591796875,0.44239067037900287,0.4399329995115598
llama4_maverick,hellaswag/test/1128.json,1,3072,1041.0,3072.0,3072.0,0.3388671875,0.3388671875,0.3388671875,0.5100166449944178,0.3388671875
llama4_maverick,hellaswag/test/1128.json,2,3072,1483.0,3072.0,6144.0,0.4827473958333333,0.24137369791666666,0.4827473958333333,0.5100166449944178,0.42964549114306766
llama4_maverick,hellaswag/test/1128.json,4,3072,1866.0,3072.0,12288.0,0.607421875,0.15185546875,0.607421875,0.5100166449944178,0.48855266720056534
llama4_maverick,hellaswag/test/1128.json,8,3072,2316.0,3072.0,24576.0,0.75390625,0.09423828125,0.75390625,0.5100166449944178,0.5398961578806242
llama4_maverick,hellaswag/test/1129.json,1,3072,869.0,3072.0,3072.0,0.2828776041666667,0.2828776041666667,0.2828776041666667,0.43960698197285336,0.2828776041666667
llama4_maverick,hellaswag/test/1129.json,2,3072,1198.0,3072.0,6144.0,0.3899739583333333,0.19498697916666666,0.3899739583333333,0.43960698197285336,0.3504478807250659
llama4_maverick,hellaswag/test/1129.json,4,3072,1557.0,3072.0,12288.0,0.5068359375,0.126708984375,0.5068359375,0.43960698197285336,0.40538110832373303
llama4_maverick,hellaswag/test/1129.json,8,3072,1957.0,3072.0,24576.0,0.6370442708333334,0.07963053385416667,0.6370442708333334,0.43960698197285336,0.45083004732926685
llama4_maverick,hellaswag/test/1130.json,1,3072,837.0,3072.0,3072.0,0.2724609375,0.2724609375,0.2724609375,0.42126135528087616,0.2724609375
llama4_maverick,hellaswag/test/1130.json,2,3072,1147.0,3072.0,6144.0,0.3733723958333333,0.18668619791666666,0.3733723958333333,0.42126135528087616,0.33612898488839466
llama4_maverick,hellaswag/test/1130.json,4,3072,1470.0,3072.0,12288.0,0.478515625,0.11962890625,0.478515625,0.42126135528087616,0.38554132481416065
llama4_maverick,hellaswag/test/1130.json,8,3072,1790.0,3072.0,24576.0,0.5826822916666666,0.07283528645833333,0.5826822916666666,0.42126135528087616,0.4220390369494756
llama4_maverick,hellaswag/test/1133.json,1,3072,1001.0,3072.0,3072.0,0.3258463541666667,0.3258463541666667,0.3258463541666667,0.46785298238197964,0.3258463541666667
llama4_maverick,hellaswag/test/1133.json,2,3072,1318.0,3072.0,6144.0,0.4290364583333333,0.21451822916666666,0.4290364583333333,0.46785298238197964,0.39095206807057065
llama4_maverick,hellaswag/test/1133.json,4,3072,1608.0,3072.0,12288.0,0.5234375,0.130859375,0.5234375,0.46785298238197964,0.4351964096228282
llama4_maverick,hellaswag/test/1133.json,8,3072,1830.0,3072.0,24576.0,0.595703125,0.074462890625,0.595703125,0.46785298238197964,0.46055009961128235
llama4_maverick,hellaswag/test/1139.json,1,3072,970.0,3072.0,3072.0,0.3157552083333333,0.3157552083333333,0.3157552083333333,0.46550072729587555,0.3157552083333333
llama4_maverick,hellaswag/test/1139.json,2,3072,1305.0,3072.0,6144.0,0.4248046875,0.21240234375,0.4248046875,0.46550072729587555,0.3845577836036682
llama4_maverick,hellaswag/test/1139.json,4,3072,1615.0,3072.0,12288.0,0.5257161458333334,0.13142903645833334,0.5257161458333334,0.46550072729587555,0.4323506827155749
llama4_maverick,hellaswag/test/1139.json,8,3072,1942.0,3072.0,24576.0,0.6321614583333334,0.07902018229166667,0.6321614583333334,0.46550072729587555,0.4698350727558136
llama4_maverick,hellaswag/test/1144.json,1,3072,885.0,3072.0,3072.0,0.2880859375,0.2880859375,0.2880859375,0.4289453277985255,0.2880859375
llama4_maverick,hellaswag/test/1144.json,2,3072,1188.0,3072.0,6144.0,0.38671875,0.193359375,0.38671875,0.4289453277985255,0.35031632085641223
llama4_maverick,hellaswag/test/1144.json,4,3072,1452.0,3072.0,12288.0,0.47265625,0.1181640625,0.47265625,0.4289453277985255,0.39073508232831955
llama4_maverick,hellaswag/test/1144.json,8,3072,1728.0,3072.0,24576.0,0.5625,0.0703125,0.5625,0.4289453277985255,0.4226303994655609
llama4_maverick,hellaswag/test/1148.json,1,3072,892.0,3072.0,3072.0,0.2903645833333333,0.2903645833333333,0.2903645833333333,0.44579725464185077,0.2903645833333333
llama4_maverick,hellaswag/test/1148.json,2,3072,1207.0,3072.0,6144.0,0.3929036458333333,0.19645182291666666,0.3929036458333333,0.44579725464185077,0.35505953182776767
llama4_maverick,hellaswag/test/1148.json,4,3072,1587.0,3072.0,12288.0,0.5166015625,0.129150390625,0.5166015625,0.44579725464185077,0.41363637894392014
llama4_maverick,hellaswag/test/1148.json,8,3072,1981.0,3072.0,24576.0,0.6448567708333334,0.08060709635416667,0.6448567708333334,0.44579725464185077,0.4588707561294238
llama4_maverick,hellaswag/test/1161.json,1,3072,859.0,3072.0,3072.0,0.2796223958333333,0.2796223958333333,0.2796223958333333,0.4365217660864194,0.2796223958333333
llama4_maverick,hellaswag/test/1161.json,2,3072,1161.0,3072.0,6144.0,0.3779296875,0.18896484375,0.3779296875,0.4365217660864194,0.3416474014520645
llama4_maverick,hellaswag/test/1161.json,4,3072,1521.0,3072.0,12288.0,0.4951171875,0.123779296875,0.4951171875,0.4365217660864194,0.39676594485839206
llama4_maverick,hellaswag/test/1161.json,8,3072,2083.0,3072.0,24576.0,0.6780598958333334,0.08475748697916667,0.6780598958333334,0.4365217660864194,0.46002791076898575
llama4_maverick,hellaswag/test/1164.json,1,3072,994.0,3072.0,3072.0,0.3235677083333333,0.3235677083333333,0.3235677083333333,0.45984603216250736,0.3235677083333333
llama4_maverick,hellaswag/test/1164.json,2,3072,1281.0,3072.0,6144.0,0.4169921875,0.20849609375,0.4169921875,0.45984603216250736,0.38251201063394547
llama4_maverick,hellaswag/test/1164.json,4,3072,1537.0,3072.0,12288.0,0.5003255208333334,0.12508138020833334,0.5003255208333334,0.45984603216250736,0.42158354818820953
llama4_maverick,hellaswag/test/1164.json,8,3072,1788.0,3072.0,24576.0,0.58203125,0.07275390625,0.58203125,0.45984603216250736,0.45063527673482895
llama4_maverick,hellaswag/test/1167.json,1,3072,925.0,3072.0,3072.0,0.3011067708333333,0.3011067708333333,0.3011067708333333,0.44634582102298737,0.3011067708333333
llama4_maverick,hellaswag/test/1167.json,2,3072,1232.0,3072.0,6144.0,0.4010416666666667,0.20052083333333334,0.4010416666666667,0.44634582102298737,0.36415867507457733
llama4_maverick,hellaswag/test/1167.json,4,3072,1517.0,3072.0,12288.0,0.4938151041666667,0.12345377604166667,0.4938151041666667,0.44634582102298737,0.4078148727615674
llama4_maverick,hellaswag/test/1167.json,8,3072,1807.0,3072.0,24576.0,0.5882161458333334,0.07352701822916667,0.5882161458333334,0.44634582102298737,0.4415511687596639
llama4_maverick,hellaswag/test/1190.json,1,3072,938.0,3072.0,3072.0,0.3053385416666667,0.3053385416666667,0.3053385416666667,0.4675826330979665,0.3053385416666667
llama4_maverick,hellaswag/test/1190.json,2,3072,1321.0,3072.0,6144.0,0.4300130208333333,0.21500651041666666,0.4300130208333333,0.4675826330979665,0.3839993824561437
llama4_maverick,hellaswag/test/1190.json,4,3072,1698.0,3072.0,12288.0,0.552734375,0.13818359375,0.552734375,0.4675826330979665,0.4418848653634389
llama4_maverick,hellaswag/test/1190.json,8,3072,2072.0,3072.0,24576.0,0.6744791666666666,0.08430989583333333,0.6744791666666666,0.4675826330979665,0.4843327874938647
llama4_maverick,hellaswag/test/1193.json,1,3072,1169.0,3072.0,3072.0,0.3805338541666667,0.3805338541666667,0.3805338541666667,0.5234178279836973,0.3805338541666667
llama4_maverick,hellaswag/test/1193.json,2,3072,1494.0,3072.0,6144.0,0.486328125,0.2431640625,0.486328125,0.5234178279836973,0.44728261480728787
llama4_maverick,hellaswag/test/1193.json,4,3072,1822.0,3072.0,12288.0,0.5930989583333334,0.14827473958333334,0.5930989583333334,0.5234178279836973,0.4975087617834409
llama4_maverick,hellaswag/test/1193.json,8,3072,2135.0,3072.0,24576.0,0.6949869791666666,0.08687337239583333,0.6949869791666666,0.5234178279836973,0.533433181544145
llama4_maverick,hellaswag/test/1198.json,1,3072,992.0,3072.0,3072.0,0.3229166666666667,0.3229166666666667,0.3229166666666667,0.4734857926766078,0.3229166666666667
llama4_maverick,hellaswag/test/1198.json,2,3072,1324.0,3072.0,6144.0,0.4309895833333333,0.21549479166666666,0.4309895833333333,0.4734857926766078,0.3911030938227971
llama4_maverick,hellaswag/test/1198.json,4,3072,1666.0,3072.0,12288.0,0.5423177083333334,0.13557942708333334,0.5423177083333334,0.4734857926766078,0.4437432785828908
llama4_maverick,hellaswag/test/1198.json,8,3072,2013.0,3072.0,24576.0,0.6552734375,0.0819091796875,0.6552734375,0.4734857926766078,0.48360415796438855
llama4_maverick,hellaswag/test/120.json,1,3072,924.0,3072.0,3072.0,0.30078125,0.30078125,0.30078125,0.46562469750642776,0.30078125
llama4_maverick,hellaswag/test/120.json,2,3072,1256.0,3072.0,6144.0,0.4088541666666667,0.20442708333333334,0.4088541666666667,0.46562469750642776,0.3689676771561305
llama4_maverick,hellaswag/test/120.json,4,3072,1690.0,3072.0,12288.0,0.5501302083333334,0.13753255208333334,0.5501302083333334,0.46562469750642776,0.43583713968594867
llama4_maverick,hellaswag/test/120.json,8,3072,2191.0,3072.0,24576.0,0.7132161458333334,0.08915201822916667,0.7132161458333334,0.46562469750642776,0.49234378586212796
llama4_maverick,hellaswag/test/1202.json,1,3072,875.0,3072.0,3072.0,0.2848307291666667,0.2848307291666667,0.2848307291666667,0.42367220918337506,0.2848307291666667
llama4_maverick,hellaswag/test/1202.json,2,3072,1157.0,3072.0,6144.0,0.3766276041666667,0.18831380208333334,0.3766276041666667,0.42367220918337506,0.34274810800949734
llama4_maverick,hellaswag/test/1202.json,4,3072,1418.0,3072.0,12288.0,0.4615885416666667,0.11539713541666667,0.4615885416666667,0.42367220918337506,0.38276885946591693
llama4_maverick,hellaswag/test/1202.json,8,3072,1702.0,3072.0,24576.0,0.5540364583333334,0.06925455729166667,0.5540364583333334,0.42367220918337506,0.4153691480557124
llama4_maverick,hellaswag/test/1203.json,1,3072,838.0,3072.0,3072.0,0.2727864583333333,0.2727864583333333,0.2727864583333333,0.41720420370499295,0.2727864583333333
llama4_maverick,hellaswag/test/1203.json,2,3072,1154.0,3072.0,6144.0,0.3756510416666667,0.18782552083333334,0.3756510416666667,0.41720420370499295,0.3376867895325025
llama4_maverick,hellaswag/test/1203.json,4,3072,1429.0,3072.0,12288.0,0.4651692708333333,0.11629231770833333,0.4651692708333333,0.41720420370499295,0.3797379558285077
llama4_maverick,hellaswag/test/1203.json,8,3072,1725.0,3072.0,24576.0,0.5615234375,0.0701904296875,0.5615234375,0.41720420370499295,0.41367009033759433
llama4_maverick,hellaswag/test/1206.json,1,3072,843.0,3072.0,3072.0,0.2744140625,0.2744140625,0.2744140625,0.4312189519405365,0.2744140625
llama4_maverick,hellaswag/test/1206.json,2,3072,1203.0,3072.0,6144.0,0.3916015625,0.19580078125,0.3916015625,0.4312189519405365,0.3483511507511139
llama4_maverick,hellaswag/test/1206.json,4,3072,1536.0,3072.0,12288.0,0.5,0.125,0.5,0.4312189519405365,0.39979728559652966
llama4_maverick,hellaswag/test/1206.json,8,3072,1835.0,3072.0,24576.0,0.5973307291666666,0.07466634114583333,0.5973307291666666,0.4312189519405365,0.4341801106929779
llama4_maverick,hellaswag/test/1207.json,1,3072,940.0,3072.0,3072.0,0.3059895833333333,0.3059895833333333,0.3059895833333333,0.4538421481847763,0.3059895833333333
llama4_maverick,hellaswag/test/1207.json,2,3072,1253.0,3072.0,6144.0,0.4078776041666667,0.20393880208333334,0.4078776041666667,0.4538421481847763,0.37027376641829807
llama4_maverick,hellaswag/test/1207.json,4,3072,1570.0,3072.0,12288.0,0.5110677083333334,0.12776692708333334,0.5110677083333334,0.4538421481847763,0.4190254832307498
llama4_maverick,hellaswag/test/1207.json,8,3072,1879.0,3072.0,24576.0,0.6116536458333334,0.07645670572916667,0.6116536458333334,0.4538421481847763,0.45446644723415375
llama4_maverick,hellaswag/test/1215.json,1,3072,789.0,3072.0,3072.0,0.2568359375,0.2568359375,0.2568359375,0.43991635988156,0.2568359375
llama4_maverick,hellaswag/test/1215.json,2,3072,1190.0,3072.0,6144.0,0.3873697916666667,0.19368489583333334,0.3873697916666667,0.43991635988156,0.33919363220532733
llama4_maverick,hellaswag/test/1215.json,4,3072,1692.0,3072.0,12288.0,0.55078125,0.1376953125,0.55078125,0.43991635988156,0.4167923132578532
llama4_maverick,hellaswag/test/1215.json,8,3072,2221.0,3072.0,24576.0,0.7229817708333334,0.09037272135416667,0.7229817708333334,0.43991635988156,0.4776281515757243
llama4_maverick,hellaswag/test/1225.json,1,3072,910.0,3072.0,3072.0,0.2962239583333333,0.2962239583333333,0.2962239583333333,0.4341354121764501,0.2962239583333333
llama4_maverick,hellaswag/test/1225.json,2,3072,1179.0,3072.0,6144.0,0.3837890625,0.19189453125,0.3837890625,0.4341354121764501,0.35147139181693393
llama4_maverick,hellaswag/test/1225.json,4,3072,1458.0,3072.0,12288.0,0.474609375,0.11865234375,0.474609375,0.4341354121764501,0.39433156202236813
llama4_maverick,hellaswag/test/1225.json,8,3072,1733.0,3072.0,24576.0,0.5641276041666666,0.07051595052083333,0.5641276041666666,0.4341354121764501,0.4258862112959226
llama4_maverick,hellaswag/test/1231.json,1,3072,855.0,3072.0,3072.0,0.2783203125,0.2783203125,0.2783203125,0.4271959066390991,0.2783203125
llama4_maverick,hellaswag/test/1231.json,2,3072,1178.0,3072.0,6144.0,0.3834635416666667,0.19173177083333334,0.3834635416666667,0.4271959066390991,0.3446583052476247
llama4_maverick,hellaswag/test/1231.json,4,3072,1481.0,3072.0,12288.0,0.4820963541666667,0.12052408854166667,0.4820963541666667,0.4271959066390991,0.39135702947775525
llama4_maverick,hellaswag/test/1231.json,8,3072,1766.0,3072.0,24576.0,0.5748697916666666,0.07185872395833333,0.5748697916666666,0.4271959066390991,0.4242952838540077
llama4_maverick,hellaswag/test/1237.json,1,3072,946.0,3072.0,3072.0,0.3079427083333333,0.3079427083333333,0.3079427083333333,0.4650236989061038,0.3079427083333333
llama4_maverick,hellaswag/test/1237.json,2,3072,1308.0,3072.0,6144.0,0.42578125,0.212890625,0.42578125,0.4650236989061038,0.3822905495762825
llama4_maverick,hellaswag/test/1237.json,4,3072,1650.0,3072.0,12288.0,0.537109375,0.13427734375,0.537109375,0.4650236989061038,0.43488560368617374
llama4_maverick,hellaswag/test/1237.json,8,3072,2039.0,3072.0,24576.0,0.6637369791666666,0.08296712239583333,0.6637369791666666,0.4650236989061038,0.4796031614144643
llama4_maverick,hellaswag/test/1238.json,1,3072,912.0,3072.0,3072.0,0.296875,0.296875,0.296875,0.4434040039777756,0.296875
llama4_maverick,hellaswag/test/1238.json,2,3072,1219.0,3072.0,6144.0,0.3968098958333333,0.19840494791666666,0.3968098958333333,0.4434040039777756,0.35992690175771713
llama4_maverick,hellaswag/test/1238.json,4,3072,1559.0,3072.0,12288.0,0.5074869791666666,0.12687174479166666,0.5074869791666666,0.4434040039777756,0.41233183940251666
llama4_maverick,hellaswag/test/1238.json,8,3072,1815.0,3072.0,24576.0,0.5908203125,0.0738525390625,0.5908203125,0.4434040039777756,0.4415885955095291
llama4_maverick,hellaswag/test/124.json,1,3072,924.0,3072.0,3072.0,0.30078125,0.30078125,0.30078125,0.47770394881566364,0.30078125
llama4_maverick,hellaswag/test/124.json,2,3072,1332.0,3072.0,6144.0,0.43359375,0.216796875,0.43359375,0.47770394881566364,0.38457660873730976
llama4_maverick,hellaswag/test/124.json,4,3072,1785.0,3072.0,12288.0,0.5810546875,0.145263671875,0.5810546875,0.47770394881566364,0.4538389618198077
llama4_maverick,hellaswag/test/124.json,8,3072,2357.0,3072.0,24576.0,0.7672526041666666,0.09590657552083333,0.7672526041666666,0.47770394881566364,0.5188843781749407
llama4_maverick,hellaswag/test/1243.json,1,2160,693.0,2160.0,2160.0,0.32083333333333336,0.32083333333333336,0.32083333333333336,0.48167131565235277,0.32083333333333336
llama4_maverick,hellaswag/test/1243.json,2,2160,968.0,2160.0,4320.0,0.44814814814814813,0.22407407407407406,0.44814814814814813,0.48167131565235277,0.4011600406081588
llama4_maverick,hellaswag/test/1243.json,4,2160,1179.0,2160.0,8640.0,0.5458333333333333,0.13645833333333332,0.5458333333333333,0.48167131565235277,0.447435098224216
llama4_maverick,hellaswag/test/1243.json,8,2160,1486.0,2160.0,17280.0,0.687962962962963,0.08599537037037037,0.687962962962963,0.48167131565235277,0.4972469736028601
llama4_maverick,hellaswag/test/1249.json,1,3072,947.0,3072.0,3072.0,0.3082682291666667,0.3082682291666667,0.3082682291666667,0.4691780135035515,0.3082682291666667
llama4_maverick,hellaswag/test/1249.json,2,3072,1274.0,3072.0,6144.0,0.4147135416666667,0.20735677083333334,0.4147135416666667,0.4691780135035515,0.3754277527332306
llama4_maverick,hellaswag/test/1249.json,4,3072,1665.0,3072.0,12288.0,0.5419921875,0.135498046875,0.5419921875,0.4691780135035515,0.43543390929698944
llama4_maverick,hellaswag/test/1249.json,8,3072,2147.0,3072.0,24576.0,0.6988932291666666,0.08736165364583333,0.6988932291666666,0.4691780135035515,0.49051379909118015
llama4_maverick,hellaswag/test/1255.json,1,3072,951.0,3072.0,3072.0,0.3095703125,0.3095703125,0.3095703125,0.4498622268438339,0.3095703125
llama4_maverick,hellaswag/test/1255.json,2,3072,1242.0,3072.0,6144.0,0.404296875,0.2021484375,0.404296875,0.4498622268438339,0.3693361282348633
llama4_maverick,hellaswag/test/1255.json,4,3072,1543.0,3072.0,12288.0,0.5022786458333334,0.12556966145833334,0.5022786458333334,0.4498622268438339,0.4155287941296895
llama4_maverick,hellaswag/test/1255.json,8,3072,1814.0,3072.0,24576.0,0.5904947916666666,0.07381184895833333,0.5904947916666666,0.4498622268438339,0.4462755148609479
llama4_maverick,hellaswag/test/1259.json,1,3072,869.0,3072.0,3072.0,0.2828776041666667,0.2828776041666667,0.2828776041666667,0.42248058567444485,0.2828776041666667
llama4_maverick,hellaswag/test/1259.json,2,3072,1159.0,3072.0,6144.0,0.3772786458333333,0.18863932291666666,0.3772786458333333,0.42248058567444485,0.3424380272626877
llama4_maverick,hellaswag/test/1259.json,4,3072,1429.0,3072.0,12288.0,0.4651692708333333,0.11629231770833333,0.4651692708333333,0.42248058567444485,0.3837430998682976
llama4_maverick,hellaswag/test/1259.json,8,3072,1700.0,3072.0,24576.0,0.5533854166666666,0.06917317708333333,0.5533854166666666,0.42248058567444485,0.41505974779526394
llama4_maverick,hellaswag/test/1274.json,1,3072,871.0,3072.0,3072.0,0.2835286458333333,0.2835286458333333,0.2835286458333333,0.42713509251674014,0.2835286458333333
llama4_maverick,hellaswag/test/1274.json,2,3072,1183.0,3072.0,6144.0,0.3850911458333333,0.19254557291666666,0.3850911458333333,0.42713509251674014,0.34760745366414386
llama4_maverick,hellaswag/test/1274.json,4,3072,1470.0,3072.0,12288.0,0.478515625,0.11962890625,0.478515625,0.42713509251674014,0.39145378520091373
llama4_maverick,hellaswag/test/1274.json,8,3072,1709.0,3072.0,24576.0,0.5563151041666666,0.06953938802083333,0.5563151041666666,0.42713509251674014,0.41896306226650876
llama4_maverick,hellaswag/test/128.json,1,3072,855.0,3072.0,3072.0,0.2783203125,0.2783203125,0.2783203125,0.4186438297231992,0.2783203125
llama4_maverick,hellaswag/test/128.json,2,3072,1143.0,3072.0,6144.0,0.3720703125,0.18603515625,0.3720703125,0.4186438297231992,0.3374699813624223
llama4_maverick,hellaswag/test/128.json,4,3072,1409.0,3072.0,12288.0,0.4586588541666667,0.11466471354166667,0.4586588541666667,0.4186438297231992,0.3780788679917653
llama4_maverick,hellaswag/test/128.json,8,3072,1704.0,3072.0,24576.0,0.5546875,0.0693359375,0.5546875,0.4186438297231992,0.4121642584602038
llama4_maverick,hellaswag/test/1283.json,1,3072,989.0,3072.0,3072.0,0.3219401041666667,0.3219401041666667,0.3219401041666667,0.4610044409831365,0.3219401041666667
llama4_maverick,hellaswag/test/1283.json,2,3072,1280.0,3072.0,6144.0,0.4166666666666667,0.20833333333333334,0.4166666666666667,0.4610044409831365,0.3817059149344762
llama4_maverick,hellaswag/test/1283.json,4,3072,1566.0,3072.0,12288.0,0.509765625,0.12744140625,0.509765625,0.4610044409831365,0.425570011138916
llama4_maverick,hellaswag/test/1283.json,8,3072,1829.0,3072.0,24576.0,0.5953776041666666,0.07442220052083333,0.5953776041666666,0.4610044409831365,0.45581858853499096
llama4_maverick,hellaswag/test/1285.json,1,3072,857.0,3072.0,3072.0,0.2789713541666667,0.2789713541666667,0.2789713541666667,0.4399289016922315,0.2789713541666667
llama4_maverick,hellaswag/test/1285.json,2,3072,1236.0,3072.0,6144.0,0.40234375,0.201171875,0.40234375,0.4399289016922315,0.35681066413720447
llama4_maverick,hellaswag/test/1285.json,4,3072,1617.0,3072.0,12288.0,0.5263671875,0.131591796875,0.5263671875,0.4399289016922315,0.41564054787158966
llama4_maverick,hellaswag/test/1285.json,8,3072,1886.0,3072.0,24576.0,0.6139322916666666,0.07674153645833333,0.6139322916666666,0.4399289016922315,0.4468146214882533
llama4_maverick,hellaswag/test/1287.json,1,3072,887.0,3072.0,3072.0,0.2887369791666667,0.2887369791666667,0.2887369791666667,0.4317243273059527,0.2887369791666667
llama4_maverick,hellaswag/test/1287.json,2,3072,1188.0,3072.0,6144.0,0.38671875,0.193359375,0.38671875,0.4317243273059527,0.35055659463008243
llama4_maverick,hellaswag/test/1287.json,4,3072,1478.0,3072.0,12288.0,0.4811197916666667,0.12027994791666667,0.4811197916666667,0.4317243273059527,0.3950266167521477
llama4_maverick,hellaswag/test/1287.json,8,3072,1743.0,3072.0,24576.0,0.5673828125,0.0709228515625,0.5673828125,0.4317243273059527,0.42519250760475796
llama4_maverick,hellaswag/test/1310.json,1,3072,818.0,3072.0,3072.0,0.2662760416666667,0.2662760416666667,0.2662760416666667,0.4115973065296809,0.2662760416666667
llama4_maverick,hellaswag/test/1310.json,2,3072,1123.0,3072.0,6144.0,0.3655598958333333,0.18277994791666666,0.3655598958333333,0.4115973065296809,0.3289171904325485
llama4_maverick,hellaswag/test/1310.json,4,3072,1409.0,3072.0,12288.0,0.4586588541666667,0.11466471354166667,0.4586588541666667,0.4115973065296809,0.3728941058119138
llama4_maverick,hellaswag/test/1310.json,8,3072,1720.0,3072.0,24576.0,0.5598958333333334,0.06998697916666667,0.5598958333333334,0.4115973065296809,0.4089555889368057
llama4_maverick,hellaswag/test/1311.json,1,3072,933.0,3072.0,3072.0,0.3037109375,0.3037109375,0.3037109375,0.47744161387284595,0.3037109375
llama4_maverick,hellaswag/test/1311.json,2,3072,1323.0,3072.0,6144.0,0.4306640625,0.21533203125,0.4306640625,0.47744161387284595,0.3838094398379326
llama4_maverick,hellaswag/test/1311.json,4,3072,1794.0,3072.0,12288.0,0.583984375,0.14599609375,0.583984375,0.47744161387284595,0.45586609095335007
llama4_maverick,hellaswag/test/1311.json,8,3072,2300.0,3072.0,24576.0,0.7486979166666666,0.09358723958333333,0.7486979166666666,0.47744161387284595,0.5135992988944054
llama4_maverick,hellaswag/test/1312.json,1,3072,928.0,3072.0,3072.0,0.3020833333333333,0.3020833333333333,0.3020833333333333,0.45815669000148773,0.3020833333333333
llama4_maverick,hellaswag/test/1312.json,2,3072,1305.0,3072.0,6144.0,0.4248046875,0.21240234375,0.4248046875,0.45815669000148773,0.37951189527908963
llama4_maverick,hellaswag/test/1312.json,4,3072,1638.0,3072.0,12288.0,0.533203125,0.13330078125,0.533203125,0.45815669000148773,0.4308677638570468
llama4_maverick,hellaswag/test/1312.json,8,3072,1904.0,3072.0,24576.0,0.6197916666666666,0.07747395833333333,0.6197916666666666,0.45815669000148773,0.4616418505708377
llama4_maverick,hellaswag/test/1313.json,1,3072,847.0,3072.0,3072.0,0.2757161458333333,0.2757161458333333,0.2757161458333333,0.43796365211407345,0.2757161458333333
llama4_maverick,hellaswag/test/1313.json,2,3072,1155.0,3072.0,6144.0,0.3759765625,0.18798828125,0.3759765625,0.43796365211407345,0.3389734278122584
llama4_maverick,hellaswag/test/1313.json,4,3072,1557.0,3072.0,12288.0,0.5068359375,0.126708984375,0.5068359375,0.43796365211407345,0.4006345570087433
llama4_maverick,hellaswag/test/1313.json,8,3072,2145.0,3072.0,24576.0,0.6982421875,0.0872802734375,0.6982421875,0.43796365211407345,0.46696265041828156
llama4_maverick,hellaswag/test/1331.json,1,3072,942.0,3072.0,3072.0,0.306640625,0.306640625,0.306640625,0.46001967291037243,0.306640625
llama4_maverick,hellaswag/test/1331.json,2,3072,1298.0,3072.0,6144.0,0.4225260416666667,0.21126302083333334,0.4225260416666667,0.46001967291037243,0.3797561873992284
llama4_maverick,hellaswag/test/1331.json,4,3072,1624.0,3072.0,12288.0,0.5286458333333334,0.13216145833333334,0.5286458333333334,0.46001967291037243,0.42983734359343845
llama4_maverick,hellaswag/test/1331.json,8,3072,1913.0,3072.0,24576.0,0.6227213541666666,0.07784016927083333,0.6227213541666666,0.46001967291037243,0.46305543929338455
llama4_maverick,hellaswag/test/1332.json,1,3072,892.0,3072.0,3072.0,0.2903645833333333,0.2903645833333333,0.2903645833333333,0.43694304923216504,0.2903645833333333
llama4_maverick,hellaswag/test/1332.json,2,3072,1191.0,3072.0,6144.0,0.3876953125,0.19384765625,0.3876953125,0.43694304923216504,0.3517734383543332
llama4_maverick,hellaswag/test/1332.json,4,3072,1488.0,3072.0,12288.0,0.484375,0.12109375,0.484375,0.43694304923216504,0.3970894093314807
llama4_maverick,hellaswag/test/1332.json,8,3072,1830.0,3072.0,24576.0,0.595703125,0.074462890625,0.595703125,0.43694304923216504,0.43656820555528003
llama4_maverick,hellaswag/test/1344.json,1,3072,872.0,3072.0,3072.0,0.2838541666666667,0.2838541666666667,0.2838541666666667,0.4356676662961642,0.2838541666666667
llama4_maverick,hellaswag/test/1344.json,2,3072,1201.0,3072.0,6144.0,0.3909505208333333,0.19547526041666666,0.3909505208333333,0.4356676662961642,0.3514244481921196
llama4_maverick,hellaswag/test/1344.json,4,3072,1535.0,3072.0,12288.0,0.4996744791666667,0.12491861979166667,0.4996744791666667,0.4356676662961642,0.40319130569696426
llama4_maverick,hellaswag/test/1344.json,8,3072,1805.0,3072.0,24576.0,0.5875651041666666,0.07344563802083333,0.5875651041666666,0.4356676662961642,0.4343438496192296
llama4_maverick,hellaswag/test/1347.json,1,3072,958.0,3072.0,3072.0,0.3118489583333333,0.3118489583333333,0.3118489583333333,0.46692025909821194,0.3118489583333333
llama4_maverick,hellaswag/test/1347.json,2,3072,1298.0,3072.0,6144.0,0.4225260416666667,0.21126302083333334,0.4225260416666667,0.46692025909821194,0.38167842229207355
llama4_maverick,hellaswag/test/1347.json,4,3072,1664.0,3072.0,12288.0,0.5416666666666666,0.13541666666666666,0.5416666666666666,0.46692025909821194,0.43768327683210373
llama4_maverick,hellaswag/test/1347.json,8,3072,2008.0,3072.0,24576.0,0.6536458333333334,0.08170572916666667,0.6536458333333334,0.46692025909821194,0.4773577998081843
llama4_maverick,hellaswag/test/1365.json,1,3072,955.0,3072.0,3072.0,0.3108723958333333,0.3108723958333333,0.3108723958333333,0.45433185001214343,0.3108723958333333
llama4_maverick,hellaswag/test/1365.json,2,3072,1277.0,3072.0,6144.0,0.4156901041666667,0.20784505208333334,0.4156901041666667,0.45433185001214343,0.3770050158103307
llama4_maverick,hellaswag/test/1365.json,4,3072,1552.0,3072.0,12288.0,0.5052083333333334,0.12630208333333334,0.5052083333333334,0.45433185001214343,0.4192141443490982
llama4_maverick,hellaswag/test/1365.json,8,3072,1814.0,3072.0,24576.0,0.5904947916666666,0.07381184895833333,0.5904947916666666,0.45433185001214343,0.4493443841735522
llama4_maverick,hellaswag/test/1380.json,1,3072,842.0,3072.0,3072.0,0.2740885416666667,0.2740885416666667,0.2740885416666667,0.41837433725595474,0.2740885416666667
llama4_maverick,hellaswag/test/1380.json,2,3072,1138.0,3072.0,6144.0,0.3704427083333333,0.18522135416666666,0.3704427083333333,0.41837433725595474,0.3348812585075696
llama4_maverick,hellaswag/test/1380.json,4,3072,1434.0,3072.0,12288.0,0.466796875,0.11669921875,0.466796875,0.41837433725595474,0.38032783071200055
llama4_maverick,hellaswag/test/1380.json,8,3072,1719.0,3072.0,24576.0,0.5595703125,0.0699462890625,0.5595703125,0.41837433725595474,0.41319987674554187
llama4_maverick,hellaswag/test/1387.json,1,3072,849.0,3072.0,3072.0,0.2763671875,0.2763671875,0.2763671875,0.42288953562577564,0.2763671875
llama4_maverick,hellaswag/test/1387.json,2,3072,1157.0,3072.0,6144.0,0.3766276041666667,0.18831380208333334,0.3766276041666667,0.42288953562577564,0.33962446202834445
llama4_maverick,hellaswag/test/1387.json,4,3072,1440.0,3072.0,12288.0,0.46875,0.1171875,0.46875,0.42288953562577564,0.38306798537572223
llama4_maverick,hellaswag/test/1387.json,8,3072,1748.0,3072.0,24576.0,0.5690104166666666,0.07112630208333333,0.5690104166666666,0.42288953562577564,0.4183293730020523
llama4_maverick,hellaswag/test/1392.json,1,3072,989.0,3072.0,3072.0,0.3219401041666667,0.3219401041666667,0.3219401041666667,0.4710431719819705,0.3219401041666667
llama4_maverick,hellaswag/test/1392.json,2,3072,1317.0,3072.0,6144.0,0.4287109375,0.21435546875,0.4287109375,0.4710431719819705,0.3893050079544385
llama4_maverick,hellaswag/test/1392.json,4,3072,1643.0,3072.0,12288.0,0.5348307291666666,0.13370768229166666,0.5348307291666666,0.4710431719819705,0.439228189488252
llama4_maverick,hellaswag/test/1392.json,8,3072,1970.0,3072.0,24576.0,0.6412760416666666,0.08015950520833333,0.6412760416666666,0.4710431719819705,0.47695580621560413
llama4_maverick,hellaswag/test/1397.json,1,3072,856.0,3072.0,3072.0,0.2786458333333333,0.2786458333333333,0.2786458333333333,0.4232624794046084,0.2786458333333333
llama4_maverick,hellaswag/test/1397.json,2,3072,1156.0,3072.0,6144.0,0.3763020833333333,0.18815104166666666,0.3763020833333333,0.4232624794046084,0.3402600685755412
llama4_maverick,hellaswag/test/1397.json,4,3072,1442.0,3072.0,12288.0,0.4694010416666667,0.11735026041666667,0.4694010416666667,0.4232624794046084,0.3843046948313713
llama4_maverick,hellaswag/test/1397.json,8,3072,1746.0,3072.0,24576.0,0.568359375,0.071044921875,0.568359375,0.4232624794046084,0.41921648879845935
llama4_maverick,hellaswag/test/1419.json,1,3072,954.0,3072.0,3072.0,0.310546875,0.310546875,0.310546875,0.4465363050500552,0.310546875
llama4_maverick,hellaswag/test/1419.json,2,3072,1226.0,3072.0,6144.0,0.3990885416666667,0.19954427083333334,0.3990885416666667,0.4465363050500552,0.3664104516307513
llama4_maverick,hellaswag/test/1419.json,4,3072,1501.0,3072.0,12288.0,0.4886067708333333,0.12215169270833333,0.4886067708333333,0.4465363050500552,0.4086647133032481
llama4_maverick,hellaswag/test/1419.json,8,3072,1761.0,3072.0,24576.0,0.5732421875,0.0716552734375,0.5732421875,0.4465363050500552,0.43861610690752667
llama4_maverick,hellaswag/test/1433.json,1,3072,941.0,3072.0,3072.0,0.3063151041666667,0.3063151041666667,0.3063151041666667,0.4647148648897807,0.3063151041666667
llama4_maverick,hellaswag/test/1433.json,2,3072,1235.0,3072.0,6144.0,0.4020182291666667,0.20100911458333334,0.4020182291666667,0.4647148648897807,0.3666970605651538
llama4_maverick,hellaswag/test/1433.json,4,3072,1627.0,3072.0,12288.0,0.5296223958333334,0.13240559895833334,0.5296223958333334,0.4647148648897807,0.4268208518624306
llama4_maverick,hellaswag/test/1433.json,8,3072,2251.0,3072.0,24576.0,0.7327473958333334,0.09159342447916667,0.7327473958333334,0.4647148648897807,0.49776441355546314
llama4_maverick,hellaswag/test/1436.json,1,3072,937.0,3072.0,3072.0,0.3050130208333333,0.3050130208333333,0.3050130208333333,0.4546342541774114,0.3050130208333333
llama4_maverick,hellaswag/test/1436.json,2,3072,1254.0,3072.0,6144.0,0.408203125,0.2041015625,0.408203125,0.4546342541774114,0.37011873970429104
llama4_maverick,hellaswag/test/1436.json,4,3072,1605.0,3072.0,12288.0,0.5224609375,0.130615234375,0.5224609375,0.4546342541774114,0.42365961025158566
llama4_maverick,hellaswag/test/1436.json,8,3072,1920.0,3072.0,24576.0,0.625,0.078125,0.625,0.4546342541774114,0.46004792551199597
llama4_maverick,hellaswag/test/1438.json,1,3072,927.0,3072.0,3072.0,0.3017578125,0.3017578125,0.3017578125,0.4510217756032944,0.3017578125
llama4_maverick,hellaswag/test/1438.json,2,3072,1259.0,3072.0,6144.0,0.4098307291666667,0.20491536458333334,0.4098307291666667,0.4510217756032944,0.3699442421396573
llama4_maverick,hellaswag/test/1438.json,4,3072,1593.0,3072.0,12288.0,0.5185546875,0.129638671875,0.5185546875,0.4510217756032944,0.42080844938755035
llama4_maverick,hellaswag/test/1438.json,8,3072,1814.0,3072.0,24576.0,0.5904947916666666,0.07381184895833333,0.5904947916666666,0.4510217756032944,0.44638965278863907
llama4_maverick,hellaswag/test/1460.json,1,3072,727.0,3072.0,3072.0,0.23665364583333334,0.23665364583333334,0.23665364583333334,0.43339718629916507,0.23665364583333334
llama4_maverick,hellaswag/test/1460.json,2,3072,1199.0,3072.0,6144.0,0.3902994791666667,0.19514973958333334,0.3902994791666667,0.43339718629916507,0.33359337598085403
llama4_maverick,hellaswag/test/1460.json,4,3072,1681.0,3072.0,12288.0,0.5472005208333334,0.13680013020833334,0.5472005208333334,0.43339718629916507,0.40716958542664844
llama4_maverick,hellaswag/test/1460.json,8,3072,2361.0,3072.0,24576.0,0.7685546875,0.0960693359375,0.7685546875,0.43339718629916507,0.4863196512063344
llama4_maverick,hellaswag/test/1462.json,1,3072,759.0,3072.0,3072.0,0.2470703125,0.2470703125,0.2470703125,0.41142071038484573,0.2470703125
llama4_maverick,hellaswag/test/1462.json,2,3072,1151.0,3072.0,6144.0,0.3746744791666667,0.18733723958333334,0.3746744791666667,0.41142071038484573,0.3275795752803485
llama4_maverick,hellaswag/test/1462.json,4,3072,1511.0,3072.0,12288.0,0.4918619791666667,0.12296549479166667,0.4918619791666667,0.41142071038484573,0.38240476697683334
llama4_maverick,hellaswag/test/1462.json,8,3072,1816.0,3072.0,24576.0,0.5911458333333334,0.07389322916666667,0.5911458333333334,0.41142071038484573,0.41766178359587985
llama4_maverick,hellaswag/test/1469.json,1,3072,844.0,3072.0,3072.0,0.2747395833333333,0.2747395833333333,0.2747395833333333,0.4210727314154307,0.2747395833333333
llama4_maverick,hellaswag/test/1469.json,2,3072,1164.0,3072.0,6144.0,0.37890625,0.189453125,0.37890625,0.4210727314154307,0.3404614304502805
llama4_maverick,hellaswag/test/1469.json,4,3072,1458.0,3072.0,12288.0,0.474609375,0.11865234375,0.474609375,0.4210727314154307,0.3852665573358536
llama4_maverick,hellaswag/test/1469.json,8,3072,1751.0,3072.0,24576.0,0.5699869791666666,0.07124837239583333,0.5699869791666666,0.4210727314154307,0.4190787623325984
llama4_maverick,hellaswag/test/1477.json,1,3072,777.0,3072.0,3072.0,0.2529296875,0.2529296875,0.2529296875,0.4290912126501401,0.2529296875
llama4_maverick,hellaswag/test/1477.json,2,3072,1165.0,3072.0,6144.0,0.3792317708333333,0.18961588541666666,0.3792317708333333,0.4290912126501401,0.3326174293955167
llama4_maverick,hellaswag/test/1477.json,4,3072,1581.0,3072.0,12288.0,0.5146484375,0.128662109375,0.5146484375,0.4290912126501401,0.3966926063100497
llama4_maverick,hellaswag/test/1477.json,8,3072,2081.0,3072.0,24576.0,0.6774088541666666,0.08467610677083333,0.6774088541666666,0.4290912126501401,0.4542834560076396
llama4_maverick,hellaswag/test/1480.json,1,3072,923.0,3072.0,3072.0,0.3004557291666667,0.3004557291666667,0.3004557291666667,0.43954018255074817,0.3004557291666667
llama4_maverick,hellaswag/test/1480.json,2,3072,1217.0,3072.0,6144.0,0.3961588541666667,0.19807942708333334,0.3961588541666667,0.43954018255074817,0.3608376781145732
llama4_maverick,hellaswag/test/1480.json,4,3072,1477.0,3072.0,12288.0,0.4807942708333333,0.12019856770833333,0.4807942708333333,0.43954018255074817,0.4006054028868675
llama4_maverick,hellaswag/test/1480.json,8,3072,1731.0,3072.0,24576.0,0.5634765625,0.0704345703125,0.5634765625,0.43954018255074817,0.4297422667344411
llama4_maverick,hellaswag/test/1485.json,1,3072,932.0,3072.0,3072.0,0.3033854166666667,0.3033854166666667,0.3033854166666667,0.4551021258036296,0.3033854166666667
llama4_maverick,hellaswag/test/1485.json,2,3072,1287.0,3072.0,6144.0,0.4189453125,0.20947265625,0.4189453125,0.4551021258036296,0.37629559884468716
llama4_maverick,hellaswag/test/1485.json,4,3072,1615.0,3072.0,12288.0,0.5257161458333334,0.13142903645833334,0.5257161458333334,0.4551021258036296,0.42663457492987317
llama4_maverick,hellaswag/test/1485.json,8,3072,1910.0,3072.0,24576.0,0.6217447916666666,0.07771809895833333,0.6217447916666666,0.4551021258036296,0.4607119560241699
llama4_maverick,hellaswag/test/1490.json,1,3072,885.0,3072.0,3072.0,0.2880859375,0.2880859375,0.2880859375,0.46917015065749484,0.2880859375
llama4_maverick,hellaswag/test/1490.json,2,3072,1374.0,3072.0,6144.0,0.447265625,0.2236328125,0.447265625,0.46917015065749484,0.3885171388586362
llama4_maverick,hellaswag/test/1490.json,4,3072,1784.0,3072.0,12288.0,0.5807291666666666,0.14518229166666666,0.5807291666666666,0.46917015065749484,0.4516608864068985
llama4_maverick,hellaswag/test/1490.json,8,3072,2219.0,3072.0,24576.0,0.7223307291666666,0.09029134114583333,0.7223307291666666,0.46917015065749484,0.5019852817058563
llama4_maverick,hellaswag/test/1493.json,1,3072,768.0,3072.0,3072.0,0.25,0.25,0.25,0.40989306072394055,0.25
llama4_maverick,hellaswag/test/1493.json,2,3072,1097.0,3072.0,6144.0,0.3570963541666667,0.17854817708333334,0.3570963541666667,0.40989306072394055,0.3175702765583992
llama4_maverick,hellaswag/test/1493.json,4,3072,1490.0,3072.0,12288.0,0.4850260416666667,0.12125651041666667,0.4850260416666667,0.40989306072394055,0.37805992861588794
llama4_maverick,hellaswag/test/1493.json,8,3072,1845.0,3072.0,24576.0,0.6005859375,0.0750732421875,0.6005859375,0.40989306072394055,0.41876355310281116
llama4_maverick,hellaswag/test/1496.json,1,3072,870.0,3072.0,3072.0,0.283203125,0.283203125,0.283203125,0.4386046305298805,0.283203125
llama4_maverick,hellaswag/test/1496.json,2,3072,1224.0,3072.0,6144.0,0.3984375,0.19921875,0.3984375,0.4386046305298805,0.35590792695681256
llama4_maverick,hellaswag/test/1496.json,4,3072,1546.0,3072.0,12288.0,0.5032552083333334,0.12581380208333334,0.5032552083333334,0.4386046305298805,0.40569909165302914
llama4_maverick,hellaswag/test/1496.json,8,3072,1896.0,3072.0,24576.0,0.6171875,0.0771484375,0.6171875,0.4386046305298805,0.4460168158014615
llama4_maverick,hellaswag/test/1499.json,1,3072,939.0,3072.0,3072.0,0.3056640625,0.3056640625,0.3056640625,0.4615074247121811,0.3056640625
llama4_maverick,hellaswag/test/1499.json,2,3072,1297.0,3072.0,6144.0,0.4222005208333333,0.21110026041666666,0.4222005208333333,0.4615074247121811,0.3791903828581174
llama4_maverick,hellaswag/test/1499.json,4,3072,1615.0,3072.0,12288.0,0.5257161458333334,0.13142903645833334,0.5257161458333334,0.4615074247121811,0.4277212272087733
llama4_maverick,hellaswag/test/1499.json,8,3072,2013.0,3072.0,24576.0,0.6552734375,0.0819091796875,0.6552734375,0.4615074247121811,0.47324032336473465
llama4_maverick,hellaswag/test/15.json,1,3072,869.0,3072.0,3072.0,0.2828776041666667,0.2828776041666667,0.2828776041666667,0.4271545062462489,0.2828776041666667
llama4_maverick,hellaswag/test/15.json,2,3072,1180.0,3072.0,6144.0,0.3841145833333333,0.19205729166666666,0.3841145833333333,0.4271545062462489,0.34675102432568866
llama4_maverick,hellaswag/test/15.json,4,3072,1467.0,3072.0,12288.0,0.4775390625,0.119384765625,0.4775390625,0.4271545062462489,0.3912517825762431
llama4_maverick,hellaswag/test/15.json,8,3072,1732.0,3072.0,24576.0,0.5638020833333334,0.07047526041666667,0.5638020833333334,0.4271545062462489,0.4216459517677625
llama4_maverick,hellaswag/test/152.json,1,3072,762.0,3072.0,3072.0,0.248046875,0.248046875,0.248046875,0.4031113435824712,0.248046875
llama4_maverick,hellaswag/test/152.json,2,3072,1061.0,3072.0,6144.0,0.3453776041666667,0.17268880208333334,0.3453776041666667,0.4031113435824712,0.3094557337462902
llama4_maverick,hellaswag/test/152.json,4,3072,1424.0,3072.0,12288.0,0.4635416666666667,0.11588541666666667,0.4635416666666667,0.4031113435824712,0.3653784841299057
llama4_maverick,hellaswag/test/152.json,8,3072,1810.0,3072.0,24576.0,0.5891927083333334,0.07364908854166667,0.5891927083333334,0.4031113435824712,0.40982964386542636
llama4_maverick,hellaswag/test/1552.json,1,3072,848.0,3072.0,3072.0,0.2760416666666667,0.2760416666666667,0.2760416666666667,0.42793916165828705,0.2760416666666667
llama4_maverick,hellaswag/test/1552.json,2,3072,1184.0,3072.0,6144.0,0.3854166666666667,0.19270833333333334,0.3854166666666667,0.42793916165828705,0.345049612224102
llama4_maverick,hellaswag/test/1552.json,4,3072,1516.0,3072.0,12288.0,0.4934895833333333,0.12337239583333333,0.4934895833333333,0.42793916165828705,0.39599450180927914
llama4_maverick,hellaswag/test/1552.json,8,3072,1802.0,3072.0,24576.0,0.5865885416666666,0.07332356770833333,0.5865885416666666,0.42793916165828705,0.4290148715178172
llama4_maverick,hellaswag/test/1556.json,1,3072,772.0,3072.0,3072.0,0.2513020833333333,0.2513020833333333,0.2513020833333333,0.3964845612645149,0.2513020833333333
llama4_maverick,hellaswag/test/1556.json,2,3072,1052.0,3072.0,6144.0,0.3424479166666667,0.17122395833333334,0.3424479166666667,0.3964845612645149,0.30880870421727497
llama4_maverick,hellaswag/test/1556.json,4,3072,1349.0,3072.0,12288.0,0.4391276041666667,0.10978190104166667,0.4391276041666667,0.3964845612645149,0.35428263743718463
llama4_maverick,hellaswag/test/1556.json,8,3072,1726.0,3072.0,24576.0,0.5618489583333334,0.07023111979166667,0.5618489583333334,0.3964845612645149,0.39762785534063977
llama4_maverick,hellaswag/test/156.json,1,3072,825.0,3072.0,3072.0,0.2685546875,0.2685546875,0.2685546875,0.42376842101414997,0.2685546875
llama4_maverick,hellaswag/test/156.json,2,3072,1209.0,3072.0,6144.0,0.3935546875,0.19677734375,0.3935546875,0.42376842101414997,0.34742091099421185
llama4_maverick,hellaswag/test/156.json,4,3072,1504.0,3072.0,12288.0,0.4895833333333333,0.12239583333333333,0.4895833333333333,0.42376842101414997,0.39295294880867004
llama4_maverick,hellaswag/test/156.json,8,3072,1785.0,3072.0,24576.0,0.5810546875,0.0726318359375,0.5810546875,0.42376842101414997,0.42546211183071136
llama4_maverick,hellaswag/test/1562.json,1,3072,890.0,3072.0,3072.0,0.2897135416666667,0.2897135416666667,0.2897135416666667,0.4290158028403918,0.2897135416666667
llama4_maverick,hellaswag/test/1562.json,2,3072,1160.0,3072.0,6144.0,0.3776041666666667,0.18880208333333334,0.3776041666666667,0.4290158028403918,0.34516636033852893
llama4_maverick,hellaswag/test/1562.json,4,3072,1441.0,3072.0,12288.0,0.4690755208333333,0.11726888020833333,0.4690755208333333,0.4290158028403918,0.3882843479514122
llama4_maverick,hellaswag/test/1562.json,8,3072,1737.0,3072.0,24576.0,0.5654296875,0.0706787109375,0.5654296875,0.4290158028403918,0.4222678691148758
llama4_maverick,hellaswag/test/1564.json,1,3072,960.0,3072.0,3072.0,0.3125,0.3125,0.3125,0.4596357469757398,0.3125
llama4_maverick,hellaswag/test/1564.json,2,3072,1279.0,3072.0,6144.0,0.4163411458333333,0.20817057291666666,0.4163411458333333,0.4596357469757398,0.37801646689573926
llama4_maverick,hellaswag/test/1564.json,4,3072,1599.0,3072.0,12288.0,0.5205078125,0.130126953125,0.5205078125,0.4596357469757398,0.4268954023718834
llama4_maverick,hellaswag/test/1564.json,8,3072,1888.0,3072.0,24576.0,0.6145833333333334,0.07682291666666667,0.6145833333333334,0.4596357469757398,0.4599223881959915
llama4_maverick,hellaswag/test/1566.json,1,3072,972.0,3072.0,3072.0,0.31640625,0.31640625,0.31640625,0.47418316702047986,0.31640625
llama4_maverick,hellaswag/test/1566.json,2,3072,1373.0,3072.0,6144.0,0.4469401041666667,0.22347005208333334,0.4469401041666667,0.47418316702047986,0.3987639422218005
llama4_maverick,hellaswag/test/1566.json,4,3072,1718.0,3072.0,12288.0,0.5592447916666666,0.13981119791666666,0.5592447916666666,0.47418316702047986,0.4518924156824748
llama4_maverick,hellaswag/test/1566.json,8,3072,1947.0,3072.0,24576.0,0.6337890625,0.0792236328125,0.6337890625,0.47418316702047986,0.47861213485399884
llama4_maverick,hellaswag/test/1570.json,1,3072,861.0,3072.0,3072.0,0.2802734375,0.2802734375,0.2802734375,0.41946157068014145,0.2802734375
llama4_maverick,hellaswag/test/1570.json,2,3072,1142.0,3072.0,6144.0,0.3717447916666667,0.18587239583333334,0.3717447916666667,0.41946157068014145,0.33798544108867645
llama4_maverick,hellaswag/test/1570.json,4,3072,1402.0,3072.0,12288.0,0.4563802083333333,0.11409505208333333,0.4563802083333333,0.41946157068014145,0.37791112810373306
llama4_maverick,hellaswag/test/1570.json,8,3072,1702.0,3072.0,24576.0,0.5540364583333334,0.06925455729166667,0.5540364583333334,0.41946157068014145,0.41217007736365
llama4_maverick,hellaswag/test/1571.json,1,3072,820.0,3072.0,3072.0,0.2669270833333333,0.2669270833333333,0.2669270833333333,0.41358504444360733,0.2669270833333333
llama4_maverick,hellaswag/test/1571.json,2,3072,1128.0,3072.0,6144.0,0.3671875,0.18359375,0.3671875,0.41358504444360733,0.33018436779578525
llama4_maverick,hellaswag/test/1571.json,4,3072,1440.0,3072.0,12288.0,0.46875,0.1171875,0.46875,0.41358504444360733,0.3781448354323705
llama4_maverick,hellaswag/test/1571.json,8,3072,1731.0,3072.0,24576.0,0.5634765625,0.0704345703125,0.5634765625,0.41358504444360733,0.41144363830486935
llama4_maverick,hellaswag/test/1578.json,1,3072,903.0,3072.0,3072.0,0.2939453125,0.2939453125,0.2939453125,0.4351969510316849,0.2939453125
llama4_maverick,hellaswag/test/1578.json,2,3072,1196.0,3072.0,6144.0,0.3893229166666667,0.19466145833333334,0.3893229166666667,0.4351969510316849,0.3541218886772792
llama4_maverick,hellaswag/test/1578.json,4,3072,1488.0,3072.0,12288.0,0.484375,0.12109375,0.484375,0.4351969510316849,0.3988722860813141
llama4_maverick,hellaswag/test/1578.json,8,3072,1725.0,3072.0,24576.0,0.5615234375,0.0701904296875,0.5615234375,0.4351969510316849,0.4264044985175133
llama4_maverick,hellaswag/test/1591.json,1,3072,951.0,3072.0,3072.0,0.3095703125,0.3095703125,0.3095703125,0.46646572401126224,0.3095703125
llama4_maverick,hellaswag/test/1591.json,2,3072,1298.0,3072.0,6144.0,0.4225260416666667,0.21126302083333334,0.4225260416666667,0.46646572401126224,0.38083744918306667
llama4_maverick,hellaswag/test/1591.json,4,3072,1666.0,3072.0,12288.0,0.5423177083333334,0.13557942708333334,0.5423177083333334,0.46646572401126224,0.43743860969940823
llama4_maverick,hellaswag/test/1591.json,8,3072,2050.0,3072.0,24576.0,0.6673177083333334,0.08341471354166667,0.6673177083333334,0.46646572401126224,0.4813496718804042
llama4_maverick,hellaswag/test/1593.json,1,3072,918.0,3072.0,3072.0,0.298828125,0.298828125,0.298828125,0.45747164885203045,0.298828125
llama4_maverick,hellaswag/test/1593.json,2,3072,1322.0,3072.0,6144.0,0.4303385416666667,0.21516927083333334,0.4303385416666667,0.45747164885203045,0.3818019653360049
llama4_maverick,hellaswag/test/1593.json,4,3072,1642.0,3072.0,12288.0,0.5345052083333334,0.13362630208333334,0.5345052083333334,0.45747164885203045,0.43124504139026004
llama4_maverick,hellaswag/test/1593.json,8,3072,1932.0,3072.0,24576.0,0.62890625,0.07861328125,0.62890625,0.45747164885203045,0.4644878034790357
llama4_maverick,hellaswag/test/1596.json,1,3072,1010.0,3072.0,3072.0,0.3287760416666667,0.3287760416666667,0.3287760416666667,0.5038778781890869,0.3287760416666667
llama4_maverick,hellaswag/test/1596.json,2,3072,1468.0,3072.0,6144.0,0.4778645833333333,0.23893229166666666,0.4778645833333333,0.5038778781890869,0.4228404387831688
llama4_maverick,hellaswag/test/1596.json,4,3072,1856.0,3072.0,12288.0,0.6041666666666666,0.15104166666666666,0.6041666666666666,0.5038778781890869,0.48278707762559253
llama4_maverick,hellaswag/test/1596.json,8,3072,2318.0,3072.0,24576.0,0.7545572916666666,0.09431966145833333,0.7545572916666666,0.5038778781890869,0.5353476429979006
llama4_maverick,hellaswag/test/1598.json,1,3072,983.0,3072.0,3072.0,0.3199869791666667,0.3199869791666667,0.3199869791666667,0.47299060970544815,0.3199869791666667
llama4_maverick,hellaswag/test/1598.json,2,3072,1312.0,3072.0,6144.0,0.4270833333333333,0.21354166666666666,0.4270833333333333,0.47299060970544815,0.3875572582085927
llama4_maverick,hellaswag/test/1598.json,4,3072,1648.0,3072.0,12288.0,0.5364583333333334,0.13411458333333334,0.5364583333333334,0.47299060970544815,0.439085491001606
llama4_maverick,hellaswag/test/1598.json,8,3072,2039.0,3072.0,24576.0,0.6637369791666666,0.08296712239583333,0.6637369791666666,0.47299060970544815,0.48409421741962433
llama4_maverick,hellaswag/test/160.json,1,3072,803.0,3072.0,3072.0,0.2613932291666667,0.2613932291666667,0.2613932291666667,0.406882847348849,0.2613932291666667
llama4_maverick,hellaswag/test/160.json,2,3072,1099.0,3072.0,6144.0,0.3577473958333333,0.17887369791666666,0.3577473958333333,0.406882847348849,0.3221859460075696
llama4_maverick,hellaswag/test/160.json,4,3072,1400.0,3072.0,12288.0,0.4557291666666667,0.11393229166666667,0.4557291666666667,0.406882847348849,0.368446317811807
llama4_maverick,hellaswag/test/160.json,8,3072,1691.0,3072.0,24576.0,0.5504557291666666,0.06880696614583333,0.5504557291666666,0.406882847348849,0.4017595052719116
llama4_maverick,hellaswag/test/1600.json,1,3072,814.0,3072.0,3072.0,0.2649739583333333,0.2649739583333333,0.2649739583333333,0.42538028458754223,0.2649739583333333
llama4_maverick,hellaswag/test/1600.json,2,3072,1204.0,3072.0,6144.0,0.3919270833333333,0.19596354166666666,0.3919270833333333,0.42538028458754223,0.3450724606712659
llama4_maverick,hellaswag/test/1600.json,4,3072,1529.0,3072.0,12288.0,0.4977213541666667,0.12443033854166667,0.4977213541666667,0.42538028458754223,0.3951488162080447
llama4_maverick,hellaswag/test/1600.json,8,3072,1856.0,3072.0,24576.0,0.6041666666666666,0.07552083333333333,0.6041666666666666,0.42538028458754223,0.4328017756342888
llama4_maverick,hellaswag/test/1608.json,1,3072,890.0,3072.0,3072.0,0.2897135416666667,0.2897135416666667,0.2897135416666667,0.43806679050127667,0.2897135416666667
llama4_maverick,hellaswag/test/1608.json,2,3072,1202.0,3072.0,6144.0,0.3912760416666667,0.19563802083333334,0.3912760416666667,0.43806679050127667,0.35379234949747723
llama4_maverick,hellaswag/test/1608.json,4,3072,1525.0,3072.0,12288.0,0.4964192708333333,0.12410481770833333,0.4964192708333333,0.43806679050127667,0.40329496065775555
llama4_maverick,hellaswag/test/1608.json,8,3072,1827.0,3072.0,24576.0,0.5947265625,0.0743408203125,0.5947265625,0.43806679050127667,0.437803290784359
llama4_maverick,hellaswag/test/161.json,1,3072,909.0,3072.0,3072.0,0.2958984375,0.2958984375,0.2958984375,0.4513800839583079,0.2958984375
llama4_maverick,hellaswag/test/161.json,2,3072,1295.0,3072.0,6144.0,0.4215494791666667,0.21077473958333334,0.4215494791666667,0.4513800839583079,0.375175416469574
llama4_maverick,hellaswag/test/161.json,4,3072,1608.0,3072.0,12288.0,0.5234375,0.130859375,0.5234375,0.4513800839583079,0.42361457894245785
llama4_maverick,hellaswag/test/161.json,8,3072,1894.0,3072.0,24576.0,0.6165364583333334,0.07706705729166667,0.6165364583333334,0.4513800839583079,0.4564865057667096
llama4_maverick,hellaswag/test/1612.json,1,3072,848.0,3072.0,3072.0,0.2760416666666667,0.2760416666666667,0.2760416666666667,0.43931428094704944,0.2760416666666667
llama4_maverick,hellaswag/test/1612.json,2,3072,1226.0,3072.0,6144.0,0.3990885416666667,0.19954427083333334,0.3990885416666667,0.43931428094704944,0.35367560138305026
llama4_maverick,hellaswag/test/1612.json,4,3072,1591.0,3072.0,12288.0,0.5179036458333334,0.12947591145833334,0.5179036458333334,0.43931428094704944,0.4097433512409528
llama4_maverick,hellaswag/test/1612.json,8,3072,1914.0,3072.0,24576.0,0.623046875,0.077880859375,0.623046875,0.43931428094704944,0.44704100986321765
llama4_maverick,hellaswag/test/1618.json,1,3072,903.0,3072.0,3072.0,0.2939453125,0.2939453125,0.2939453125,0.4403732120990753,0.2939453125
llama4_maverick,hellaswag/test/1618.json,2,3072,1211.0,3072.0,6144.0,0.3942057291666667,0.19710286458333334,0.3942057291666667,0.4403732120990753,0.35720258702834445
llama4_maverick,hellaswag/test/1618.json,4,3072,1523.0,3072.0,12288.0,0.4957682291666667,0.12394205729166667,0.4957682291666667,0.4403732120990753,0.4051404967904091
llama4_maverick,hellaswag/test/1618.json,8,3072,1833.0,3072.0,24576.0,0.5966796875,0.0745849609375,0.5966796875,0.4403732120990753,0.44076961775620777
llama4_maverick,hellaswag/test/1625.json,1,3072,830.0,3072.0,3072.0,0.2701822916666667,0.2701822916666667,0.2701822916666667,0.4352228914697965,0.2701822916666667
llama4_maverick,hellaswag/test/1625.json,2,3072,1229.0,3072.0,6144.0,0.4000651041666667,0.20003255208333334,0.4000651041666667,0.4352228914697965,0.3521292209625244
llama4_maverick,hellaswag/test/1625.json,4,3072,1600.0,3072.0,12288.0,0.5208333333333334,0.13020833333333334,0.5208333333333334,0.4352228914697965,0.4097602590918541
llama4_maverick,hellaswag/test/1625.json,8,3072,1909.0,3072.0,24576.0,0.6214192708333334,0.07767740885416667,0.6214192708333334,0.4352228914697965,0.4459572533766429
llama4_maverick,hellaswag/test/1649.json,1,3072,884.0,3072.0,3072.0,0.2877604166666667,0.2877604166666667,0.2877604166666667,0.4391103411714236,0.2877604166666667
llama4_maverick,hellaswag/test/1649.json,2,3072,1220.0,3072.0,6144.0,0.3971354166666667,0.19856770833333334,0.3971354166666667,0.4391103411714236,0.3567683572570483
llama4_maverick,hellaswag/test/1649.json,4,3072,1522.0,3072.0,12288.0,0.4954427083333333,0.12386067708333333,0.4954427083333333,0.4391103411714236,0.40310123066107434
llama4_maverick,hellaswag/test/1649.json,8,3072,1831.0,3072.0,24576.0,0.5960286458333334,0.07450358072916667,0.5960286458333334,0.4391103411714236,0.4385243703921636
llama4_maverick,hellaswag/test/165.json,1,3072,865.0,3072.0,3072.0,0.2815755208333333,0.2815755208333333,0.2815755208333333,0.4291368971268336,0.2815755208333333
llama4_maverick,hellaswag/test/165.json,2,3072,1177.0,3072.0,6144.0,0.3831380208333333,0.19156901041666666,0.3831380208333333,0.4291368971268336,0.34565432866414386
llama4_maverick,hellaswag/test/165.json,4,3072,1473.0,3072.0,12288.0,0.4794921875,0.119873046875,0.4794921875,0.4291368971268336,0.3909880643089612
llama4_maverick,hellaswag/test/165.json,8,3072,1812.0,3072.0,24576.0,0.58984375,0.07373046875,0.58984375,0.4291368971268336,0.42974062512318295
llama4_maverick,hellaswag/test/1654.json,1,3072,909.0,3072.0,3072.0,0.2958984375,0.2958984375,0.2958984375,0.43197401612997055,0.2958984375
llama4_maverick,hellaswag/test/1654.json,2,3072,1174.0,3072.0,6144.0,0.3821614583333333,0.19108072916666666,0.3821614583333333,0.43197401612997055,0.3503243500987689
llama4_maverick,hellaswag/test/1654.json,4,3072,1444.0,3072.0,12288.0,0.4700520833333333,0.11751302083333333,0.4700520833333333,0.43197401612997055,0.3916519780953725
llama4_maverick,hellaswag/test/1654.json,8,3072,1722.0,3072.0,24576.0,0.560546875,0.070068359375,0.560546875,0.43197401612997055,0.4236069694161415
llama4_maverick,hellaswag/test/1659.json,1,3072,822.0,3072.0,3072.0,0.267578125,0.267578125,0.267578125,0.41366758694251377,0.267578125
llama4_maverick,hellaswag/test/1659.json,2,3072,1113.0,3072.0,6144.0,0.3623046875,0.18115234375,0.3623046875,0.41366758694251377,0.32734394321839017
llama4_maverick,hellaswag/test/1659.json,4,3072,1426.0,3072.0,12288.0,0.4641927083333333,0.11604817708333333,0.4641927083333333,0.41366758694251377,0.3752640684445699
llama4_maverick,hellaswag/test/1659.json,8,3072,1757.0,3072.0,24576.0,0.5719401041666666,0.07149251302083333,0.5719401041666666,0.41366758694251377,0.41297036906083423
llama4_maverick,hellaswag/test/1672.json,1,3072,921.0,3072.0,3072.0,0.2998046875,0.2998046875,0.2998046875,0.4438048129280408,0.2998046875
llama4_maverick,hellaswag/test/1672.json,2,3072,1234.0,3072.0,6144.0,0.4016927083333333,0.20084635416666666,0.4016927083333333,0.4438048129280408,0.36408887058496475
llama4_maverick,hellaswag/test/1672.json,4,3072,1511.0,3072.0,12288.0,0.4918619791666667,0.12296549479166667,0.4918619791666667,0.4438048129280408,0.4063075929880142
llama4_maverick,hellaswag/test/1672.json,8,3072,1799.0,3072.0,24576.0,0.5856119791666666,0.07320149739583333,0.5856119791666666,0.4438048129280408,0.4395134101311366
llama4_maverick,hellaswag/test/1673.json,1,3072,1002.0,3072.0,3072.0,0.326171875,0.326171875,0.326171875,0.47776610652605694,0.326171875
llama4_maverick,hellaswag/test/1673.json,2,3072,1315.0,3072.0,6144.0,0.4280598958333333,0.21402994791666666,0.4280598958333333,0.47776610652605694,0.39045605808496475
llama4_maverick,hellaswag/test/1673.json,4,3072,1660.0,3072.0,12288.0,0.5403645833333334,0.13509114583333334,0.5403645833333334,0.47776610652605694,0.44317833830912906
llama4_maverick,hellaswag/test/1673.json,8,3072,2106.0,3072.0,24576.0,0.685546875,0.085693359375,0.685546875,0.47776610652605694,0.4940035988887151
llama4_maverick,hellaswag/test/1682.json,1,3072,901.0,3072.0,3072.0,0.2932942708333333,0.2932942708333333,0.2932942708333333,0.434172585606575,0.2932942708333333
llama4_maverick,hellaswag/test/1682.json,2,3072,1188.0,3072.0,6144.0,0.38671875,0.193359375,0.38671875,0.434172585606575,0.3522385557492574
llama4_maverick,hellaswag/test/1682.json,4,3072,1489.0,3072.0,12288.0,0.4847005208333333,0.12117513020833333,0.4847005208333333,0.434172585606575,0.3984989250699679
llama4_maverick,hellaswag/test/1682.json,8,3072,1749.0,3072.0,24576.0,0.5693359375,0.0711669921875,0.5693359375,0.434172585606575,0.42852511753638584
llama4_maverick,hellaswag/test/1687.json,1,3072,985.0,3072.0,3072.0,0.3206380208333333,0.3206380208333333,0.3206380208333333,0.4618906304240227,0.3206380208333333
llama4_maverick,hellaswag/test/1687.json,2,3072,1298.0,3072.0,6144.0,0.4225260416666667,0.21126302083333334,0.4225260416666667,0.4618906304240227,0.38492221136887866
llama4_maverick,hellaswag/test/1687.json,4,3072,1562.0,3072.0,12288.0,0.5084635416666666,0.12711588541666666,0.5084635416666666,0.4618906304240227,0.4258148744702339
llama4_maverick,hellaswag/test/1687.json,8,3072,1854.0,3072.0,24576.0,0.603515625,0.075439453125,0.603515625,0.4618906304240227,0.4592414249976476
llama4_maverick,hellaswag/test/1690.json,1,3072,845.0,3072.0,3072.0,0.2750651041666667,0.2750651041666667,0.2750651041666667,0.4610387235879898,0.2750651041666667
llama4_maverick,hellaswag/test/1690.json,2,3072,1321.0,3072.0,6144.0,0.4300130208333333,0.21500651041666666,0.4300130208333333,0.4610387235879898,0.37282635519901913
llama4_maverick,hellaswag/test/1690.json,4,3072,1744.0,3072.0,12288.0,0.5677083333333334,0.14192708333333334,0.5677083333333334,0.4610387235879898,0.4379957194129626
llama4_maverick,hellaswag/test/1690.json,8,3072,2279.0,3072.0,24576.0,0.7418619791666666,0.09273274739583333,0.7418619791666666,0.4610387235879898,0.49968959391117096
llama4_maverick,hellaswag/test/1692.json,1,3072,986.0,3072.0,3072.0,0.3209635416666667,0.3209635416666667,0.3209635416666667,0.4725496843457222,0.3209635416666667
llama4_maverick,hellaswag/test/1692.json,2,3072,1362.0,3072.0,6144.0,0.443359375,0.2216796875,0.443359375,0.4725496843457222,0.39818671842416126
llama4_maverick,hellaswag/test/1692.json,4,3072,1661.0,3072.0,12288.0,0.5406901041666666,0.13517252604166666,0.5406901041666666,0.4725496843457222,0.44394103189309436
llama4_maverick,hellaswag/test/1692.json,8,3072,1908.0,3072.0,24576.0,0.62109375,0.07763671875,0.62109375,0.4725496843457222,0.4726378247141838
llama4_maverick,hellaswag/test/1696.json,1,3072,791.0,3072.0,3072.0,0.2574869791666667,0.2574869791666667,0.2574869791666667,0.4353613927960396,0.2574869791666667
llama4_maverick,hellaswag/test/1696.json,2,3072,1176.0,3072.0,6144.0,0.3828125,0.19140625,0.3828125,0.4353613927960396,0.33655858039855957
llama4_maverick,hellaswag/test/1696.json,4,3072,1604.0,3072.0,12288.0,0.5221354166666666,0.13053385416666666,0.5221354166666666,0.4353613927960396,0.40179705371459323
llama4_maverick,hellaswag/test/1696.json,8,3072,2196.0,3072.0,24576.0,0.71484375,0.08935546875,0.71484375,0.4353613927960396,0.46911604205767315
llama4_maverick,hellaswag/test/1702.json,1,3072,877.0,3072.0,3072.0,0.2854817708333333,0.2854817708333333,0.2854817708333333,0.44332173218329746,0.2854817708333333
llama4_maverick,hellaswag/test/1702.json,2,3072,1232.0,3072.0,6144.0,0.4010416666666667,0.20052083333333334,0.4010416666666667,0.44332173218329746,0.35839195052782696
llama4_maverick,hellaswag/test/1702.json,4,3072,1592.0,3072.0,12288.0,0.5182291666666666,0.12955729166666666,0.5182291666666666,0.44332173218329746,0.41357820232709247
llama4_maverick,hellaswag/test/1702.json,8,3072,1883.0,3072.0,24576.0,0.6129557291666666,0.07661946614583333,0.6129557291666666,0.44332173218329746,0.4472481310367584
llama4_maverick,hellaswag/test/1716.json,1,3072,918.0,3072.0,3072.0,0.298828125,0.298828125,0.298828125,0.4470628723502159,0.298828125
llama4_maverick,hellaswag/test/1716.json,2,3072,1253.0,3072.0,6144.0,0.4078776041666667,0.20393880208333334,0.4078776041666667,0.4470628723502159,0.36763068785270053
llama4_maverick,hellaswag/test/1716.json,4,3072,1552.0,3072.0,12288.0,0.5052083333333334,0.12630208333333334,0.5052083333333334,0.4470628723502159,0.413430134455363
llama4_maverick,hellaswag/test/1716.json,8,3072,1846.0,3072.0,24576.0,0.6009114583333334,0.07511393229166667,0.6009114583333334,0.4470628723502159,0.4471094806989034
llama4_maverick,hellaswag/test/1717.json,1,3072,912.0,3072.0,3072.0,0.296875,0.296875,0.296875,0.43644459297259647,0.296875
llama4_maverick,hellaswag/test/1717.json,2,3072,1188.0,3072.0,6144.0,0.38671875,0.193359375,0.38671875,0.43644459297259647,0.35356009503205615
llama4_maverick,hellaswag/test/1717.json,4,3072,1477.0,3072.0,12288.0,0.4807942708333333,0.12019856770833333,0.4807942708333333,0.43644459297259647,0.3975514198342959
llama4_maverick,hellaswag/test/1717.json,8,3072,1756.0,3072.0,24576.0,0.5716145833333334,0.07145182291666667,0.5716145833333334,0.43644459297259647,0.4296007653077443
llama4_maverick,hellaswag/test/1729.json,1,3072,818.0,3072.0,3072.0,0.2662760416666667,0.2662760416666667,0.2662760416666667,0.4138496791323026,0.2662760416666667
llama4_maverick,hellaswag/test/1729.json,2,3072,1139.0,3072.0,6144.0,0.3707682291666667,0.18538411458333334,0.3707682291666667,0.4138496791323026,0.3322032690048218
llama4_maverick,hellaswag/test/1729.json,4,3072,1440.0,3072.0,12288.0,0.46875,0.1171875,0.46875,0.4138496791323026,0.3782831107576688
llama4_maverick,hellaswag/test/1729.json,8,3072,1706.0,3072.0,24576.0,0.5553385416666666,0.06941731770833333,0.5553385416666666,0.4138496791323026,0.4089104433854421
llama4_maverick,hellaswag/test/1733.json,1,3072,774.0,3072.0,3072.0,0.251953125,0.251953125,0.251953125,0.4147045537829399,0.251953125
llama4_maverick,hellaswag/test/1733.json,2,3072,1160.0,3072.0,6144.0,0.3776041666666667,0.18880208333333334,0.3776041666666667,0.4147045537829399,0.3312301014860471
llama4_maverick,hellaswag/test/1733.json,4,3072,1490.0,3072.0,12288.0,0.4850260416666667,0.12125651041666667,0.4850260416666667,0.4147045537829399,0.3822331006328265
llama4_maverick,hellaswag/test/1733.json,8,3072,1841.0,3072.0,24576.0,0.5992838541666666,0.07491048177083333,0.5992838541666666,0.4147045537829399,0.4227810973922412
llama4_maverick,hellaswag/test/1736.json,1,3072,876.0,3072.0,3072.0,0.28515625,0.28515625,0.28515625,0.4268557180960973,0.28515625
llama4_maverick,hellaswag/test/1736.json,2,3072,1171.0,3072.0,6144.0,0.3811848958333333,0.19059244791666666,0.3811848958333333,0.4268557180960973,0.3457435816526413
llama4_maverick,hellaswag/test/1736.json,4,3072,1450.0,3072.0,12288.0,0.4720052083333333,0.11800130208333333,0.4720052083333333,0.4268557180960973,0.38808473696311313
llama4_maverick,hellaswag/test/1736.json,8,3072,1736.0,3072.0,24576.0,0.5651041666666666,0.07063802083333333,0.5651041666666666,0.4268557180960973,0.42076508204142254
llama4_maverick,hellaswag/test/174.json,1,3072,927.0,3072.0,3072.0,0.3017578125,0.3017578125,0.3017578125,0.4586264019211133,0.3017578125
llama4_maverick,hellaswag/test/174.json,2,3072,1332.0,3072.0,6144.0,0.43359375,0.216796875,0.43359375,0.4586264019211133,0.38493702560663223
llama4_maverick,hellaswag/test/174.json,4,3072,1621.0,3072.0,12288.0,0.5276692708333334,0.13191731770833334,0.5276692708333334,0.4586264019211133,0.4294022396206856
llama4_maverick,hellaswag/test/174.json,8,3072,1889.0,3072.0,24576.0,0.6149088541666666,0.07686360677083333,0.6149088541666666,0.4586264019211133,0.4600795681277911
llama4_maverick,hellaswag/test/1742.json,1,3072,939.0,3072.0,3072.0,0.3056640625,0.3056640625,0.3056640625,0.4535619740684827,0.3056640625
llama4_maverick,hellaswag/test/1742.json,2,3072,1280.0,3072.0,6144.0,0.4166666666666667,0.20833333333333334,0.4166666666666667,0.4535619740684827,0.37569890916347504
llama4_maverick,hellaswag/test/1742.json,4,3072,1563.0,3072.0,12288.0,0.5087890625,0.127197265625,0.5087890625,0.4535619740684827,0.41909729441006977
llama4_maverick,hellaswag/test/1742.json,8,3072,1823.0,3072.0,24576.0,0.5934244791666666,0.07417805989583333,0.5934244791666666,0.4535619740684827,0.44898612797260284
llama4_maverick,hellaswag/test/1752.json,1,3072,839.0,3072.0,3072.0,0.2731119791666667,0.2731119791666667,0.2731119791666667,0.4300621300935745,0.2731119791666667
llama4_maverick,hellaswag/test/1752.json,2,3072,1198.0,3072.0,6144.0,0.3899739583333333,0.19498697916666666,0.3899739583333333,0.4300621300935745,0.3468436822295189
llama4_maverick,hellaswag/test/1752.json,4,3072,1528.0,3072.0,12288.0,0.4973958333333333,0.12434895833333333,0.4973958333333333,0.4300621300935745,0.39759844293196994
llama4_maverick,hellaswag/test/1752.json,8,3072,1854.0,3072.0,24576.0,0.603515625,0.075439453125,0.603515625,0.4300621300935745,0.43468160927295685
llama4_maverick,hellaswag/test/176.json,1,3072,915.0,3072.0,3072.0,0.2978515625,0.2978515625,0.2978515625,0.4655187502503395,0.2978515625
llama4_maverick,hellaswag/test/176.json,2,3072,1300.0,3072.0,6144.0,0.4231770833333333,0.21158854166666666,0.4231770833333333,0.4655187502503395,0.3769231562813123
llama4_maverick,hellaswag/test/176.json,4,3072,1703.0,3072.0,12288.0,0.5543619791666666,0.13859049479166666,0.5543619791666666,0.4655187502503395,0.4386567821105321
llama4_maverick,hellaswag/test/176.json,8,3072,2149.0,3072.0,24576.0,0.6995442708333334,0.08744303385416667,0.6995442708333334,0.4655187502503395,0.48981523762146634
llama4_maverick,hellaswag/test/1761.json,1,3072,867.0,3072.0,3072.0,0.2822265625,0.2822265625,0.2822265625,0.45760949204365414,0.2822265625
llama4_maverick,hellaswag/test/1761.json,2,3072,1298.0,3072.0,6144.0,0.4225260416666667,0.21126302083333334,0.4225260416666667,0.45760949204365414,0.3707456837097804
llama4_maverick,hellaswag/test/1761.json,4,3072,1686.0,3072.0,12288.0,0.548828125,0.13720703125,0.548828125,0.45760949204365414,0.4305117925008138
llama4_maverick,hellaswag/test/1761.json,8,3072,2160.0,3072.0,24576.0,0.703125,0.087890625,0.703125,0.45760949204365414,0.48491063714027405
llama4_maverick,hellaswag/test/1771.json,1,3072,973.0,3072.0,3072.0,0.3167317708333333,0.3167317708333333,0.3167317708333333,0.4647691746552785,0.3167317708333333
llama4_maverick,hellaswag/test/1771.json,2,3072,1295.0,3072.0,6144.0,0.4215494791666667,0.21077473958333334,0.4215494791666667,0.4647691746552785,0.382864385843277
llama4_maverick,hellaswag/test/1771.json,4,3072,1624.0,3072.0,12288.0,0.5286458333333334,0.13216145833333334,0.5286458333333334,0.4647691746552785,0.4332532857855161
llama4_maverick,hellaswag/test/1771.json,8,3072,1922.0,3072.0,24576.0,0.6256510416666666,0.07820638020833333,0.6256510416666666,0.4647691746552785,0.4673972601691882
llama4_maverick,hellaswag/test/1773.json,1,3072,1003.0,3072.0,3072.0,0.3264973958333333,0.3264973958333333,0.3264973958333333,0.4783190960685412,0.3264973958333333
llama4_maverick,hellaswag/test/1773.json,2,3072,1355.0,3072.0,6144.0,0.4410807291666667,0.22054036458333334,0.4410807291666667,0.4783190960685412,0.39879143486420315
llama4_maverick,hellaswag/test/1773.json,4,3072,1682.0,3072.0,12288.0,0.5475260416666666,0.13688151041666666,0.5475260416666666,0.4783190960685412,0.4487871130307515
llama4_maverick,hellaswag/test/1773.json,8,3072,1996.0,3072.0,24576.0,0.6497395833333334,0.08121744791666667,0.6497395833333334,0.4783190960685412,0.4849400594830513
llama4_maverick,hellaswag/test/1776.json,1,3072,772.0,3072.0,3072.0,0.2513020833333333,0.2513020833333333,0.2513020833333333,0.4183449521660805,0.2513020833333333
llama4_maverick,hellaswag/test/1776.json,2,3072,1131.0,3072.0,6144.0,0.3681640625,0.18408203125,0.3681640625,0.4183449521660805,0.3250337863961856
llama4_maverick,hellaswag/test/1776.json,4,3072,1531.0,3072.0,12288.0,0.4983723958333333,0.12459309895833333,0.4983723958333333,0.4183449521660805,0.3861662968993187
llama4_maverick,hellaswag/test/1776.json,8,3072,1910.0,3072.0,24576.0,0.6217447916666666,0.07771809895833333,0.6217447916666666,0.4183449521660805,0.42982372393210727
llama4_maverick,hellaswag/test/1777.json,1,3072,816.0,3072.0,3072.0,0.265625,0.265625,0.265625,0.44063224146763486,0.265625
llama4_maverick,hellaswag/test/1777.json,2,3072,1262.0,3072.0,6144.0,0.4108072916666667,0.20540364583333334,0.4108072916666667,0.44063224146763486,0.35722483197848004
llama4_maverick,hellaswag/test/1777.json,4,3072,1647.0,3072.0,12288.0,0.5361328125,0.134033203125,0.5361328125,0.44063224146763486,0.41629955420891446
llama4_maverick,hellaswag/test/1777.json,8,3072,1981.0,3072.0,24576.0,0.6448567708333334,0.08060709635416667,0.6448567708333334,0.44063224146763486,0.45470039794842404
llama4_maverick,hellaswag/test/1785.json,1,3072,879.0,3072.0,3072.0,0.2861328125,0.2861328125,0.2861328125,0.4491208766897519,0.2861328125
llama4_maverick,hellaswag/test/1785.json,2,3072,1235.0,3072.0,6144.0,0.4020182291666667,0.20100911458333334,0.4020182291666667,0.4491208766897519,0.35924837614099187
llama4_maverick,hellaswag/test/1785.json,4,3072,1628.0,3072.0,12288.0,0.5299479166666666,0.13248697916666666,0.5299479166666666,0.4491208766897519,0.41942209005355835
llama4_maverick,hellaswag/test/1785.json,8,3072,2050.0,3072.0,24576.0,0.6673177083333334,0.08341471354166667,0.6673177083333334,0.4491208766897519,0.46801568816105527
llama4_maverick,hellaswag/test/1787.json,1,3072,853.0,3072.0,3072.0,0.2776692708333333,0.2776692708333333,0.2776692708333333,0.42875449856122333,0.2776692708333333
llama4_maverick,hellaswag/test/1787.json,2,3072,1170.0,3072.0,6144.0,0.380859375,0.1904296875,0.380859375,0.42875449856122333,0.34277498225371045
llama4_maverick,hellaswag/test/1787.json,4,3072,1494.0,3072.0,12288.0,0.486328125,0.12158203125,0.486328125,0.42875449856122333,0.39221468319495517
llama4_maverick,hellaswag/test/1787.json,8,3072,1826.0,3072.0,24576.0,0.5944010416666666,0.07430013020833333,0.5944010416666666,0.42875449856122333,0.4300941377878189
llama4_maverick,hellaswag/test/1794.json,1,3072,908.0,3072.0,3072.0,0.2955729166666667,0.2955729166666667,0.2955729166666667,0.4596363380551338,0.2955729166666667
llama4_maverick,hellaswag/test/1794.json,2,3072,1279.0,3072.0,6144.0,0.4163411458333333,0.20817057291666666,0.4163411458333333,0.4596363380551338,0.3717691898345947
llama4_maverick,hellaswag/test/1794.json,4,3072,1654.0,3072.0,12288.0,0.5384114583333334,0.13460286458333334,0.5384114583333334,0.4596363380551338,0.42962250858545303
llama4_maverick,hellaswag/test/1794.json,8,3072,2090.0,3072.0,24576.0,0.6803385416666666,0.08504231770833333,0.6803385416666666,0.4596363380551338,0.4793166269858678
llama4_maverick,hellaswag/test/1815.json,1,3072,1026.0,3072.0,3072.0,0.333984375,0.333984375,0.333984375,0.4783840576807658,0.333984375
llama4_maverick,hellaswag/test/1815.json,2,3072,1380.0,3072.0,6144.0,0.44921875,0.224609375,0.44921875,0.4783840576807658,0.40668916950623196
llama4_maverick,hellaswag/test/1815.json,4,3072,1663.0,3072.0,12288.0,0.5413411458333334,0.13533528645833334,0.5413411458333334,0.4783840576807658,0.45011011759440106
llama4_maverick,hellaswag/test/1815.json,8,3072,1915.0,3072.0,24576.0,0.6233723958333334,0.07792154947916667,0.6233723958333334,0.4783840576807658,0.47877031068007153
llama4_maverick,hellaswag/test/1819.json,1,3072,953.0,3072.0,3072.0,0.3102213541666667,0.3102213541666667,0.3102213541666667,0.4579718882838885,0.3102213541666667
llama4_maverick,hellaswag/test/1819.json,2,3072,1248.0,3072.0,6144.0,0.40625,0.203125,0.40625,0.4579718882838885,0.370808685819308
llama4_maverick,hellaswag/test/1819.json,4,3072,1583.0,3072.0,12288.0,0.5152994791666666,0.12882486979166666,0.5152994791666666,0.4579718882838885,0.4222869848211606
llama4_maverick,hellaswag/test/1819.json,8,3072,1973.0,3072.0,24576.0,0.6422526041666666,0.08028157552083333,0.6422526041666666,0.4579718882838885,0.46678947408994037
llama4_maverick,hellaswag/test/1838.json,1,3072,855.0,3072.0,3072.0,0.2783203125,0.2783203125,0.2783203125,0.4380288099249204,0.2783203125
llama4_maverick,hellaswag/test/1838.json,2,3072,1203.0,3072.0,6144.0,0.3916015625,0.19580078125,0.3916015625,0.4380288099249204,0.34979282567898434
llama4_maverick,hellaswag/test/1838.json,4,3072,1590.0,3072.0,12288.0,0.517578125,0.12939453125,0.517578125,0.4380288099249204,0.40919307619333267
llama4_maverick,hellaswag/test/1838.json,8,3072,1936.0,3072.0,24576.0,0.6302083333333334,0.07877604166666667,0.6302083333333334,0.4380288099249204,0.4490074465672175
llama4_maverick,hellaswag/test/1846.json,1,3072,879.0,3072.0,3072.0,0.2861328125,0.2861328125,0.2861328125,0.4666843116283417,0.2861328125
llama4_maverick,hellaswag/test/1846.json,2,3072,1294.0,3072.0,6144.0,0.4212239583333333,0.21061197916666666,0.4212239583333333,0.4666843116283417,0.37136583278576535
llama4_maverick,hellaswag/test/1846.json,4,3072,1745.0,3072.0,12288.0,0.5680338541666666,0.14200846354166666,0.5680338541666666,0.4666843116283417,0.44082170228163403
llama4_maverick,hellaswag/test/1846.json,8,3072,2276.0,3072.0,24576.0,0.7408854166666666,0.09261067708333333,0.7408854166666666,0.4666843116283417,0.5015510817368826
llama4_maverick,hellaswag/test/1850.json,1,3072,990.0,3072.0,3072.0,0.322265625,0.322265625,0.322265625,0.45635747412840527,0.322265625
llama4_maverick,hellaswag/test/1850.json,2,3072,1270.0,3072.0,6144.0,0.4134114583333333,0.20670572916666666,0.4134114583333333,0.45635747412840527,0.37977225333452225
llama4_maverick,hellaswag/test/1850.json,4,3072,1526.0,3072.0,12288.0,0.4967447916666667,0.12418619791666667,0.4967447916666667,0.45635747412840527,0.4192274212837219
llama4_maverick,hellaswag/test/1850.json,8,3072,1781.0,3072.0,24576.0,0.5797526041666666,0.07246907552083333,0.5797526041666666,0.45635747412840527,0.4483748401204745
llama4_maverick,hellaswag/test/1853.json,1,3072,1033.0,3072.0,3072.0,0.3362630208333333,0.3362630208333333,0.3362630208333333,0.5042862693468729,0.3362630208333333
llama4_maverick,hellaswag/test/1853.json,2,3072,1440.0,3072.0,6144.0,0.46875,0.234375,0.46875,0.5042862693468729,0.41985299934943515
llama4_maverick,hellaswag/test/1853.json,4,3072,1840.0,3072.0,12288.0,0.5989583333333334,0.14973958333333334,0.5989583333333334,0.5042862693468729,0.4815722381075223
llama4_maverick,hellaswag/test/1853.json,8,3072,2303.0,3072.0,24576.0,0.7496744791666666,0.09370930989583333,0.7496744791666666,0.5042862693468729,0.5345502098401388
llama4_maverick,hellaswag/test/1854.json,1,3072,850.0,3072.0,3072.0,0.2766927083333333,0.2766927083333333,0.2766927083333333,0.4289025589823723,0.2766927083333333
llama4_maverick,hellaswag/test/1854.json,2,3072,1186.0,3072.0,6144.0,0.3860677083333333,0.19303385416666666,0.3860677083333333,0.4289025589823723,0.34570065637429553
llama4_maverick,hellaswag/test/1854.json,4,3072,1523.0,3072.0,12288.0,0.4957682291666667,0.12394205729166667,0.4957682291666667,0.4289025589823723,0.3975044662753741
llama4_maverick,hellaswag/test/1854.json,8,3072,1827.0,3072.0,24576.0,0.5947265625,0.0743408203125,0.5947265625,0.4289025589823723,0.4324365258216858
llama4_maverick,hellaswag/test/1864.json,1,3072,945.0,3072.0,3072.0,0.3076171875,0.3076171875,0.3076171875,0.4922061984737714,0.3076171875
llama4_maverick,hellaswag/test/1864.json,2,3072,1421.0,3072.0,6144.0,0.4625651041666667,0.23128255208333334,0.4625651041666667,0.4922061984737714,0.40537843853235245
llama4_maverick,hellaswag/test/1864.json,4,3072,1900.0,3072.0,12288.0,0.6184895833333334,0.15462239583333334,0.6184895833333334,0.4922061984737714,0.48002344866593677
llama4_maverick,hellaswag/test/1864.json,8,3072,2337.0,3072.0,24576.0,0.7607421875,0.0950927734375,0.7607421875,0.4922061984737714,0.529820183912913
llama4_maverick,hellaswag/test/1865.json,1,3072,970.0,3072.0,3072.0,0.3157552083333333,0.3157552083333333,0.3157552083333333,0.46293123066425323,0.3157552083333333
llama4_maverick,hellaswag/test/1865.json,2,3072,1286.0,3072.0,6144.0,0.4186197916666667,0.20930989583333334,0.4186197916666667,0.46293123066425323,0.38065554698308307
llama4_maverick,hellaswag/test/1865.json,4,3072,1628.0,3072.0,12288.0,0.5299479166666666,0.13248697916666666,0.5299479166666666,0.46293123066425323,0.4330926264325778
llama4_maverick,hellaswag/test/1865.json,8,3072,1925.0,3072.0,24576.0,0.6266276041666666,0.07832845052083333,0.6266276041666666,0.46293123066425323,0.467319130897522
llama4_maverick,hellaswag/test/1866.json,1,3072,829.0,3072.0,3072.0,0.2698567708333333,0.2698567708333333,0.2698567708333333,0.42274188498655957,0.2698567708333333
llama4_maverick,hellaswag/test/1866.json,2,3072,1180.0,3072.0,6144.0,0.3841145833333333,0.19205729166666666,0.3841145833333333,0.42274188498655957,0.3419454296429952
llama4_maverick,hellaswag/test/1866.json,4,3072,1498.0,3072.0,12288.0,0.4876302083333333,0.12190755208333333,0.4876302083333333,0.42274188498655957,0.39106299231449765
llama4_maverick,hellaswag/test/1866.json,8,3072,1743.0,3072.0,24576.0,0.5673828125,0.0709228515625,0.5673828125,0.42274188498655957,0.4190532664457957
llama4_maverick,hellaswag/test/1875.json,1,3072,890.0,3072.0,3072.0,0.2897135416666667,0.2897135416666667,0.2897135416666667,0.4341918205221494,0.2897135416666667
llama4_maverick,hellaswag/test/1875.json,2,3072,1184.0,3072.0,6144.0,0.3854166666666667,0.19270833333333334,0.3854166666666667,0.4341918205221494,0.3500954955816269
llama4_maverick,hellaswag/test/1875.json,4,3072,1490.0,3072.0,12288.0,0.4850260416666667,0.12125651041666667,0.4850260416666667,0.4341918205221494,0.3971696694691976
llama4_maverick,hellaswag/test/1875.json,8,3072,1807.0,3072.0,24576.0,0.5882161458333334,0.07352701822916667,0.5882161458333334,0.4341918205221494,0.43333612630764645
llama4_maverick,hellaswag/test/1878.json,1,3072,1015.0,3072.0,3072.0,0.3304036458333333,0.3304036458333333,0.3304036458333333,0.47682615866263706,0.3304036458333333
llama4_maverick,hellaswag/test/1878.json,2,3072,1351.0,3072.0,6144.0,0.4397786458333333,0.21988932291666666,0.4397786458333333,0.47682615866263706,0.3994115889072418
llama4_maverick,hellaswag/test/1878.json,4,3072,1657.0,3072.0,12288.0,0.5393880208333334,0.13484700520833334,0.5393880208333334,0.47682615866263706,0.44650832811991376
llama4_maverick,hellaswag/test/1878.json,8,3072,1937.0,3072.0,24576.0,0.6305338541666666,0.07881673177083333,0.6305338541666666,0.47682615866263706,0.47860034306844074
llama4_maverick,hellaswag/test/1885.json,1,3072,902.0,3072.0,3072.0,0.2936197916666667,0.2936197916666667,0.2936197916666667,0.4413524344563484,0.2936197916666667
llama4_maverick,hellaswag/test/1885.json,2,3072,1218.0,3072.0,6144.0,0.396484375,0.1982421875,0.396484375,0.4413524344563484,0.3585201178987821
llama4_maverick,hellaswag/test/1885.json,4,3072,1536.0,3072.0,12288.0,0.5,0.125,0.5,0.4413524344563484,0.40732175608476
llama4_maverick,hellaswag/test/1885.json,8,3072,1831.0,3072.0,24576.0,0.5960286458333334,0.07450358072916667,0.5960286458333334,0.4413524344563484,0.44115332265694934
llama4_maverick,hellaswag/test/1891.json,1,3072,859.0,3072.0,3072.0,0.2796223958333333,0.2796223958333333,0.2796223958333333,0.425792433321476,0.2796223958333333
llama4_maverick,hellaswag/test/1891.json,2,3072,1163.0,3072.0,6144.0,0.3785807291666667,0.18929036458333334,0.3785807291666667,0.425792433321476,0.34205815320213634
llama4_maverick,hellaswag/test/1891.json,4,3072,1476.0,3072.0,12288.0,0.48046875,0.1201171875,0.48046875,0.425792433321476,0.39047474910815555
llama4_maverick,hellaswag/test/1891.json,8,3072,1786.0,3072.0,24576.0,0.5813802083333334,0.07267252604166667,0.5813802083333334,0.425792433321476,0.42611392090717953
llama4_maverick,hellaswag/test/1894.json,1,3072,930.0,3072.0,3072.0,0.302734375,0.302734375,0.302734375,0.4456309750676155,0.302734375
llama4_maverick,hellaswag/test/1894.json,2,3072,1227.0,3072.0,6144.0,0.3994140625,0.19970703125,0.3994140625,0.4456309750676155,0.363732469578584
llama4_maverick,hellaswag/test/1894.json,4,3072,1496.0,3072.0,12288.0,0.4869791666666667,0.12174479166666667,0.4869791666666667,0.4456309750676155,0.40455884983142215
llama4_maverick,hellaswag/test/1894.json,8,3072,1874.0,3072.0,24576.0,0.6100260416666666,0.07625325520833333,0.6100260416666666,0.4456309750676155,0.4477568343281746
