model,request_file,task,k,examples,hits,truth,predicted,recall,precision,avg_hits,waste,mrr,ndcg
qwen3,Chinese-SimpleQA/中华文化/1.json,cross_token,8,12032,34563,96256,96256,0.3590737200797872,0.3590737200797872,2.8725897606382977,0.6409262799202128,0.7221657194155428,0.40194591759064985
qwen3,Chinese-SimpleQA/中华文化/1.json,cross_token,12,12032,45510,96256,144384,0.4728016954787234,0.3152011303191489,3.7824135638297873,0.6847988696808511,0.7221657194155428,0.4675762035465248
qwen3,Chinese-SimpleQA/中华文化/1.json,cross_token,16,12032,55364,96256,192512,0.5751745345744681,0.28758726728723405,4.601396276595745,0.712412732712766,0.7221657194155428,0.5200993934037326
qwen3,Chinese-SimpleQA/中华文化/100.json,cross_token,8,12032,47049,96256,96256,0.4887903091755319,0.4887903091755319,3.910322473404255,0.5112096908244681,0.8572356530341718,0.5461614941540957
qwen3,Chinese-SimpleQA/中华文化/100.json,cross_token,12,12032,58719,96256,144384,0.6100295046542553,0.4066863364361702,4.8802360372340425,0.5933136635638299,0.8572356530341718,0.6163476369911939
qwen3,Chinese-SimpleQA/中华文化/100.json,cross_token,16,12032,66928,96256,192512,0.6953125,0.34765625,5.5625,0.65234375,0.8572356530341718,0.6601626441592656
qwen3,Chinese-SimpleQA/中华文化/101.json,cross_token,8,12032,47157,96256,96256,0.4899123171542553,0.4899123171542553,3.9192985372340425,0.5100876828457447,0.8720947362523955,0.5531927706708356
qwen3,Chinese-SimpleQA/中华文化/101.json,cross_token,12,12032,58820,96256,144384,0.611078789893617,0.407385859929078,4.888630319148936,0.592614140070922,0.8720947362523955,0.6233731367632563
qwen3,Chinese-SimpleQA/中华文化/101.json,cross_token,16,12032,66873,96256,192512,0.6947411070478723,0.34737055352393614,5.557928856382978,0.6526294464760638,0.8720947362523955,0.6663655311510716
qwen3,Chinese-SimpleQA/中华文化/102.json,cross_token,8,10998,40444,87984,87984,0.45967448627023094,0.45967448627023094,3.6773958901618475,0.5403255137297691,0.8029711211457353,0.5069405396236972
qwen3,Chinese-SimpleQA/中华文化/102.json,cross_token,12,10998,51776,87984,131976,0.5884706310238225,0.3923137540158817,4.70776504819058,0.6076862459841184,0.8029711211457353,0.5814027104649724
qwen3,Chinese-SimpleQA/中华文化/102.json,cross_token,16,10998,59834,87984,175968,0.6800554646299327,0.34002773231496636,5.440443717039462,0.6599722676850337,0.8029711211457353,0.6284757101276837
qwen3,Chinese-SimpleQA/中华文化/113.json,cross_token,8,12032,40327,96256,96256,0.41895570146276595,0.41895570146276595,3.3516456117021276,0.581044298537234,0.765907541647131,0.4642354181139386
qwen3,Chinese-SimpleQA/中华文化/113.json,cross_token,12,12032,51358,96256,144384,0.5335563497340425,0.3557042331560284,4.26845079787234,0.6442957668439716,0.765907541647131,0.5305306898334687
qwen3,Chinese-SimpleQA/中华文化/113.json,cross_token,16,12032,59474,96256,192512,0.6178731715425532,0.3089365857712766,4.942985372340425,0.6910634142287234,0.765907541647131,0.5738331864262057
qwen3,Chinese-SimpleQA/中华文化/114.json,cross_token,8,12032,44450,96256,96256,0.4617893949468085,0.4617893949468085,3.694315159574468,0.5382106050531915,0.8433001841491888,0.5198431832309909
qwen3,Chinese-SimpleQA/中华文化/114.json,cross_token,12,12032,56787,96256,144384,0.5899580285904256,0.393305352393617,4.7196642287234045,0.606694647606383,0.8433001841491888,0.5939562964412691
qwen3,Chinese-SimpleQA/中华文化/114.json,cross_token,16,12032,65733,96256,192512,0.6828976894946809,0.34144884474734044,5.463181515957447,0.6585511552526595,0.8433001841491888,0.6417199421871616
qwen3,Chinese-SimpleQA/中华文化/119.json,cross_token,8,12032,45996,96256,96256,0.47785073138297873,0.47785073138297873,3.82280585106383,0.5221492686170213,0.8472122431294713,0.536981390826526
qwen3,Chinese-SimpleQA/中华文化/119.json,cross_token,12,12032,57382,96256,144384,0.5961394614361702,0.39742630762411346,4.769115691489362,0.6025736923758865,0.8472122431294713,0.6054699182912398
qwen3,Chinese-SimpleQA/中华文化/119.json,cross_token,16,12032,65294,96256,192512,0.6783369348404256,0.3391684674202128,5.4266954787234045,0.6608315325797872,0.8472122431294713,0.6476976241806276
qwen3,Chinese-SimpleQA/中华文化/121.json,cross_token,8,12032,40743,96256,96256,0.42327750997340424,0.42327750997340424,3.386220079787234,0.5767224900265957,0.7942216620286301,0.4737956178244672
qwen3,Chinese-SimpleQA/中华文化/121.json,cross_token,12,12032,52053,96256,144384,0.540776678856383,0.3605177859042553,4.326213430851064,0.6394822140957447,0.7942216620286301,0.5417135284449809
qwen3,Chinese-SimpleQA/中华文化/121.json,cross_token,16,12032,60820,96256,192512,0.6318567154255319,0.31592835771276595,5.054853723404255,0.684071642287234,0.7942216620286301,0.588491644008551
qwen3,Chinese-SimpleQA/中华文化/143.json,cross_token,8,12032,49027,96256,96256,0.5093396775265957,0.5093396775265957,4.074717420212766,0.4906603224734043,0.8824301925225735,0.5742428567270231
qwen3,Chinese-SimpleQA/中华文化/143.json,cross_token,12,12032,60525,96256,144384,0.6287919714095744,0.419194647606383,5.0303357712765955,0.580805352393617,0.8824301925225735,0.6433992905311312
qwen3,Chinese-SimpleQA/中华文化/143.json,cross_token,16,12032,68306,96256,192512,0.7096284906914894,0.3548142453457447,5.677027925531915,0.6451857546542553,0.8824301925225735,0.6849358452381663
qwen3,Chinese-SimpleQA/中华文化/145.json,cross_token,8,12032,42493,96256,96256,0.4414581948138298,0.4414581948138298,3.5316655585106385,0.5585418051861701,0.8173242302875139,0.49475138641269345
qwen3,Chinese-SimpleQA/中华文化/145.json,cross_token,12,12032,54873,96256,144384,0.570073553856383,0.3800490359042553,4.560588430851064,0.6199509640957447,0.8173242302875139,0.5692111220605552
qwen3,Chinese-SimpleQA/中华文化/145.json,cross_token,16,12032,63325,96256,192512,0.6578810671542553,0.32894053357712766,5.2630485372340425,0.6710594664228724,0.8173242302875139,0.6143232050359781
qwen3,Chinese-SimpleQA/中华文化/150.json,cross_token,8,12032,46360,96256,96256,0.4816323138297872,0.4816323138297872,3.8530585106382977,0.5183676861702128,0.8477338098917356,0.538375777142079
qwen3,Chinese-SimpleQA/中华文化/150.json,cross_token,12,12032,59120,96256,144384,0.6141954787234043,0.4094636524822695,4.913563829787234,0.5905363475177305,0.8477338098917356,0.6151511184309288
qwen3,Chinese-SimpleQA/中华文化/150.json,cross_token,16,12032,67402,96256,192512,0.7002368683510638,0.3501184341755319,5.60189494680851,0.6498815658244681,0.8477338098917356,0.659353822569348
qwen3,Chinese-SimpleQA/中华文化/151.json,cross_token,8,12032,43495,96256,96256,0.4518679355053192,0.4518679355053192,3.6149434840425534,0.5481320644946808,0.8190923423779586,0.5047784258445702
qwen3,Chinese-SimpleQA/中华文化/151.json,cross_token,12,12032,55144,96256,144384,0.5728889627659575,0.381925975177305,4.58311170212766,0.618074024822695,0.8190923423779586,0.574710562848969
qwen3,Chinese-SimpleQA/中华文化/151.json,cross_token,16,12032,63760,96256,192512,0.6624002659574468,0.3312001329787234,5.299202127659575,0.6687998670212766,0.8190923423779586,0.6206898293823443
qwen3,Chinese-SimpleQA/中华文化/156.json,cross_token,8,12032,49601,96256,96256,0.5153029421542553,0.5153029421542553,4.1224235372340425,0.4846970578457447,0.8847369112907748,0.5801951232768622
qwen3,Chinese-SimpleQA/中华文化/156.json,cross_token,12,12032,60674,96256,144384,0.6303399268617021,0.4202266179078014,5.042719414893617,0.5797733820921986,0.8847369112907748,0.6468374126358882
qwen3,Chinese-SimpleQA/中华文化/156.json,cross_token,16,12032,68293,96256,192512,0.7094934341755319,0.35474671708776595,5.675947473404255,0.645253282912234,0.8847369112907748,0.6875214144688091
qwen3,Chinese-SimpleQA/中华文化/167.json,cross_token,8,12032,48880,96256,96256,0.5078125,0.5078125,4.0625,0.4921875,0.8874049112161014,0.57351167815411
qwen3,Chinese-SimpleQA/中华文化/167.json,cross_token,12,12032,60063,96256,144384,0.6239922706117021,0.4159948470744681,4.991938164893617,0.5840051529255319,0.8874049112161014,0.6407757592392053
qwen3,Chinese-SimpleQA/中华文化/167.json,cross_token,16,12032,67673,96256,192512,0.7030522772606383,0.3515261386303192,5.624418218085107,0.6484738613696808,0.8874049112161014,0.6813865315614769
qwen3,Chinese-SimpleQA/中华文化/168.json,cross_token,8,12032,36508,96256,96256,0.3792802526595745,0.3792802526595745,3.034242021276596,0.6207197473404256,0.7427404499102646,0.4230936947524979
qwen3,Chinese-SimpleQA/中华文化/168.json,cross_token,12,12032,47665,96256,144384,0.4951899102393617,0.3301266068262411,3.9615192819148937,0.6698733931737588,0.7427404499102646,0.4900455585501507
qwen3,Chinese-SimpleQA/中华文化/168.json,cross_token,16,12032,56165,96256,192512,0.58349609375,0.291748046875,4.66796875,0.708251953125,0.7427404499102646,0.5354076119815883
qwen3,Chinese-SimpleQA/中华文化/179.json,cross_token,8,12032,41021,96256,96256,0.42616564162234044,0.42616564162234044,3.4093251329787235,0.5738343583776595,0.7950080083656028,0.4772325065913277
qwen3,Chinese-SimpleQA/中华文化/179.json,cross_token,12,12032,52174,96256,144384,0.5420337433510638,0.3613558289007092,4.33626994680851,0.6386441710992907,0.7950080083656028,0.5442009742300198
qwen3,Chinese-SimpleQA/中华文化/179.json,cross_token,16,12032,61024,96256,192512,0.6339760638297872,0.3169880319148936,5.071808510638298,0.6830119680851063,0.7950080083656028,0.5914334931547542
qwen3,Chinese-SimpleQA/中华文化/185.json,cross_token,8,12032,44332,96256,96256,0.4605634973404255,0.4605634973404255,3.684507978723404,0.5394365026595744,0.8376744153457287,0.5167478195056744
qwen3,Chinese-SimpleQA/中华文化/185.json,cross_token,12,12032,55880,96256,144384,0.5805352393617021,0.3870234929078014,4.644281914893617,0.6129765070921986,0.8376744153457287,0.5861356990876164
qwen3,Chinese-SimpleQA/中华文化/185.json,cross_token,16,12032,64530,96256,192512,0.670399767287234,0.335199883643617,5.363198138297872,0.664800116356383,0.8376744153457287,0.6322874336662647
qwen3,Chinese-SimpleQA/中华文化/203.json,cross_token,8,12032,39989,96256,96256,0.41544423204787234,0.41544423204787234,3.3235538563829787,0.5845557679521276,0.7276502855351407,0.4460280199707842
qwen3,Chinese-SimpleQA/中华文化/203.json,cross_token,12,12032,52367,96256,144384,0.5440388131648937,0.3626925421099291,4.352310505319149,0.6373074578900709,0.7276502855351407,0.5203218792212725
qwen3,Chinese-SimpleQA/中华文化/203.json,cross_token,16,12032,61484,96256,192512,0.6387549867021277,0.31937749335106386,5.110039893617022,0.6806225066489362,0.7276502855351407,0.5690467341780737
qwen3,Chinese-SimpleQA/中华文化/212.json,cross_token,8,12032,44094,96256,96256,0.45809092420212766,0.45809092420212766,3.6647273936170213,0.5419090757978724,0.8338205951206352,0.5147052101143058
qwen3,Chinese-SimpleQA/中华文化/212.json,cross_token,12,12032,55995,96256,144384,0.5817299700797872,0.3878199800531915,4.653839760638298,0.6121800199468085,0.8338205951206352,0.5862077449876287
qwen3,Chinese-SimpleQA/中华文化/212.json,cross_token,16,12032,65019,96256,192512,0.6754799700797872,0.3377399850398936,5.403839760638298,0.6622600149601063,0.8338205951206352,0.6343688314972951
qwen3,Chinese-SimpleQA/中华文化/216.json,cross_token,8,12032,39383,96256,96256,0.40914852061170215,0.40914852061170215,3.273188164893617,0.5908514793882979,0.7688771983019008,0.45777361294327
qwen3,Chinese-SimpleQA/中华文化/216.json,cross_token,12,12032,50582,96256,144384,0.5254945146276596,0.3503296764184397,4.203956117021277,0.6496703235815603,0.7688771983019008,0.5250832636383574
qwen3,Chinese-SimpleQA/中华文化/216.json,cross_token,16,12032,59239,96256,192512,0.6154317652925532,0.3077158826462766,4.923454122340425,0.6922841173537234,0.7688771983019008,0.5712512755853101
qwen3,Chinese-SimpleQA/中华文化/218.json,cross_token,8,12032,37964,96256,96256,0.3944065824468085,0.3944065824468085,3.155252659574468,0.6055934175531915,0.7247344362181286,0.4283111687548169
qwen3,Chinese-SimpleQA/中华文化/218.json,cross_token,12,12032,50097,96256,144384,0.5204558676861702,0.34697057845744683,4.163646941489362,0.6530294215425532,0.7247344362181286,0.501200784747741
qwen3,Chinese-SimpleQA/中华文化/218.json,cross_token,16,12032,59272,96256,192512,0.6157746010638298,0.3078873005319149,4.926196808510638,0.6921126994680851,0.7247344362181286,0.5501808655575793
qwen3,Chinese-SimpleQA/中华文化/225.json,cross_token,8,12032,45025,96256,96256,0.46776304853723405,0.46776304853723405,3.7421043882978724,0.532236951462766,0.8342980368326622,0.5223449174896294
qwen3,Chinese-SimpleQA/中华文化/225.json,cross_token,12,12032,57499,96256,144384,0.5973549700797872,0.39823664671985815,4.778839760638298,0.6017633532801419,0.8342980368326622,0.5972901302718816
qwen3,Chinese-SimpleQA/中华文化/225.json,cross_token,16,12032,66244,96256,192512,0.6882064494680851,0.34410322473404253,5.5056515957446805,0.6558967752659575,0.8342980368326622,0.6439724532843852
qwen3,Chinese-SimpleQA/中华文化/229.json,cross_token,8,12032,42884,96256,96256,0.4455202792553192,0.4455202792553192,3.5641622340425534,0.5544797207446808,0.8123084888026559,0.4987967257055874
qwen3,Chinese-SimpleQA/中华文化/229.json,cross_token,12,12032,54467,96256,144384,0.5658556349734043,0.3772370899822695,4.526845079787234,0.6227629100177305,0.8123084888026559,0.5684144117272808
qwen3,Chinese-SimpleQA/中华文化/229.json,cross_token,16,12032,62560,96256,192512,0.6499335106382979,0.3249667553191489,5.199468085106383,0.6750332446808511,0.8123084888026559,0.6115931101190016
qwen3,Chinese-SimpleQA/中华文化/2302.json,cross_token,8,12032,44500,96256,96256,0.4623088430851064,0.4623088430851064,3.698470744680851,0.5376911569148937,0.8181625943960014,0.5154372759325849
qwen3,Chinese-SimpleQA/中华文化/2302.json,cross_token,12,12032,55796,96256,144384,0.5796625664893617,0.3864417109929078,4.637300531914893,0.6135582890070922,0.8181625943960014,0.5833782422839527
qwen3,Chinese-SimpleQA/中华文化/2302.json,cross_token,16,12032,63671,96256,192512,0.6614756482712766,0.3307378241356383,5.291805186170213,0.6692621758643618,0.8181625943960014,0.6254059124691245
qwen3,Chinese-SimpleQA/中华文化/2308.json,cross_token,8,12032,46317,96256,96256,0.4811855884308511,0.4811855884308511,3.8494847074468086,0.5188144115691489,0.8595810247261059,0.5419337009792522
qwen3,Chinese-SimpleQA/中华文化/2308.json,cross_token,12,12032,58065,96256,144384,0.6032351230053191,0.4021567486702128,4.825880984042553,0.5978432513297872,0.8595810247261059,0.6125010897446962
qwen3,Chinese-SimpleQA/中华文化/2308.json,cross_token,16,12032,66839,96256,192512,0.6943878823138298,0.3471939411569149,5.555103058510638,0.6528060588430851,0.8595810247261059,0.6593200547444458
qwen3,Chinese-SimpleQA/中华文化/231.json,cross_token,8,12032,43927,96256,96256,0.4563559674202128,0.4563559674202128,3.6508477393617023,0.5436440325797872,0.8333579562031255,0.512745416504495
qwen3,Chinese-SimpleQA/中华文化/231.json,cross_token,12,12032,56359,96256,144384,0.5855115525265957,0.3903410350177305,4.684092420212766,0.6096589649822695,0.8333579562031255,0.5874443023832459
qwen3,Chinese-SimpleQA/中华文化/231.json,cross_token,16,12032,65204,96256,192512,0.6774019281914894,0.3387009640957447,5.419215425531915,0.6612990359042553,0.8333579562031255,0.63464003534749
qwen3,Chinese-SimpleQA/中华文化/2312.json,cross_token,8,12032,40674,96256,96256,0.42256067154255317,0.42256067154255317,3.3804853723404253,0.5774393284574468,0.8103947350293749,0.478222899673904
qwen3,Chinese-SimpleQA/中华文化/2312.json,cross_token,12,12032,52428,96256,144384,0.544672539893617,0.3631150265957447,4.357380319148936,0.6368849734042553,0.8103947350293749,0.5488542455848187
qwen3,Chinese-SimpleQA/中华文化/2312.json,cross_token,16,12032,61487,96256,192512,0.6387861535904256,0.3193930767952128,5.1102892287234045,0.6806069232047872,0.8103947350293749,0.5972091271033289
qwen3,Chinese-SimpleQA/中华文化/2314.json,cross_token,8,12032,40964,96256,96256,0.4255734707446808,0.4255734707446808,3.4045877659574466,0.5744265292553192,0.7802516181533002,0.4744357744505523
qwen3,Chinese-SimpleQA/中华文化/2314.json,cross_token,12,12032,51483,96256,144384,0.5348549700797872,0.3565699800531915,4.278839760638298,0.6434300199468085,0.7802516181533002,0.5376691446781167
qwen3,Chinese-SimpleQA/中华文化/2314.json,cross_token,16,12032,59366,96256,192512,0.6167511635638298,0.3083755817819149,4.934009308510638,0.6916244182180851,0.7802516181533002,0.5797211451950834
qwen3,Chinese-SimpleQA/中华文化/2319.json,cross_token,8,12032,49069,96256,96256,0.509776013962766,0.509776013962766,4.078208111702128,0.49022398603723405,0.8673428319428304,0.5680321001579305
qwen3,Chinese-SimpleQA/中华文化/2319.json,cross_token,12,12032,61034,96256,144384,0.6340799534574468,0.4227199689716312,5.072639627659575,0.5772800310283688,0.8673428319428304,0.6400364665116665
qwen3,Chinese-SimpleQA/中华文化/2319.json,cross_token,16,12032,68489,96256,192512,0.7115296708776596,0.3557648354388298,5.692237367021277,0.6442351645611701,0.8673428319428304,0.6798470442361946
qwen3,Chinese-SimpleQA/中华文化/2323.json,cross_token,8,12032,38119,96256,96256,0.3960168716755319,0.3960168716755319,3.168134973404255,0.6039831283244681,0.7768943829462804,0.44589012962882874
qwen3,Chinese-SimpleQA/中华文化/2323.json,cross_token,12,12032,49435,96256,144384,0.5135783743351063,0.3423855828900709,4.108626994680851,0.6576144171099291,0.7768943829462804,0.5137043215433956
qwen3,Chinese-SimpleQA/中华文化/2323.json,cross_token,16,12032,58548,96256,192512,0.6082529920212766,0.3041264960106383,4.866023936170213,0.6958735039893618,0.7768943829462804,0.5623052014262648
qwen3,Chinese-SimpleQA/中华文化/234.json,cross_token,8,12032,49236,96256,96256,0.5115109707446809,0.5115109707446809,4.092087765957447,0.4884890292553191,0.8894790462398235,0.5782062223116743
qwen3,Chinese-SimpleQA/中华文化/234.json,cross_token,12,12032,60409,96256,144384,0.6275868517287234,0.4183912344858156,5.020694813829787,0.5816087655141844,0.8894790462398235,0.6454660282549581
qwen3,Chinese-SimpleQA/中华文化/234.json,cross_token,16,12032,68209,96256,192512,0.7086207613031915,0.35431038065159576,5.668966090425532,0.6456896193484043,0.8894790462398235,0.687102289873565
qwen3,Chinese-SimpleQA/中华文化/2341.json,cross_token,8,12032,46151,96256,96256,0.47946102061170215,0.47946102061170215,3.835688164893617,0.5205389793882979,0.8576759382608982,0.5400121511953566
qwen3,Chinese-SimpleQA/中华文化/2341.json,cross_token,12,12032,58117,96256,144384,0.603775349069149,0.40251689937943264,4.830202792553192,0.5974831006205674,0.8576759382608982,0.6119094325731707
qwen3,Chinese-SimpleQA/中华文化/2341.json,cross_token,16,12032,66517,96256,192512,0.6910426363031915,0.34552131815159576,5.528341090425532,0.6544786818484043,0.8576759382608982,0.6567675445052772
qwen3,Chinese-SimpleQA/中华文化/235.json,cross_token,8,12032,48591,96256,96256,0.5048100897606383,0.5048100897606383,4.038480718085107,0.49518991023936165,0.8874406603228134,0.570978033437209
qwen3,Chinese-SimpleQA/中华文化/235.json,cross_token,12,12032,60413,96256,144384,0.6276284075797872,0.41841893838652483,5.021027260638298,0.5815810616134751,0.8874406603228134,0.6420699718996141
qwen3,Chinese-SimpleQA/中华文化/235.json,cross_token,16,12032,68585,96256,192512,0.7125270113031915,0.35626350565159576,5.700216090425532,0.6437364943484043,0.8874406603228134,0.6857109029010995
qwen3,Chinese-SimpleQA/中华文化/2369.json,cross_token,8,12032,46749,96256,96256,0.4856736203457447,0.4856736203457447,3.8853889627659575,0.5143263796542553,0.881868484677988,0.5540451187199082
qwen3,Chinese-SimpleQA/中华文化/2369.json,cross_token,12,12032,57512,96256,144384,0.5974900265957447,0.3983266843971631,4.7799202127659575,0.6016733156028369,0.881868484677988,0.6188168555245109
qwen3,Chinese-SimpleQA/中华文化/2369.json,cross_token,16,12032,65455,96256,192512,0.6800095578457447,0.34000477892287234,5.4400764627659575,0.6599952210771276,0.881868484677988,0.6611907170807343
qwen3,Chinese-SimpleQA/中华文化/239.json,cross_token,8,12032,47767,96256,96256,0.49624958444148937,0.49624958444148937,3.969996675531915,0.5037504155585106,0.8563293926970772,0.5528319623779316
qwen3,Chinese-SimpleQA/中华文化/239.json,cross_token,12,12032,59124,96256,144384,0.6142370345744681,0.40949135638297873,4.913896276595745,0.5905086436170213,0.8563293926970772,0.621158150283104
qwen3,Chinese-SimpleQA/中华文化/239.json,cross_token,16,12032,67168,96256,192512,0.6978058510638298,0.3489029255319149,5.582446808510638,0.6510970744680851,0.8563293926970772,0.6641146568103848
qwen3,Chinese-SimpleQA/中华文化/247.json,cross_token,8,12032,49092,96256,96256,0.510014960106383,0.510014960106383,4.080119680851064,0.48998503989361697,0.8929307710578415,0.5770578259200383
qwen3,Chinese-SimpleQA/中华文化/247.json,cross_token,12,12032,60124,96256,144384,0.6246259973404256,0.4164173315602837,4.9970079787234045,0.5835826684397163,0.8929307710578415,0.6434486493119285
qwen3,Chinese-SimpleQA/中华文化/247.json,cross_token,16,12032,68083,96256,192512,0.7073117519946809,0.35365587599734044,5.658494015957447,0.6463441240026595,0.8929307710578415,0.6859181383674193
qwen3,Chinese-SimpleQA/中华文化/257.json,cross_token,8,12032,50749,96256,96256,0.5272294714095744,0.5272294714095744,4.2178357712765955,0.47277052859042556,0.8935093933032707,0.5907791746201563
qwen3,Chinese-SimpleQA/中华文化/257.json,cross_token,12,12032,62003,96256,144384,0.6441468583776596,0.4294312389184397,5.153174867021277,0.5705687610815603,0.8935093933032707,0.658468042945449
qwen3,Chinese-SimpleQA/中华文化/257.json,cross_token,16,12032,69917,96256,192512,0.7263651097074468,0.3631825548537234,5.810920877659575,0.6368174451462766,0.8935093933032707,0.7007301999012617
qwen3,Chinese-SimpleQA/中华文化/262.json,cross_token,8,12032,50823,96256,96256,0.5279982546542553,0.5279982546542553,4.2239860372340425,0.4720017453457447,0.8832898439009861,0.5897364513192862
qwen3,Chinese-SimpleQA/中华文化/262.json,cross_token,12,12032,62899,96256,144384,0.6534553690159575,0.435636912677305,5.22764295212766,0.564363087322695,0.8832898439009861,0.6624458702511842
qwen3,Chinese-SimpleQA/中华文化/262.json,cross_token,16,12032,70860,96256,192512,0.7361619015957447,0.36808095079787234,5.8892952127659575,0.6319190492021276,0.8832898439009861,0.7049650545462257
qwen3,Chinese-SimpleQA/中华文化/263.json,cross_token,8,12032,39746,96256,96256,0.4129197140957447,0.4129197140957447,3.3033577127659575,0.5870802859042553,0.796391163816996,0.46620608700698646
qwen3,Chinese-SimpleQA/中华文化/263.json,cross_token,12,12032,50477,96256,144384,0.524403673537234,0.3496024490248227,4.195229388297872,0.6503975509751774,0.796391163816996,0.5305888697408064
qwen3,Chinese-SimpleQA/中华文化/263.json,cross_token,16,12032,59086,96256,192512,0.6138422539893617,0.3069211269946808,4.910738031914893,0.6930788730053192,0.796391163816996,0.5765113370575536
qwen3,Chinese-SimpleQA/中华文化/277.json,cross_token,8,12032,47298,96256,96256,0.4913771609042553,0.4913771609042553,3.9310172872340425,0.5086228390957447,0.8627090451570826,0.5516976378784149
qwen3,Chinese-SimpleQA/中华文化/277.json,cross_token,12,12032,58838,96256,144384,0.6112657912234043,0.4075105274822695,4.890126329787234,0.5924894725177305,0.8627090451570826,0.6211070882389773
qwen3,Chinese-SimpleQA/中华文化/277.json,cross_token,16,12032,66875,96256,192512,0.6947618849734043,0.34738094248670215,5.558095079787234,0.6526190575132979,0.8627090451570826,0.6640032333800052
qwen3,Chinese-SimpleQA/中华文化/39.json,cross_token,8,12032,42514,96256,96256,0.4416763630319149,0.4416763630319149,3.533410904255319,0.5583236369680851,0.8443088053991801,0.5029724608513216
qwen3,Chinese-SimpleQA/中华文化/39.json,cross_token,12,12032,53920,96256,144384,0.5601728723404256,0.3734485815602837,4.4813829787234045,0.6265514184397163,0.8443088053991801,0.5714830516707219
qwen3,Chinese-SimpleQA/中华文化/39.json,cross_token,16,12032,62464,96256,192512,0.648936170212766,0.324468085106383,5.191489361702128,0.675531914893617,0.8443088053991801,0.6170792756422793
qwen3,Chinese-SimpleQA/中华文化/42.json,cross_token,8,12032,44802,96256,96256,0.4654463098404255,0.4654463098404255,3.723570478723404,0.5345536901595744,0.8582216863157571,0.5271686005532421
qwen3,Chinese-SimpleQA/中华文化/42.json,cross_token,12,12032,56456,96256,144384,0.5865192819148937,0.3910128546099291,4.692154255319149,0.6089871453900709,0.8582216863157571,0.5972423916989491
qwen3,Chinese-SimpleQA/中华文化/42.json,cross_token,16,12032,65090,96256,192512,0.6762175864361702,0.3381087932180851,5.409740691489362,0.6618912067819149,0.8582216863157571,0.6433096035211483
qwen3,Chinese-SimpleQA/中华文化/45.json,cross_token,8,12032,42648,96256,96256,0.44306848404255317,0.44306848404255317,3.5445478723404253,0.5569315159574468,0.8236699767774667,0.49865806352653413
qwen3,Chinese-SimpleQA/中华文化/45.json,cross_token,12,12032,53892,96256,144384,0.5598819813829787,0.3732546542553192,4.47905585106383,0.6267453457446808,0.8236699767774667,0.5662158102168993
qwen3,Chinese-SimpleQA/中华文化/45.json,cross_token,16,12032,62585,96256,192512,0.6501932347074468,0.3250966173537234,5.201545877659575,0.6749033826462766,0.8236699767774667,0.6126038978754722
qwen3,Chinese-SimpleQA/中华文化/48.json,cross_token,8,12032,49193,96256,96256,0.5110642453457447,0.5110642453457447,4.0885139627659575,0.4889357546542553,0.8649203900537784,0.568745125429234
qwen3,Chinese-SimpleQA/中华文化/48.json,cross_token,12,12032,60480,96256,144384,0.6283244680851063,0.41888297872340424,5.026595744680851,0.5811170212765957,0.8649203900537784,0.6367095587917674
qwen3,Chinese-SimpleQA/中华文化/48.json,cross_token,16,12032,68305,96256,192512,0.7096181017287234,0.3548090508643617,5.676944813829787,0.6451909491356382,0.8649203900537784,0.6784596703468018
qwen3,Chinese-SimpleQA/中华文化/54.json,cross_token,8,12032,39326,96256,96256,0.40855634973404253,0.40855634973404253,3.2684507978723403,0.5914436502659575,0.7391122399051415,0.44454196831999554
qwen3,Chinese-SimpleQA/中华文化/54.json,cross_token,12,12032,51043,96256,144384,0.530283826462766,0.3535225509751773,4.242270611702128,0.6464774490248226,0.7391122399051415,0.5148294555270354
qwen3,Chinese-SimpleQA/中华文化/54.json,cross_token,16,12032,59939,96256,192512,0.6227040392287234,0.3113520196143617,4.981632313829787,0.6886479803856382,0.7391122399051415,0.562311734081989
qwen3,Chinese-SimpleQA/中华文化/55.json,cross_token,8,12032,47513,96256,96256,0.49361078789893614,0.49361078789893614,3.948886303191489,0.5063892121010638,0.8682329808205087,0.5567685493206723
qwen3,Chinese-SimpleQA/中华文化/55.json,cross_token,12,12032,59140,96256,144384,0.6144032579787234,0.4096021719858156,4.915226063829787,0.5903978280141844,0.8682329808205087,0.6266144066967493
qwen3,Chinese-SimpleQA/中华文化/55.json,cross_token,16,12032,67066,96256,192512,0.6967461768617021,0.3483730884308511,5.573969414893617,0.6516269115691489,0.8682329808205087,0.6689305907017247
qwen3,Chinese-SimpleQA/中华文化/56.json,cross_token,8,12032,49603,96256,96256,0.5153237200797872,0.5153237200797872,4.122589760638298,0.4846762799202128,0.8883169424087888,0.5787976749739996
qwen3,Chinese-SimpleQA/中华文化/56.json,cross_token,12,12032,61666,96256,144384,0.6406457779255319,0.42709718528368795,5.125166223404255,0.572902814716312,0.8883169424087888,0.6513897705033086
qwen3,Chinese-SimpleQA/中华文化/56.json,cross_token,16,12032,69567,96256,192512,0.7227289727393617,0.3613644863696808,5.781831781914893,0.6386355136303192,0.8883169424087888,0.6935840842817749
qwen3,Chinese-SimpleQA/中华文化/59.json,cross_token,8,12032,48308,96256,96256,0.5018700132978723,0.5018700132978723,4.014960106382978,0.4981299867021277,0.8728925542427051,0.5636703783571816
qwen3,Chinese-SimpleQA/中华文化/59.json,cross_token,12,12032,59471,96256,144384,0.6178420046542553,0.41189466976950356,4.9427360372340425,0.5881053302304964,0.8728925542427051,0.6308855464499192
qwen3,Chinese-SimpleQA/中华文化/59.json,cross_token,16,12032,67194,96256,192512,0.6980759640957447,0.34903798204787234,5.5846077127659575,0.6509620179521276,0.8728925542427051,0.6720810771343142
qwen3,Chinese-SimpleQA/中华文化/8.json,cross_token,8,12032,44858,96256,96256,0.4660280917553192,0.4660280917553192,3.7282247340425534,0.5339719082446808,0.8238364307224992,0.5181465140644255
qwen3,Chinese-SimpleQA/中华文化/8.json,cross_token,12,12032,56848,96256,144384,0.590591755319149,0.39372783687943264,4.724734042553192,0.6062721631205674,0.8238364307224992,0.5902015038609232
qwen3,Chinese-SimpleQA/中华文化/8.json,cross_token,16,12032,65591,96256,192512,0.6814224567819149,0.34071122839095747,5.4513796542553195,0.6592887716090425,0.8238364307224992,0.6368305737501351
qwen3,Chinese-SimpleQA/中华文化/80.json,cross_token,8,12032,47749,96256,96256,0.49606258311170215,0.49606258311170215,3.968500664893617,0.5039374168882979,0.8820272893102615,0.5622384438001018
qwen3,Chinese-SimpleQA/中华文化/80.json,cross_token,12,12032,58871,96256,144384,0.6116086269946809,0.4077390846631206,4.892869015957447,0.5922609153368794,0.8820272893102615,0.629138433920679
qwen3,Chinese-SimpleQA/中华文化/80.json,cross_token,16,12032,66581,96256,192512,0.6917075299202128,0.3458537649601064,5.533660239361702,0.6541462350398937,0.8820272893102615,0.670258855317755
qwen3,Chinese-SimpleQA/中华文化/84.json,cross_token,8,12032,44872,96256,96256,0.46617353723404253,0.46617353723404253,3.7293882978723403,0.5338264627659575,0.8366270659269724,0.5224052590839859
qwen3,Chinese-SimpleQA/中华文化/84.json,cross_token,12,12032,55996,96256,144384,0.5817403590425532,0.3878269060283688,4.653922872340425,0.6121730939716312,0.8366270659269724,0.5892946685636293
qwen3,Chinese-SimpleQA/中华文化/84.json,cross_token,16,12032,63791,96256,192512,0.6627223238031915,0.33136116190159576,5.301778590425532,0.6686388380984043,0.8366270659269724,0.6308641234577008
qwen3,Chinese-SimpleQA/中华文化/92.json,cross_token,8,12032,44294,96256,96256,0.4601687167553192,0.4601687167553192,3.6813497340425534,0.5398312832446808,0.8353103751373981,0.5166239287342876
qwen3,Chinese-SimpleQA/中华文化/92.json,cross_token,12,12032,56196,96256,144384,0.5838181515957447,0.3892121010638298,4.6705452127659575,0.6107878989361701,0.8353103751373981,0.5881314333085235
qwen3,Chinese-SimpleQA/中华文化/92.json,cross_token,16,12032,65163,96256,192512,0.6769759807180851,0.33848799035904253,5.4158078457446805,0.6615120096409575,0.8353103751373981,0.6359975561653806
qwen3,Chinese-SimpleQA/中华文化/95.json,cross_token,8,12032,45887,96256,96256,0.47671833444148937,0.47671833444148937,3.813746675531915,0.5232816655585106,0.8472020723652645,0.5344808753049632
qwen3,Chinese-SimpleQA/中华文化/95.json,cross_token,12,12032,57830,96256,144384,0.6007937167553191,0.4005291445035461,4.806349734042553,0.5994708554964538,0.8472020723652645,0.6062433991478428
qwen3,Chinese-SimpleQA/中华文化/95.json,cross_token,16,12032,66368,96256,192512,0.6894946808510638,0.3447473404255319,5.51595744680851,0.6552526595744681,0.8472020723652645,0.6518274402944708
qwen3,Chinese-SimpleQA/人文与社会科学/2345.json,cross_token,8,12032,40253,96256,96256,0.4181869182180851,0.4181869182180851,3.345495345744681,0.5818130817819149,0.7870076503284826,0.47084742148930575
qwen3,Chinese-SimpleQA/人文与社会科学/2345.json,cross_token,12,12032,51158,96256,144384,0.531478557180851,0.35431903812056736,4.251828457446808,0.6456809618794326,0.7870076503284826,0.5363333656879734
qwen3,Chinese-SimpleQA/人文与社会科学/2345.json,cross_token,16,12032,59594,96256,192512,0.6191198470744681,0.30955992353723405,4.952958776595745,0.690440076462766,0.7870076503284826,0.5813175002685679
qwen3,Chinese-SimpleQA/人文与社会科学/2350.json,cross_token,8,12032,39211,96256,96256,0.40736161901595747,0.40736161901595747,3.2588929521276597,0.5926383809840425,0.7596501382441617,0.45253065963188316
qwen3,Chinese-SimpleQA/人文与社会科学/2350.json,cross_token,12,12032,50120,96256,144384,0.5206948138297872,0.34712987588652483,4.165558510638298,0.6528701241134751,0.7596501382441617,0.5180804350377116
qwen3,Chinese-SimpleQA/人文与社会科学/2350.json,cross_token,16,12032,58232,96256,192512,0.604970079787234,0.302485039893617,4.839760638297872,0.697514960106383,0.7596501382441617,0.5613612730571462
qwen3,Chinese-SimpleQA/人文与社会科学/2353.json,cross_token,8,12032,36450,96256,96256,0.3786776928191489,0.3786776928191489,3.0294215425531914,0.6213223071808511,0.7495225854732899,0.42527296563176203
qwen3,Chinese-SimpleQA/人文与社会科学/2353.json,cross_token,12,12032,47255,96256,144384,0.4909304355053192,0.3272869570035461,3.9274434840425534,0.6727130429964538,0.7495225854732899,0.4901177849871324
qwen3,Chinese-SimpleQA/人文与社会科学/2353.json,cross_token,16,12032,56281,96256,192512,0.584701213430851,0.2923506067154255,4.677609707446808,0.7076493932845744,0.7495225854732899,0.5382639293563037
qwen3,Chinese-SimpleQA/人文与社会科学/2357.json,cross_token,8,10434,39533,83472,83472,0.47360791642706535,0.47360791642706535,3.7888633314165228,0.5263920835729347,0.856920034687841,0.5361978502071348
qwen3,Chinese-SimpleQA/人文与社会科学/2357.json,cross_token,12,10434,49170,83472,125208,0.5890598044853363,0.3927065363235576,4.712478435882691,0.6072934636764424,0.856920034687841,0.6030269065697483
qwen3,Chinese-SimpleQA/人文与社会科学/2357.json,cross_token,16,10434,55988,83472,166944,0.6707398888249952,0.3353699444124976,5.365919110599962,0.6646300555875024,0.856920034687841,0.6449743021445375
qwen3,Chinese-SimpleQA/人文与社会科学/2374.json,cross_token,8,12032,42987,96256,96256,0.4465903424202128,0.4465903424202128,3.5727227393617023,0.5534096575797872,0.7932594777896679,0.49210467215757103
qwen3,Chinese-SimpleQA/人文与社会科学/2374.json,cross_token,12,12032,55433,96256,144384,0.5758913730053191,0.3839275820035461,4.607130984042553,0.6160724179964538,0.7932594777896679,0.5669365087629796
qwen3,Chinese-SimpleQA/人文与社会科学/2374.json,cross_token,16,12032,64128,96256,192512,0.6662234042553191,0.33311170212765956,5.329787234042553,0.6668882978723405,0.7932594777896679,0.6133446578130672
qwen3,Chinese-SimpleQA/人文与社会科学/2377.json,cross_token,8,12032,36577,96256,96256,0.3799970910904255,0.3799970910904255,3.039976728723404,0.6200029089095744,0.7588352604919624,0.43158554007423705
qwen3,Chinese-SimpleQA/人文与社会科学/2377.json,cross_token,12,12032,47209,96256,144384,0.4904525432180851,0.32696836214539005,3.923620345744681,0.67303163785461,0.7588352604919624,0.4953641993145502
qwen3,Chinese-SimpleQA/人文与社会科学/2377.json,cross_token,16,12032,55832,96256,192512,0.5800365691489362,0.2900182845744681,4.64029255319149,0.7099817154255319,0.7588352604919624,0.5413512865821437
qwen3,Chinese-SimpleQA/人文与社会科学/2391.json,cross_token,8,12032,40946,96256,96256,0.4253864694148936,0.4253864694148936,3.403091755319149,0.5746135305851063,0.7927913047325867,0.4764115805636516
qwen3,Chinese-SimpleQA/人文与社会科学/2391.json,cross_token,12,12032,52252,96256,144384,0.5428440824468085,0.361896054964539,4.342752659574468,0.638103945035461,0.7927913047325867,0.5443194656460076
qwen3,Chinese-SimpleQA/人文与社会科学/2391.json,cross_token,16,12032,60336,96256,192512,0.6268284574468085,0.31341422872340424,5.014627659574468,0.6865857712765957,0.7927913047325867,0.5874808862025487
qwen3,Chinese-SimpleQA/人文与社会科学/2400.json,cross_token,8,12032,40874,96256,96256,0.4246384640957447,0.4246384640957447,3.3971077127659575,0.5753615359042553,0.7885428007801687,0.47512056607458375
qwen3,Chinese-SimpleQA/人文与社会科学/2400.json,cross_token,12,12032,52111,96256,144384,0.5413792386968085,0.360919492464539,4.331033909574468,0.639080507535461,0.7885428007801687,0.5426059916232396
qwen3,Chinese-SimpleQA/人文与社会科学/2400.json,cross_token,16,12032,60522,96256,192512,0.6287608045212766,0.3143804022606383,5.030086436170213,0.6856195977393618,0.7885428007801687,0.5874578094831143
qwen3,Chinese-SimpleQA/人文与社会科学/2412.json,cross_token,8,12032,43358,96256,96256,0.450444647606383,0.450444647606383,3.603557180851064,0.549555352393617,0.8247361956505679,0.5037863324606195
qwen3,Chinese-SimpleQA/人文与社会科学/2412.json,cross_token,12,12032,55286,96256,144384,0.5743641954787234,0.3829094636524823,4.594913563829787,0.6170905363475176,0.8247361956505679,0.5754176494245884
qwen3,Chinese-SimpleQA/人文与社会科学/2412.json,cross_token,16,12032,64118,96256,192512,0.6661195146276596,0.3330597573138298,5.328956117021277,0.6669402426861701,0.8247361956505679,0.6225540327138015
qwen3,Chinese-SimpleQA/人文与社会科学/2415.json,cross_token,8,12032,41758,96256,96256,0.4338223071808511,0.4338223071808511,3.4705784574468086,0.5661776928191489,0.7851017088568569,0.4820950742824063
qwen3,Chinese-SimpleQA/人文与社会科学/2415.json,cross_token,12,12032,53311,96256,144384,0.5538459940159575,0.369230662677305,4.43076795212766,0.630769337322695,0.7851017088568569,0.5515066489780637
qwen3,Chinese-SimpleQA/人文与社会科学/2415.json,cross_token,16,12032,61935,96256,192512,0.6434404089095744,0.3217202044547872,5.1475232712765955,0.6782797955452128,0.7851017088568569,0.597544528603327
qwen3,Chinese-SimpleQA/人文与社会科学/2416.json,cross_token,8,12032,44023,96256,96256,0.4573533078457447,0.4573533078457447,3.6588264627659575,0.5426466921542553,0.8318431628488551,0.5129171388567785
qwen3,Chinese-SimpleQA/人文与社会科学/2416.json,cross_token,12,12032,56456,96256,144384,0.5865192819148937,0.3910128546099291,4.692154255319149,0.6089871453900709,0.8318431628488551,0.5876450015885559
qwen3,Chinese-SimpleQA/人文与社会科学/2416.json,cross_token,16,12032,65242,96256,192512,0.6777967087765957,0.33889835438829785,5.422373670212766,0.6611016456117021,0.8318431628488551,0.6345584819255771
qwen3,Chinese-SimpleQA/人文与社会科学/2417.json,cross_token,8,12032,40816,96256,96256,0.4240359042553192,0.4240359042553192,3.3922872340425534,0.5759640957446808,0.7555211231490794,0.46199343801668413
qwen3,Chinese-SimpleQA/人文与社会科学/2417.json,cross_token,12,12032,52770,96256,144384,0.5482255651595744,0.365483710106383,4.3858045212765955,0.634516289893617,0.7555211231490794,0.5337276628074799
qwen3,Chinese-SimpleQA/人文与社会科学/2417.json,cross_token,16,12032,61985,96256,192512,0.6439598570478723,0.32197992852393614,5.151678856382978,0.6780200714760638,0.7555211231490794,0.5829152783690135
qwen3,Chinese-SimpleQA/人文与社会科学/2418.json,cross_token,8,12032,43492,96256,96256,0.45183676861702127,0.45183676861702127,3.61469414893617,0.5481632313829787,0.8322082747155016,0.5082047253221872
qwen3,Chinese-SimpleQA/人文与社会科学/2418.json,cross_token,12,12032,55688,96256,144384,0.5785405585106383,0.3856937056737589,4.628324468085107,0.6143062943262412,0.8322082747155016,0.5814854145955428
qwen3,Chinese-SimpleQA/人文与社会科学/2418.json,cross_token,16,12032,64764,96256,192512,0.6728307845744681,0.33641539228723405,5.382646276595745,0.663584607712766,0.8322082747155016,0.629930207969851
qwen3,Chinese-SimpleQA/人文与社会科学/2428.json,cross_token,8,12032,38955,96256,96256,0.40470204454787234,0.40470204454787234,3.2376163563829787,0.5952979554521276,0.7384380698278435,0.44035000483242764
qwen3,Chinese-SimpleQA/人文与社会科学/2428.json,cross_token,12,12032,51302,96256,144384,0.532974567819149,0.35531637854609927,4.263796542553192,0.6446836214539007,0.7384380698278435,0.5145100240124313
qwen3,Chinese-SimpleQA/人文与社会科学/2428.json,cross_token,16,12032,60473,96256,192512,0.6282517453457447,0.31412587267287234,5.0260139627659575,0.6858741273271276,0.7384380698278435,0.5634412625334455
qwen3,Chinese-SimpleQA/人文与社会科学/2434.json,cross_token,8,12032,39705,96256,96256,0.41249376662234044,0.41249376662234044,3.2999501329787235,0.5875062333776595,0.7747911229612416,0.46006322578261455
qwen3,Chinese-SimpleQA/人文与社会科学/2434.json,cross_token,12,12032,50906,96256,144384,0.5288605385638298,0.35257369237588654,4.230884308510638,0.6474263076241135,0.7747911229612416,0.5273126887739253
qwen3,Chinese-SimpleQA/人文与社会科学/2434.json,cross_token,16,12032,59725,96256,192512,0.6204808011968085,0.31024040059840424,4.963846409574468,0.6897595994015957,0.7747911229612416,0.574337639914705
qwen3,Chinese-SimpleQA/人文与社会科学/2439.json,cross_token,8,12032,43338,96256,96256,0.45023686835106386,0.45023686835106386,3.601894946808511,0.5497631316489362,0.8275302919359016,0.5058763926872611
qwen3,Chinese-SimpleQA/人文与社会科学/2439.json,cross_token,12,12032,55119,96256,144384,0.5726292386968085,0.38175282579787234,4.581033909574468,0.6182471742021276,0.8275302919359016,0.5766339930924375
qwen3,Chinese-SimpleQA/人文与社会科学/2439.json,cross_token,16,12032,63892,96256,192512,0.6637716090425532,0.3318858045212766,5.310172872340425,0.6681141954787234,0.8275302919359016,0.6234543045328321
qwen3,Chinese-SimpleQA/人文与社会科学/2456.json,cross_token,8,12032,46507,96256,96256,0.483159491356383,0.483159491356383,3.865275930851064,0.516840508643617,0.8540619377843331,0.5413025891502896
qwen3,Chinese-SimpleQA/人文与社会科学/2456.json,cross_token,12,12032,58339,96256,144384,0.6060816988031915,0.40405446586879434,4.848653590425532,0.5959455341312057,0.8540619377843331,0.6123923177584951
qwen3,Chinese-SimpleQA/人文与社会科学/2456.json,cross_token,16,12032,66569,96256,192512,0.6915828623670213,0.34579143118351063,5.53266289893617,0.6542085688164894,0.8540619377843331,0.6563362682376088
qwen3,Chinese-SimpleQA/人文与社会科学/2457.json,cross_token,8,12032,36513,96256,96256,0.37933219747340424,0.37933219747340424,3.034657579787234,0.6206678025265957,0.714346802368192,0.41514092437198347
qwen3,Chinese-SimpleQA/人文与社会科学/2457.json,cross_token,12,12032,48222,96256,144384,0.5009765625,0.333984375,4.0078125,0.666015625,0.714346802368192,0.4854652097335572
qwen3,Chinese-SimpleQA/人文与社会科学/2457.json,cross_token,16,12032,57082,96256,192512,0.593022772606383,0.2965113863031915,4.744182180851064,0.7034886136968085,0.714346802368192,0.5327358842609579
qwen3,Chinese-SimpleQA/人文与社会科学/2459.json,cross_token,8,12032,48141,96256,96256,0.5001350565159575,0.5001350565159575,4.00108045212766,0.49986494348404253,0.8723772207627801,0.5617543141561918
qwen3,Chinese-SimpleQA/人文与社会科学/2459.json,cross_token,12,12032,59645,96256,144384,0.6196496841755319,0.41309978945035464,4.957197473404255,0.5869002105496454,0.8723772207627801,0.6309325005214901
qwen3,Chinese-SimpleQA/人文与社会科学/2459.json,cross_token,16,12032,67701,96256,192512,0.7033431682180851,0.35167158410904253,5.6267453457446805,0.6483284158909575,0.8723772207627801,0.6739408428962609
qwen3,Chinese-SimpleQA/人文与社会科学/2461.json,cross_token,8,12032,39322,96256,96256,0.40851479388297873,0.40851479388297873,3.26811835106383,0.5914852061170213,0.7522589490961555,0.4513646917880637
qwen3,Chinese-SimpleQA/人文与社会科学/2461.json,cross_token,12,12032,50889,96256,144384,0.5286839261968085,0.35245595079787234,4.229471409574468,0.6475440492021276,0.7522589490961555,0.5207991480198426
qwen3,Chinese-SimpleQA/人文与社会科学/2461.json,cross_token,16,12032,59612,96256,192512,0.6193068484042553,0.30965342420212766,4.9544547872340425,0.6903465757978724,0.7522589490961555,0.5673826906315909
qwen3,Chinese-SimpleQA/人文与社会科学/2477.json,cross_token,8,12032,37491,96256,96256,0.38949260305851063,0.38949260305851063,3.115940824468085,0.6105073969414894,0.7623932065837525,0.4376192155032033
qwen3,Chinese-SimpleQA/人文与社会科学/2477.json,cross_token,12,12032,49005,96256,144384,0.5091111203457447,0.3394074135638298,4.0728889627659575,0.6605925864361701,0.7623932065837525,0.5066862433042769
qwen3,Chinese-SimpleQA/人文与社会科学/2477.json,cross_token,16,12032,58471,96256,192512,0.6074530418882979,0.3037265209441489,4.859624335106383,0.6962734790558511,0.7623932065837525,0.557192704028884
qwen3,Chinese-SimpleQA/人文与社会科学/2486.json,cross_token,8,12032,43507,96256,96256,0.45199260305851063,0.45199260305851063,3.615940824468085,0.5480073969414894,0.8062110596273969,0.5028602073478516
qwen3,Chinese-SimpleQA/人文与社会科学/2486.json,cross_token,12,12032,55448,96256,144384,0.5760472074468085,0.38403147163120566,4.608377659574468,0.6159685283687943,0.8062110596273969,0.5746196812342674
qwen3,Chinese-SimpleQA/人文与社会科学/2486.json,cross_token,16,12032,63844,96256,192512,0.6632729388297872,0.3316364694148936,5.306183510638298,0.6683635305851063,0.8062110596273969,0.6194076209475501
qwen3,Chinese-SimpleQA/人文与社会科学/2492.json,cross_token,8,12032,39441,96256,96256,0.40975108045212766,0.40975108045212766,3.2780086436170213,0.5902489195478724,0.7472492704823147,0.44941768748817007
qwen3,Chinese-SimpleQA/人文与社会科学/2492.json,cross_token,12,12032,51129,96256,144384,0.5311772772606383,0.3541181848404255,4.249418218085107,0.6458818151595744,0.7472492704823147,0.5195971833706213
qwen3,Chinese-SimpleQA/人文与社会科学/2492.json,cross_token,16,12032,59611,96256,192512,0.6192964594414894,0.3096482297207447,4.954371675531915,0.6903517702792553,0.7472492704823147,0.5648693875573833
qwen3,Chinese-SimpleQA/人文与社会科学/2499.json,cross_token,8,12032,39689,96256,96256,0.4123275432180851,0.4123275432180851,3.298620345744681,0.5876724567819149,0.7712478382781288,0.45711953764842966
qwen3,Chinese-SimpleQA/人文与社会科学/2499.json,cross_token,12,12032,51008,96256,144384,0.5299202127659575,0.3532801418439716,4.23936170212766,0.6467198581560284,0.7712478382781288,0.5250565176579315
qwen3,Chinese-SimpleQA/人文与社会科学/2499.json,cross_token,16,12032,60126,96256,192512,0.6246467752659575,0.31232338763297873,4.99717420212766,0.6876766123670213,0.7712478382781288,0.5737083169848973
qwen3,Chinese-SimpleQA/人文与社会科学/2503.json,cross_token,8,12032,45991,96256,96256,0.4777987865691489,0.4777987865691489,3.8223902925531914,0.5222012134308511,0.8534423559273663,0.5360545821269955
qwen3,Chinese-SimpleQA/人文与社会科学/2503.json,cross_token,12,12032,58382,96256,144384,0.6065284242021277,0.40435228280141844,4.852227393617022,0.5956477171985816,0.8534423559273663,0.6105016280426769
qwen3,Chinese-SimpleQA/人文与社会科学/2503.json,cross_token,16,12032,67266,96256,192512,0.6988239694148937,0.34941198470744683,5.590591755319149,0.6505880152925532,0.8534423559273663,0.6579407910748217
qwen3,Chinese-SimpleQA/人文与社会科学/2512.json,cross_token,8,12032,40766,96256,96256,0.42351645611702127,0.42351645611702127,3.38813164893617,0.5764835438829787,0.7824024877389318,0.47526797666516096
qwen3,Chinese-SimpleQA/人文与社会科学/2512.json,cross_token,12,12032,51902,96256,144384,0.5392079454787234,0.3594719636524823,4.313663563829787,0.6405280363475176,0.7824024877389318,0.5421427393405568
qwen3,Chinese-SimpleQA/人文与社会科学/2512.json,cross_token,16,12032,60298,96256,192512,0.6264336768617021,0.3132168384308511,5.011469414893617,0.6867831615691489,0.7824024877389318,0.5869297245510121
qwen3,Chinese-SimpleQA/人文与社会科学/2519.json,cross_token,8,12032,38649,96256,96256,0.40152302194148937,0.40152302194148937,3.212184175531915,0.5984769780585106,0.7643519734682945,0.4495214364565318
qwen3,Chinese-SimpleQA/人文与社会科学/2519.json,cross_token,12,12032,49246,96256,144384,0.5116148603723404,0.3410765735815603,4.092918882978723,0.6589234264184397,0.7643519734682945,0.5131338144972438
qwen3,Chinese-SimpleQA/人文与社会科学/2519.json,cross_token,16,12032,57769,96256,192512,0.6001599900265957,0.30007999501329785,4.801279920212766,0.6999200049867021,0.7643519734682945,0.5585630227401425
qwen3,Chinese-SimpleQA/人文与社会科学/2526.json,cross_token,8,12032,40737,96256,96256,0.4232151761968085,0.4232151761968085,3.385721409574468,0.5767848238031915,0.7612245579647186,0.4656229915727476
qwen3,Chinese-SimpleQA/人文与社会科学/2526.json,cross_token,12,12032,52393,96256,144384,0.5443089261968085,0.362872617464539,4.354471409574468,0.637127382535461,0.7612245579647186,0.5356517479592191
qwen3,Chinese-SimpleQA/人文与社会科学/2526.json,cross_token,16,12032,61232,96256,192512,0.6361369680851063,0.31806848404255317,5.089095744680851,0.6819315159574468,0.7612245579647186,0.5828206913535002
qwen3,Chinese-SimpleQA/人文与社会科学/292.json,cross_token,8,12032,36169,96256,96256,0.3757583942819149,0.3757583942819149,3.006067154255319,0.6242416057180851,0.7107112755835955,0.415126056552807
qwen3,Chinese-SimpleQA/人文与社会科学/292.json,cross_token,12,12032,46689,96256,144384,0.4850502825797872,0.3233668550531915,3.8804022606382977,0.6766331449468085,0.7107112755835955,0.47827418695209517
qwen3,Chinese-SimpleQA/人文与社会科学/292.json,cross_token,16,12032,54859,96256,192512,0.5699281083776596,0.2849640541888298,4.559424867021277,0.7150359458111701,0.7107112755835955,0.521819898965229
qwen3,Chinese-SimpleQA/人文与社会科学/294.json,cross_token,8,12032,48054,96256,96256,0.4992312167553192,0.4992312167553192,3.9938497340425534,0.5007687832446808,0.8757529824373832,0.5628355501261849
qwen3,Chinese-SimpleQA/人文与社会科学/294.json,cross_token,12,12032,59847,96256,144384,0.6217482546542553,0.4144988364361702,4.9739860372340425,0.5855011635638299,0.8757529824373832,0.6337707415292323
qwen3,Chinese-SimpleQA/人文与社会科学/294.json,cross_token,16,12032,68360,96256,192512,0.710189494680851,0.3550947473404255,5.681515957446808,0.6449052526595744,0.8757529824373832,0.679208933317921
qwen3,Chinese-SimpleQA/人文与社会科学/298.json,cross_token,8,12032,47216,96256,96256,0.49052526595744683,0.49052526595744683,3.9242021276595747,0.5094747340425532,0.8478765081104209,0.5464937339532066
qwen3,Chinese-SimpleQA/人文与社会科学/298.json,cross_token,12,12032,58633,96256,144384,0.609136053856383,0.406090702570922,4.873088430851064,0.593909297429078,0.8478765081104209,0.6151416079332099
qwen3,Chinese-SimpleQA/人文与社会科学/298.json,cross_token,16,12032,66392,96256,192512,0.6897440159574468,0.3448720079787234,5.517952127659575,0.6551279920212766,0.8478765081104209,0.6565471819852673
qwen3,Chinese-SimpleQA/人文与社会科学/301.json,cross_token,8,12032,45577,96256,96256,0.47349775598404253,0.47349775598404253,3.7879820478723403,0.5265022440159575,0.8336781369484374,0.5279477081016882
qwen3,Chinese-SimpleQA/人文与社会科学/301.json,cross_token,12,12032,58001,96256,144384,0.6025702293882979,0.40171348625886527,4.820561835106383,0.5982865137411347,0.8336781369484374,0.6025483474661971
qwen3,Chinese-SimpleQA/人文与社会科学/301.json,cross_token,16,12032,66758,96256,192512,0.6935463763297872,0.3467731881648936,5.548371010638298,0.6532268118351063,0.8336781369484374,0.6493268958464856
qwen3,Chinese-SimpleQA/人文与社会科学/308.json,cross_token,8,12032,36682,96256,96256,0.3810879321808511,0.3810879321808511,3.0487034574468086,0.6189120678191489,0.7301042600271603,0.42495308979718616
qwen3,Chinese-SimpleQA/人文与社会科学/308.json,cross_token,12,12032,46669,96256,144384,0.4848425033244681,0.32322833554964536,3.878740026595745,0.6767716644503546,0.7301042600271603,0.48490428474555963
qwen3,Chinese-SimpleQA/人文与社会科学/308.json,cross_token,16,12032,54912,96256,192512,0.5704787234042553,0.28523936170212766,4.5638297872340425,0.7147606382978724,0.7301042600271603,0.5288388186942448
qwen3,Chinese-SimpleQA/人文与社会科学/314.json,cross_token,8,12032,39825,96256,96256,0.4137404421542553,0.4137404421542553,3.3099235372340425,0.5862595578457447,0.738444811788246,0.4531509655731474
qwen3,Chinese-SimpleQA/人文与社会科学/314.json,cross_token,12,12032,51097,96256,144384,0.5308448304521277,0.35389655363475175,4.246758643617022,0.6461034463652482,0.738444811788246,0.5208132623788068
qwen3,Chinese-SimpleQA/人文与社会科学/314.json,cross_token,16,12032,59710,96256,192512,0.6203249667553191,0.31016248337765956,4.962599734042553,0.6898375166223405,0.738444811788246,0.5667877713361518
qwen3,Chinese-SimpleQA/人文与社会科学/323.json,cross_token,8,12032,41423,96256,96256,0.4303420046542553,0.4303420046542553,3.4427360372340425,0.5696579953457447,0.7856413852701656,0.47462055667236125
qwen3,Chinese-SimpleQA/人文与社会科学/323.json,cross_token,12,12032,53505,96256,144384,0.5558614527925532,0.37057430186170215,4.446891622340425,0.6294256981382979,0.7856413852701656,0.5472078264621605
qwen3,Chinese-SimpleQA/人文与社会科学/323.json,cross_token,16,12032,61851,96256,192512,0.642567736037234,0.321283868018617,5.140541888297872,0.678716131981383,0.7856413852701656,0.5917437991134028
qwen3,Chinese-SimpleQA/人文与社会科学/327.json,cross_token,8,12032,43495,96256,96256,0.4518679355053192,0.4518679355053192,3.6149434840425534,0.5481320644946808,0.8181677149470695,0.5054911693883192
qwen3,Chinese-SimpleQA/人文与社会科学/327.json,cross_token,12,12032,55231,96256,144384,0.5737928025265957,0.3825285350177305,4.590342420212766,0.6174714649822695,0.8181677149470695,0.5759928689695496
qwen3,Chinese-SimpleQA/人文与社会科学/327.json,cross_token,16,12032,63718,96256,192512,0.6619639295212766,0.3309819647606383,5.295711436170213,0.6690180352393618,0.8181677149470695,0.6212796969980258
qwen3,Chinese-SimpleQA/人文与社会科学/330.json,cross_token,8,12032,36696,96256,96256,0.3812333776595745,0.3812333776595745,3.049867021276596,0.6187666223404256,0.7220118847023645,0.42021281157657686
qwen3,Chinese-SimpleQA/人文与社会科学/330.json,cross_token,12,12032,48449,96256,144384,0.5033348570478723,0.33555657136524825,4.026678856382978,0.6644434286347518,0.7220118847023645,0.49077885352163564
qwen3,Chinese-SimpleQA/人文与社会科学/330.json,cross_token,16,12032,57381,96256,192512,0.5961290724734043,0.29806453623670215,4.769032579787234,0.7019354637632979,0.7220118847023645,0.5384097545458211
qwen3,Chinese-SimpleQA/人文与社会科学/333.json,cross_token,8,12032,37331,96256,96256,0.38783036901595747,0.38783036901595747,3.1026429521276597,0.6121696309840425,0.772838139874597,0.4385125394343458
qwen3,Chinese-SimpleQA/人文与社会科学/333.json,cross_token,12,12032,47918,96256,144384,0.4978183178191489,0.33187887854609927,3.9825465425531914,0.6681211214539007,0.772838139874597,0.5020347088049671
qwen3,Chinese-SimpleQA/人文与社会科学/333.json,cross_token,16,12032,56957,96256,192512,0.5917241522606383,0.2958620761303192,4.733793218085107,0.7041379238696808,0.772838139874597,0.5502500704531754
qwen3,Chinese-SimpleQA/人文与社会科学/337.json,cross_token,8,12032,44140,96256,96256,0.4585688164893617,0.4585688164893617,3.6685505319148937,0.5414311835106382,0.8374465766981012,0.5154130438008231
qwen3,Chinese-SimpleQA/人文与社会科学/337.json,cross_token,12,12032,56328,96256,144384,0.585189494680851,0.39012632978723405,4.681515957446808,0.609873670212766,0.8374465766981012,0.588620798379815
qwen3,Chinese-SimpleQA/人文与社会科学/337.json,cross_token,16,12032,65338,96256,192512,0.6787940492021277,0.33939702460106386,5.430352393617022,0.6606029753989362,0.8374465766981012,0.6367144493317074
qwen3,Chinese-SimpleQA/人文与社会科学/340.json,cross_token,8,12032,46056,96256,96256,0.47847406914893614,0.47847406914893614,3.827792553191489,0.5215259308510638,0.8442626450350537,0.5351327161871345
qwen3,Chinese-SimpleQA/人文与社会科学/340.json,cross_token,12,12032,57900,96256,144384,0.6015209441489362,0.40101396276595747,4.81216755319149,0.5989860372340425,0.8442626450350537,0.6063904858175007
qwen3,Chinese-SimpleQA/人文与社会科学/340.json,cross_token,16,12032,66209,96256,192512,0.6878428357712766,0.3439214178856383,5.502742686170213,0.6560785821143618,0.8442626450350537,0.650726722994788
qwen3,Chinese-SimpleQA/人文与社会科学/341.json,cross_token,8,12032,37268,96256,96256,0.38717586436170215,0.38717586436170215,3.097406914893617,0.6128241356382979,0.7367337324848995,0.4291761111493589
qwen3,Chinese-SimpleQA/人文与社会科学/341.json,cross_token,12,12032,48800,96256,144384,0.5069813829787234,0.3379875886524823,4.055851063829787,0.6620124113475176,0.7367337324848995,0.4984183172305788
qwen3,Chinese-SimpleQA/人文与社会科学/341.json,cross_token,16,12032,57510,96256,192512,0.5974692486702128,0.2987346243351064,4.779753989361702,0.7012653756648937,0.7367337324848995,0.5448757112294249
qwen3,Chinese-SimpleQA/人文与社会科学/344.json,cross_token,8,12032,45353,96256,96256,0.4711706283244681,0.4711706283244681,3.769365026595745,0.5288293716755319,0.8190749834503529,0.5214175647619592
qwen3,Chinese-SimpleQA/人文与社会科学/344.json,cross_token,12,12032,57107,96256,144384,0.5932824966755319,0.39552166445035464,4.746259973404255,0.6044783355496454,0.8190749834503529,0.5920336731824632
qwen3,Chinese-SimpleQA/人文与社会科学/344.json,cross_token,16,12032,65607,96256,192512,0.6815886801861702,0.3407943400930851,5.452709441489362,0.6592056599069149,0.8190749834503529,0.6373704283241053
qwen3,Chinese-SimpleQA/人文与社会科学/353.json,cross_token,8,12032,36935,96256,96256,0.3837163397606383,0.3837163397606383,3.0697307180851063,0.6162836602393618,0.7757596179185084,0.43670096399721664
qwen3,Chinese-SimpleQA/人文与社会科学/353.json,cross_token,12,12032,47369,96256,144384,0.4921147772606383,0.3280765181737589,3.9369182180851063,0.6719234818262412,0.7757596179185084,0.4993294941727487
qwen3,Chinese-SimpleQA/人文与社会科学/353.json,cross_token,16,12032,55701,96256,192512,0.5786756150265957,0.28933780751329785,4.629404920212766,0.7106621924867021,0.7757596179185084,0.5437716760499681
qwen3,Chinese-SimpleQA/人文与社会科学/355.json,cross_token,8,12032,42878,96256,96256,0.4454579454787234,0.4454579454787234,3.5636635638297873,0.5545420545212766,0.789847382524042,0.49442284342770787
qwen3,Chinese-SimpleQA/人文与社会科学/355.json,cross_token,12,12032,53731,96256,144384,0.5582093583776596,0.3721395722517731,4.465674867021277,0.6278604277482269,0.789847382524042,0.5596339257537917
qwen3,Chinese-SimpleQA/人文与社会科学/355.json,cross_token,16,12032,62166,96256,192512,0.6458402593085106,0.3229201296542553,5.166722074468085,0.6770798703457447,0.789847382524042,0.604652730569679
qwen3,Chinese-SimpleQA/人文与社会科学/356.json,cross_token,8,12032,49280,96256,96256,0.511968085106383,0.511968085106383,4.095744680851064,0.48803191489361697,0.8921142710452695,0.579164904888098
qwen3,Chinese-SimpleQA/人文与社会科学/356.json,cross_token,12,12032,59965,96256,144384,0.6229741522606383,0.4153161015070922,4.983793218085107,0.5846838984929078,0.8921142710452695,0.6434604829753867
qwen3,Chinese-SimpleQA/人文与社会科学/356.json,cross_token,16,12032,67794,96256,192512,0.7043093417553191,0.35215467087765956,5.634474734042553,0.6478453291223405,0.8921142710452695,0.6852315299910665
qwen3,Chinese-SimpleQA/人文与社会科学/374.json,cross_token,8,12032,44613,96256,96256,0.46348279587765956,0.46348279587765956,3.7078623670212765,0.5365172041223405,0.8433084142900432,0.5215006361258134
qwen3,Chinese-SimpleQA/人文与社会科学/374.json,cross_token,12,12032,56928,96256,144384,0.5914228723404256,0.394281914893617,4.7313829787234045,0.605718085106383,0.8433084142900432,0.595500712809805
qwen3,Chinese-SimpleQA/人文与社会科学/374.json,cross_token,16,12032,65882,96256,192512,0.6844456449468085,0.34222282247340424,5.475565159574468,0.6577771775265957,0.8433084142900432,0.6432848145140685
qwen3,Chinese-SimpleQA/人文与社会科学/382.json,cross_token,8,12032,28346,96256,96256,0.2944855385638298,0.2944855385638298,2.3558843085106385,0.7055144614361701,0.6403181230623541,0.3286874390899898
qwen3,Chinese-SimpleQA/人文与社会科学/382.json,cross_token,12,12032,37561,96256,144384,0.39021983045212766,0.26014655363475175,3.1217586436170213,0.7398534463652482,0.6403181230623541,0.38401562450391885
qwen3,Chinese-SimpleQA/人文与社会科学/382.json,cross_token,16,12032,46153,96256,192512,0.47948179853723405,0.23974089926861702,3.8358543882978724,0.760259100731383,0.6403181230623541,0.42979100016689914
qwen3,Chinese-SimpleQA/人文与社会科学/392.json,cross_token,8,12032,43780,96256,96256,0.454828789893617,0.454828789893617,3.638630319148936,0.545171210106383,0.8443261328150476,0.5156899629985408
qwen3,Chinese-SimpleQA/人文与社会科学/392.json,cross_token,12,12032,55130,96256,144384,0.572743517287234,0.3818290115248227,4.581948138297872,0.6181709884751774,0.8443261328150476,0.5839059564909412
qwen3,Chinese-SimpleQA/人文与社会科学/392.json,cross_token,16,12032,63515,96256,192512,0.6598549700797872,0.3299274850398936,5.278839760638298,0.6700725149601063,0.8443261328150476,0.6286489854740486
qwen3,Chinese-SimpleQA/人文与社会科学/405.json,cross_token,8,12032,43877,96256,96256,0.4558365192819149,0.4558365192819149,3.646692154255319,0.5441634807180851,0.8375712508283387,0.5132413266985777
qwen3,Chinese-SimpleQA/人文与社会科学/405.json,cross_token,12,12032,56107,96256,144384,0.5828935339095744,0.38859568927304966,4.6631482712765955,0.6114043107269503,0.8375712508283387,0.5867029701615156
qwen3,Chinese-SimpleQA/人文与社会科学/405.json,cross_token,16,12032,65148,96256,192512,0.6768201462765957,0.33841007313829785,5.414561170212766,0.6615899268617021,0.8375712508283387,0.6349674788768923
qwen3,Chinese-SimpleQA/人文与社会科学/406.json,cross_token,8,12032,44263,96256,96256,0.4598466589095745,0.4598466589095745,3.678773271276596,0.5401533410904256,0.8261495990387314,0.5149531440022863
qwen3,Chinese-SimpleQA/人文与社会科学/406.json,cross_token,12,12032,56116,96256,144384,0.5829870345744681,0.38865802304964536,4.663896276595745,0.6113419769503546,0.8261495990387314,0.5861669013665476
qwen3,Chinese-SimpleQA/人文与社会科学/406.json,cross_token,16,12032,64877,96256,192512,0.6740047373670213,0.33700236868351063,5.39203789893617,0.6629976313164894,0.8261495990387314,0.6329101244187537
qwen3,Chinese-SimpleQA/人文与社会科学/410.json,cross_token,8,12032,37354,96256,96256,0.3880693151595745,0.3880693151595745,3.104554521276596,0.6119306848404256,0.7609083827612012,0.43638013726523855
qwen3,Chinese-SimpleQA/人文与社会科学/410.json,cross_token,12,12032,48152,96256,144384,0.500249335106383,0.33349955673758863,4.001994680851064,0.6665004432624113,0.7609083827612012,0.5012134781241467
qwen3,Chinese-SimpleQA/人文与社会科学/410.json,cross_token,16,12032,56638,96256,192512,0.5884100731382979,0.2942050365691489,4.707280585106383,0.7057949634308511,0.7609083827612012,0.5464960188549833
qwen3,Chinese-SimpleQA/人文与社会科学/419.json,cross_token,8,10810,32777,86480,86480,0.37901248843663277,0.37901248843663277,3.032099907493062,0.6209875115633672,0.7422118216697413,0.4250896736176186
qwen3,Chinese-SimpleQA/人文与社会科学/419.json,cross_token,12,10810,42671,86480,129720,0.4934204440333025,0.3289469626888683,3.94736355226642,0.6710530373111316,0.7422118216697413,0.4911308911767985
qwen3,Chinese-SimpleQA/人文与社会科学/419.json,cross_token,16,10810,50594,86480,172960,0.5850370027752081,0.29251850138760405,4.680296022201665,0.707481498612396,0.7422118216697413,0.5381770566012631
qwen3,Chinese-SimpleQA/人文与社会科学/421.json,cross_token,8,12032,43444,96256,96256,0.4513380984042553,0.4513380984042553,3.6107047872340425,0.5486619015957447,0.8311693648418679,0.5076270812000442
qwen3,Chinese-SimpleQA/人文与社会科学/421.json,cross_token,12,12032,55642,96256,144384,0.5780626662234043,0.38537511081560283,4.624501329787234,0.6146248891843972,0.8311693648418679,0.5809006853488897
qwen3,Chinese-SimpleQA/人文与社会科学/421.json,cross_token,16,12032,64609,96256,192512,0.6712204953457447,0.33561024767287234,5.3697639627659575,0.6643897523271276,0.8311693648418679,0.6287835801324569
qwen3,Chinese-SimpleQA/人文与社会科学/423.json,cross_token,8,12032,45558,96256,96256,0.47330036569148937,0.47330036569148937,3.786402925531915,0.5266996343085106,0.8428035176839785,0.5305081912435217
qwen3,Chinese-SimpleQA/人文与社会科学/423.json,cross_token,12,12032,57477,96256,144384,0.5971264128989362,0.39808427526595747,4.77701130319149,0.6019157247340425,0.8428035176839785,0.6021580767934597
qwen3,Chinese-SimpleQA/人文与社会科学/423.json,cross_token,16,12032,66050,96256,192512,0.6861909906914894,0.3430954953457447,5.489527925531915,0.6569045046542553,0.8428035176839785,0.6479140651898377
qwen3,Chinese-SimpleQA/人文与社会科学/429.json,cross_token,8,12032,34907,96256,96256,0.3626475232712766,0.3626475232712766,2.9011801861702127,0.6373524767287234,0.6772130226174388,0.3932044873242765
qwen3,Chinese-SimpleQA/人文与社会科学/429.json,cross_token,12,12032,46130,96256,144384,0.479242852393617,0.319495234929078,3.833942819148936,0.680504765070922,0.6772130226174388,0.4605309720529199
qwen3,Chinese-SimpleQA/人文与社会科学/429.json,cross_token,16,12032,55177,96256,192512,0.573231798537234,0.286615899268617,4.585854388297872,0.713384100731383,0.6772130226174388,0.5088034771960351
qwen3,Chinese-SimpleQA/人文与社会科学/432.json,cross_token,8,12032,44093,96256,96256,0.4580805352393617,0.4580805352393617,3.6646442819148937,0.5419194647606382,0.8162638084630337,0.5099628755569172
qwen3,Chinese-SimpleQA/人文与社会科学/432.json,cross_token,12,12032,56113,96256,144384,0.5829558676861702,0.38863724512411346,4.663646941489362,0.6113627548758865,0.8162638084630337,0.5822116430236066
qwen3,Chinese-SimpleQA/人文与社会科学/432.json,cross_token,16,12032,64612,96256,192512,0.6712516622340425,0.33562583111702127,5.37001329787234,0.6643741688829787,0.8162638084630337,0.6275937545586014
qwen3,Chinese-SimpleQA/人文与社会科学/435.json,cross_token,8,12032,46163,96256,96256,0.4795856881648936,0.4795856881648936,3.836685505319149,0.5204143118351063,0.855137926437067,0.5389433419108136
qwen3,Chinese-SimpleQA/人文与社会科学/435.json,cross_token,12,12032,58130,96256,144384,0.6039104055851063,0.4026069370567376,4.831283244680851,0.5973930629432624,0.855137926437067,0.610852390985761
qwen3,Chinese-SimpleQA/人文与社会科学/435.json,cross_token,16,12032,66768,96256,192512,0.6936502659574468,0.3468251329787234,5.549202127659575,0.6531748670212766,0.855137926437067,0.6569523726080708
qwen3,Chinese-SimpleQA/人文与社会科学/440.json,cross_token,8,12032,40470,96256,96256,0.42044132313829785,0.42044132313829785,3.363530585106383,0.5795586768617021,0.7833197633438702,0.46898165064667924
qwen3,Chinese-SimpleQA/人文与社会科学/440.json,cross_token,12,12032,51711,96256,144384,0.5372236535904256,0.358149102393617,4.2977892287234045,0.641850897606383,0.7833197633438702,0.5364989197301252
qwen3,Chinese-SimpleQA/人文与社会科学/440.json,cross_token,16,12032,60632,96256,192512,0.6299035904255319,0.31495179521276595,5.039228723404255,0.685048204787234,0.7833197633438702,0.5840890171868481
qwen3,Chinese-SimpleQA/人文与社会科学/441.json,cross_token,8,12032,42487,96256,96256,0.44139586103723405,0.44139586103723405,3.5311668882978724,0.558604138962766,0.8093659136838206,0.49203556649520463
qwen3,Chinese-SimpleQA/人文与社会科学/441.json,cross_token,12,12032,54320,96256,144384,0.5643284574468085,0.37621897163120566,4.514627659574468,0.6237810283687943,0.8093659136838206,0.5631818858811408
qwen3,Chinese-SimpleQA/人文与社会科学/441.json,cross_token,16,12032,62671,96256,192512,0.6510866855053191,0.32554334275265956,5.208693484042553,0.6744566572473405,0.8093659136838206,0.6077536987269928
qwen3,Chinese-SimpleQA/人文与社会科学/460.json,cross_token,8,12032,37230,96256,96256,0.38678108377659576,0.38678108377659576,3.094248670212766,0.6132189162234043,0.702773871559753,0.41706260095064496
qwen3,Chinese-SimpleQA/人文与社会科学/460.json,cross_token,12,12032,49026,96256,144384,0.5093292885638298,0.33955285904255317,4.074634308510638,0.6604471409574468,0.702773871559753,0.4879426836248224
qwen3,Chinese-SimpleQA/人文与社会科学/460.json,cross_token,16,12032,57564,96256,192512,0.5980302526595744,0.2990151263297872,4.7842420212765955,0.7009848736702128,0.702773871559753,0.5335133672639679
qwen3,Chinese-SimpleQA/人文与社会科学/466.json,cross_token,8,12032,33675,96256,96256,0.349848321143617,0.349848321143617,2.798786569148936,0.650151678856383,0.6560291872643078,0.3807351876925722
qwen3,Chinese-SimpleQA/人文与社会科学/466.json,cross_token,12,12032,44496,96256,144384,0.46226728723404253,0.3081781914893617,3.6981382978723403,0.6918218085106382,0.6560291872643078,0.44568661139018106
qwen3,Chinese-SimpleQA/人文与社会科学/466.json,cross_token,16,12032,53384,96256,192512,0.5546043882978723,0.27730219414893614,4.436835106382978,0.7226978058510638,0.6560291872643078,0.49309377354655487
qwen3,Chinese-SimpleQA/人文与社会科学/473.json,cross_token,8,12032,44321,96256,96256,0.46044921875,0.46044921875,3.68359375,0.53955078125,0.8432642164606786,0.5196408211281528
qwen3,Chinese-SimpleQA/人文与社会科学/473.json,cross_token,12,12032,56038,96256,144384,0.5821766954787234,0.3881177969858156,4.657413563829787,0.6118822030141844,0.8432642164606786,0.59003249999931
qwen3,Chinese-SimpleQA/人文与社会科学/473.json,cross_token,16,12032,64423,96256,192512,0.6692881482712766,0.3346440741356383,5.354305186170213,0.6653559258643618,0.8432642164606786,0.6347856029497544
qwen3,Chinese-SimpleQA/人文与社会科学/487.json,cross_token,8,12032,40896,96256,96256,0.42486702127659576,0.42486702127659576,3.398936170212766,0.5751329787234043,0.7566262309919743,0.46738061903301314
qwen3,Chinese-SimpleQA/人文与社会科学/487.json,cross_token,12,12032,52268,96256,144384,0.5430103058510638,0.3620068705673759,4.34408244680851,0.6379931294326241,0.7566262309919743,0.5357352326311813
qwen3,Chinese-SimpleQA/人文与社会科学/487.json,cross_token,16,12032,60705,96256,192512,0.6306619847074468,0.3153309923537234,5.045295877659575,0.6846690076462766,0.7566262309919743,0.580745423422468
qwen3,Chinese-SimpleQA/人文与社会科学/493.json,cross_token,8,12032,42085,96256,96256,0.4372194980053192,0.4372194980053192,3.4977559840425534,0.5627805019946808,0.7821433083559108,0.484950865057062
qwen3,Chinese-SimpleQA/人文与社会科学/493.json,cross_token,12,12032,53489,96256,144384,0.5556952293882979,0.37046348625886527,4.445561835106383,0.6295365137411347,0.7821433083559108,0.553458864743676
qwen3,Chinese-SimpleQA/人文与社会科学/493.json,cross_token,16,12032,61887,96256,192512,0.6429417386968085,0.32147086934840424,5.143533909574468,0.6785291306515957,0.7821433083559108,0.5982751081508033
qwen3,Chinese-SimpleQA/人文与社会科学/505.json,cross_token,8,12032,41408,96256,96256,0.43018617021276595,0.43018617021276595,3.4414893617021276,0.569813829787234,0.7984463870729204,0.48036478786392883
qwen3,Chinese-SimpleQA/人文与社会科学/505.json,cross_token,12,12032,52889,96256,144384,0.5494618517287234,0.3663079011524823,4.395694813829787,0.6336920988475176,0.7984463870729204,0.549296586223967
qwen3,Chinese-SimpleQA/人文与社会科学/505.json,cross_token,16,12032,61961,96256,192512,0.6437105219414894,0.3218552609707447,5.149684175531915,0.6781447390292553,0.7984463870729204,0.597678617806595
qwen3,Chinese-SimpleQA/人文与社会科学/513.json,cross_token,8,12032,47858,96256,96256,0.4971949800531915,0.4971949800531915,3.977559840425532,0.5028050199468085,0.8743197463291765,0.5604980203390704
qwen3,Chinese-SimpleQA/人文与社会科学/513.json,cross_token,12,12032,59263,96256,144384,0.6156811003989362,0.4104540669326241,4.92544880319149,0.5895459330673759,0.8743197463291765,0.6290759907582972
qwen3,Chinese-SimpleQA/人文与社会科学/513.json,cross_token,16,12032,67300,96256,192512,0.6991771941489362,0.3495885970744681,5.59341755319149,0.6504114029255319,0.8743197463291765,0.6719653444415631
qwen3,Chinese-SimpleQA/人文与社会科学/539.json,cross_token,8,12032,32255,96256,96256,0.33509599401595747,0.33509599401595747,2.6807679521276597,0.6649040059840425,0.6675922174180882,0.37075060366603535
qwen3,Chinese-SimpleQA/人文与社会科学/539.json,cross_token,12,12032,41838,96256,144384,0.43465342420212766,0.2897689494680851,3.4772273936170213,0.7102310505319149,0.6675922174180882,0.42821809113395687
qwen3,Chinese-SimpleQA/人文与社会科学/539.json,cross_token,16,12032,49720,96256,192512,0.5165392287234043,0.25826961436170215,4.132313829787234,0.7417303856382979,0.6675922174180882,0.4702670017098279
qwen3,Chinese-SimpleQA/人文与社会科学/556.json,cross_token,8,12032,42460,96256,96256,0.44111535904255317,0.44111535904255317,3.5289228723404253,0.5588846409574468,0.8130428045145075,0.4951112494126186
qwen3,Chinese-SimpleQA/人文与社会科学/556.json,cross_token,12,12032,53851,96256,144384,0.5594560339095744,0.37297068927304966,4.4756482712765955,0.6270293107269503,0.8130428045145075,0.5635331042592628
qwen3,Chinese-SimpleQA/人文与社会科学/556.json,cross_token,16,12032,62434,96256,192512,0.6486245013297872,0.3243122506648936,5.188996010638298,0.6756877493351063,0.8130428045145075,0.6092885026590806
qwen3,Chinese-SimpleQA/人文与社会科学/557.json,cross_token,8,12032,42158,96256,96256,0.43797789228723405,0.43797789228723405,3.5038231382978724,0.562022107712766,0.8059881435357434,0.49165108918927386
qwen3,Chinese-SimpleQA/人文与社会科学/557.json,cross_token,12,12032,53341,96256,144384,0.5541576628989362,0.3694384419326241,4.43326130319149,0.6305615580673759,0.8059881435357434,0.5588579583406384
qwen3,Chinese-SimpleQA/人文与社会科学/557.json,cross_token,16,12032,61752,96256,192512,0.6415392287234043,0.32076961436170215,5.132313829787234,0.6792303856382979,0.8059881435357434,0.6037292511360876
qwen3,Chinese-SimpleQA/人文与社会科学/564.json,cross_token,8,12032,43640,96256,96256,0.453374335106383,0.453374335106383,3.626994680851064,0.546625664893617,0.8363543901272286,0.5107931719927506
qwen3,Chinese-SimpleQA/人文与社会科学/564.json,cross_token,12,12032,55713,96256,144384,0.5788002825797872,0.3858668550531915,4.630402260638298,0.6141331449468085,0.8363543901272286,0.5832962020452775
qwen3,Chinese-SimpleQA/人文与社会科学/564.json,cross_token,16,12032,64638,96256,192512,0.6715217752659575,0.33576088763297873,5.37217420212766,0.6642391123670213,0.8363543901272286,0.6309217584925745
qwen3,Chinese-SimpleQA/人文与社会科学/570.json,cross_token,8,12032,38875,96256,96256,0.40387092752659576,0.40387092752659576,3.230967420212766,0.5961290724734043,0.7376584806839537,0.4412932139142539
qwen3,Chinese-SimpleQA/人文与社会科学/570.json,cross_token,12,12032,50735,96256,144384,0.527084025930851,0.35138935062056736,4.216672207446808,0.6486106493794326,0.7376584806839537,0.5125217778486043
qwen3,Chinese-SimpleQA/人文与社会科学/570.json,cross_token,16,12032,59771,96256,192512,0.6209586934840425,0.31047934674202127,4.96766954787234,0.6895206532579787,0.7376584806839537,0.5607522185687775
qwen3,Chinese-SimpleQA/人文与社会科学/575.json,cross_token,8,12032,41781,96256,96256,0.4340612533244681,0.4340612533244681,3.472490026595745,0.5659387466755319,0.7762584514737406,0.47399926510923207
qwen3,Chinese-SimpleQA/人文与社会科学/575.json,cross_token,12,12032,54015,96256,144384,0.5611598238031915,0.37410654920212766,4.489278590425532,0.6258934507978724,0.7762584514737406,0.5474552545025799
qwen3,Chinese-SimpleQA/人文与社会科学/575.json,cross_token,16,12032,63282,96256,192512,0.6574343417553191,0.32871717087765956,5.259474734042553,0.6712828291223405,0.7762584514737406,0.5969081544699564
qwen3,Chinese-SimpleQA/人文与社会科学/577.json,cross_token,8,12032,47431,96256,96256,0.49275889295212766,0.49275889295212766,3.9420711436170213,0.5072411070478724,0.8516224083956121,0.5482101501571279
qwen3,Chinese-SimpleQA/人文与社会科学/577.json,cross_token,12,12032,59993,96256,144384,0.6232650432180851,0.41551002881205673,4.9861203457446805,0.5844899711879432,0.8516224083956121,0.6236963690109221
qwen3,Chinese-SimpleQA/人文与社会科学/577.json,cross_token,16,12032,68437,96256,192512,0.7109894448138298,0.3554947224069149,5.687915558510638,0.6445052775930851,0.8516224083956121,0.6687985287014634
qwen3,Chinese-SimpleQA/人文与社会科学/580.json,cross_token,8,12032,34226,96256,96256,0.35557263962765956,0.35557263962765956,2.8445811170212765,0.6444273603723405,0.6966529983273735,0.39173569403528885
qwen3,Chinese-SimpleQA/人文与社会科学/580.json,cross_token,12,12032,45749,96256,144384,0.4752846575797872,0.31685643838652483,3.8022772606382977,0.6831435616134751,0.6966529983273735,0.46082990155854703
qwen3,Chinese-SimpleQA/人文与社会科学/580.json,cross_token,16,12032,55305,96256,192512,0.5745615857712766,0.2872807928856383,4.596492686170213,0.7127192071143618,0.6966529983273735,0.5117619028226206
qwen3,Chinese-SimpleQA/人文与社会科学/587.json,cross_token,8,12032,40607,96256,96256,0.42186461103723405,0.42186461103723405,3.3749168882978724,0.578135388962766,0.7648760678148407,0.46334550653481155
qwen3,Chinese-SimpleQA/人文与社会科学/587.json,cross_token,12,12032,52539,96256,144384,0.5458257147606383,0.3638838098404255,4.366605718085107,0.6361161901595744,0.7648760678148407,0.5350598588534694
qwen3,Chinese-SimpleQA/人文与社会科学/587.json,cross_token,16,12032,61088,96256,192512,0.6346409574468085,0.31732047872340424,5.077127659574468,0.6826795212765957,0.7648760678148407,0.580677735925003
qwen3,Chinese-SimpleQA/人文与社会科学/592.json,cross_token,8,12032,43227,96256,96256,0.44908369348404253,0.44908369348404253,3.5926695478723403,0.5509163065159575,0.8219090888079843,0.5023867873966493
qwen3,Chinese-SimpleQA/人文与社会科学/592.json,cross_token,12,12032,55102,96256,144384,0.5724526263297872,0.38163508421985815,4.579621010638298,0.6183649157801419,0.8219090888079843,0.5736918298360063
qwen3,Chinese-SimpleQA/人文与社会科学/592.json,cross_token,16,12032,63771,96256,192512,0.6625145445478723,0.33125727227393614,5.300116356382978,0.6687427277260638,0.8219090888079843,0.6199943926094634
qwen3,Chinese-SimpleQA/人文与社会科学/598.json,cross_token,8,12032,40769,96256,96256,0.4235476230053192,0.4235476230053192,3.3883809840425534,0.5764523769946808,0.7889395599813344,0.47277049758667206
qwen3,Chinese-SimpleQA/人文与社会科学/598.json,cross_token,12,12032,51975,96256,144384,0.5399663397606383,0.3599775598404255,4.319730718085107,0.6400224401595744,0.7889395599813344,0.5400246291961178
qwen3,Chinese-SimpleQA/人文与社会科学/598.json,cross_token,16,12032,60824,96256,192512,0.6318982712765957,0.31594913563829785,5.055186170212766,0.6840508643617021,0.7889395599813344,0.5872033960366537
qwen3,Chinese-SimpleQA/人文与社会科学/599.json,cross_token,8,12032,36193,96256,96256,0.37600772938829785,0.37600772938829785,3.008061835106383,0.6239922706117021,0.7568087310536527,0.424589239650737
qwen3,Chinese-SimpleQA/人文与社会科学/599.json,cross_token,12,12032,46658,96256,144384,0.48472822473404253,0.323152149822695,3.8778257978723403,0.676847850177305,0.7568087310536527,0.4873810938719707
qwen3,Chinese-SimpleQA/人文与社会科学/599.json,cross_token,16,12032,54791,96256,192512,0.5692216589095744,0.2846108294547872,4.5537732712765955,0.7153891705452128,0.7568087310536527,0.530772088806273
qwen3,Chinese-SimpleQA/人文与社会科学/600.json,cross_token,8,12032,44013,96256,96256,0.4572494182180851,0.4572494182180851,3.657995345744681,0.5427505817819149,0.8020051141739142,0.5036570601967952
qwen3,Chinese-SimpleQA/人文与社会科学/600.json,cross_token,12,12032,56150,96256,144384,0.5833402593085106,0.38889350620567376,4.666722074468085,0.6111064937943262,0.8020051141739142,0.5765950183224585
qwen3,Chinese-SimpleQA/人文与社会科学/600.json,cross_token,16,12032,64697,96256,192512,0.672134724069149,0.3360673620345745,5.377077792553192,0.6639326379654256,0.8020051141739142,0.6222278838122832
qwen3,Chinese-SimpleQA/人文与社会科学/604.json,cross_token,8,12032,39188,96256,96256,0.40712267287234044,0.40712267287234044,3.2569813829787235,0.5928773271276595,0.7942765416643668,0.4606517965925419
qwen3,Chinese-SimpleQA/人文与社会科学/604.json,cross_token,12,12032,50447,96256,144384,0.5240920046542553,0.34939466976950356,4.1927360372340425,0.6506053302304964,0.7942765416643668,0.5282477512242892
qwen3,Chinese-SimpleQA/人文与社会科学/604.json,cross_token,16,12032,59250,96256,192512,0.6155460438829787,0.30777302194148937,4.92436835106383,0.6922269780585106,0.7942765416643668,0.5752043436926003
qwen3,Chinese-SimpleQA/人文与社会科学/605.json,cross_token,8,12032,44742,96256,96256,0.4648229720744681,0.4648229720744681,3.718583776595745,0.5351770279255319,0.8311221588891606,0.5192011777747079
qwen3,Chinese-SimpleQA/人文与社会科学/605.json,cross_token,12,12032,57350,96256,144384,0.5958070146276596,0.3972046764184397,4.766456117021277,0.6027953235815603,0.8311221588891606,0.5949782831327721
qwen3,Chinese-SimpleQA/人文与社会科学/605.json,cross_token,16,12032,66104,96256,192512,0.686751994680851,0.3433759973404255,5.494015957446808,0.6566240026595744,0.8311221588891606,0.641709792702768
qwen3,Chinese-SimpleQA/人文与社会科学/610.json,cross_token,8,12032,36315,96256,96256,0.3772751828457447,0.3772751828457447,3.0182014627659575,0.6227248171542553,0.7532767829111635,0.42636501888932443
qwen3,Chinese-SimpleQA/人文与社会科学/610.json,cross_token,12,12032,47484,96256,144384,0.4933095079787234,0.3288730053191489,3.9464760638297873,0.6711269946808511,0.7532767829111635,0.49341088197726635
qwen3,Chinese-SimpleQA/人文与社会科学/610.json,cross_token,16,12032,56451,96256,192512,0.5864673371010638,0.2932336685505319,4.69173869680851,0.7067663314494681,0.7532767829111635,0.5412208561159376
qwen3,Chinese-SimpleQA/人文与社会科学/628.json,cross_token,8,12032,40752,96256,96256,0.42337101063829785,0.42337101063829785,3.386968085106383,0.5766289893617021,0.7950986333287442,0.47450444240330225
qwen3,Chinese-SimpleQA/人文与社会科学/628.json,cross_token,12,12032,51988,96256,144384,0.5401013962765957,0.3600675975177305,4.320811170212766,0.6399324024822695,0.7950986333287442,0.5419753918457385
qwen3,Chinese-SimpleQA/人文与社会科学/628.json,cross_token,16,12032,60899,96256,192512,0.6326774434840425,0.31633872174202127,5.06141954787234,0.6836612782579787,0.7950986333287442,0.5894961841091441
qwen3,Chinese-SimpleQA/人文与社会科学/632.json,cross_token,8,12032,37311,96256,96256,0.3876225897606383,0.3876225897606383,3.1009807180851063,0.6123774102393618,0.7570822872919362,0.4338877299554415
qwen3,Chinese-SimpleQA/人文与社会科学/632.json,cross_token,12,12032,48691,96256,144384,0.505848986037234,0.33723265735815605,4.046791888297872,0.6627673426418439,0.7570822872919362,0.5021303556448403
qwen3,Chinese-SimpleQA/人文与社会科学/632.json,cross_token,16,12032,58151,96256,192512,0.6041285738031915,0.30206428690159576,4.833028590425532,0.6979357130984043,0.7570822872919362,0.5525958209783168
qwen3,Chinese-SimpleQA/人文与社会科学/640.json,cross_token,8,12032,42967,96256,96256,0.4463825631648936,0.4463825631648936,3.571060505319149,0.5536174368351063,0.8243378408335343,0.5020443227221536
qwen3,Chinese-SimpleQA/人文与社会科学/640.json,cross_token,12,12032,54628,96256,144384,0.5675282579787234,0.3783521719858156,4.540226063829787,0.6216478280141844,0.8243378408335343,0.5720998964191588
qwen3,Chinese-SimpleQA/人文与社会科学/640.json,cross_token,16,12032,63649,96256,192512,0.6612470910904256,0.3306235455452128,5.2899767287234045,0.6693764544547872,0.8243378408335343,0.6202299973917789
qwen3,Chinese-SimpleQA/人文与社会科学/644.json,cross_token,8,12032,39535,96256,96256,0.41072764295212766,0.41072764295212766,3.2858211436170213,0.5892723570478724,0.7744622512363076,0.4581670823411998
qwen3,Chinese-SimpleQA/人文与社会科学/644.json,cross_token,12,12032,50721,96256,144384,0.5269385804521277,0.3512923869680851,4.215508643617022,0.6487076130319149,0.7744622512363076,0.5253287069507747
qwen3,Chinese-SimpleQA/人文与社会科学/644.json,cross_token,16,12032,59769,96256,192512,0.6209379155585106,0.3104689577792553,4.967503324468085,0.6895310422207447,0.7744622512363076,0.5735892137047126
qwen3,Chinese-SimpleQA/人文与社会科学/666.json,cross_token,8,12032,41903,96256,96256,0.4353287067819149,0.4353287067819149,3.482629654255319,0.5646712932180851,0.7624973743649167,0.47765683595782166
qwen3,Chinese-SimpleQA/人文与社会科学/666.json,cross_token,12,12032,53263,96256,144384,0.5533473238031915,0.36889821586879434,4.426778590425532,0.6311017841312057,0.7624973743649167,0.545932213149681
qwen3,Chinese-SimpleQA/人文与社会科学/666.json,cross_token,16,12032,61536,96256,192512,0.6392952127659575,0.31964760638297873,5.11436170212766,0.6803523936170213,0.7624973743649167,0.5900761458069476
qwen3,Chinese-SimpleQA/人文与社会科学/677.json,cross_token,8,12032,40812,96256,96256,0.4239943484042553,0.4239943484042553,3.3919547872340425,0.5760056515957447,0.7892797518919762,0.4734703533280742
qwen3,Chinese-SimpleQA/人文与社会科学/677.json,cross_token,12,12032,52148,96256,144384,0.541763630319149,0.36117575354609927,4.334109042553192,0.6388242464539007,0.7892797518919762,0.5415408718034151
qwen3,Chinese-SimpleQA/人文与社会科学/677.json,cross_token,16,12032,61161,96256,192512,0.6353993517287234,0.3176996758643617,5.083194813829787,0.6823003241356382,0.7892797518919762,0.5896303893009551
qwen3,Chinese-SimpleQA/人文与社会科学/679.json,cross_token,8,12032,39946,96256,96256,0.41499750664893614,0.41499750664893614,3.319980053191489,0.5850024933510638,0.7441826548120495,0.44930397842537734
qwen3,Chinese-SimpleQA/人文与社会科学/679.json,cross_token,12,12032,52330,96256,144384,0.5436544215425532,0.3624362810283688,4.349235372340425,0.6375637189716312,0.7441826548120495,0.5236218531699873
qwen3,Chinese-SimpleQA/人文与社会科学/679.json,cross_token,16,12032,61117,96256,192512,0.6349422373670213,0.31747111868351063,5.07953789893617,0.6825288813164894,0.7441826548120495,0.5705492747403209
qwen3,Chinese-SimpleQA/人文与社会科学/680.json,cross_token,8,12032,43453,96256,96256,0.4514315990691489,0.4514315990691489,3.6114527925531914,0.5485684009308511,0.8258717815610619,0.5075018547806299
qwen3,Chinese-SimpleQA/人文与社会科学/680.json,cross_token,12,12032,54518,96256,144384,0.5663854720744681,0.37759031471631205,4.531083776595745,0.622409685283688,0.8258717815610619,0.5740206443529117
qwen3,Chinese-SimpleQA/人文与社会科学/680.json,cross_token,16,12032,62435,96256,192512,0.6486348902925532,0.3243174451462766,5.189079122340425,0.6756825548537234,0.8258717815610619,0.6162593027049569
qwen3,Chinese-SimpleQA/人文与社会科学/695.json,cross_token,8,12032,43163,96256,96256,0.44841879986702127,0.44841879986702127,3.58735039893617,0.5515812001329787,0.8249600882423789,0.5034320569520306
qwen3,Chinese-SimpleQA/人文与社会科学/695.json,cross_token,12,12032,55260,96256,144384,0.5740940824468085,0.38272938829787234,4.592752659574468,0.6172706117021276,0.8249600882423789,0.5760694183544462
qwen3,Chinese-SimpleQA/人文与社会科学/695.json,cross_token,16,12032,64248,96256,192512,0.667470079787234,0.333735039893617,5.339760638297872,0.666264960106383,0.8249600882423789,0.6240388150345415
qwen3,Chinese-SimpleQA/人文与社会科学/698.json,cross_token,8,12032,38159,96256,96256,0.3964324301861702,0.3964324301861702,3.1714594414893615,0.6035675698138299,0.7315735632605894,0.43505482134962964
qwen3,Chinese-SimpleQA/人文与社会科学/698.json,cross_token,12,12032,49126,96256,144384,0.5103681848404256,0.3402454565602837,4.0829454787234045,0.6597545434397163,0.7315735632605894,0.5009567736306895
qwen3,Chinese-SimpleQA/人文与社会科学/698.json,cross_token,16,12032,57240,96256,192512,0.5946642287234043,0.29733211436170215,4.757313829787234,0.7026678856382979,0.7315735632605894,0.5442387650296872
qwen3,Chinese-SimpleQA/工程、技术与应用科学/1003.json,cross_token,8,12032,40802,96256,96256,0.42389045877659576,0.42389045877659576,3.391123670212766,0.5761095412234043,0.7829311402596935,0.4723731648473561
qwen3,Chinese-SimpleQA/工程、技术与应用科学/1003.json,cross_token,12,12032,51961,96256,144384,0.5398208942819149,0.35988059618794327,4.3185671542553195,0.6401194038120568,0.7829311402596935,0.5394050939549718
qwen3,Chinese-SimpleQA/工程、技术与应用科学/1003.json,cross_token,16,12032,60223,96256,192512,0.6256545046542553,0.31282725232712766,5.0052360372340425,0.6871727476728724,0.7829311402596935,0.5835014499953645
qwen3,Chinese-SimpleQA/工程、技术与应用科学/1012.json,cross_token,8,12032,31326,96256,96256,0.325444647606383,0.325444647606383,2.603557180851064,0.674555352393617,0.6730001097231353,0.3644686488254362
qwen3,Chinese-SimpleQA/工程、技术与应用科学/1012.json,cross_token,12,12032,41275,96256,144384,0.4288044381648936,0.2858696254432624,3.430435505319149,0.7141303745567376,0.6730001097231353,0.4241154940037315
qwen3,Chinese-SimpleQA/工程、技术与应用科学/1012.json,cross_token,16,12032,49762,96256,192512,0.5169755651595744,0.2584877825797872,4.1358045212765955,0.7415122174202128,0.6730001097231353,0.46936654542976625
qwen3,Chinese-SimpleQA/工程、技术与应用科学/1024.json,cross_token,8,12032,38033,96256,96256,0.39512342087765956,0.39512342087765956,3.1609873670212765,0.6048765791223405,0.726355572032865,0.432696942035075
qwen3,Chinese-SimpleQA/工程、技术与应用科学/1024.json,cross_token,12,12032,49175,96256,144384,0.5108772440159575,0.3405848293439716,4.08701795212766,0.6594151706560284,0.726355572032865,0.4996184376746376
qwen3,Chinese-SimpleQA/工程、技术与应用科学/1024.json,cross_token,16,12032,57534,96256,192512,0.5977185837765957,0.29885929188829785,4.781748670212766,0.7011407081117021,0.726355572032865,0.5442250262013181
qwen3,Chinese-SimpleQA/工程、技术与应用科学/1025.json,cross_token,8,12032,40613,96256,96256,0.4219269448138298,0.4219269448138298,3.3754155585106385,0.5780730551861701,0.7819341213499548,0.46897176492059617
qwen3,Chinese-SimpleQA/工程、技术与应用科学/1025.json,cross_token,12,12032,51949,96256,144384,0.5396962267287234,0.3597974844858156,4.317569813829787,0.6402025155141844,0.7819341213499548,0.5370341585279234
qwen3,Chinese-SimpleQA/工程、技术与应用科学/1025.json,cross_token,16,12032,60755,96256,192512,0.6311814328457447,0.31559071642287234,5.0494514627659575,0.6844092835771276,0.7819341213499548,0.5840110963863658
qwen3,Chinese-SimpleQA/工程、技术与应用科学/1027.json,cross_token,8,12032,25842,96256,96256,0.26847157579787234,0.26847157579787234,2.1477726063829787,0.7315284242021276,0.5884344381039548,0.2977232930910802
qwen3,Chinese-SimpleQA/工程、技术与应用科学/1027.json,cross_token,12,12032,35378,96256,144384,0.36754072473404253,0.24502714982269502,2.9403257978723403,0.754972850177305,0.5884344381039548,0.3548388563813951
qwen3,Chinese-SimpleQA/工程、技术与应用科学/1027.json,cross_token,16,12032,43433,96256,192512,0.4512238198138298,0.2256119099069149,3.6097905585106385,0.7743880900930851,0.5884344381039548,0.39779748604621423
qwen3,Chinese-SimpleQA/工程、技术与应用科学/1028.json,cross_token,8,12032,33023,96256,96256,0.3430747174202128,0.3430747174202128,2.7445977393617023,0.6569252825797872,0.6819660170582119,0.38193316612964007
qwen3,Chinese-SimpleQA/工程、技术与应用科学/1028.json,cross_token,12,12032,43438,96256,144384,0.45127576462765956,0.3008505097517731,3.6102061170212765,0.6991494902482269,0.6819660170582119,0.44442546709615083
qwen3,Chinese-SimpleQA/工程、技术与应用科学/1028.json,cross_token,16,12032,52030,96256,192512,0.540537732712766,0.270268866356383,4.324301861702128,0.729731133643617,0.6819660170582119,0.49023562287422123
qwen3,Chinese-SimpleQA/工程、技术与应用科学/1035.json,cross_token,8,12032,31349,96256,96256,0.32568359375,0.32568359375,2.60546875,0.67431640625,0.6676158617378962,0.36414171558753994
qwen3,Chinese-SimpleQA/工程、技术与应用科学/1035.json,cross_token,12,12032,41097,96256,144384,0.42695520279255317,0.28463680186170215,3.4156416223404253,0.7153631981382979,0.6676158617378962,0.42258794587434656
qwen3,Chinese-SimpleQA/工程、技术与应用科学/1035.json,cross_token,16,12032,49381,96256,192512,0.5130173703457447,0.25650868517287234,4.1041389627659575,0.7434913148271276,0.6676158617378962,0.4667716193543008
qwen3,Chinese-SimpleQA/工程、技术与应用科学/1047.json,cross_token,8,12032,35078,96256,96256,0.3644240359042553,0.3644240359042553,2.9153922872340425,0.6355759640957447,0.7194065687408987,0.4075311825273433
qwen3,Chinese-SimpleQA/工程、技术与应用科学/1047.json,cross_token,12,12032,45794,96256,144384,0.4757521609042553,0.31716810726950356,3.8060172872340425,0.6828318927304964,0.7194065687408987,0.4717882150333945
qwen3,Chinese-SimpleQA/工程、技术与应用科学/1047.json,cross_token,16,12032,54391,96256,192512,0.5650660738031915,0.28253303690159576,4.520528590425532,0.7174669630984043,0.7194065687408987,0.5176505811047293
qwen3,Chinese-SimpleQA/工程、技术与应用科学/1053.json,cross_token,8,12032,39541,96256,96256,0.4107899767287234,0.4107899767287234,3.2863198138297873,0.5892100232712766,0.7549656715629789,0.4547376347682001
qwen3,Chinese-SimpleQA/工程、技术与应用科学/1053.json,cross_token,12,12032,50940,96256,144384,0.5292137632978723,0.3528091755319149,4.233710106382978,0.6471908244680851,0.7549656715629789,0.5232322015657414
qwen3,Chinese-SimpleQA/工程、技术与应用科学/1053.json,cross_token,16,12032,59179,96256,192512,0.6148084275265957,0.30740421376329785,4.918467420212766,0.6925957862367021,0.7549656715629789,0.5671844246162928
qwen3,Chinese-SimpleQA/工程、技术与应用科学/1054.json,cross_token,8,12032,42027,96256,96256,0.4366169381648936,0.4366169381648936,3.492935505319149,0.5633830618351063,0.8093582699038365,0.4888873344121255
qwen3,Chinese-SimpleQA/工程、技术与应用科学/1054.json,cross_token,12,12032,53255,96256,144384,0.5532642121010638,0.3688428080673759,4.42611369680851,0.6311571919326241,0.8093582699038365,0.5563336603979696
qwen3,Chinese-SimpleQA/工程、技术与应用科学/1054.json,cross_token,16,12032,61881,96256,192512,0.6428794049202128,0.3214397024601064,5.143035239361702,0.6785602975398937,0.8093582699038365,0.6023516194078161
qwen3,Chinese-SimpleQA/工程、技术与应用科学/1061.json,cross_token,8,12032,31445,96256,96256,0.3266809341755319,0.3266809341755319,2.613447473404255,0.6733190658244681,0.6634815306938332,0.3624366166239866
qwen3,Chinese-SimpleQA/工程、技术与应用科学/1061.json,cross_token,12,12032,41737,96256,144384,0.43360413896276595,0.2890694259751773,3.4688331117021276,0.7109305740248226,0.6634815306938332,0.4241460773426987
qwen3,Chinese-SimpleQA/工程、技术与应用科学/1061.json,cross_token,16,12032,50374,96256,192512,0.5233336103723404,0.2616668051861702,4.186668882978723,0.7383331948138299,0.6634815306938332,0.47019895703110676
qwen3,Chinese-SimpleQA/工程、技术与应用科学/1062.json,cross_token,8,12032,32119,96256,96256,0.3336830950797872,0.3336830950797872,2.6694647606382977,0.6663169049202128,0.6358258726221414,0.3601690800358969
qwen3,Chinese-SimpleQA/工程、技术与应用科学/1062.json,cross_token,12,12032,43095,96256,144384,0.44771235039893614,0.29847490026595747,3.581698803191489,0.7015250997340425,0.6358258726221414,0.4260047028006565
qwen3,Chinese-SimpleQA/工程、技术与应用科学/1062.json,cross_token,16,12032,51851,96256,192512,0.5386781083776596,0.2693390541888298,4.309424867021277,0.7306609458111701,0.6358258726221414,0.4726977413990586
qwen3,Chinese-SimpleQA/中华文化/1.json,cross_layer,8,11904,36773,95232,95232,0.38614121303763443,0.38614121303763443,3.0891297043010755,0.6138587869623655,0.7702263461349268,0.43724645588531535
qwen3,Chinese-SimpleQA/中华文化/1.json,cross_layer,12,11904,47019,95232,142848,0.49373109879032256,0.32915406586021506,3.9498487903225805,0.670845934139785,0.7702263461349268,0.4994427333420185
qwen3,Chinese-SimpleQA/中华文化/1.json,cross_layer,16,11904,55439,95232,190464,0.5821467573924731,0.29107337869623656,4.657174059139785,0.7089266213037635,0.7702263461349268,0.5448218910281383
qwen3,Chinese-SimpleQA/中华文化/100.json,cross_layer,8,11904,49405,95232,95232,0.5187857022849462,0.5187857022849462,4.15028561827957,0.48121429771505375,0.8925339649476506,0.5816200951914854
qwen3,Chinese-SimpleQA/中华文化/100.json,cross_layer,12,11904,61364,95232,142848,0.6443632392473119,0.42957549283154123,5.154905913978495,0.5704245071684588,0.8925339649476506,0.6543557415773866
qwen3,Chinese-SimpleQA/中华文化/100.json,cross_layer,16,11904,69316,95232,190464,0.7278645833333334,0.3639322916666667,5.822916666666667,0.6360677083333333,0.8925339649476506,0.6972330177512519
qwen3,Chinese-SimpleQA/中华文化/101.json,cross_layer,8,11904,50914,95232,95232,0.5346312163978495,0.5346312163978495,4.277049731182796,0.4653687836021505,0.9175039929828281,0.6037138009583887
qwen3,Chinese-SimpleQA/中华文化/101.json,cross_layer,12,11904,62600,95232,142848,0.6573420698924731,0.4382280465949821,5.258736559139785,0.5617719534050178,0.9175039929828281,0.6748593463863032
qwen3,Chinese-SimpleQA/中华文化/101.json,cross_layer,16,11904,70522,95232,190464,0.7405283938172043,0.37026419690860213,5.924227150537634,0.6297358030913979,0.9175039929828281,0.7176037256623118
qwen3,Chinese-SimpleQA/中华文化/102.json,cross_layer,8,10881,41856,87048,87048,0.4808381582575131,0.4808381582575131,3.8467052660601047,0.5191618417424869,0.8497646851109624,0.5365899585754592
qwen3,Chinese-SimpleQA/中华文化/102.json,cross_layer,12,10881,53240,87048,130572,0.6116165793585149,0.4077443862390099,4.892932634868119,0.5922556137609901,0.8497646851109624,0.6122194704572583
qwen3,Chinese-SimpleQA/中华文化/102.json,cross_layer,16,10881,61301,87048,174096,0.7042206598658212,0.3521103299329106,5.633765278926569,0.6478896700670894,0.8497646851109624,0.6598143516706134
qwen3,Chinese-SimpleQA/中华文化/113.json,cross_layer,8,11904,42271,95232,95232,0.4438739079301075,0.4438739079301075,3.55099126344086,0.5561260920698925,0.8130019127840885,0.4978986071375372
qwen3,Chinese-SimpleQA/中华文化/113.json,cross_layer,12,11904,53093,95232,142848,0.5575121807795699,0.3716747871863799,4.460097446236559,0.6283252128136201,0.8130019127840885,0.5636598704951734
qwen3,Chinese-SimpleQA/中华文化/113.json,cross_layer,16,11904,61351,95232,190464,0.6442267305107527,0.32211336525537637,5.153813844086022,0.6778866347446236,0.8130019127840885,0.60817876539186
qwen3,Chinese-SimpleQA/中华文化/114.json,cross_layer,8,11904,48775,95232,95232,0.5121702788978495,0.5121702788978495,4.097362231182796,0.4878297211021505,0.8978912826411609,0.5784001025319311
qwen3,Chinese-SimpleQA/中华文化/114.json,cross_layer,12,11904,61228,95232,142848,0.6429351478494624,0.4286234318996416,5.143481182795699,0.5713765681003584,0.8978912826411609,0.6540893126933478
qwen3,Chinese-SimpleQA/中华文化/114.json,cross_layer,16,11904,69994,95232,190464,0.7349840389784946,0.3674920194892473,5.879872311827957,0.6325079805107527,0.8978912826411609,0.7013854597549141
qwen3,Chinese-SimpleQA/中华文化/119.json,cross_layer,8,11904,49184,95232,95232,0.5164650537634409,0.5164650537634409,4.131720430107527,0.4835349462365591,0.8906452439487448,0.5817153019831105
qwen3,Chinese-SimpleQA/中华文化/119.json,cross_layer,12,11904,60887,95232,142848,0.6393544186827957,0.4262362791218638,5.114835349462366,0.5737637208781362,0.8906452439487448,0.6529382646913102
qwen3,Chinese-SimpleQA/中华文化/119.json,cross_layer,16,11904,68544,95232,190464,0.719758064516129,0.3598790322580645,5.758064516129032,0.6401209677419355,0.8906452439487448,0.6942600967564326
qwen3,Chinese-SimpleQA/中华文化/121.json,cross_layer,8,11904,44989,95232,95232,0.47241473454301075,0.47241473454301075,3.779317876344086,0.5275852654569892,0.8580802951782728,0.5341765058209984
qwen3,Chinese-SimpleQA/中华文化/121.json,cross_layer,12,11904,56635,95232,142848,0.594705561155914,0.39647037410394265,4.757644489247312,0.6035296258960574,0.8580802951782728,0.6048707092186062
qwen3,Chinese-SimpleQA/中华文化/121.json,cross_layer,16,11904,65121,95232,190464,0.6838142641129032,0.3419071320564516,5.470514112903226,0.6580928679435484,0.8580802951782728,0.6506556827200308
qwen3,Chinese-SimpleQA/中华文化/143.json,cross_layer,8,11904,52353,95232,95232,0.5497416834677419,0.5497416834677419,4.397933467741935,0.4502583165322581,0.9218828004992324,0.6188104878121132
qwen3,Chinese-SimpleQA/中华文化/143.json,cross_layer,12,11904,64637,95232,142848,0.678731938844086,0.45248795922939067,5.429855510752688,0.5475120407706093,0.9218828004992324,0.6935166938172715
qwen3,Chinese-SimpleQA/中华文化/143.json,cross_layer,16,11904,72265,95232,190464,0.758831065188172,0.379415532594086,6.070648521505376,0.620584467405914,0.9218828004992324,0.734687178141858
qwen3,Chinese-SimpleQA/中华文化/145.json,cross_layer,8,11904,45586,95232,95232,0.4786836357526882,0.4786836357526882,3.8294690860215055,0.5213163642473118,0.855475441337342,0.5353113864285665
qwen3,Chinese-SimpleQA/中华文化/145.json,cross_layer,12,11904,58167,95232,142848,0.6107925907258065,0.40719506048387094,4.886340725806452,0.592804939516129,0.855475441337342,0.6117966494919327
qwen3,Chinese-SimpleQA/中华文化/145.json,cross_layer,16,11904,66891,95232,190464,0.7024004536290323,0.3512002268145161,5.619203629032258,0.6487997731854839,0.855475441337342,0.6588710308229345
qwen3,Chinese-SimpleQA/中华文化/150.json,cross_layer,8,11904,50504,95232,95232,0.530325940860215,0.530325940860215,4.24260752688172,0.469674059139785,0.901127978251214,0.5941802752714707
qwen3,Chinese-SimpleQA/中华文化/150.json,cross_layer,12,11904,62996,95232,142848,0.6615003360215054,0.4410002240143369,5.292002688172043,0.5589997759856631,0.901127978251214,0.6701334936283286
qwen3,Chinese-SimpleQA/中华文化/150.json,cross_layer,16,11904,71557,95232,190464,0.7513965893817204,0.3756982946908602,6.011172715053763,0.6243017053091398,0.901127978251214,0.7163277124280463
qwen3,Chinese-SimpleQA/中华文化/151.json,cross_layer,8,11904,48293,95232,95232,0.5071089549731183,0.5071089549731183,4.056871639784946,0.49289104502688175,0.8815353343453194,0.5696993822928798
qwen3,Chinese-SimpleQA/中华文化/151.json,cross_layer,12,11904,60397,95232,142848,0.6342090893817204,0.42280605958781364,5.073672715053763,0.5771939404121864,0.8815353343453194,0.6432420443004606
qwen3,Chinese-SimpleQA/中华文化/151.json,cross_layer,16,11904,68959,95232,190464,0.7241158434139785,0.36205792170698925,5.792926747311828,0.6379420782930108,0.8815353343453194,0.689432943709228
qwen3,Chinese-SimpleQA/中华文化/156.json,cross_layer,8,11904,52890,95232,95232,0.5553805443548387,0.5553805443548387,4.44304435483871,0.44461945564516125,0.9213490693707448,0.6238517957217442
qwen3,Chinese-SimpleQA/中华文化/156.json,cross_layer,12,11904,64837,95232,142848,0.6808320732526881,0.45388804883512546,5.446656586021505,0.5461119511648745,0.9213490693707448,0.6965159518566906
qwen3,Chinese-SimpleQA/中华文化/156.json,cross_layer,16,11904,72353,95232,190464,0.759755124327957,0.3798775621639785,6.078040994623656,0.6201224378360215,0.9213490693707448,0.7370760431391655
qwen3,Chinese-SimpleQA/中华文化/167.json,cross_layer,8,11904,52035,95232,95232,0.5464024697580645,0.5464024697580645,4.371219758064516,0.4535975302419355,0.9224400470364552,0.6158151548146354
qwen3,Chinese-SimpleQA/中华文化/167.json,cross_layer,12,11904,63882,95232,142848,0.6708039314516129,0.44720262096774194,5.366431451612903,0.552797379032258,0.9224400470364552,0.6878144634440887
qwen3,Chinese-SimpleQA/中华文化/167.json,cross_layer,16,11904,71417,95232,190464,0.7499264952956989,0.37496324764784944,5.999411962365591,0.6250367523521505,0.9224400470364552,0.7284677849115719
qwen3,Chinese-SimpleQA/中华文化/168.json,cross_layer,8,11904,39718,95232,95232,0.41706569220430106,0.41706569220430106,3.3365255376344085,0.582934307795699,0.7911118457781353,0.467914805583751
qwen3,Chinese-SimpleQA/中华文化/168.json,cross_layer,12,11904,51145,95232,142848,0.537056871639785,0.3580379144265233,4.29645497311828,0.6419620855734767,0.7911118457781353,0.5372545959453748
qwen3,Chinese-SimpleQA/中华文化/168.json,cross_layer,16,11904,59770,95232,190464,0.6276251680107527,0.31381258400537637,5.021001344086022,0.6861874159946236,0.7911118457781353,0.5837681051606902
qwen3,Chinese-SimpleQA/中华文化/179.json,cross_layer,8,11904,45464,95232,95232,0.4774025537634409,0.4774025537634409,3.819220430107527,0.5225974462365591,0.8633117260577559,0.5392919735811442
qwen3,Chinese-SimpleQA/中华文化/179.json,cross_layer,12,11904,57289,95232,142848,0.601573000672043,0.40104866711469533,4.812584005376344,0.5989513328853047,0.8633117260577559,0.611071789504701
qwen3,Chinese-SimpleQA/中华文化/179.json,cross_layer,16,11904,66063,95232,190464,0.6937058971774194,0.3468529485887097,5.549647177419355,0.6531470514112903,0.8633117260577559,0.6583957296568463
qwen3,Chinese-SimpleQA/中华文化/185.json,cross_layer,8,11904,47123,95232,95232,0.4948231686827957,0.4948231686827957,3.9585853494623655,0.5051768313172043,0.8830119590271193,0.5597941294092238
qwen3,Chinese-SimpleQA/中华文化/185.json,cross_layer,12,11904,58483,95232,142848,0.6141108030913979,0.4094072020609319,4.912886424731183,0.5905927979390682,0.8830119590271193,0.6288336546386503
qwen3,Chinese-SimpleQA/中华文化/185.json,cross_layer,16,11904,66503,95232,190464,0.6983261928763441,0.34916309643817206,5.586609543010753,0.650836903561828,0.8830119590271193,0.6721132516592263
qwen3,Chinese-SimpleQA/中华文化/203.json,cross_layer,8,11904,40353,95232,95232,0.4237336189516129,0.4237336189516129,3.389868951612903,0.5762663810483871,0.7465716254900937,0.459001223739354
qwen3,Chinese-SimpleQA/中华文化/203.json,cross_layer,12,11904,52759,95232,142848,0.5540049563172043,0.3693366375448029,4.432039650537634,0.6306633624551972,0.7465716254900937,0.534294060515649
qwen3,Chinese-SimpleQA/中华文化/203.json,cross_layer,16,11904,61830,95232,190464,0.6492565524193549,0.32462827620967744,5.194052419354839,0.6753717237903225,0.7465716254900937,0.5832372837656709
qwen3,Chinese-SimpleQA/中华文化/212.json,cross_layer,8,11904,48738,95232,95232,0.5117817540322581,0.5117817540322581,4.094254032258065,0.4882182459677419,0.8918361681907563,0.5766309011034694
qwen3,Chinese-SimpleQA/中华文化/212.json,cross_layer,12,11904,60887,95232,142848,0.6393544186827957,0.4262362791218638,5.114835349462366,0.5737637208781362,0.8918361681907563,0.6504562594389423
qwen3,Chinese-SimpleQA/中华文化/212.json,cross_layer,16,11904,69688,95232,190464,0.7317708333333334,0.3658854166666667,5.854166666666667,0.6341145833333333,0.8918361681907563,0.6979316093085149
qwen3,Chinese-SimpleQA/中华文化/216.json,cross_layer,8,11904,42397,95232,95232,0.4451969926075269,0.4451969926075269,3.561575940860215,0.5548030073924731,0.8235132875455341,0.5010029414003
qwen3,Chinese-SimpleQA/中华文化/216.json,cross_layer,12,11904,53918,95232,142848,0.5661752352150538,0.37745015681003585,4.52940188172043,0.6225498431899641,0.8235132875455341,0.570985542149283
qwen3,Chinese-SimpleQA/中华文化/216.json,cross_layer,16,11904,62165,95232,190464,0.6527742775537635,0.32638713877688175,5.222194220430108,0.6736128612231183,0.8235132875455341,0.6154661346909375
qwen3,Chinese-SimpleQA/中华文化/218.json,cross_layer,8,11904,39862,95232,95232,0.4185777889784946,0.4185777889784946,3.348622311827957,0.5814222110215054,0.7662016522903538,0.46116359880512653
qwen3,Chinese-SimpleQA/中华文化/218.json,cross_layer,12,11904,51940,95232,142848,0.5454049059139785,0.363603270609319,4.363239247311828,0.6363967293906809,0.7662016522903538,0.5344788460150587
qwen3,Chinese-SimpleQA/中华文化/218.json,cross_layer,16,11904,61399,95232,190464,0.6447307627688172,0.3223653813844086,5.157846102150538,0.6776346186155914,0.7662016522903538,0.5855085462278603
qwen3,Chinese-SimpleQA/中华文化/225.json,cross_layer,8,11904,49947,95232,95232,0.5244770665322581,0.5244770665322581,4.195816532258065,0.4755229334677419,0.8980706267874979,0.5882122952044861
qwen3,Chinese-SimpleQA/中华文化/225.json,cross_layer,12,11904,62570,95232,142848,0.6570270497311828,0.43801803315412186,5.256216397849462,0.5619819668458781,0.8980706267874979,0.6649182817364493
qwen3,Chinese-SimpleQA/中华文化/225.json,cross_layer,16,11904,71259,95232,190464,0.7482673891129032,0.3741336945564516,5.986139112903226,0.6258663054435484,0.8980706267874979,0.7118002221609625
qwen3,Chinese-SimpleQA/中华文化/229.json,cross_layer,8,11904,46728,95232,95232,0.49067540322580644,0.49067540322580644,3.9254032258064515,0.5093245967741935,0.8776175918025826,0.5552234720286436
qwen3,Chinese-SimpleQA/中华文化/229.json,cross_layer,12,11904,58308,95232,142848,0.612273185483871,0.408182123655914,4.898185483870968,0.591817876344086,0.8776175918025826,0.6256172641530842
qwen3,Chinese-SimpleQA/中华文化/229.json,cross_layer,16,11904,66419,95232,190464,0.6974441364247311,0.34872206821236557,5.579553091397849,0.6512779317876345,0.8776175918025826,0.6693370970662736
qwen3,Chinese-SimpleQA/中华文化/2302.json,cross_layer,8,11904,47970,95232,95232,0.5037172379032258,0.5037172379032258,4.029737903225806,0.49628276209677424,0.8684706324158761,0.5635303404160357
qwen3,Chinese-SimpleQA/中华文化/2302.json,cross_layer,12,11904,60159,95232,142848,0.6317099294354839,0.42113995295698925,5.053679435483871,0.5788600470430108,0.8684706324158761,0.6376535371936839
qwen3,Chinese-SimpleQA/中华文化/2302.json,cross_layer,16,11904,68193,95232,190464,0.7160723286290323,0.3580361643145161,5.728578629032258,0.6419638356854839,0.8684706324158761,0.6810460053042322
qwen3,Chinese-SimpleQA/中华文化/2308.json,cross_layer,8,11904,47462,95232,95232,0.49838289650537637,0.49838289650537637,3.987063172043011,0.5016171034946236,0.8767225818070089,0.5615194334588429
qwen3,Chinese-SimpleQA/中华文化/2308.json,cross_layer,12,11904,59101,95232,142848,0.6206002184139785,0.41373347894265233,4.964801747311828,0.5862665210573477,0.8767225818070089,0.6321668382683451
qwen3,Chinese-SimpleQA/中华文化/2308.json,cross_layer,16,11904,67547,95232,190464,0.7092888944892473,0.35464444724462363,5.674311155913978,0.6453555527553764,0.8767225818070089,0.6777509776834753
qwen3,Chinese-SimpleQA/中华文化/231.json,cross_layer,8,11904,48647,95232,95232,0.5108261928763441,0.5108261928763441,4.086609543010753,0.4891738071236559,0.8897823642531353,0.5750460843177024
qwen3,Chinese-SimpleQA/中华文化/231.json,cross_layer,12,11904,61052,95232,142848,0.6410870295698925,0.427391353046595,5.12869623655914,0.5726086469534051,0.8897823642531353,0.6504276542449854
qwen3,Chinese-SimpleQA/中华文化/231.json,cross_layer,16,11904,69859,95232,190464,0.7335664482526881,0.36678322412634407,5.868531586021505,0.633216775873656,0.8897823642531353,0.69793542940791
qwen3,Chinese-SimpleQA/中华文化/2312.json,cross_layer,8,11904,43445,95232,95232,0.45620169690860213,0.45620169690860213,3.649613575268817,0.5437983030913979,0.851401992445337,0.5177315032304691
qwen3,Chinese-SimpleQA/中华文化/2312.json,cross_layer,12,11904,54679,95232,142848,0.574166246639785,0.38277749775985664,4.59332997311828,0.6172225022401434,0.851401992445337,0.5859394592405993
qwen3,Chinese-SimpleQA/中华文化/2312.json,cross_layer,16,11904,63084,95232,190464,0.6624243951612904,0.3312121975806452,5.299395161290323,0.6687878024193548,0.851401992445337,0.6312853849775208
qwen3,Chinese-SimpleQA/中华文化/2314.json,cross_layer,8,11904,44371,95232,95232,0.4659253192204301,0.4659253192204301,3.727402553763441,0.5340746807795699,0.8416898263759622,0.5241477625155195
qwen3,Chinese-SimpleQA/中华文化/2314.json,cross_layer,12,11904,55949,95232,142848,0.5875021001344086,0.3916680667562724,4.700016801075269,0.6083319332437276,0.8416898263759622,0.594503060060629
qwen3,Chinese-SimpleQA/中华文化/2314.json,cross_layer,16,11904,63972,95232,190464,0.6717489919354839,0.33587449596774194,5.373991935483871,0.664125504032258,0.8416898263759622,0.6378039986576719
qwen3,Chinese-SimpleQA/中华文化/2319.json,cross_layer,8,11904,51609,95232,95232,0.5419291834677419,0.5419291834677419,4.335433467741935,0.4580708165322581,0.9031829611257857,0.6055424155576465
qwen3,Chinese-SimpleQA/中华文化/2319.json,cross_layer,12,11904,64460,95232,142848,0.6768733198924731,0.4512488799283154,5.414986559139785,0.5487511200716846,0.9031829611257857,0.6837670750709568
qwen3,Chinese-SimpleQA/中华文化/2319.json,cross_layer,16,11904,72655,95232,190464,0.7629263272849462,0.3814631636424731,6.10341061827957,0.6185368363575269,0.9031829611257857,0.727993985932808
qwen3,Chinese-SimpleQA/中华文化/2323.json,cross_layer,8,11904,39019,95232,95232,0.40972572244623656,0.40972572244623656,3.2778057795698925,0.5902742775537635,0.7975790931388836,0.46252085475688604
qwen3,Chinese-SimpleQA/中华文化/2323.json,cross_layer,12,11904,50074,95232,142848,0.5258106518817204,0.35054043458781364,4.206485215053763,0.6494595654121864,0.7975790931388836,0.5295865822526962
qwen3,Chinese-SimpleQA/中华文化/2323.json,cross_layer,16,11904,58950,95232,190464,0.6190146169354839,0.30950730846774194,4.952116935483871,0.690492691532258,0.7975790931388836,0.5774399000893741
qwen3,Chinese-SimpleQA/中华文化/234.json,cross_layer,8,11904,52056,95232,95232,0.5466229838709677,0.5466229838709677,4.372983870967742,0.45337701612903225,0.9219010777762111,0.6162809173999665
qwen3,Chinese-SimpleQA/中华文化/234.json,cross_layer,12,11904,63879,95232,142848,0.6707724294354839,0.44718161962365593,5.366179435483871,0.552818380376344,0.9219010777762111,0.6882347114608921
qwen3,Chinese-SimpleQA/中华文化/234.json,cross_layer,16,11904,71831,95232,190464,0.7542737735215054,0.3771368867607527,6.034190188172043,0.6228631132392473,0.9219010777762111,0.731144839070577
qwen3,Chinese-SimpleQA/中华文化/2341.json,cross_layer,8,11904,49527,95232,95232,0.5200667842741935,0.5200667842741935,4.160534274193548,0.4799332157258065,0.9070160302613739,0.588954338857164
qwen3,Chinese-SimpleQA/中华文化/2341.json,cross_layer,12,11904,61642,95232,142848,0.6472824260752689,0.4315216173835125,5.178259408602151,0.5684783826164874,0.9070160302613739,0.6625603271309565
qwen3,Chinese-SimpleQA/中华文化/2341.json,cross_layer,16,11904,70005,95232,190464,0.7350995463709677,0.3675497731854839,5.880796370967742,0.6324502268145161,0.9070160302613739,0.7076892609630522
qwen3,Chinese-SimpleQA/中华文化/235.json,cross_layer,8,11904,52211,95232,95232,0.5482505880376344,0.5482505880376344,4.386004704301075,0.4517494119623656,0.9303476755845743,0.6205261246672137
qwen3,Chinese-SimpleQA/中华文化/235.json,cross_layer,12,11904,64344,95232,142848,0.6756552419354839,0.45043682795698925,5.405241935483871,0.5495631720430108,0.9303476755845743,0.6943048819033976
qwen3,Chinese-SimpleQA/中华文化/235.json,cross_layer,16,11904,72277,95232,190464,0.7589570732526881,0.37947853662634407,6.071656586021505,0.620521463373656,0.9303476755845743,0.7371241229783062
qwen3,Chinese-SimpleQA/中华文化/2369.json,cross_layer,8,11904,49415,95232,95232,0.5188907090053764,0.5188907090053764,4.151125672043011,0.48110929099462363,0.9127252546649446,0.5898363238423514
qwen3,Chinese-SimpleQA/中华文化/2369.json,cross_layer,12,11904,60565,95232,142848,0.6359732022849462,0.42398213485663083,5.08778561827957,0.5760178651433692,0.9127252546649446,0.6576906668748682
qwen3,Chinese-SimpleQA/中华文化/2369.json,cross_layer,16,11904,68071,95232,190464,0.714791246639785,0.3573956233198925,5.71832997311828,0.6426043766801075,0.9127252546649446,0.6981666362770548
qwen3,Chinese-SimpleQA/中华文化/239.json,cross_layer,8,11904,49170,95232,95232,0.5163180443548387,0.5163180443548387,4.13054435483871,0.48368195564516125,0.8865315168049562,0.578617500837348
qwen3,Chinese-SimpleQA/中华文化/239.json,cross_layer,12,11904,61314,95232,142848,0.6438382056451613,0.4292254704301075,5.15070564516129,0.5707745295698925,0.8865315168049562,0.6524444726966229
qwen3,Chinese-SimpleQA/中华文化/239.json,cross_layer,16,11904,69599,95232,190464,0.7308362735215054,0.3654181367607527,5.846690188172043,0.6345818632392473,0.8865315168049562,0.6971458272025248
qwen3,Chinese-SimpleQA/中华文化/247.json,cross_layer,8,11904,51908,95232,95232,0.5450688844086021,0.5450688844086021,4.360551075268817,0.45493111559139787,0.9355812456900603,0.61917724281518
qwen3,Chinese-SimpleQA/中华文化/247.json,cross_layer,12,11904,63814,95232,142848,0.6700898857526881,0.44672659050179214,5.360719086021505,0.5532734094982079,0.9355812456900603,0.6915715118420556
qwen3,Chinese-SimpleQA/中华文化/247.json,cross_layer,16,11904,71631,95232,190464,0.7521736391129032,0.3760868195564516,6.017389112903226,0.6239131804435484,0.9355812456900603,0.7337701633797858
qwen3,Chinese-SimpleQA/中华文化/257.json,cross_layer,8,11904,52605,95232,95232,0.5523878528225806,0.5523878528225806,4.419102822580645,0.4476121471774194,0.9294616834498416,0.6229948629768416
qwen3,Chinese-SimpleQA/中华文化/257.json,cross_layer,12,11904,64947,95232,142848,0.6819871471774194,0.45465809811827956,5.455897177419355,0.5453419018817205,0.9294616834498416,0.6981057737794174
qwen3,Chinese-SimpleQA/中华文化/257.json,cross_layer,16,11904,73034,95232,190464,0.7669060819892473,0.38345304099462363,6.135248655913978,0.6165469590053764,0.9294616834498416,0.7417572449736665
qwen3,Chinese-SimpleQA/中华文化/262.json,cross_layer,8,11904,53167,95232,95232,0.5582892305107527,0.5582892305107527,4.466313844086022,0.44171076948924726,0.9152467706651204,0.623351274271529
qwen3,Chinese-SimpleQA/中华文化/262.json,cross_layer,12,11904,66298,95232,142848,0.6961735551075269,0.4641157034050179,5.569388440860215,0.5358842965949822,0.9152467706651204,0.703293606701285
qwen3,Chinese-SimpleQA/中华文化/262.json,cross_layer,16,11904,74411,95232,190464,0.7813655073924731,0.39068275369623656,6.250924059139785,0.6093172463037635,0.9152467706651204,0.7470836001905533
qwen3,Chinese-SimpleQA/中华文化/263.json,cross_layer,8,11904,41930,95232,95232,0.4402931787634409,0.4402931787634409,3.522345430107527,0.5597068212365591,0.8194647970913653,0.49708466484455
qwen3,Chinese-SimpleQA/中华文化/263.json,cross_layer,12,11904,52438,95232,142848,0.5506342405913979,0.3670894937275986,4.405073924731183,0.6329105062724014,0.8194647970913653,0.5609149207996419
qwen3,Chinese-SimpleQA/中华文化/263.json,cross_layer,16,11904,60644,95232,190464,0.6368027553763441,0.31840137768817206,5.094422043010753,0.681598622311828,0.8194647970913653,0.6051785329689106
qwen3,Chinese-SimpleQA/中华文化/277.json,cross_layer,8,11904,49482,95232,95232,0.5195942540322581,0.5195942540322581,4.156754032258065,0.4804057459677419,0.8993169985133278,0.585799105787727
qwen3,Chinese-SimpleQA/中华文化/277.json,cross_layer,12,11904,61677,95232,142848,0.6476499495967742,0.4317666330645161,5.181199596774194,0.5682333669354839,0.8993169985133278,0.6599912362622397
qwen3,Chinese-SimpleQA/中华文化/277.json,cross_layer,16,11904,69632,95232,190464,0.7311827956989247,0.3655913978494624,5.849462365591398,0.6344086021505376,0.8993169985133278,0.7029226391656296
qwen3,Chinese-SimpleQA/中华文化/39.json,cross_layer,8,11904,45261,95232,95232,0.4752709173387097,0.4752709173387097,3.8021673387096775,0.5247290826612903,0.8934873799657201,0.5469593760610972
qwen3,Chinese-SimpleQA/中华文化/39.json,cross_layer,12,11904,56572,95232,142848,0.5940440188172043,0.3960293458781362,4.752352150537634,0.6039706541218638,0.8934873799657201,0.6156827143373544
qwen3,Chinese-SimpleQA/中华文化/39.json,cross_layer,16,11904,64753,95232,190464,0.6799500168010753,0.3399750084005376,5.439600134408602,0.6600249915994624,0.8934873799657201,0.6598022361235127
qwen3,Chinese-SimpleQA/中华文化/42.json,cross_layer,8,11904,48105,95232,95232,0.5051348286290323,0.5051348286290323,4.041078629032258,0.49486517137096775,0.9127178430794877,0.5755398658342181
qwen3,Chinese-SimpleQA/中华文化/42.json,cross_layer,12,11904,59659,95232,142848,0.6264595934139785,0.41763972894265233,5.011676747311828,0.5823602710573477,0.9127178430794877,0.6457698580870249
qwen3,Chinese-SimpleQA/中华文化/42.json,cross_layer,16,11904,67745,95232,190464,0.7113680275537635,0.35568401377688175,5.690944220430108,0.6443159862231183,0.9127178430794877,0.6893880219950399
qwen3,Chinese-SimpleQA/中华文化/45.json,cross_layer,8,11904,44761,95232,95232,0.4700205813172043,0.4700205813172043,3.7601646505376345,0.5299794186827957,0.8576416055306023,0.5313642810387971
qwen3,Chinese-SimpleQA/中华文化/45.json,cross_layer,12,11904,56101,95232,142848,0.5890982022849462,0.39273213485663083,4.71278561827957,0.6072678651433692,0.8576416055306023,0.6002216878361614
qwen3,Chinese-SimpleQA/中华文化/45.json,cross_layer,16,11904,64245,95232,190464,0.6746156754032258,0.3373078377016129,5.396925403225806,0.6626921622983871,0.8576416055306023,0.6441902195591335
qwen3,Chinese-SimpleQA/中华文化/48.json,cross_layer,8,11904,52293,95232,95232,0.5491116431451613,0.5491116431451613,4.39289314516129,0.45088835685483875,0.9134222650855731,0.6149197886710188
qwen3,Chinese-SimpleQA/中华文化/48.json,cross_layer,12,11904,64988,95232,142848,0.6824176747311828,0.45494511648745517,5.459341397849462,0.5450548835125448,0.9134222650855731,0.6921768568158058
qwen3,Chinese-SimpleQA/中华文化/48.json,cross_layer,16,11904,73153,95232,190464,0.7681556619623656,0.3840778309811828,6.145245295698925,0.6159221690188172,0.9134222650855731,0.736253877099787
qwen3,Chinese-SimpleQA/中华文化/54.json,cross_layer,8,11904,39898,95232,95232,0.418955813172043,0.418955813172043,3.351646505376344,0.581044186827957,0.7696402253806769,0.4620527588570974
qwen3,Chinese-SimpleQA/中华文化/54.json,cross_layer,12,11904,51348,95232,142848,0.5391885080645161,0.35945900537634407,4.313508064516129,0.640540994623656,0.7696402253806769,0.5315494269766102
qwen3,Chinese-SimpleQA/中华文化/54.json,cross_layer,16,11904,59800,95232,190464,0.627940188172043,0.3139700940860215,5.023521505376344,0.6860299059139785,0.7696402253806769,0.5771393548009323
qwen3,Chinese-SimpleQA/中华文化/55.json,cross_layer,8,11904,50103,95232,95232,0.5261151713709677,0.5261151713709677,4.208921370967742,0.47388482862903225,0.9061804440332704,0.5928928735297552
qwen3,Chinese-SimpleQA/中华文化/55.json,cross_layer,12,11904,62092,95232,142848,0.6520077284946236,0.43467181899641577,5.216061827956989,0.5653281810035842,0.9061804440332704,0.6658505584454754
qwen3,Chinese-SimpleQA/中华文化/55.json,cross_layer,16,11904,70443,95232,190464,0.7396988407258065,0.36984942036290325,5.917590725806452,0.6301505796370968,0.9061804440332704,0.7109032826346813
qwen3,Chinese-SimpleQA/中华文化/56.json,cross_layer,8,11904,52660,95232,95232,0.5529653897849462,0.5529653897849462,4.42372311827957,0.44703461021505375,0.93055302206008,0.6232389661404155
qwen3,Chinese-SimpleQA/中华文化/56.json,cross_layer,12,11904,64962,95232,142848,0.6821446572580645,0.4547631048387097,5.457157258064516,0.5452368951612903,0.93055302206008,0.6980675512475809
qwen3,Chinese-SimpleQA/中华文化/56.json,cross_layer,16,11904,72916,95232,190464,0.765667002688172,0.382833501344086,6.125336021505376,0.617166498655914,0.93055302206008,0.7409587067409322
qwen3,Chinese-SimpleQA/中华文化/59.json,cross_layer,8,11904,50882,95232,95232,0.5342951948924731,0.5342951948924731,4.274361559139785,0.4657048051075269,0.8991981526444763,0.5977112689559766
qwen3,Chinese-SimpleQA/中华文化/59.json,cross_layer,12,11904,63147,95232,142848,0.6630859375,0.4420572916666667,5.3046875,0.5579427083333333,0.8991981526444763,0.6723334155573185
qwen3,Chinese-SimpleQA/中华文化/59.json,cross_layer,16,11904,71189,95232,190464,0.7475323420698925,0.37376617103494625,5.98025873655914,0.6262338289650538,0.8991981526444763,0.7157315769098368
qwen3,Chinese-SimpleQA/中华文化/8.json,cross_layer,8,11904,47105,95232,95232,0.4946341565860215,0.4946341565860215,3.957073252688172,0.5053658434139785,0.8651422054647891,0.5537964147447776
qwen3,Chinese-SimpleQA/中华文化/8.json,cross_layer,12,11904,59161,95232,142848,0.6212302587365591,0.41415350582437277,4.969842069892473,0.5858464941756272,0.8651422054647891,0.6270745774961233
qwen3,Chinese-SimpleQA/中华文化/8.json,cross_layer,16,11904,67960,95232,190464,0.7136256720430108,0.3568128360215054,5.709005376344086,0.6431871639784946,0.8651422054647891,0.6745395361427744
qwen3,Chinese-SimpleQA/中华文化/80.json,cross_layer,8,11904,50744,95232,95232,0.5328461021505376,0.5328461021505376,4.262768817204301,0.4671538978494624,0.9204224852441847,0.6037786686807123
qwen3,Chinese-SimpleQA/中华文化/80.json,cross_layer,12,11904,62421,95232,142848,0.6554624495967742,0.43697496639784944,5.243699596774194,0.5630250336021505,0.9204224852441847,0.6748461293067358
qwen3,Chinese-SimpleQA/中华文化/80.json,cross_layer,16,11904,70247,95232,190464,0.7376407090053764,0.3688203545026882,5.901125672043011,0.6311796454973118,0.9204224852441847,0.7170665264232647
qwen3,Chinese-SimpleQA/中华文化/84.json,cross_layer,8,11904,47433,95232,95232,0.49807837701612906,0.49807837701612906,3.9846270161290325,0.501921622983871,0.8748230317152993,0.5600076029134814
qwen3,Chinese-SimpleQA/中华文化/84.json,cross_layer,12,11904,59135,95232,142848,0.6209572412634409,0.41397149417562723,4.967657930107527,0.5860285058243728,0.8748230317152993,0.6311576782719902
qwen3,Chinese-SimpleQA/中华文化/84.json,cross_layer,16,11904,67399,95232,190464,0.7077347950268817,0.3538673975134409,5.661878360215054,0.6461326024865591,0.8748230317152993,0.6757144218279266
qwen3,Chinese-SimpleQA/中华文化/92.json,cross_layer,8,11904,48542,95232,95232,0.509723622311828,0.509723622311828,4.077788978494624,0.490276377688172,0.8899569333509613,0.5744715969644406
qwen3,Chinese-SimpleQA/中华文化/92.json,cross_layer,12,11904,60780,95232,142848,0.6382308467741935,0.4254872311827957,5.105846774193548,0.5745127688172043,0.8899569333509613,0.6488077161564099
qwen3,Chinese-SimpleQA/中华文化/92.json,cross_layer,16,11904,69530,95232,190464,0.7301117271505376,0.3650558635752688,5.840893817204301,0.6349441364247312,0.8899569333509613,0.6960039099447947
qwen3,Chinese-SimpleQA/中华文化/95.json,cross_layer,8,11904,48230,95232,95232,0.5064474126344086,0.5064474126344086,4.051579301075269,0.4935525873655914,0.8863719560103153,0.5699332480730867
qwen3,Chinese-SimpleQA/中华文化/95.json,cross_layer,12,11904,60633,95232,142848,0.636687247983871,0.4244581653225806,5.093497983870968,0.5755418346774194,0.8863719560103153,0.6453534371829248
qwen3,Chinese-SimpleQA/中华文化/95.json,cross_layer,16,11904,68942,95232,190464,0.7239373319892473,0.36196866599462363,5.791498655913978,0.6380313340053764,0.8863719560103153,0.6901806555922552
qwen3,Chinese-SimpleQA/人文与社会科学/2345.json,cross_layer,8,11904,43446,95232,95232,0.4562121975806452,0.4562121975806452,3.6496975806451615,0.5437878024193548,0.841393891154557,0.5162178034338654
qwen3,Chinese-SimpleQA/人文与社会科学/2345.json,cross_layer,12,11904,54731,95232,142848,0.5747122815860215,0.38314152105734767,4.597698252688172,0.6168584789426523,0.841393891154557,0.5847245061600607
qwen3,Chinese-SimpleQA/人文与社会科学/2345.json,cross_layer,16,11904,63330,95232,190464,0.665007560483871,0.3325037802419355,5.320060483870968,0.6674962197580645,0.841393891154557,0.6310911507948112
qwen3,Chinese-SimpleQA/人文与社会科学/2350.json,cross_layer,8,11904,40658,95232,95232,0.4269363239247312,0.4269363239247312,3.4154905913978495,0.5730636760752688,0.8029637012272335,0.4801574025502902
qwen3,Chinese-SimpleQA/人文与社会科学/2350.json,cross_layer,12,11904,51505,95232,142848,0.5408371135752689,0.3605580757168459,4.326696908602151,0.6394419242831542,0.8029637012272335,0.5460163832325582
qwen3,Chinese-SimpleQA/人文与社会科学/2350.json,cross_layer,16,11904,59785,95232,190464,0.6277826780913979,0.31389133904569894,5.022261424731183,0.686108660954301,0.8029637012272335,0.5906595395664024
qwen3,Chinese-SimpleQA/人文与社会科学/2353.json,cross_layer,8,11904,40581,95232,95232,0.4261277721774194,0.4261277721774194,3.409022177419355,0.5738722278225806,0.8185688453946831,0.48226173125405475
qwen3,Chinese-SimpleQA/人文与社会科学/2353.json,cross_layer,12,11904,51783,95232,142848,0.5437563004032258,0.3625042002688172,4.350050403225806,0.6374957997311828,0.8185688453946831,0.5501657704222269
qwen3,Chinese-SimpleQA/人文与社会科学/2353.json,cross_layer,16,11904,60800,95232,190464,0.6384408602150538,0.3192204301075269,5.10752688172043,0.6807795698924731,0.8185688453946831,0.598771588091456
qwen3,Chinese-SimpleQA/人文与社会科学/2357.json,cross_layer,8,10323,42627,82584,82584,0.5161653589072944,0.5161653589072944,4.129322871258355,0.4838346410927056,0.9060188026585867,0.5859185124268178
qwen3,Chinese-SimpleQA/人文与社会科学/2357.json,cross_layer,12,10323,52814,82584,123876,0.6395185508088734,0.4263457005392489,5.1161484064709875,0.5736542994607511,0.9060188026585867,0.6573161276897314
qwen3,Chinese-SimpleQA/人文与社会科学/2357.json,cross_layer,16,10323,59329,82584,165168,0.7184079240530853,0.35920396202654264,5.747263392424682,0.6407960379734574,0.9060188026585867,0.6978393753313651
qwen3,Chinese-SimpleQA/人文与社会科学/2374.json,cross_layer,8,11904,46103,95232,95232,0.48411248319892475,0.48411248319892475,3.872899865591398,0.5158875168010753,0.8479270634859103,0.539013267281778
qwen3,Chinese-SimpleQA/人文与社会科学/2374.json,cross_layer,12,11904,59408,95232,142848,0.6238239247311828,0.41588261648745517,4.990591397849462,0.5841173835125448,0.8479270634859103,0.6198870712014631
qwen3,Chinese-SimpleQA/人文与社会科学/2374.json,cross_layer,16,11904,68590,95232,190464,0.7202410954301075,0.36012054771505375,5.76192876344086,0.6398794522849462,0.8479270634859103,0.6694234490260323
qwen3,Chinese-SimpleQA/人文与社会科学/2377.json,cross_layer,8,11904,39689,95232,95232,0.41676117271505375,0.41676117271505375,3.33408938172043,0.5832388272849462,0.8145006907370028,0.47687361675614853
qwen3,Chinese-SimpleQA/人文与社会科学/2377.json,cross_layer,12,11904,50516,95232,142848,0.5304519489247311,0.3536346326164875,4.243615591397849,0.6463653673835126,0.8145006907370028,0.5425713890635266
qwen3,Chinese-SimpleQA/人文与社会科学/2377.json,cross_layer,16,11904,58954,95232,190464,0.6190566196236559,0.30952830981182794,4.952452956989247,0.690471690188172,0.8145006907370028,0.5880584630942078
qwen3,Chinese-SimpleQA/人文与社会科学/2391.json,cross_layer,8,11904,44371,95232,95232,0.4659253192204301,0.4659253192204301,3.727402553763441,0.5340746807795699,0.8461618765988074,0.5252254237558434
qwen3,Chinese-SimpleQA/人文与社会科学/2391.json,cross_layer,12,11904,56182,95232,142848,0.5899487567204301,0.3932991711469534,4.719590053763441,0.6067008288530467,0.8461618765988074,0.5969201233731325
qwen3,Chinese-SimpleQA/人文与社会科学/2391.json,cross_layer,16,11904,64363,95232,190464,0.6758547547043011,0.33792737735215056,5.406838037634409,0.6620726226478495,0.8461618765988074,0.6410588069924307
qwen3,Chinese-SimpleQA/人文与社会科学/2400.json,cross_layer,8,11904,44167,95232,95232,0.46378318212365593,0.46378318212365593,3.7102654569892475,0.536216817876344,0.8355466011975936,0.5194181538029641
qwen3,Chinese-SimpleQA/人文与社会科学/2400.json,cross_layer,12,11904,55919,95232,142848,0.5871870799731183,0.39145805331541217,4.697496639784946,0.6085419466845878,0.8355466011975936,0.590797711958611
qwen3,Chinese-SimpleQA/人文与社会科学/2400.json,cross_layer,16,11904,64564,95232,190464,0.6779653897849462,0.3389826948924731,5.42372311827957,0.6610173051075269,0.8355466011975936,0.6374169993964254
qwen3,Chinese-SimpleQA/人文与社会科学/2412.json,cross_layer,8,11904,44338,95232,95232,0.46557879704301075,0.46557879704301075,3.724630376344086,0.5344212029569892,0.8411216972897924,0.5222290208346326
qwen3,Chinese-SimpleQA/人文与社会科学/2412.json,cross_layer,12,11904,55954,95232,142848,0.5875546034946236,0.39170306899641577,4.700436827956989,0.6082969310035842,0.8411216972897924,0.5928292751806598
qwen3,Chinese-SimpleQA/人文与社会科学/2412.json,cross_layer,16,11904,64678,95232,190464,0.6791624663978495,0.33958123319892475,5.433299731182796,0.6604187668010753,0.8411216972897924,0.6399002504876944
qwen3,Chinese-SimpleQA/人文与社会科学/2415.json,cross_layer,8,11904,44884,95232,95232,0.4713121639784946,0.4713121639784946,3.770497311827957,0.5286878360215054,0.8468249868825338,0.5294353128298617
qwen3,Chinese-SimpleQA/人文与社会科学/2415.json,cross_layer,12,11904,57348,95232,142848,0.6021925403225806,0.4014616935483871,4.817540322580645,0.5985383064516129,0.8468249868825338,0.605117555058784
qwen3,Chinese-SimpleQA/人文与社会科学/2415.json,cross_layer,16,11904,66277,95232,190464,0.6959530409946236,0.3479765204973118,5.567624327956989,0.6520234795026882,0.8468249868825338,0.6532924006219867
qwen3,Chinese-SimpleQA/人文与社会科学/2416.json,cross_layer,8,11904,48544,95232,95232,0.509744623655914,0.509744623655914,4.077956989247312,0.490255376344086,0.8882013043240413,0.5732656387988213
qwen3,Chinese-SimpleQA/人文与社会科学/2416.json,cross_layer,12,11904,61005,95232,142848,0.640593497983871,0.4270623319892473,5.124747983870968,0.5729376680107527,0.8882013043240413,0.6489800856202944
qwen3,Chinese-SimpleQA/人文与社会科学/2416.json,cross_layer,16,11904,69880,95232,190464,0.7337869623655914,0.3668934811827957,5.870295698924731,0.6331065188172043,0.8882013043240413,0.6968529765726356
qwen3,Chinese-SimpleQA/人文与社会科学/2417.json,cross_layer,8,11904,40935,95232,95232,0.4298450100806452,0.4298450100806452,3.4387600806451615,0.5701549899193548,0.7839293948818623,0.4763148333438056
qwen3,Chinese-SimpleQA/人文与社会科学/2417.json,cross_layer,12,11904,52617,95232,142848,0.5525138608870968,0.3683425739247312,4.420110887096774,0.6316574260752688,0.7839293948818623,0.5472673489827219
qwen3,Chinese-SimpleQA/人文与社会科学/2417.json,cross_layer,16,11904,61669,95232,190464,0.6475659442204301,0.32378297211021506,5.180527553763441,0.676217027889785,0.7839293948818623,0.5960759661597088
qwen3,Chinese-SimpleQA/人文与社会科学/2418.json,cross_layer,8,11904,48030,95232,95232,0.5043472782258065,0.5043472782258065,4.034778225806452,0.4956527217741935,0.890462401714925,0.569670151352484
qwen3,Chinese-SimpleQA/人文与社会科学/2418.json,cross_layer,12,11904,60315,95232,142848,0.6333480342741935,0.4222320228494624,5.066784274193548,0.5777679771505376,0.890462401714925,0.6443274072106905
qwen3,Chinese-SimpleQA/人文与社会科学/2418.json,cross_layer,16,11904,69120,95232,190464,0.7258064516129032,0.3629032258064516,5.806451612903226,0.6370967741935484,0.890462401714925,0.6917903761306531
qwen3,Chinese-SimpleQA/人文与社会科学/2428.json,cross_layer,8,11904,40093,95232,95232,0.4210034442204301,0.4210034442204301,3.368027553763441,0.5789965557795699,0.7627394160607737,0.462855205511379
qwen3,Chinese-SimpleQA/人文与社会科学/2428.json,cross_layer,12,11904,52022,95232,142848,0.5462659610215054,0.36417730734767023,4.370127688172043,0.6358226926523298,0.7627394160607737,0.535249212589645
qwen3,Chinese-SimpleQA/人文与社会科学/2428.json,cross_layer,16,11904,61330,95232,190464,0.6440062163978495,0.32200310819892475,5.152049731182796,0.6779968918010753,0.7627394160607737,0.5854532941610708
qwen3,Chinese-SimpleQA/人文与社会科学/2434.json,cross_layer,8,11904,43665,95232,95232,0.4585118447580645,0.4585118447580645,3.668094758064516,0.5414881552419355,0.8259370386331454,0.5134486280000119
qwen3,Chinese-SimpleQA/人文与社会科学/2434.json,cross_layer,12,11904,55206,95232,142848,0.5797001008064516,0.38646673387096775,4.637600806451613,0.6135332661290323,0.8259370386331454,0.5834872818282618
qwen3,Chinese-SimpleQA/人文与社会科学/2434.json,cross_layer,16,11904,63974,95232,190464,0.6717699932795699,0.33588499663978494,5.374159946236559,0.664115003360215,0.8259370386331454,0.6307605497719355
qwen3,Chinese-SimpleQA/人文与社会科学/2439.json,cross_layer,8,11904,47993,95232,95232,0.503958753360215,0.503958753360215,4.03167002688172,0.496041246639785,0.8906985611181686,0.5694409216491518
qwen3,Chinese-SimpleQA/人文与社会科学/2439.json,cross_layer,12,11904,59978,95232,142848,0.6298093077956989,0.4198728718637993,5.038474462365591,0.5801271281362007,0.8906985611181686,0.6422827264160146
qwen3,Chinese-SimpleQA/人文与社会科学/2439.json,cross_layer,16,11904,68692,95232,190464,0.7213121639784946,0.3606560819892473,5.770497311827957,0.6393439180107527,0.8906985611181686,0.6892812845442909
qwen3,Chinese-SimpleQA/人文与社会科学/2456.json,cross_layer,8,11904,48987,95232,95232,0.5143964213709677,0.5143964213709677,4.115171370967742,0.48560357862903225,0.8951229260134363,0.5786628046461284
qwen3,Chinese-SimpleQA/人文与社会科学/2456.json,cross_layer,12,11904,61080,95232,142848,0.6413810483870968,0.42758736559139787,5.131048387096774,0.5724126344086021,0.8951229260134363,0.6521990073104
qwen3,Chinese-SimpleQA/人文与社会科学/2456.json,cross_layer,16,11904,69354,95232,190464,0.7282636088709677,0.3641318044354839,5.826108870967742,0.6358681955645161,0.8951229260134363,0.6968231136270772
qwen3,Chinese-SimpleQA/人文与社会科学/2457.json,cross_layer,8,11904,38807,95232,95232,0.40749957997311825,0.40749957997311825,3.259996639784946,0.5925004200268817,0.7662687866675878,0.45185955404917283
qwen3,Chinese-SimpleQA/人文与社会科学/2457.json,cross_layer,12,11904,50256,95232,142848,0.5277217741935484,0.35181451612903225,4.221774193548387,0.6481854838709677,0.7662687866675878,0.5213633011673959
qwen3,Chinese-SimpleQA/人文与社会科学/2457.json,cross_layer,16,11904,59137,95232,190464,0.6209782426075269,0.31048912130376344,4.967825940860215,0.6895108786962365,0.7662687866675878,0.5692685398840285
qwen3,Chinese-SimpleQA/人文与社会科学/2459.json,cross_layer,8,11904,51096,95232,95232,0.5365423387096774,0.5365423387096774,4.292338709677419,0.4634576612903226,0.9096971350259179,0.6021483690945831
qwen3,Chinese-SimpleQA/人文与社会科学/2459.json,cross_layer,12,11904,63043,95232,142848,0.6619938676075269,0.4413292450716846,5.295950940860215,0.5586707549283154,0.9096971350259179,0.6748088990159717
qwen3,Chinese-SimpleQA/人文与社会科学/2459.json,cross_layer,16,11904,71172,95232,190464,0.7473538306451613,0.3736769153225806,5.97883064516129,0.6263230846774194,0.9096971350259179,0.7186830068736713
qwen3,Chinese-SimpleQA/人文与社会科学/2461.json,cross_layer,8,11904,42493,95232,95232,0.44620505712365593,0.44620505712365593,3.5696404569892475,0.553794942876344,0.8062619404278122,0.49673799107045435
qwen3,Chinese-SimpleQA/人文与社会科学/2461.json,cross_layer,12,11904,54545,95232,142848,0.5727591565860215,0.38183943772401435,4.582073252688172,0.6181605622759856,0.8062619404278122,0.5699593873393058
qwen3,Chinese-SimpleQA/人文与社会科学/2461.json,cross_layer,16,11904,63351,95232,190464,0.6652280745967742,0.3326140372983871,5.321824596774194,0.6673859627016129,0.8062619404278122,0.6174453612065968
qwen3,Chinese-SimpleQA/人文与社会科学/2477.json,cross_layer,8,11904,38609,95232,95232,0.40542044690860213,0.40542044690860213,3.243363575268817,0.5945795530913979,0.7919997050230522,0.45978044804972373
qwen3,Chinese-SimpleQA/人文与社会科学/2477.json,cross_layer,12,11904,49425,95232,142848,0.5189957157258065,0.3459971438172043,4.151965725806452,0.6540028561827957,0.7919997050230522,0.5254624346084468
qwen3,Chinese-SimpleQA/人文与社会科学/2477.json,cross_layer,16,11904,57772,95232,190464,0.6066448252688172,0.3033224126344086,4.853158602150538,0.6966775873655914,0.7919997050230522,0.5704470842193601
qwen3,Chinese-SimpleQA/人文与社会科学/2486.json,cross_layer,8,11904,47104,95232,95232,0.4946236559139785,0.4946236559139785,3.956989247311828,0.5053763440860215,0.8633581450145226,0.5555503118832558
qwen3,Chinese-SimpleQA/人文与社会科学/2486.json,cross_layer,12,11904,59415,95232,142848,0.6238974294354839,0.41593161962365593,4.991179435483871,0.584068380376344,0.8633581450145226,0.6303416838292153
qwen3,Chinese-SimpleQA/人文与社会科学/2486.json,cross_layer,16,11904,68065,95232,190464,0.7147282426075269,0.35736412130376344,5.717825940860215,0.6426358786962365,0.8633581450145226,0.6770056164299983
qwen3,Chinese-SimpleQA/人文与社会科学/2492.json,cross_layer,8,11904,43187,95232,95232,0.4534925235215054,0.4534925235215054,3.627940188172043,0.5465074764784946,0.817577992892273,0.5048197531452258
qwen3,Chinese-SimpleQA/人文与社会科学/2492.json,cross_layer,12,11904,55678,95232,142848,0.5846564180107527,0.3897709453405018,4.677251344086022,0.6102290546594982,0.817577992892273,0.5806517724896751
qwen3,Chinese-SimpleQA/人文与社会科学/2492.json,cross_layer,16,11904,64867,95232,190464,0.6811470934139785,0.34057354670698925,5.449176747311828,0.6594264532930108,0.817577992892273,0.6302218028159956
qwen3,Chinese-SimpleQA/人文与社会科学/2499.json,cross_layer,8,11904,41576,95232,95232,0.43657594086021506,0.43657594086021506,3.4926075268817205,0.563424059139785,0.8129189665204218,0.48898508021817017
qwen3,Chinese-SimpleQA/人文与社会科学/2499.json,cross_layer,12,11904,53175,95232,142848,0.5583732358870968,0.3722488239247312,4.466985887096774,0.6277511760752688,0.8129189665204218,0.5593650979925755
qwen3,Chinese-SimpleQA/人文与社会科学/2499.json,cross_layer,16,11904,62095,95232,190464,0.6520392305107527,0.32601961525537637,5.216313844086022,0.6739803847446236,0.8129189665204218,0.6074712447871109
qwen3,Chinese-SimpleQA/人文与社会科学/2503.json,cross_layer,8,11904,49732,95232,95232,0.5222194220430108,0.5222194220430108,4.177755376344086,0.47778057795698925,0.9019352465830563,0.5887075912558171
qwen3,Chinese-SimpleQA/人文与社会科学/2503.json,cross_layer,12,11904,62247,95232,142848,0.6536353326612904,0.4357568884408602,5.229082661290323,0.5642431115591398,0.9019352465830563,0.664791001674374
qwen3,Chinese-SimpleQA/人文与社会科学/2503.json,cross_layer,16,11904,71121,95232,190464,0.7468182963709677,0.3734091481854839,5.974546370967742,0.6265908518145161,0.9019352465830563,0.7126616522438216
qwen3,Chinese-SimpleQA/人文与社会科学/2512.json,cross_layer,8,11904,44391,95232,95232,0.4661353326612903,0.4661353326612903,3.7290826612903225,0.5338646673387097,0.8321189288624038,0.5238022320095592
qwen3,Chinese-SimpleQA/人文与社会科学/2512.json,cross_layer,12,11904,55879,95232,142848,0.5867670530913979,0.3911780353942652,4.694136424731183,0.6088219646057348,0.8321189288624038,0.5935619420803
qwen3,Chinese-SimpleQA/人文与社会科学/2512.json,cross_layer,16,11904,64239,95232,190464,0.6745526713709677,0.3372763356854839,5.396421370967742,0.6627236643145161,0.8321189288624038,0.6386535196965494
qwen3,Chinese-SimpleQA/人文与社会科学/2519.json,cross_layer,8,11904,41722,95232,95232,0.4381090389784946,0.4381090389784946,3.504872311827957,0.5618909610215054,0.8177313255088505,0.49274679126239956
qwen3,Chinese-SimpleQA/人文与社会科学/2519.json,cross_layer,12,11904,52685,95232,142848,0.5532279065860215,0.368818604390681,4.425823252688172,0.6311813956093191,0.8177313255088505,0.5593550472820741
qwen3,Chinese-SimpleQA/人文与社会科学/2519.json,cross_layer,16,11904,60761,95232,190464,0.6380313340053764,0.3190156670026882,5.104250672043011,0.6809843329973118,0.8177313255088505,0.6029021895992518
qwen3,Chinese-SimpleQA/人文与社会科学/2526.json,cross_layer,8,11904,43613,95232,95232,0.45796580981182794,0.45796580981182794,3.6637264784946235,0.542034190188172,0.8243232587435225,0.5112937477884152
qwen3,Chinese-SimpleQA/人文与社会科学/2526.json,cross_layer,12,11904,55737,95232,142848,0.5852759576612904,0.39018397177419356,4.682207661290323,0.6098160282258065,0.8243232587435225,0.5849545700081209
qwen3,Chinese-SimpleQA/人文与社会科学/2526.json,cross_layer,16,11904,64439,95232,190464,0.6766528057795699,0.33832640288978494,5.413222446236559,0.661673597110215,0.8243232587435225,0.6318905770279541
qwen3,Chinese-SimpleQA/人文与社会科学/292.json,cross_layer,8,11904,40639,95232,95232,0.426736811155914,0.426736811155914,3.413894489247312,0.573263188844086,0.7850612575426251,0.47494608651760495
qwen3,Chinese-SimpleQA/人文与社会科学/292.json,cross_layer,12,11904,52234,95232,142848,0.5484921034946236,0.3656614023297491,4.387936827956989,0.6343385976702509,0.7850612575426251,0.5453361733024445
qwen3,Chinese-SimpleQA/人文与社会科学/292.json,cross_layer,16,11904,60550,95232,190464,0.6358156922043011,0.31790784610215056,5.086525537634409,0.6820921538978495,0.7850612575426251,0.5902053093437079
qwen3,Chinese-SimpleQA/人文与社会科学/294.json,cross_layer,8,11904,51137,95232,95232,0.5369728662634409,0.5369728662634409,4.295782930107527,0.4630271337365591,0.9145356251518072,0.6062456118524615
qwen3,Chinese-SimpleQA/人文与社会科学/294.json,cross_layer,12,11904,63178,95232,142848,0.6634114583333334,0.4422743055555556,5.307291666666667,0.5577256944444444,0.9145356251518072,0.6794774227453074
qwen3,Chinese-SimpleQA/人文与社会科学/294.json,cross_layer,16,11904,71241,95232,190464,0.748078377016129,0.3740391885080645,5.984627016129032,0.6259608114919355,0.9145356251518072,0.7229804697447756
qwen3,Chinese-SimpleQA/人文与社会科学/298.json,cross_layer,8,11904,50852,95232,95232,0.5339801747311828,0.5339801747311828,4.271841397849462,0.46601982526881724,0.8941868309874885,0.595246384266742
qwen3,Chinese-SimpleQA/人文与社会科学/298.json,cross_layer,12,11904,63183,95232,142848,0.6634639616935484,0.44230930779569894,5.307711693548387,0.557690692204301,0.8941868309874885,0.6702591010588836
qwen3,Chinese-SimpleQA/人文与社会科学/298.json,cross_layer,16,11904,71406,95232,190464,0.7498109879032258,0.3749054939516129,5.998487903225806,0.6250945060483871,0.8941868309874885,0.7146637725161062
qwen3,Chinese-SimpleQA/人文与社会科学/301.json,cross_layer,8,11904,48494,95232,95232,0.5092195900537635,0.5092195900537635,4.073756720430108,0.4907804099462365,0.8810315433614359,0.5704714338650657
qwen3,Chinese-SimpleQA/人文与社会科学/301.json,cross_layer,12,11904,61267,95232,142848,0.6433446740591398,0.42889644937275984,5.146757392473118,0.5711035506272402,0.8810315433614359,0.6480766500158072
qwen3,Chinese-SimpleQA/人文与社会科学/301.json,cross_layer,16,11904,70369,95232,190464,0.7389217909946236,0.3694608954973118,5.911374327956989,0.6305391045026882,0.8810315433614359,0.6971876228403361
qwen3,Chinese-SimpleQA/人文与社会科学/308.json,cross_layer,8,11904,41166,95232,95232,0.4322706653225806,0.4322706653225806,3.458165322580645,0.5677293346774194,0.800907286727719,0.48395363309455897
qwen3,Chinese-SimpleQA/人文与社会科学/308.json,cross_layer,12,11904,52176,95232,142848,0.547883064516129,0.365255376344086,4.383064516129032,0.634744623655914,0.800907286727719,0.550840581627503
qwen3,Chinese-SimpleQA/人文与社会科学/308.json,cross_layer,16,11904,60383,95232,190464,0.6340620799731183,0.3170310399865591,5.072496639784946,0.6829689600134409,0.800907286727719,0.5950848819397875
qwen3,Chinese-SimpleQA/人文与社会科学/314.json,cross_layer,8,11904,43712,95232,95232,0.459005376344086,0.459005376344086,3.672043010752688,0.540994623655914,0.807211664960792,0.5078574150079354
qwen3,Chinese-SimpleQA/人文与社会科学/314.json,cross_layer,12,11904,55758,95232,142848,0.5854964717741935,0.3903309811827957,4.683971774193548,0.6096690188172043,0.807211664960792,0.5810443007556886
qwen3,Chinese-SimpleQA/人文与社会科学/314.json,cross_layer,16,11904,64610,95232,190464,0.6784484206989247,0.3392242103494624,5.427587365591398,0.6607757896505376,0.807211664960792,0.6287884915132136
qwen3,Chinese-SimpleQA/人文与社会科学/323.json,cross_layer,8,11904,44475,95232,95232,0.46701738911290325,0.46701738911290325,3.736139112903226,0.5329826108870968,0.8284802492271074,0.517615968930476
qwen3,Chinese-SimpleQA/人文与社会科学/323.json,cross_layer,12,11904,57319,95232,142848,0.6018880208333334,0.4012586805555556,4.815104166666667,0.5987413194444444,0.8284802492271074,0.5955976954997526
qwen3,Chinese-SimpleQA/人文与社会科学/323.json,cross_layer,16,11904,66398,95232,190464,0.697223622311828,0.348611811155914,5.577788978494624,0.651388188844086,0.8284802492271074,0.6446088795081569
qwen3,Chinese-SimpleQA/人文与社会科学/327.json,cross_layer,8,11904,46994,95232,95232,0.4934685819892473,0.4934685819892473,3.9477486559139785,0.5065314180107527,0.8718711388220011,0.5567890707141876
qwen3,Chinese-SimpleQA/人文与社会科学/327.json,cross_layer,12,11904,58755,95232,142848,0.6169669858870968,0.4113113239247312,4.935735887096774,0.5886886760752688,0.8718711388220011,0.6282424413194526
qwen3,Chinese-SimpleQA/人文与社会科学/327.json,cross_layer,16,11904,67733,95232,190464,0.7112420194892473,0.35562100974462363,5.689936155913978,0.6443789902553764,0.8718711388220011,0.6766560444140043
qwen3,Chinese-SimpleQA/人文与社会科学/330.json,cross_layer,8,11904,39665,95232,95232,0.4165091565860215,0.4165091565860215,3.332073252688172,0.5834908434139785,0.786308739197559,0.4677701347931872
qwen3,Chinese-SimpleQA/人文与社会科学/330.json,cross_layer,12,11904,50870,95232,142848,0.534169186827957,0.356112791218638,4.273353494623656,0.6438872087813621,0.786308739197559,0.535730509788647
qwen3,Chinese-SimpleQA/人文与社会科学/330.json,cross_layer,16,11904,59784,95232,190464,0.6277721774193549,0.31388608870967744,5.022177419354839,0.6861139112903225,0.786308739197559,0.5837790322453283
qwen3,Chinese-SimpleQA/人文与社会科学/333.json,cross_layer,8,11904,39029,95232,95232,0.4098307291666667,0.4098307291666667,3.2786458333333335,0.5901692708333333,0.8271538263766068,0.4715278345091643
qwen3,Chinese-SimpleQA/人文与社会科学/333.json,cross_layer,12,11904,49728,95232,142848,0.5221774193548387,0.3481182795698925,4.17741935483871,0.6518817204301075,0.8271538263766068,0.5364573720108464
qwen3,Chinese-SimpleQA/人文与社会科学/333.json,cross_layer,16,11904,58175,95232,190464,0.6108765961021505,0.30543829805107525,4.887012768817204,0.6945617019489247,0.8271538263766068,0.5819984397133718
qwen3,Chinese-SimpleQA/人文与社会科学/337.json,cross_layer,8,11904,48479,95232,95232,0.5090620799731183,0.5090620799731183,4.072496639784946,0.49093792002688175,0.8931234149787757,0.5740802782986809
qwen3,Chinese-SimpleQA/人文与社会科学/337.json,cross_layer,12,11904,60725,95232,142848,0.637653309811828,0.42510220654121866,5.101226478494624,0.5748977934587813,0.8931234149787757,0.6485114703418027
qwen3,Chinese-SimpleQA/人文与社会科学/337.json,cross_layer,16,11904,69573,95232,190464,0.7305632560483871,0.36528162802419356,5.844506048387097,0.6347183719758065,0.8931234149787757,0.696227340392809
qwen3,Chinese-SimpleQA/人文与社会科学/340.json,cross_layer,8,11904,52306,95232,95232,0.5492481518817204,0.5492481518817204,4.393985215053763,0.4507518481182796,0.9235100086032576,0.6174518819513336
qwen3,Chinese-SimpleQA/人文与社会科学/340.json,cross_layer,12,11904,64598,95232,142848,0.6783224126344086,0.4522149417562724,5.426579301075269,0.5477850582437276,0.9235100086032576,0.6922309577162292
qwen3,Chinese-SimpleQA/人文与社会科学/340.json,cross_layer,16,11904,72736,95232,190464,0.7637768817204301,0.38188844086021506,6.110215053763441,0.618111559139785,0.9235100086032576,0.7361409922094198
qwen3,Chinese-SimpleQA/人文与社会科学/341.json,cross_layer,8,11904,41192,95232,95232,0.43254368279569894,0.43254368279569894,3.4603494623655915,0.567456317204301,0.8076236715466927,0.48444623873565285
qwen3,Chinese-SimpleQA/人文与社会科学/341.json,cross_layer,12,11904,53166,95232,142848,0.5582787298387096,0.3721858198924731,4.466229838709677,0.6278141801075269,0.8076236715466927,0.5572045555441365
qwen3,Chinese-SimpleQA/人文与社会科学/341.json,cross_layer,16,11904,62092,95232,190464,0.6520077284946236,0.3260038642473118,5.216061827956989,0.6739961357526882,0.8076236715466927,0.6053518266756144
qwen3,Chinese-SimpleQA/人文与社会科学/344.json,cross_layer,8,11904,46827,95232,95232,0.4917149697580645,0.4917149697580645,3.933719758064516,0.5082850302419355,0.8578536283897978,0.5484642239540709
qwen3,Chinese-SimpleQA/人文与社会科学/344.json,cross_layer,12,11904,59345,95232,142848,0.6231623823924731,0.41544158826164873,4.985299059139785,0.5845584117383513,0.8578536283897978,0.6244933028019929
qwen3,Chinese-SimpleQA/人文与社会科学/344.json,cross_layer,16,11904,68228,95232,190464,0.7164398521505376,0.3582199260752688,5.731518817204301,0.6417800739247312,0.8578536283897978,0.6724074025403386
qwen3,Chinese-SimpleQA/人文与社会科学/353.json,cross_layer,8,11904,40688,95232,95232,0.4272513440860215,0.4272513440860215,3.418010752688172,0.5727486559139785,0.82645991369275,0.4858088376248584
qwen3,Chinese-SimpleQA/人文与社会科学/353.json,cross_layer,12,11904,51077,95232,142848,0.5363428259408602,0.3575618839605735,4.290742607526882,0.6424381160394266,0.82645991369275,0.5489021864567993
qwen3,Chinese-SimpleQA/人文与社会科学/353.json,cross_layer,16,11904,59012,95232,190464,0.6196656586021505,0.30983282930107525,4.957325268817204,0.6901671706989247,0.82645991369275,0.5917203718923291
qwen3,Chinese-SimpleQA/人文与社会科学/355.json,cross_layer,8,11904,46852,95232,95232,0.4919774865591398,0.4919774865591398,3.9358198924731185,0.5080225134408602,0.8534428857966584,0.5498398817214756
qwen3,Chinese-SimpleQA/人文与社会科学/355.json,cross_layer,12,11904,58817,95232,142848,0.6176180275537635,0.411745351702509,4.940944220430108,0.5882546482974911,0.8534428857966584,0.6225657321915321
qwen3,Chinese-SimpleQA/人文与社会科学/355.json,cross_layer,16,11904,67374,95232,190464,0.7074722782258065,0.35373613911290325,5.659778225806452,0.6462638608870968,0.8534428857966584,0.6687650677551392
qwen3,Chinese-SimpleQA/人文与社会科学/356.json,cross_layer,8,11904,51602,95232,95232,0.5418556787634409,0.5418556787634409,4.334845430107527,0.4581443212365591,0.9231300645898688,0.6128031066476706
qwen3,Chinese-SimpleQA/人文与社会科学/356.json,cross_layer,12,11904,63302,95232,142848,0.6647135416666666,0.4431423611111111,5.317708333333333,0.5568576388888888,0.9231300645898688,0.6839820897710012
qwen3,Chinese-SimpleQA/人文与社会科学/356.json,cross_layer,16,11904,70961,95232,190464,0.745138188844086,0.372569094422043,5.961105510752688,0.627430905577957,0.9231300645898688,0.7253209748607419
qwen3,Chinese-SimpleQA/人文与社会科学/374.json,cross_layer,8,11904,48937,95232,95232,0.5138713877688172,0.5138713877688172,4.110971102150538,0.48612861223118276,0.8969256183910962,0.5798095200504961
qwen3,Chinese-SimpleQA/人文与社会科学/374.json,cross_layer,12,11904,61302,95232,142848,0.6437121975806451,0.42914146505376344,5.149697580645161,0.5708585349462365,0.8969256183910962,0.6549345293128991
qwen3,Chinese-SimpleQA/人文与社会科学/374.json,cross_layer,16,11904,70101,95232,190464,0.7361076108870968,0.3680538054435484,5.888860887096774,0.6319461945564516,0.8969256183910962,0.7023880856359035
qwen3,Chinese-SimpleQA/人文与社会科学/382.json,cross_layer,8,11904,29451,95232,95232,0.3092552923387097,0.3092552923387097,2.4740423387096775,0.6907447076612903,0.6872397668985334,0.3554842632545387
qwen3,Chinese-SimpleQA/人文与社会科学/382.json,cross_layer,12,11904,37710,95232,142848,0.3959803427419355,0.2639868951612903,3.167842741935484,0.7360131048387097,0.6872397668985334,0.4056153650974187
qwen3,Chinese-SimpleQA/人文与社会科学/382.json,cross_layer,16,11904,45129,95232,190464,0.47388482862903225,0.23694241431451613,3.791078629032258,0.7630575856854839,0.6872397668985334,0.4456148030463286
qwen3,Chinese-SimpleQA/人文与社会科学/392.json,cross_layer,8,11904,46265,95232,95232,0.4858135920698925,0.4858135920698925,3.88650873655914,0.5141864079301075,0.8807611736102201,0.5531793972529334
qwen3,Chinese-SimpleQA/人文与社会科学/392.json,cross_layer,12,11904,58082,95232,142848,0.6099000336021505,0.40660002240143367,4.879200268817204,0.5933999775985663,0.8807611736102201,0.6249677505844207
qwen3,Chinese-SimpleQA/人文与社会科学/392.json,cross_layer,16,11904,66658,95232,190464,0.6999537970430108,0.3499768985215054,5.599630376344086,0.6500231014784946,0.8807611736102201,0.6712256520596684
qwen3,Chinese-SimpleQA/人文与社会科学/405.json,cross_layer,8,11904,48376,95232,95232,0.5079805107526881,0.5079805107526881,4.063844086021505,0.49201948924731187,0.8944005744633642,0.5739764676685297
qwen3,Chinese-SimpleQA/人文与社会科学/405.json,cross_layer,12,11904,60732,95232,142848,0.637726814516129,0.4251512096774194,5.101814516129032,0.5748487903225806,0.8944005744633642,0.6490289668674706
qwen3,Chinese-SimpleQA/人文与社会科学/405.json,cross_layer,16,11904,69476,95232,190464,0.729544690860215,0.3647723454301075,5.83635752688172,0.6352276545698925,0.8944005744633642,0.6961829580523365
qwen3,Chinese-SimpleQA/人文与社会科学/406.json,cross_layer,8,11904,48652,95232,95232,0.5108786962365591,0.5108786962365591,4.087029569892473,0.4891213037634409,0.8833996326151383,0.5741613886020197
qwen3,Chinese-SimpleQA/人文与社会科学/406.json,cross_layer,12,11904,60825,95232,142848,0.638703377016129,0.425802251344086,5.109627016129032,0.574197748655914,0.8833996326151383,0.6481036420624001
qwen3,Chinese-SimpleQA/人文与社会科学/406.json,cross_layer,16,11904,69140,95232,190464,0.7260164650537635,0.36300823252688175,5.808131720430108,0.6369917674731183,0.8833996326151383,0.6929685618443899
qwen3,Chinese-SimpleQA/人文与社会科学/410.json,cross_layer,8,11904,41411,95232,95232,0.43484332997311825,0.43484332997311825,3.478746639784946,0.5651566700268817,0.8278040179699263,0.49290142057717834
qwen3,Chinese-SimpleQA/人文与社会科学/410.json,cross_layer,12,11904,52282,95232,142848,0.5489961357526881,0.36599742383512546,4.391969086021505,0.6340025761648745,0.8278040179699263,0.5588922029805186
qwen3,Chinese-SimpleQA/人文与社会科学/410.json,cross_layer,16,11904,60789,95232,190464,0.6383253528225806,0.3191626764112903,5.106602822580645,0.6808373235887097,0.8278040179699263,0.6047415429290302
qwen3,Chinese-SimpleQA/人文与社会科学/419.json,cross_layer,8,10695,35919,85560,85560,0.41981065918653576,0.41981065918653576,3.358485273492286,0.5801893408134642,0.7904479774067694,0.47096547454823423
qwen3,Chinese-SimpleQA/人文与社会科学/419.json,cross_layer,12,10695,46133,85560,128340,0.5391888733052829,0.35945924887018854,4.313510986442263,0.6405407511298115,0.7904479774067694,0.5399904821225019
qwen3,Chinese-SimpleQA/人文与社会科学/419.json,cross_layer,16,10695,54083,85560,171120,0.6321061243571763,0.31605306217858814,5.05684899485741,0.6839469378214118,0.7904479774067694,0.5877120103694085
qwen3,Chinese-SimpleQA/人文与社会科学/421.json,cross_layer,8,11904,47986,95232,95232,0.503885248655914,0.503885248655914,4.031081989247312,0.496114751344086,0.8886940279329435,0.5687961381123684
qwen3,Chinese-SimpleQA/人文与社会科学/421.json,cross_layer,12,11904,60299,95232,142848,0.6331800235215054,0.4221200156810036,5.065440188172043,0.5778799843189963,0.8886940279329435,0.6436336559596779
qwen3,Chinese-SimpleQA/人文与社会科学/421.json,cross_layer,16,11904,69203,95232,190464,0.7266780073924731,0.36333900369623656,5.813424059139785,0.6366609963037635,0.8886940279329435,0.6916360096216806
qwen3,Chinese-SimpleQA/人文与社会科学/423.json,cross_layer,8,11904,48750,95232,95232,0.5119077620967742,0.5119077620967742,4.095262096774194,0.48809223790322576,0.8848011705538628,0.5752048996849559
qwen3,Chinese-SimpleQA/人文与社会科学/423.json,cross_layer,12,11904,61128,95232,142848,0.6418850806451613,0.4279233870967742,5.13508064516129,0.5720766129032258,0.8848011705538628,0.6504249576510908
qwen3,Chinese-SimpleQA/人文与社会科学/423.json,cross_layer,16,11904,69618,95232,190464,0.7310357862903226,0.3655178931451613,5.848286290322581,0.6344821068548387,0.8848011705538628,0.6962139781123571
qwen3,Chinese-SimpleQA/人文与社会科学/429.json,cross_layer,8,11904,37347,95232,95232,0.39216859879032256,0.39216859879032256,3.1373487903225805,0.6078314012096775,0.7370579534432716,0.4326527376612858
qwen3,Chinese-SimpleQA/人文与社会科学/429.json,cross_layer,12,11904,48267,95232,142848,0.5068359375,0.337890625,4.0546875,0.662109375,0.7370579534432716,0.49889051656377276
qwen3,Chinese-SimpleQA/人文与社会科学/429.json,cross_layer,16,11904,57040,95232,190464,0.5989583333333334,0.2994791666666667,4.791666666666667,0.7005208333333333,0.7370579534432716,0.5461946832980921
qwen3,Chinese-SimpleQA/人文与社会科学/432.json,cross_layer,8,11904,47445,95232,95232,0.4982043850806452,0.4982043850806452,3.9856350806451615,0.5017956149193548,0.8596138701827957,0.5560423957522684
qwen3,Chinese-SimpleQA/人文与社会科学/432.json,cross_layer,12,11904,60321,95232,142848,0.6334110383064516,0.42227402553763443,5.067288306451613,0.5777259744623655,0.8596138701827957,0.634274014047292
qwen3,Chinese-SimpleQA/人文与社会科学/432.json,cross_layer,16,11904,69443,95232,190464,0.7291981686827957,0.36459908434139787,5.833585349462366,0.6354009156586021,0.8596138701827957,0.6835032773569705
qwen3,Chinese-SimpleQA/人文与社会科学/435.json,cross_layer,8,11904,50887,95232,95232,0.5343476982526881,0.5343476982526881,4.274781586021505,0.46565230174731187,0.912569201165475,0.6017851768321519
qwen3,Chinese-SimpleQA/人文与社会科学/435.json,cross_layer,12,11904,63496,95232,142848,0.6667506720430108,0.44450044802867383,5.334005376344086,0.5554995519713262,0.912569201165475,0.6784408360067825
qwen3,Chinese-SimpleQA/人文与社会科学/435.json,cross_layer,16,11904,71963,95232,190464,0.7556598622311828,0.3778299311155914,6.045278897849462,0.6221700688844086,0.912569201165475,0.7241292983190989
qwen3,Chinese-SimpleQA/人文与社会科学/440.json,cross_layer,8,11904,44773,95232,95232,0.47014658938172044,0.47014658938172044,3.7611727150537635,0.5298534106182795,0.8352449015574263,0.5257705834747192
qwen3,Chinese-SimpleQA/人文与社会科学/440.json,cross_layer,12,11904,56542,95232,142848,0.593728998655914,0.39581933243727596,4.749831989247312,0.604180667562724,0.8352449015574263,0.5972207624928253
qwen3,Chinese-SimpleQA/人文与社会科学/440.json,cross_layer,16,11904,65333,95232,190464,0.6860404065860215,0.34302020329301075,5.488323252688172,0.6569797967069892,0.8352449015574263,0.644632499580019
qwen3,Chinese-SimpleQA/人文与社会科学/441.json,cross_layer,8,11904,45244,95232,95232,0.4750924059139785,0.4750924059139785,3.800739247311828,0.5249075940860215,0.8520000165728923,0.5325090348154817
qwen3,Chinese-SimpleQA/人文与社会科学/441.json,cross_layer,12,11904,57391,95232,142848,0.6026440692204301,0.4017627128136201,4.821152553763441,0.5982372871863799,0.8520000165728923,0.6062776155468046
qwen3,Chinese-SimpleQA/人文与社会科学/441.json,cross_layer,16,11904,66338,95232,190464,0.6965935819892473,0.34829679099462363,5.572748655913978,0.6517032090053764,0.8520000165728923,0.6545423457794026
qwen3,Chinese-SimpleQA/人文与社会科学/460.json,cross_layer,8,11904,38254,95232,95232,0.4016927083333333,0.4016927083333333,3.2135416666666665,0.5983072916666667,0.7399761023139495,0.4406471504744316
qwen3,Chinese-SimpleQA/人文与社会科学/460.json,cross_layer,12,11904,49897,95232,142848,0.5239520329301075,0.34930135528673834,4.19161626344086,0.6506986447132617,0.7399761023139495,0.511303575650467
qwen3,Chinese-SimpleQA/人文与社会科学/460.json,cross_layer,16,11904,58990,95232,190464,0.6194346438172043,0.30971732190860213,4.955477150537634,0.6902826780913979,0.7399761023139495,0.5603323481334764
qwen3,Chinese-SimpleQA/人文与社会科学/466.json,cross_layer,8,11904,37988,95232,95232,0.3988995295698925,0.3988995295698925,3.19119623655914,0.6011004704301075,0.7258742261549356,0.43804741526437024
qwen3,Chinese-SimpleQA/人文与社会科学/466.json,cross_layer,12,11904,49613,95232,142848,0.5209698420698925,0.347313228046595,4.16775873655914,0.6526867719534051,0.7258742261549356,0.5086148233454667
qwen3,Chinese-SimpleQA/人文与社会科学/466.json,cross_layer,16,11904,58610,95232,190464,0.6154443884408602,0.3077221942204301,4.923555107526882,0.6922778057795699,0.7258742261549356,0.5571258655362265
qwen3,Chinese-SimpleQA/人文与社会科学/473.json,cross_layer,8,11904,47615,95232,95232,0.499989499327957,0.499989499327957,3.999915994623656,0.500010500672043,0.8841541310858393,0.5654808142490517
qwen3,Chinese-SimpleQA/人文与社会科学/473.json,cross_layer,12,11904,59566,95232,142848,0.6254830309139785,0.41698868727598565,5.003864247311828,0.5830113127240144,0.8841541310858393,0.6380582585172715
qwen3,Chinese-SimpleQA/人文与社会科学/473.json,cross_layer,16,11904,68033,95232,190464,0.7143922211021505,0.35719611055107525,5.715137768817204,0.6428038894489247,0.8841541310858393,0.6837470074552189
qwen3,Chinese-SimpleQA/人文与社会科学/487.json,cross_layer,8,11904,44285,95232,95232,0.4650222614247312,0.4650222614247312,3.7201780913978495,0.5349777385752688,0.8133261047800707,0.5159647381948786
qwen3,Chinese-SimpleQA/人文与社会科学/487.json,cross_layer,12,11904,56193,95232,142848,0.5900642641129032,0.3933761760752688,4.720514112903226,0.6066238239247312,0.8133261047800707,0.5883232990022901
qwen3,Chinese-SimpleQA/人文与社会科学/487.json,cross_layer,16,11904,64779,95232,190464,0.6802230342741935,0.34011151713709675,5.441784274193548,0.6598884828629032,0.8133261047800707,0.6346244412201811
qwen3,Chinese-SimpleQA/人文与社会科学/493.json,cross_layer,8,11904,45655,95232,95232,0.47940818212365593,0.47940818212365593,3.8352654569892475,0.520591817876344,0.8324441228021451,0.5335233903104064
qwen3,Chinese-SimpleQA/人文与社会科学/493.json,cross_layer,12,11904,57826,95232,142848,0.6072118615591398,0.4048079077060932,4.857694892473118,0.5951920922939068,0.8324441228021451,0.6074458640868365
qwen3,Chinese-SimpleQA/人文与社会科学/493.json,cross_layer,16,11904,66253,95232,190464,0.6957010248655914,0.3478505124327957,5.565608198924731,0.6521494875672043,0.8324441228021451,0.6528993254536012
qwen3,Chinese-SimpleQA/人文与社会科学/505.json,cross_layer,8,11904,45094,95232,95232,0.4735173051075269,0.4735173051075269,3.788138440860215,0.5264826948924731,0.851710949434518,0.5322713042411029
qwen3,Chinese-SimpleQA/人文与社会科学/505.json,cross_layer,12,11904,57049,95232,142848,0.5990528393817204,0.39936855958781364,4.792422715053763,0.6006314404121864,0.851710949434518,0.6048482078536292
qwen3,Chinese-SimpleQA/人文与社会科学/505.json,cross_layer,16,11904,66095,95232,190464,0.6940419186827957,0.34702095934139787,5.552335349462366,0.6529790406586021,0.851710949434518,0.6536310074946654
qwen3,Chinese-SimpleQA/人文与社会科学/513.json,cross_layer,8,11904,50470,95232,95232,0.5299689180107527,0.5299689180107527,4.239751344086022,0.47003108198924726,0.9211528435255778,0.6023017435499547
qwen3,Chinese-SimpleQA/人文与社会科学/513.json,cross_layer,12,11904,62328,95232,142848,0.6544858870967742,0.4363239247311828,5.235887096774194,0.5636760752688172,0.9211528435255778,0.674425493016816
qwen3,Chinese-SimpleQA/人文与社会科学/513.json,cross_layer,16,11904,70450,95232,190464,0.7397723454301075,0.36988617271505375,5.91817876344086,0.6301138272849462,0.9211528435255778,0.7182352160977803
qwen3,Chinese-SimpleQA/人文与社会科学/539.json,cross_layer,8,11904,36313,95232,95232,0.38131090389784944,0.38131090389784944,3.0504872311827955,0.6186890961021505,0.7459554228734684,0.4283090690649378
qwen3,Chinese-SimpleQA/人文与社会科学/539.json,cross_layer,12,11904,46462,95232,142848,0.48788222446236557,0.3252548163082437,3.9030577956989245,0.6747451836917563,0.7459554228734684,0.48988759786709546
qwen3,Chinese-SimpleQA/人文与社会科学/539.json,cross_layer,16,11904,54783,95232,190464,0.5752583165322581,0.28762915826612906,4.602066532258065,0.712370841733871,0.7459554228734684,0.5347470404108922
qwen3,Chinese-SimpleQA/人文与社会科学/556.json,cross_layer,8,11904,45014,95232,95232,0.472677251344086,0.472677251344086,3.781418010752688,0.527322748655914,0.8569257581582821,0.5326002591059856
qwen3,Chinese-SimpleQA/人文与社会科学/556.json,cross_layer,12,11904,56415,95232,142848,0.5923954133064516,0.39493027553763443,4.739163306451613,0.6050697244623655,0.8569257581582821,0.6018540843909044
qwen3,Chinese-SimpleQA/人文与社会科学/556.json,cross_layer,16,11904,64755,95232,190464,0.6799710181451613,0.3399855090725806,5.43976814516129,0.6600144909274194,0.8569257581582821,0.6468185902579652
qwen3,Chinese-SimpleQA/人文与社会科学/557.json,cross_layer,8,11904,46319,95232,95232,0.48638062836021506,0.48638062836021506,3.8910450268817205,0.513619371639785,0.8637220228481592,0.546385443592201
qwen3,Chinese-SimpleQA/人文与社会科学/557.json,cross_layer,12,11904,58375,95232,142848,0.6129767305107527,0.40865115367383514,4.903813844086022,0.5913488463261649,0.8637220228481592,0.6196212004638035
qwen3,Chinese-SimpleQA/人文与社会科学/557.json,cross_layer,16,11904,66703,95232,190464,0.7004263272849462,0.3502131636424731,5.60341061827957,0.6497868363575269,0.8637220228481592,0.6645578227330404
qwen3,Chinese-SimpleQA/人文与社会科学/564.json,cross_layer,8,11904,48018,95232,95232,0.5042212701612904,0.5042212701612904,4.033770161290323,0.49577872983870963,0.892001636589595,0.5697761715606968
qwen3,Chinese-SimpleQA/人文与社会科学/564.json,cross_layer,12,11904,60293,95232,142848,0.6331170194892473,0.42207801299283154,5.064936155913978,0.5779219870071685,0.892001636589595,0.6443655412747704
qwen3,Chinese-SimpleQA/人文与社会科学/564.json,cross_layer,16,11904,69101,95232,190464,0.725606938844086,0.362803469422043,5.804855510752688,0.637196530577957,0.892001636589595,0.6918466869796382
qwen3,Chinese-SimpleQA/人文与社会科学/570.json,cross_layer,8,11904,39598,95232,95232,0.4158056115591398,0.4158056115591398,3.3264448924731185,0.5841943884408602,0.7712412752035387,0.46123707622391374
qwen3,Chinese-SimpleQA/人文与社会科学/570.json,cross_layer,12,11904,51101,95232,142848,0.5365948420698925,0.35772989471326166,4.29275873655914,0.6422701052867383,0.7712412752035387,0.5310404958366415
qwen3,Chinese-SimpleQA/人文与社会科学/570.json,cross_layer,16,11904,59661,95232,190464,0.6264805947580645,0.31324029737903225,5.011844758064516,0.6867597026209677,0.7712412752035387,0.5771917938119343
qwen3,Chinese-SimpleQA/人文与社会科学/575.json,cross_layer,8,11904,42787,95232,95232,0.44929225470430106,0.44929225470430106,3.5943380376344085,0.550707745295699,0.8080806493293854,0.496095050268129
qwen3,Chinese-SimpleQA/人文与社会科学/575.json,cross_layer,12,11904,55192,95232,142848,0.5795530913978495,0.38636872759856633,4.636424731182796,0.6136312724014337,0.8080806493293854,0.5714255687345684
qwen3,Chinese-SimpleQA/人文与社会科学/575.json,cross_layer,16,11904,64313,95232,190464,0.6753297211021505,0.33766486055107525,5.402637768817204,0.6623351394489247,0.8080806493293854,0.6205735339702515
qwen3,Chinese-SimpleQA/人文与社会科学/577.json,cross_layer,8,11904,49294,95232,95232,0.517620127688172,0.517620127688172,4.140961021505376,0.482379872311828,0.8889922358294374,0.5801818631132185
qwen3,Chinese-SimpleQA/人文与社会科学/577.json,cross_layer,12,11904,61415,95232,142848,0.6448987735215054,0.4299325156810036,5.159190188172043,0.5700674843189963,0.8889922358294374,0.6538747197604734
qwen3,Chinese-SimpleQA/人文与社会科学/577.json,cross_layer,16,11904,69927,95232,190464,0.7342804939516129,0.36714024697580644,5.874243951612903,0.6328597530241935,0.8889922358294374,0.6997966191570307
qwen3,Chinese-SimpleQA/人文与社会科学/580.json,cross_layer,8,11904,36658,95232,95232,0.3849336357526882,0.3849336357526882,3.0794690860215055,0.6150663642473118,0.7448327841390152,0.42869595313358977
qwen3,Chinese-SimpleQA/人文与社会科学/580.json,cross_layer,12,11904,48219,95232,142848,0.5063319052419355,0.33755460349462363,4.050655241935484,0.6624453965053764,0.7448327841390152,0.4987926202274393
qwen3,Chinese-SimpleQA/人文与社会科学/580.json,cross_layer,16,11904,57395,95232,190464,0.6026860719086021,0.30134303595430106,4.821488575268817,0.698656964045699,0.7448327841390152,0.5482558128028759
qwen3,Chinese-SimpleQA/人文与社会科学/587.json,cross_layer,8,11904,43213,95232,95232,0.45376554099462363,0.45376554099462363,3.630124327956989,0.5462344590053764,0.8174647344439517,0.5046863237310956
qwen3,Chinese-SimpleQA/人文与社会科学/587.json,cross_layer,12,11904,55689,95232,142848,0.5847719254032258,0.3898479502688172,4.678175403225806,0.6101520497311828,0.8174647344439517,0.5804689845983847
qwen3,Chinese-SimpleQA/人文与社会科学/587.json,cross_layer,16,11904,64962,95232,190464,0.6821446572580645,0.34107232862903225,5.457157258064516,0.6589276713709677,0.8174647344439517,0.6305046859799056
qwen3,Chinese-SimpleQA/人文与社会科学/592.json,cross_layer,8,11904,45015,95232,95232,0.47268775201612906,0.47268775201612906,3.7815020161290325,0.527312247983871,0.8450024456576894,0.5298004092754927
qwen3,Chinese-SimpleQA/人文与社会科学/592.json,cross_layer,12,11904,56761,95232,142848,0.5960286458333334,0.3973524305555556,4.768229166666667,0.6026475694444444,0.8450024456576894,0.6012013583994776
qwen3,Chinese-SimpleQA/人文与社会科学/592.json,cross_layer,16,11904,65376,95232,190464,0.686491935483871,0.3432459677419355,5.491935483870968,0.6567540322580645,0.8450024456576894,0.6476678679293209
qwen3,Chinese-SimpleQA/人文与社会科学/598.json,cross_layer,8,11904,45076,95232,95232,0.4733282930107527,0.4733282930107527,3.7866263440860215,0.5266717069892473,0.8503752147000199,0.5320545669987485
qwen3,Chinese-SimpleQA/人文与社会科学/598.json,cross_layer,12,11904,56706,95232,142848,0.5954511088709677,0.3969674059139785,4.763608870967742,0.6030325940860215,0.8503752147000199,0.6026250935352574
qwen3,Chinese-SimpleQA/人文与社会科学/598.json,cross_layer,16,11904,65729,95232,190464,0.6901986727150538,0.3450993363575269,5.52158938172043,0.6549006636424731,0.8503752147000199,0.6512839679778203
qwen3,Chinese-SimpleQA/人文与社会科学/599.json,cross_layer,8,11904,38537,95232,95232,0.4046643985215054,0.4046643985215054,3.237315188172043,0.5953356014784946,0.8017436470174079,0.46067803164996096
qwen3,Chinese-SimpleQA/人文与社会科学/599.json,cross_layer,12,11904,48849,95232,142848,0.5129473286290323,0.3419648857526882,4.103578629032258,0.6580351142473118,0.8017436470174079,0.5232855018304594
qwen3,Chinese-SimpleQA/人文与社会科学/599.json,cross_layer,16,11904,56843,95232,190464,0.5968897009408602,0.2984448504704301,4.775117607526882,0.7015551495295699,0.8017436470174079,0.566404577445636
qwen3,Chinese-SimpleQA/人文与社会科学/600.json,cross_layer,8,11904,46502,95232,95232,0.488302251344086,0.488302251344086,3.906418010752688,0.511697748655914,0.8449610144855971,0.5423600807609993
qwen3,Chinese-SimpleQA/人文与社会科学/600.json,cross_layer,12,11904,59223,95232,142848,0.6218813004032258,0.41458753360215056,4.975050403225806,0.5854124663978495,0.8449610144855971,0.6196281829745478
qwen3,Chinese-SimpleQA/人文与社会科学/600.json,cross_layer,16,11904,68346,95232,190464,0.7176789314516129,0.35883946572580644,5.741431451612903,0.6411605342741935,0.8449610144855971,0.6688080202824733
qwen3,Chinese-SimpleQA/人文与社会科学/604.json,cross_layer,8,11904,42955,95232,95232,0.4510563676075269,0.4510563676075269,3.608450940860215,0.5489436323924731,0.8451295885953304,0.5109588611323305
qwen3,Chinese-SimpleQA/人文与社会科学/604.json,cross_layer,12,11904,55064,95232,142848,0.5782090053763441,0.38547267025089604,4.625672043010753,0.614527329749104,0.8451295885953304,0.5844565014334999
qwen3,Chinese-SimpleQA/人文与社会科学/604.json,cross_layer,16,11904,64206,95232,190464,0.6742061491935484,0.3371030745967742,5.393649193548387,0.6628969254032258,0.8451295885953304,0.6337844513956742
qwen3,Chinese-SimpleQA/人文与社会科学/605.json,cross_layer,8,11904,49726,95232,95232,0.5221564180107527,0.5221564180107527,4.177251344086022,0.47784358198924726,0.8946559701033026,0.5847672276059354
qwen3,Chinese-SimpleQA/人文与社会科学/605.json,cross_layer,12,11904,62400,95232,142848,0.655241935483871,0.4368279569892473,5.241935483870968,0.5631720430107527,0.8946559701033026,0.6617841978016606
qwen3,Chinese-SimpleQA/人文与社会科学/605.json,cross_layer,16,11904,71113,95232,190464,0.7467342909946236,0.3733671454973118,5.973874327956989,0.6266328545026882,0.8946559701033026,0.7087935707517922
qwen3,Chinese-SimpleQA/人文与社会科学/610.json,cross_layer,8,11904,39800,95232,95232,0.41792674731182794,0.41792674731182794,3.3434139784946235,0.582073252688172,0.8017428462445038,0.47222676864894375
qwen3,Chinese-SimpleQA/人文与社会科学/610.json,cross_layer,12,11904,50384,95232,142848,0.5290658602150538,0.3527105734767025,4.23252688172043,0.6472894265232976,0.8017428462445038,0.5364165087221049
qwen3,Chinese-SimpleQA/人文与社会科学/610.json,cross_layer,16,11904,58735,95232,190464,0.6167569724462365,0.30837848622311825,4.934055779569892,0.6916215137768817,0.8017428462445038,0.5814307510229509
qwen3,Chinese-SimpleQA/人文与社会科学/628.json,cross_layer,8,11904,45296,95232,95232,0.47563844086021506,0.47563844086021506,3.8051075268817205,0.524361559139785,0.8529420122146294,0.5346674107273021
qwen3,Chinese-SimpleQA/人文与社会科学/628.json,cross_layer,12,11904,57133,95232,142848,0.5999348958333334,0.3999565972222222,4.799479166666667,0.6000434027777778,0.8529420122146294,0.6065453156632284
qwen3,Chinese-SimpleQA/人文与社会科学/628.json,cross_layer,16,11904,65763,95232,190464,0.6905556955645161,0.34527784778225806,5.524445564516129,0.654722152217742,0.8529420122146294,0.6530884695673753
qwen3,Chinese-SimpleQA/人文与社会科学/632.json,cross_layer,8,11904,41463,95232,95232,0.4353893649193548,0.4353893649193548,3.4831149193548385,0.5646106350806452,0.8109816073167182,0.48792102921672026
qwen3,Chinese-SimpleQA/人文与社会科学/632.json,cross_layer,12,11904,52732,95232,142848,0.553721438172043,0.36914762544802865,4.429771505376344,0.6308523745519714,0.8109816073167182,0.5562495502631954
qwen3,Chinese-SimpleQA/人文与社会科学/632.json,cross_layer,16,11904,61510,95232,190464,0.6458963373655914,0.3229481686827957,5.167170698924731,0.6770518313172043,0.8109816073167182,0.6035758289776972
qwen3,Chinese-SimpleQA/人文与社会科学/640.json,cross_layer,8,11904,47391,95232,95232,0.49763734879032256,0.49763734879032256,3.9810987903225805,0.5023626512096775,0.885011432340063,0.5622958499875025
qwen3,Chinese-SimpleQA/人文与社会科学/640.json,cross_layer,12,11904,59352,95232,142848,0.6232358870967742,0.41549059139784944,4.985887096774194,0.5845094086021505,0.885011432340063,0.6349878437910959
qwen3,Chinese-SimpleQA/人文与社会科学/640.json,cross_layer,16,11904,68107,95232,190464,0.7151692708333334,0.3575846354166667,5.721354166666667,0.6424153645833333,0.885011432340063,0.6821916301337764
qwen3,Chinese-SimpleQA/人文与社会科学/644.json,cross_layer,8,11904,44279,95232,95232,0.4649592573924731,0.4649592573924731,3.719674059139785,0.5350407426075269,0.844592590124865,0.5238210415799963
qwen3,Chinese-SimpleQA/人文与社会科学/644.json,cross_layer,12,11904,55987,95232,142848,0.587901125672043,0.391934083781362,4.703209005376344,0.6080659162186379,0.844592590124865,0.5948892058932513
qwen3,Chinese-SimpleQA/人文与社会科学/644.json,cross_layer,16,11904,64641,95232,190464,0.6787739415322581,0.33938697076612906,5.430191532258065,0.660613029233871,0.844592590124865,0.64154622148562
qwen3,Chinese-SimpleQA/人文与社会科学/666.json,cross_layer,8,11904,42723,95232,95232,0.4486202116935484,0.4486202116935484,3.588961693548387,0.5513797883064516,0.7932107132206565,0.49696775320344994
qwen3,Chinese-SimpleQA/人文与社会科学/666.json,cross_layer,12,11904,53971,95232,142848,0.5667317708333334,0.3778211805555556,4.533854166666667,0.6221788194444444,0.7932107132206565,0.5653325096010946
qwen3,Chinese-SimpleQA/人文与社会科学/666.json,cross_layer,16,11904,62287,95232,190464,0.6540553595430108,0.3270276797715054,5.232442876344086,0.6729723202284946,0.7932107132206565,0.610165469897167
qwen3,Chinese-SimpleQA/人文与社会科学/677.json,cross_layer,8,11904,45028,95232,95232,0.4728242607526882,0.4728242607526882,3.7825940860215055,0.5271757392473118,0.8407543303787317,0.529576634464261
qwen3,Chinese-SimpleQA/人文与社会科学/677.json,cross_layer,12,11904,56922,95232,142848,0.5977192540322581,0.39847950268817206,4.781754032258065,0.601520497311828,0.8407543303787317,0.6018019565922449
qwen3,Chinese-SimpleQA/人文与社会科学/677.json,cross_layer,16,11904,65806,95232,190464,0.6910072244623656,0.3455036122311828,5.528057795698925,0.6544963877688172,0.8407543303787317,0.6497175401511305
qwen3,Chinese-SimpleQA/人文与社会科学/679.json,cross_layer,8,11904,39659,95232,95232,0.41644615255376344,0.41644615255376344,3.3315692204301075,0.5835538474462365,0.7660442206785787,0.4581703650526036
qwen3,Chinese-SimpleQA/人文与社会科学/679.json,cross_layer,12,11904,51669,95232,142848,0.5425592237903226,0.3617061491935484,4.340473790322581,0.6382938508064516,0.7660442206785787,0.531086929355255
qwen3,Chinese-SimpleQA/人文与社会科学/679.json,cross_layer,16,11904,60827,95232,190464,0.638724378360215,0.3193621891801075,5.10979502688172,0.6806378108198925,0.7660442206785787,0.5805112223945705
qwen3,Chinese-SimpleQA/人文与社会科学/680.json,cross_layer,8,11904,46609,95232,95232,0.4894258232526882,0.4894258232526882,3.9154065860215055,0.5105741767473118,0.8711009809559754,0.5519508354365982
qwen3,Chinese-SimpleQA/人文与社会科学/680.json,cross_layer,12,11904,58150,95232,142848,0.6106140793010753,0.4070760528673835,4.884912634408602,0.5929239471326164,0.8711009809559754,0.622090116510031
qwen3,Chinese-SimpleQA/人文与社会科学/680.json,cross_layer,16,11904,66155,95232,190464,0.6946719590053764,0.3473359795026882,5.557375672043011,0.6526640204973118,0.8711009809559754,0.6652474105807578
qwen3,Chinese-SimpleQA/人文与社会科学/695.json,cross_layer,8,11904,47462,95232,95232,0.49838289650537637,0.49838289650537637,3.987063172043011,0.5016171034946236,0.8849379981530981,0.5629731901352909
qwen3,Chinese-SimpleQA/人文与社会科学/695.json,cross_layer,12,11904,59689,95232,142848,0.6267746135752689,0.4178497423835125,5.014196908602151,0.5821502576164874,0.8849379981530981,0.6372491359601957
qwen3,Chinese-SimpleQA/人文与社会科学/695.json,cross_layer,16,11904,68528,95232,190464,0.7195900537634409,0.35979502688172044,5.756720430107527,0.6402049731182795,0.8849379981530981,0.684904116947854
qwen3,Chinese-SimpleQA/人文与社会科学/698.json,cross_layer,8,11904,42732,95232,95232,0.4487147177419355,0.4487147177419355,3.589717741935484,0.5512852822580645,0.8068828043516187,0.496768136698248
qwen3,Chinese-SimpleQA/人文与社会科学/698.json,cross_layer,12,11904,54708,95232,142848,0.5744707661290323,0.3829805107526882,4.595766129032258,0.6170194892473118,0.8068828043516187,0.5695319675175257
qwen3,Chinese-SimpleQA/人文与社会科学/698.json,cross_layer,16,11904,62838,95232,190464,0.6598412298387096,0.3299206149193548,5.278729838709677,0.6700793850806452,0.8068828043516187,0.6133671899758544
qwen3,Chinese-SimpleQA/工程、技术与应用科学/1003.json,cross_layer,8,11904,41831,95232,95232,0.4392536122311828,0.4392536122311828,3.5140288978494625,0.5607463877688172,0.8216272050292162,0.496066763595578
qwen3,Chinese-SimpleQA/工程、技术与应用科学/1003.json,cross_layer,12,11904,52316,95232,142848,0.5493531586021505,0.36623543906810035,4.394825268817204,0.6337645609318996,0.8216272050292162,0.5597385903419416
qwen3,Chinese-SimpleQA/工程、技术与应用科学/1003.json,cross_layer,16,11904,60688,95232,190464,0.6372647849462365,0.31863239247311825,5.098118279569892,0.6813676075268817,0.8216272050292162,0.6048984414643355
qwen3,Chinese-SimpleQA/工程、技术与应用科学/1012.json,cross_layer,8,11904,35885,95232,95232,0.3768166162634409,0.3768166162634409,3.014532930107527,0.6231833837365591,0.7482051131608142,0.42338115514651525
qwen3,Chinese-SimpleQA/工程、技术与应用科学/1012.json,cross_layer,12,11904,46815,95232,142848,0.4915889616935484,0.32772597446236557,3.932711693548387,0.6722740255376345,0.7482051131608142,0.489718064666559
qwen3,Chinese-SimpleQA/工程、技术与应用科学/1012.json,cross_layer,16,11904,54768,95232,190464,0.5751008064516129,0.28755040322580644,4.600806451612903,0.7124495967741935,0.7482051131608142,0.5326188184626652
qwen3,Chinese-SimpleQA/工程、技术与应用科学/1024.json,cross_layer,8,11904,39632,95232,95232,0.41616263440860213,0.41616263440860213,3.329301075268817,0.5838373655913979,0.7758690986395894,0.4625177733422799
qwen3,Chinese-SimpleQA/工程、技术与应用科学/1024.json,cross_layer,12,11904,50484,95232,142848,0.5301159274193549,0.3534106182795699,4.240927419354839,0.6465893817204301,0.7758690986395894,0.5284037994988584
qwen3,Chinese-SimpleQA/工程、技术与应用科学/1024.json,cross_layer,16,11904,59018,95232,190464,0.6197286626344086,0.3098643313172043,4.957829301075269,0.6901356686827957,0.7758690986395894,0.574396632437053
qwen3,Chinese-SimpleQA/工程、技术与应用科学/1025.json,cross_layer,8,11904,44232,95232,95232,0.4644657258064516,0.4644657258064516,3.715725806451613,0.5355342741935484,0.8377671929264867,0.5209241809921978
qwen3,Chinese-SimpleQA/工程、技术与应用科学/1025.json,cross_layer,12,11904,56057,95232,142848,0.5886361727150538,0.39242411514336917,4.70908938172043,0.6075758848566308,0.8377671929264867,0.5926647622752546
qwen3,Chinese-SimpleQA/工程、技术与应用科学/1025.json,cross_layer,16,11904,64771,95232,190464,0.6801390288978495,0.34006951444892475,5.441112231182796,0.6599304855510753,0.8377671929264867,0.6396646400372585
qwen3,Chinese-SimpleQA/工程、技术与应用科学/1027.json,cross_layer,8,11904,30804,95232,95232,0.32346270161290325,0.32346270161290325,2.587701612903226,0.6765372983870968,0.6739739734167058,0.3610347164715251
qwen3,Chinese-SimpleQA/工程、技术与应用科学/1027.json,cross_layer,12,11904,40668,95232,142848,0.4270413306451613,0.2846942204301075,3.4163306451612905,0.7153057795698925,0.6739739734167058,0.4209047542248182
qwen3,Chinese-SimpleQA/工程、技术与应用科学/1027.json,cross_layer,16,11904,48315,95232,190464,0.5073399697580645,0.25366998487903225,4.058719758064516,0.7463300151209677,0.6739739734167058,0.46214415862855823
qwen3,Chinese-SimpleQA/工程、技术与应用科学/1028.json,cross_layer,8,11904,37361,95232,95232,0.39231560819892475,0.39231560819892475,3.138524865591398,0.6076843918010753,0.7553890634664858,0.4402315837874034
qwen3,Chinese-SimpleQA/工程、技术与应用科学/1028.json,cross_layer,12,11904,48090,95232,142848,0.5049773185483871,0.33665154569892475,4.039818548387097,0.6633484543010753,0.7553890634664858,0.5053453295416692
qwen3,Chinese-SimpleQA/工程、技术与应用科学/1028.json,cross_layer,16,11904,56145,95232,190464,0.5895602318548387,0.2947801159274194,4.71648185483871,0.7052198840725806,0.7553890634664858,0.5487879734977453
qwen3,Chinese-SimpleQA/工程、技术与应用科学/1035.json,cross_layer,8,11904,36297,95232,95232,0.3811428931451613,0.3811428931451613,3.0491431451612905,0.6188571068548387,0.7486170063618749,0.4282112938230033
qwen3,Chinese-SimpleQA/工程、技术与应用科学/1035.json,cross_layer,12,11904,46576,95232,142848,0.4890793010752688,0.3260528673835125,3.9126344086021505,0.6739471326164874,0.7486170063618749,0.49057984812099964
qwen3,Chinese-SimpleQA/工程、技术与应用科学/1035.json,cross_layer,16,11904,54418,95232,190464,0.5714255712365591,0.28571278561827956,4.571404569892473,0.7142872143817205,0.7486170063618749,0.5328547933384858
qwen3,Chinese-SimpleQA/工程、技术与应用科学/1047.json,cross_layer,8,11904,37838,95232,95232,0.3973244287634409,0.3973244287634409,3.178595430107527,0.6026755712365591,0.7784048088361212,0.4504535340377452
qwen3,Chinese-SimpleQA/工程、技术与应用科学/1047.json,cross_layer,12,11904,48971,95232,142848,0.5142284106182796,0.34281894041218636,4.113827284946237,0.6571810595878136,0.7784048088361212,0.5180030335392561
qwen3,Chinese-SimpleQA/工程、技术与应用科学/1047.json,cross_layer,16,11904,57649,95232,190464,0.6053532426075269,0.30267662130376344,4.842825940860215,0.6973233786962365,0.7784048088361212,0.5647837032850841
qwen3,Chinese-SimpleQA/工程、技术与应用科学/1053.json,cross_layer,8,11904,40291,95232,95232,0.42308257728494625,0.42308257728494625,3.38466061827957,0.5769174227150538,0.7859757559895256,0.47204922238983593
qwen3,Chinese-SimpleQA/工程、技术与应用科学/1053.json,cross_layer,12,11904,51094,95232,142848,0.5365213373655914,0.35768089157706096,4.292170698924731,0.642319108422939,0.7859757559895256,0.5376473177917738
qwen3,Chinese-SimpleQA/工程、技术与应用科学/1053.json,cross_layer,16,11904,59508,95232,190464,0.6248739919354839,0.31243699596774194,4.998991935483871,0.687563004032258,0.7859757559895256,0.5830141375021398
qwen3,Chinese-SimpleQA/工程、技术与应用科学/1054.json,cross_layer,8,11904,46311,95232,95232,0.48629662298387094,0.48629662298387094,3.8903729838709675,0.513703377016129,0.8649176029783417,0.5463787196088243
qwen3,Chinese-SimpleQA/工程、技术与应用科学/1054.json,cross_layer,12,11904,58013,95232,142848,0.6091754872311828,0.40611699148745517,4.873403897849462,0.5938830085125448,0.8649176029783417,0.6174376472743542
qwen3,Chinese-SimpleQA/工程、技术与应用科学/1054.json,cross_layer,16,11904,66506,95232,190464,0.6983576948924731,0.34917884744623656,5.586861559139785,0.6508211525537635,0.8649176029783417,0.6632423072692983
qwen3,Chinese-SimpleQA/工程、技术与应用科学/1061.json,cross_layer,8,11904,34723,95232,95232,0.3646148353494624,0.3646148353494624,2.916918682795699,0.6353851646505376,0.7269794859307752,0.40905975526951543
qwen3,Chinese-SimpleQA/工程、技术与应用科学/1061.json,cross_layer,12,11904,45016,95232,142848,0.47269825268817206,0.31513216845878134,3.7815860215053765,0.6848678315412187,0.7269794859307752,0.4715068765712478
qwen3,Chinese-SimpleQA/工程、技术与应用科学/1061.json,cross_layer,16,11904,53010,95232,190464,0.556640625,0.2783203125,4.453125,0.7216796875,0.7269794859307752,0.5145941770639726
qwen3,Chinese-SimpleQA/工程、技术与应用科学/1062.json,cross_layer,8,11904,35962,95232,95232,0.3776251680107527,0.3776251680107527,3.0210013440860215,0.6223748319892473,0.7080163191180281,0.41458228843019707
qwen3,Chinese-SimpleQA/工程、技术与应用科学/1062.json,cross_layer,12,11904,46916,95232,142848,0.4926495295698925,0.32843301971326166,3.94119623655914,0.6715669802867383,0.7080163191180281,0.48099112022013946
qwen3,Chinese-SimpleQA/工程、技术与应用科学/1062.json,cross_layer,16,11904,55459,95232,190464,0.5823567708333334,0.2911783854166667,4.658854166666667,0.7088216145833333,0.7080163191180281,0.5270541412916003
deepseek_r1,Chinese-SimpleQA/中华文化/1.json,cross_token,8,7424,12846,59392,59392,0.21629175646551724,0.21629175646551724,1.730334051724138,0.7837082435344828,0.4970957642137248,0.24314954580335335
deepseek_r1,Chinese-SimpleQA/中华文化/1.json,cross_token,12,7424,16488,59392,89088,0.27761314655172414,0.18507543103448276,2.220905172413793,0.8149245689655172,0.4970957642137248,0.2786429481051373
deepseek_r1,Chinese-SimpleQA/中华文化/1.json,cross_token,16,7424,19233,59392,118784,0.3238314924568966,0.1619157462284483,2.5906519396551726,0.8380842537715517,0.4970957642137248,0.3023707559372878
deepseek_r1,Chinese-SimpleQA/中华文化/100.json,cross_token,8,7424,9914,59392,59392,0.16692483836206898,0.16692483836206898,1.3353987068965518,0.833075161637931,0.4228210432383277,0.18544592992999165
deepseek_r1,Chinese-SimpleQA/中华文化/100.json,cross_token,12,7424,12872,59392,89088,0.21672952586206898,0.14448635057471265,1.7338362068965518,0.8555136494252873,0.4228210432383277,0.21420761247456224
deepseek_r1,Chinese-SimpleQA/中华文化/100.json,cross_token,16,7424,15387,59392,118784,0.2590752963362069,0.12953764816810345,2.0726023706896552,0.8704623518318966,0.4228210432383277,0.23593922988242233
deepseek_r1,Chinese-SimpleQA/中华文化/101.json,cross_token,8,7424,11039,59392,59392,0.1858667834051724,0.1858667834051724,1.4869342672413792,0.8141332165948276,0.419950465406865,0.20476303296613713
deepseek_r1,Chinese-SimpleQA/中华文化/101.json,cross_token,12,7424,14392,59392,89088,0.24232219827586207,0.16154813218390804,1.9385775862068966,0.8384518678160919,0.419950465406865,0.23741165000984754
deepseek_r1,Chinese-SimpleQA/中华文化/101.json,cross_token,16,7424,17118,59392,118784,0.28822063577586204,0.14411031788793102,2.3057650862068964,0.855889682112069,0.419950465406865,0.26097664980255747
deepseek_r1,Chinese-SimpleQA/中华文化/102.json,cross_token,8,7424,9677,59392,59392,0.16293440193965517,0.16293440193965517,1.3034752155172413,0.8370655980603449,0.38539053756005043,0.17229936454075123
deepseek_r1,Chinese-SimpleQA/中华文化/102.json,cross_token,12,7424,12931,59392,89088,0.2177229256465517,0.14514861709770116,1.7417834051724137,0.8548513829022988,0.38539053756005043,0.2039356383705655
deepseek_r1,Chinese-SimpleQA/中华文化/102.json,cross_token,16,7424,15564,59392,118784,0.2620554956896552,0.1310277478448276,2.0964439655172415,0.8689722521551724,0.38539053756005043,0.22668264177854203
deepseek_r1,Chinese-SimpleQA/中华文化/113.json,cross_token,8,7424,7389,59392,59392,0.12441069504310345,0.12441069504310345,0.9952855603448276,0.8755893049568966,0.3125533434956743,0.13376066530700903
deepseek_r1,Chinese-SimpleQA/中华文化/113.json,cross_token,12,7424,10166,59392,89088,0.17116783405172414,0.11411188936781609,1.3693426724137931,0.8858881106321839,0.3125533434956743,0.16072731357829367
deepseek_r1,Chinese-SimpleQA/中华文化/113.json,cross_token,16,7424,12531,59392,118784,0.2109880118534483,0.10549400592672414,1.6879040948275863,0.8945059940732758,0.3125533434956743,0.18116968550488452
deepseek_r1,Chinese-SimpleQA/中华文化/114.json,cross_token,8,7424,14383,59392,59392,0.24217066271551724,0.24217066271551724,1.937365301724138,0.7578293372844828,0.5721561317874447,0.27832117914757154
deepseek_r1,Chinese-SimpleQA/中华文化/114.json,cross_token,12,7424,18052,59392,89088,0.3039466594827586,0.2026311063218391,2.431573275862069,0.7973688936781609,0.5721561317874447,0.31408430147469163
deepseek_r1,Chinese-SimpleQA/中华文化/114.json,cross_token,16,7424,20871,59392,118784,0.3514109644396552,0.1757054822198276,2.8112877155172415,0.8242945177801724,0.5721561317874447,0.33844728187955647
deepseek_r1,Chinese-SimpleQA/中华文化/119.json,cross_token,8,7422,16912,59376,59376,0.28482888709242793,0.28482888709242793,2.2786310967394234,0.7151711129075721,0.6505890075254044,0.3294641109245809
deepseek_r1,Chinese-SimpleQA/中华文化/119.json,cross_token,12,7422,21264,59376,89064,0.3581244947453517,0.23874966316356777,2.8649959579628135,0.7612503368364323,0.6505890075254044,0.3718775458959729
deepseek_r1,Chinese-SimpleQA/中华文化/119.json,cross_token,16,7422,24566,59376,118752,0.4137361897062786,0.2068680948531393,3.309889517650229,0.7931319051468607,0.6505890075254044,0.40042631995758265
deepseek_r1,Chinese-SimpleQA/中华文化/121.json,cross_token,8,5742,8423,45936,45936,0.18336381051898293,0.18336381051898293,1.4669104841518634,0.816636189481017,0.4847903619431798,0.21217497311996572
deepseek_r1,Chinese-SimpleQA/中华文化/121.json,cross_token,12,5742,10707,45936,68904,0.23308516196447232,0.15539010797631486,1.8646812957157786,0.8446098920236851,0.4847903619431798,0.2409248043852783
deepseek_r1,Chinese-SimpleQA/中华文化/121.json,cross_token,16,5742,12584,45936,91872,0.2739463601532567,0.13697318007662834,2.1915708812260535,0.8630268199233717,0.4847903619431798,0.2619087733006702
deepseek_r1,Chinese-SimpleQA/中华文化/143.json,cross_token,8,7424,11777,59392,59392,0.1982926993534483,0.1982926993534483,1.5863415948275863,0.8017073006465517,0.5026063934920141,0.22495903784843108
deepseek_r1,Chinese-SimpleQA/中华文化/143.json,cross_token,12,7424,14949,59392,89088,0.2517005657327586,0.1678003771551724,2.013604525862069,0.8321996228448276,0.5026063934920141,0.2558603630526551
deepseek_r1,Chinese-SimpleQA/中华文化/143.json,cross_token,16,7424,17617,59392,118784,0.2966224407327586,0.1483112203663793,2.372979525862069,0.8516887796336207,0.5026063934920141,0.2789192234437396
deepseek_r1,Chinese-SimpleQA/中华文化/145.json,cross_token,8,7424,9896,59392,59392,0.1666217672413793,0.1666217672413793,1.3329741379310345,0.8333782327586207,0.39328416167191144,0.17894719151374383
deepseek_r1,Chinese-SimpleQA/中华文化/145.json,cross_token,12,7424,12870,59392,89088,0.21669585129310345,0.14446390086206898,1.7335668103448276,0.855536099137931,0.39328416167191144,0.20787518435242797
deepseek_r1,Chinese-SimpleQA/中华文化/145.json,cross_token,16,7424,15451,59392,118784,0.2601528825431034,0.1300764412715517,2.0812230603448274,0.8699235587284483,0.39328416167191144,0.2301582212733306
deepseek_r1,Chinese-SimpleQA/中华文化/150.json,cross_token,8,7424,12946,59392,59392,0.2179754849137931,0.2179754849137931,1.7438038793103448,0.7820245150862069,0.5092424381324674,0.2420312489634408
deepseek_r1,Chinese-SimpleQA/中华文化/150.json,cross_token,12,7424,16516,59392,89088,0.2780845905172414,0.18538972701149425,2.224676724137931,0.8146102729885057,0.5092424381324674,0.2768090566364981
deepseek_r1,Chinese-SimpleQA/中华文化/150.json,cross_token,16,7424,19410,59392,118784,0.3268116918103448,0.1634058459051724,2.6144935344827585,0.8365941540948276,0.5092424381324674,0.3018008822845482
deepseek_r1,Chinese-SimpleQA/中华文化/151.json,cross_token,8,7424,10213,59392,59392,0.17195918642241378,0.17195918642241378,1.3756734913793103,0.8280408135775862,0.44579954790421,0.19461076538683655
deepseek_r1,Chinese-SimpleQA/中华文化/151.json,cross_token,12,7424,13213,59392,89088,0.22247103987068967,0.14831402658045978,1.7797683189655173,0.8516859734195402,0.44579954790421,0.22379862585201551
deepseek_r1,Chinese-SimpleQA/中华文化/151.json,cross_token,16,7424,15699,59392,118784,0.26432852909482757,0.13216426454741378,2.1146282327586206,0.8678357354525862,0.44579954790421,0.2452695466958253
deepseek_r1,Chinese-SimpleQA/中华文化/156.json,cross_token,8,7424,12732,59392,59392,0.21437230603448276,0.21437230603448276,1.714978448275862,0.7856276939655172,0.4916123576517705,0.23535076407658787
deepseek_r1,Chinese-SimpleQA/中华文化/156.json,cross_token,12,7424,16548,59392,89088,0.27862338362068967,0.1857489224137931,2.2289870689655173,0.8142510775862069,0.4916123576517705,0.27253218103701893
deepseek_r1,Chinese-SimpleQA/中华文化/156.json,cross_token,16,7424,19557,59392,118784,0.32928677262931033,0.16464338631465517,2.6342941810344827,0.8353566136853449,0.4916123576517705,0.29852184121693054
deepseek_r1,Chinese-SimpleQA/中华文化/167.json,cross_token,8,7424,12308,59392,59392,0.2072332974137931,0.2072332974137931,1.6578663793103448,0.7927667025862069,0.4806042676961827,0.2272857250873572
deepseek_r1,Chinese-SimpleQA/中华文化/167.json,cross_token,12,7424,16108,59392,89088,0.27121497844827586,0.1808099856321839,2.169719827586207,0.8191900143678161,0.4806042676961827,0.2642887834401978
deepseek_r1,Chinese-SimpleQA/中华文化/167.json,cross_token,16,7424,19088,59392,118784,0.3213900862068966,0.1606950431034483,2.5711206896551726,0.8393049568965517,0.4806042676961827,0.2900306336046032
deepseek_r1,Chinese-SimpleQA/中华文化/168.json,cross_token,8,7424,5868,59392,59392,0.09880118534482758,0.09880118534482758,0.7904094827586207,0.9011988146551724,0.2587536556982401,0.10407614270780463
deepseek_r1,Chinese-SimpleQA/中华文化/168.json,cross_token,12,7424,8165,59392,89088,0.13747642780172414,0.09165095186781609,1.0998114224137931,0.9083490481321839,0.2587536556982401,0.1263890181163855
deepseek_r1,Chinese-SimpleQA/中华文化/168.json,cross_token,16,7424,10227,59392,118784,0.1721949084051724,0.0860974542025862,1.3775592672413792,0.9139025457974138,0.2587536556982401,0.14420521227797842
deepseek_r1,Chinese-SimpleQA/中华文化/179.json,cross_token,8,7405,9923,59240,59240,0.1675050641458474,0.1675050641458474,1.3400405131667792,0.8324949358541526,0.4792140858039365,0.19693557571688766
deepseek_r1,Chinese-SimpleQA/中华文化/179.json,cross_token,12,7405,12801,59240,88860,0.21608710330857528,0.14405806887238354,1.7286968264686022,0.8559419311276164,0.4792140858039365,0.22498618893845956
deepseek_r1,Chinese-SimpleQA/中华文化/179.json,cross_token,16,7405,15302,59240,118480,0.25830519918973666,0.12915259959486833,2.0664415935178932,0.8708474004051316,0.4792140858039365,0.2466429187270809
deepseek_r1,Chinese-SimpleQA/中华文化/185.json,cross_token,8,7424,12462,59392,59392,0.20982623922413793,0.20982623922413793,1.6786099137931034,0.7901737607758621,0.4715006360596831,0.22728513775348932
deepseek_r1,Chinese-SimpleQA/中华文化/185.json,cross_token,12,7424,15966,59392,89088,0.26882408405172414,0.17921605603448276,2.150592672413793,0.8207839439655172,0.4715006360596831,0.2614125564166302
deepseek_r1,Chinese-SimpleQA/中华文化/185.json,cross_token,16,7424,18755,59392,118784,0.31578327047413796,0.15789163523706898,2.5262661637931036,0.842108364762931,0.4715006360596831,0.2855118178694113
deepseek_r1,Chinese-SimpleQA/中华文化/203.json,cross_token,8,7424,13277,59392,59392,0.22354862607758622,0.22354862607758622,1.7883890086206897,0.7764513739224138,0.512749664624958,0.2478825266591418
deepseek_r1,Chinese-SimpleQA/中华文化/203.json,cross_token,12,7424,17134,59392,89088,0.2884900323275862,0.1923266882183908,2.3079202586206895,0.8076733117816092,0.512749664624958,0.2854331820129199
deepseek_r1,Chinese-SimpleQA/中华文化/203.json,cross_token,16,7424,20018,59392,118784,0.33704876077586204,0.16852438038793102,2.6963900862068964,0.831475619612069,0.512749664624958,0.3103736105128108
deepseek_r1,Chinese-SimpleQA/中华文化/212.json,cross_token,8,7424,11321,59392,59392,0.19061489762931033,0.19061489762931033,1.5249191810344827,0.8093851023706897,0.4894484586344484,0.21615750650377033
deepseek_r1,Chinese-SimpleQA/中华文化/212.json,cross_token,12,7424,14548,59392,89088,0.2449488146551724,0.16329920977011494,1.9595905172413792,0.8367007902298851,0.4894484586344484,0.24758965790768103
deepseek_r1,Chinese-SimpleQA/中华文化/212.json,cross_token,16,7424,17002,59392,118784,0.28626751077586204,0.14313375538793102,2.2901400862068964,0.856866244612069,0.4894484586344484,0.2687986452622047
deepseek_r1,Chinese-SimpleQA/中华文化/216.json,cross_token,8,7424,13816,59392,59392,0.2326239224137931,0.2326239224137931,1.8609913793103448,0.7673760775862069,0.5567649402594788,0.266749394872125
deepseek_r1,Chinese-SimpleQA/中华文化/216.json,cross_token,12,7424,17446,59392,89088,0.2937432650862069,0.19582884339080459,2.3499461206896552,0.8041711566091954,0.5567649402594788,0.3020907474946255
deepseek_r1,Chinese-SimpleQA/中华文化/216.json,cross_token,16,7424,20293,59392,118784,0.34167901400862066,0.17083950700431033,2.7334321120689653,0.8291604929956897,0.5567649402594788,0.326691370431227
deepseek_r1,Chinese-SimpleQA/中华文化/218.json,cross_token,8,7424,11797,59392,59392,0.19862944504310345,0.19862944504310345,1.5890355603448276,0.8013705549568966,0.5009202971508966,0.22626647940718503
deepseek_r1,Chinese-SimpleQA/中华文化/218.json,cross_token,12,7424,15127,59392,89088,0.25469760237068967,0.16979840158045978,2.0375808189655173,0.8302015984195402,0.5009202971508966,0.25869428699227115
deepseek_r1,Chinese-SimpleQA/中华文化/218.json,cross_token,16,7424,17803,59392,118784,0.2997541756465517,0.14987708782327586,2.3980334051724137,0.8501229121767242,0.5009202971508966,0.2818190842003048
deepseek_r1,Chinese-SimpleQA/中华文化/225.json,cross_token,8,7424,13881,59392,59392,0.2337183459051724,0.2337183459051724,1.8697467672413792,0.7662816540948276,0.5665845194158997,0.2692416713233455
deepseek_r1,Chinese-SimpleQA/中华文化/225.json,cross_token,12,7424,17471,59392,89088,0.29416419719827586,0.19610946479885058,2.353313577586207,0.8038905352011494,0.5665845194158997,0.3041640439082385
deepseek_r1,Chinese-SimpleQA/中华文化/225.json,cross_token,16,7424,20353,59392,118784,0.3426892510775862,0.1713446255387931,2.7415140086206895,0.8286553744612069,0.5665845194158997,0.32908495481053396
deepseek_r1,Chinese-SimpleQA/中华文化/229.json,cross_token,8,7424,14967,59392,59392,0.2520036368534483,0.2520036368534483,2.0160290948275863,0.7479963631465517,0.5690693295766214,0.28556984409350084
deepseek_r1,Chinese-SimpleQA/中华文化/229.json,cross_token,12,7424,18946,59392,89088,0.3189991918103448,0.21266612787356323,2.5519935344827585,0.7873338721264368,0.5690693295766214,0.32430406677873347
deepseek_r1,Chinese-SimpleQA/中华文化/229.json,cross_token,16,7424,22039,59392,118784,0.37107691271551724,0.18553845635775862,2.968615301724138,0.8144615436422413,0.5690693295766214,0.3510416293096693
deepseek_r1,Chinese-SimpleQA/中华文化/231.json,cross_token,8,7424,10876,59392,59392,0.18312230603448276,0.18312230603448276,1.464978448275862,0.8168776939655172,0.46409762818760664,0.2052583680754841
deepseek_r1,Chinese-SimpleQA/中华文化/231.json,cross_token,12,7424,13993,59392,89088,0.23560412176724138,0.15706941451149425,1.884832974137931,0.8429305854885057,0.46409762818760664,0.23560919431782568
deepseek_r1,Chinese-SimpleQA/中华文化/231.json,cross_token,16,7424,16542,59392,118784,0.2785223599137931,0.13926117995689655,2.2281788793103448,0.8607388200431034,0.46409762818760664,0.257647425375994
deepseek_r1,Chinese-SimpleQA/中华文化/234.json,cross_token,8,7424,15888,59392,59392,0.26751077586206895,0.26751077586206895,2.1400862068965516,0.732489224137931,0.5926924965877192,0.3063075925410318
deepseek_r1,Chinese-SimpleQA/中华文化/234.json,cross_token,12,7424,19781,59392,89088,0.3330583243534483,0.22203888290229884,2.6644665948275863,0.7779611170977012,0.5926924965877192,0.3442793995082902
deepseek_r1,Chinese-SimpleQA/中华文化/234.json,cross_token,16,7424,22774,59392,118784,0.3834523168103448,0.1917261584051724,3.0676185344827585,0.8082738415948276,0.5926924965877192,0.37014995521257943
deepseek_r1,Chinese-SimpleQA/中华文化/235.json,cross_token,8,7424,13296,59392,59392,0.22386853448275862,0.22386853448275862,1.790948275862069,0.7761314655172413,0.5592312002272726,0.25884333140132837
deepseek_r1,Chinese-SimpleQA/中华文化/235.json,cross_token,12,7424,16588,59392,89088,0.279296875,0.18619791666666666,2.234375,0.8138020833333334,0.5592312002272726,0.2908948532185441
deepseek_r1,Chinese-SimpleQA/中华文化/235.json,cross_token,16,7424,19160,59392,118784,0.3226023706896552,0.1613011853448276,2.5808189655172415,0.8386988146551724,0.5592312002272726,0.3131416832801057
deepseek_r1,Chinese-SimpleQA/中华文化/239.json,cross_token,8,7370,9823,58960,58960,0.1666044776119403,0.1666044776119403,1.3328358208955224,0.8333955223880597,0.4609512323114858,0.19250156917104314
deepseek_r1,Chinese-SimpleQA/中华文化/239.json,cross_token,12,7370,12585,58960,88440,0.21344979647218454,0.1422998643147897,1.7075983717774763,0.8577001356852103,0.4609512323114858,0.21957439016790734
deepseek_r1,Chinese-SimpleQA/中华文化/239.json,cross_token,16,7370,14950,58960,117920,0.253561736770692,0.126780868385346,2.028493894165536,0.873219131614654,0.4609512323114858,0.24015750081128506
deepseek_r1,Chinese-SimpleQA/中华文化/247.json,cross_token,8,7424,5783,59392,59392,0.09737001616379311,0.09737001616379311,0.7789601293103449,0.9026299838362069,0.24698955133801545,0.09925883822342282
deepseek_r1,Chinese-SimpleQA/中华文化/247.json,cross_token,12,7424,8133,59392,89088,0.13693763469827586,0.09129175646551724,1.0955010775862069,0.9087082435344828,0.24698955133801545,0.12208855517002352
deepseek_r1,Chinese-SimpleQA/中华文化/247.json,cross_token,16,7424,10231,59392,118784,0.17226225754310345,0.08613112877155173,1.3780980603448276,0.9138688712284483,0.24698955133801545,0.14019671756880972
deepseek_r1,Chinese-SimpleQA/中华文化/257.json,cross_token,8,7424,13762,59392,59392,0.23171470905172414,0.23171470905172414,1.8537176724137931,0.7682852909482758,0.5413825622485835,0.2615938646425783
deepseek_r1,Chinese-SimpleQA/中华文化/257.json,cross_token,12,7424,17457,59392,89088,0.29392847521551724,0.19595231681034483,2.351427801724138,0.8040476831896551,0.5413825622485835,0.29759593956422864
deepseek_r1,Chinese-SimpleQA/中华文化/257.json,cross_token,16,7424,20200,59392,118784,0.34011314655172414,0.17005657327586207,2.720905172413793,0.8299434267241379,0.5413825622485835,0.32129649055486925
deepseek_r1,Chinese-SimpleQA/中华文化/262.json,cross_token,8,7424,12403,59392,59392,0.20883283943965517,0.20883283943965517,1.6706627155172413,0.7911671605603449,0.49786918972720373,0.23660163935233725
deepseek_r1,Chinese-SimpleQA/中华文化/262.json,cross_token,12,7424,15999,59392,89088,0.2693797144396552,0.17958647629310345,2.1550377155172415,0.8204135237068966,0.49786918972720373,0.2715763165831031
deepseek_r1,Chinese-SimpleQA/中华文化/262.json,cross_token,16,7424,18923,59392,118784,0.3186119342672414,0.1593059671336207,2.548895474137931,0.8406940328663793,0.49786918972720373,0.2968405696798685
deepseek_r1,Chinese-SimpleQA/中华文化/263.json,cross_token,8,7424,12622,59392,59392,0.2125202047413793,0.2125202047413793,1.7001616379310345,0.7874797952586207,0.5247929493010938,0.24418217209112708
deepseek_r1,Chinese-SimpleQA/中华文化/263.json,cross_token,12,7424,16007,59392,89088,0.26951441271551724,0.17967627514367815,2.156115301724138,0.8203237248563219,0.5247929493010938,0.2771704153569257
deepseek_r1,Chinese-SimpleQA/中华文化/263.json,cross_token,16,7424,18640,59392,118784,0.31384698275862066,0.15692349137931033,2.5107758620689653,0.8430765086206897,0.5247929493010938,0.29991927551741354
deepseek_r1,Chinese-SimpleQA/中华文化/277.json,cross_token,8,7424,10208,59392,59392,0.171875,0.171875,1.375,0.828125,0.3821792086984408,0.18528918002316627
deepseek_r1,Chinese-SimpleQA/中华文化/277.json,cross_token,12,7424,13444,59392,89088,0.2263604525862069,0.15090696839080459,1.8108836206896552,0.8490930316091954,0.3821792086984408,0.21675271943069643
deepseek_r1,Chinese-SimpleQA/中华文化/277.json,cross_token,16,7424,16037,59392,118784,0.27001953125,0.135009765625,2.16015625,0.864990234375,0.3821792086984408,0.2391591206989162
deepseek_r1,Chinese-SimpleQA/中华文化/39.json,cross_token,8,7327,20805,58616,58616,0.3549372185068923,0.3549372185068923,2.8394977480551384,0.6450627814931077,0.7623684649490095,0.4149209795755646
deepseek_r1,Chinese-SimpleQA/中华文化/39.json,cross_token,12,7327,25662,58616,87924,0.4377985532960284,0.29186570219735225,3.5023884263682272,0.7081342978026477,0.7623684649490095,0.4628953319714644
deepseek_r1,Chinese-SimpleQA/中华文化/39.json,cross_token,16,7327,29180,58616,117232,0.4978162958919066,0.2489081479459533,3.982530367135253,0.7510918520540467,0.7623684649490095,0.49372187834810666
deepseek_r1,Chinese-SimpleQA/中华文化/42.json,cross_token,8,7424,12438,59392,59392,0.2094221443965517,0.2094221443965517,1.6753771551724137,0.7905778556034483,0.4784137412690093,0.2286989757937801
deepseek_r1,Chinese-SimpleQA/中华文化/42.json,cross_token,12,7424,16251,59392,89088,0.27362271012931033,0.1824151400862069,2.1889816810344827,0.8175848599137931,0.4784137412690093,0.26581295894172335
deepseek_r1,Chinese-SimpleQA/中华文化/42.json,cross_token,16,7424,19265,59392,118784,0.3243702855603448,0.1621851427801724,2.5949622844827585,0.8378148572198276,0.4784137412690093,0.29186562896108037
deepseek_r1,Chinese-SimpleQA/中华文化/45.json,cross_token,8,7424,10077,59392,59392,0.16966931573275862,0.16966931573275862,1.357354525862069,0.8303306842672413,0.3816170576189552,0.17720052611761553
deepseek_r1,Chinese-SimpleQA/中华文化/45.json,cross_token,12,7424,13725,59392,89088,0.23109172952586207,0.15406115301724138,1.8487338362068966,0.8459388469827587,0.3816170576189552,0.2127011182086675
deepseek_r1,Chinese-SimpleQA/中华文化/45.json,cross_token,16,7424,16545,59392,118784,0.2785728717672414,0.1392864358836207,2.228582974137931,0.8607135641163793,0.3816170576189552,0.2370671970045532
deepseek_r1,Chinese-SimpleQA/中华文化/48.json,cross_token,8,7424,17362,59392,59392,0.2923289331896552,0.2923289331896552,2.3386314655172415,0.7076710668103448,0.6441876521760947,0.33554819534776426
deepseek_r1,Chinese-SimpleQA/中华文化/48.json,cross_token,12,7424,21854,59392,89088,0.3679620150862069,0.24530801005747127,2.9436961206896552,0.7546919899425287,0.6441876521760947,0.37930384846136983
deepseek_r1,Chinese-SimpleQA/中华文化/48.json,cross_token,16,7424,25304,59392,118784,0.42605064655172414,0.21302532327586207,3.408405172413793,0.7869746767241379,0.6441876521760947,0.4091100759380408
deepseek_r1,Chinese-SimpleQA/中华文化/54.json,cross_token,8,7424,10248,59392,59392,0.17254849137931033,0.17254849137931033,1.3803879310344827,0.8274515086206897,0.38586981663239406,0.1802465369710736
deepseek_r1,Chinese-SimpleQA/中华文化/54.json,cross_token,12,7424,14089,59392,89088,0.23722050107758622,0.1581470007183908,1.8977640086206897,0.8418529992816092,0.38586981663239406,0.2175842715941461
deepseek_r1,Chinese-SimpleQA/中华文化/54.json,cross_token,16,7424,17157,59392,118784,0.28887728987068967,0.14443864493534483,2.3110183189655173,0.8555613550646551,0.38586981663239406,0.24412040089338397
deepseek_r1,Chinese-SimpleQA/中华文化/55.json,cross_token,8,7424,11257,59392,59392,0.18953731142241378,0.18953731142241378,1.5162984913793103,0.8104626885775862,0.49142080090581375,0.2158368523091816
deepseek_r1,Chinese-SimpleQA/中华文化/55.json,cross_token,12,7424,14398,59392,89088,0.24242322198275862,0.1616154813218391,1.939385775862069,0.8383845186781609,0.49142080090581375,0.2463985050042089
deepseek_r1,Chinese-SimpleQA/中华文化/55.json,cross_token,16,7424,16895,59392,118784,0.2844659213362069,0.14223296066810345,2.2757273706896552,0.8577670393318966,0.49142080090581375,0.26797524869126615
deepseek_r1,Chinese-SimpleQA/中华文化/56.json,cross_token,8,7424,12015,59392,59392,0.20229997306034483,0.20229997306034483,1.6183997844827587,0.7977000269396551,0.4658400938866893,0.22065949091802523
deepseek_r1,Chinese-SimpleQA/中华文化/56.json,cross_token,12,7424,15516,59392,89088,0.26124730603448276,0.17416487068965517,2.089978448275862,0.8258351293103449,0.4658400938866893,0.25479935095038225
deepseek_r1,Chinese-SimpleQA/中华文化/56.json,cross_token,16,7424,18180,59392,118784,0.3061018318965517,0.15305091594827586,2.4488146551724137,0.8469490840517242,0.4658400938866893,0.27783174240189534
deepseek_r1,Chinese-SimpleQA/中华文化/59.json,cross_token,8,7330,11761,58640,58640,0.20056275579809005,0.20056275579809005,1.6045020463847204,0.79943724420191,0.43045602372778563,0.20966210599919247
deepseek_r1,Chinese-SimpleQA/中华文化/59.json,cross_token,12,7330,15411,58640,87960,0.2628069577080491,0.17520463847203274,2.102455661664393,0.8247953615279673,0.43045602372778563,0.24567316817137536
deepseek_r1,Chinese-SimpleQA/中华文化/59.json,cross_token,16,7330,18216,58640,117280,0.3106412005457026,0.1553206002728513,2.485129604365621,0.8446793997271487,0.43045602372778563,0.2702105232966833
deepseek_r1,Chinese-SimpleQA/中华文化/8.json,cross_token,8,7424,13613,59392,59392,0.2292059536637931,0.2292059536637931,1.8336476293103448,0.7707940463362069,0.5641039670510473,0.26608116411752597
deepseek_r1,Chinese-SimpleQA/中华文化/8.json,cross_token,12,7424,17044,59392,89088,0.28697467672413796,0.19131645114942528,2.2957974137931036,0.8086835488505747,0.5641039670510473,0.299483358579585
deepseek_r1,Chinese-SimpleQA/中华文化/8.json,cross_token,16,7424,19779,59392,118784,0.33302464978448276,0.16651232489224138,2.664197198275862,0.8334876751077587,0.5641039670510473,0.323118721038249
deepseek_r1,Chinese-SimpleQA/中华文化/80.json,cross_token,8,7424,15679,59392,59392,0.26399178340517243,0.26399178340517243,2.1119342672413794,0.7360082165948276,0.5939060194010359,0.3000857644222546
deepseek_r1,Chinese-SimpleQA/中华文化/80.json,cross_token,12,7424,19944,59392,89088,0.33580280172413796,0.22386853448275862,2.6864224137931036,0.7761314655172413,0.5939060194010359,0.3416286320218468
deepseek_r1,Chinese-SimpleQA/中华文化/80.json,cross_token,16,7424,23221,59392,118784,0.39097858297413796,0.19548929148706898,3.1278286637931036,0.804510708512931,0.5939060194010359,0.36996222202261697
deepseek_r1,Chinese-SimpleQA/中华文化/84.json,cross_token,8,7424,9619,59392,59392,0.16195783943965517,0.16195783943965517,1.2956627155172413,0.8380421605603449,0.42304432468669395,0.18134051743465285
deepseek_r1,Chinese-SimpleQA/中华文化/84.json,cross_token,12,7424,12461,59392,89088,0.20980940193965517,0.13987293462643677,1.6784752155172413,0.8601270653735632,0.42304432468669395,0.208988623729049
deepseek_r1,Chinese-SimpleQA/中华文化/84.json,cross_token,16,7424,14750,59392,118784,0.24834994612068967,0.12417497306034483,1.9867995689655173,0.8758250269396551,0.42304432468669395,0.22876179174772027
deepseek_r1,Chinese-SimpleQA/中华文化/92.json,cross_token,8,7424,16651,59392,59392,0.2803576239224138,0.2803576239224138,2.2428609913793105,0.7196423760775862,0.6399145993885327,0.32202104388344804
deepseek_r1,Chinese-SimpleQA/中华文化/92.json,cross_token,12,7424,20846,59392,89088,0.3509900323275862,0.23399335488505746,2.8079202586206895,0.7660066451149425,0.6399145993885327,0.36283758758847534
deepseek_r1,Chinese-SimpleQA/中华文化/92.json,cross_token,16,7424,23947,59392,118784,0.40320245150862066,0.20160122575431033,3.2256196120689653,0.7983987742456897,0.6399145993885327,0.3896794089441336
deepseek_r1,Chinese-SimpleQA/中华文化/95.json,cross_token,8,7424,16714,59392,59392,0.28141837284482757,0.28141837284482757,2.2513469827586206,0.7185816271551724,0.6438317526477692,0.3264236967583373
deepseek_r1,Chinese-SimpleQA/中华文化/95.json,cross_token,12,7424,20821,59392,89088,0.35056910021551724,0.2337127334770115,2.804552801724138,0.7662872665229885,0.6438317526477692,0.3664418335585547
deepseek_r1,Chinese-SimpleQA/中华文化/95.json,cross_token,16,7424,24021,59392,118784,0.4044484105603448,0.2022242052801724,3.2355872844827585,0.7977757947198276,0.6438317526477692,0.39410469466730186
deepseek_r1,Chinese-SimpleQA/人文与社会科学/292.json,cross_token,8,7424,10967,59392,59392,0.18465449892241378,0.18465449892241378,1.4772359913793103,0.8153455010775862,0.47796129575423874,0.209233423925071
deepseek_r1,Chinese-SimpleQA/人文与社会科学/292.json,cross_token,12,7424,14318,59392,89088,0.24107623922413793,0.16071749281609196,1.9286099137931034,0.8392825071839081,0.47796129575423874,0.24184961449791756
deepseek_r1,Chinese-SimpleQA/人文与社会科学/292.json,cross_token,16,7424,16909,59392,118784,0.2847016433189655,0.14235082165948276,2.277613146551724,0.8576491783405172,0.47796129575423874,0.26425502763712166
deepseek_r1,Chinese-SimpleQA/人文与社会科学/294.json,cross_token,8,7424,15357,59392,59392,0.25857017780172414,0.25857017780172414,2.068561422413793,0.7414298221982758,0.6288098673831228,0.3035421761651438
deepseek_r1,Chinese-SimpleQA/人文与社会科学/294.json,cross_token,12,7424,19116,59392,89088,0.3218615301724138,0.21457435344827586,2.5748922413793105,0.7854256465517242,0.6288098673831228,0.3401939630771396
deepseek_r1,Chinese-SimpleQA/人文与社会科学/294.json,cross_token,16,7424,21921,59392,118784,0.3690901131465517,0.18454505657327586,2.9527209051724137,0.8154549434267242,0.6288098673831228,0.364459823497676
deepseek_r1,Chinese-SimpleQA/人文与社会科学/298.json,cross_token,8,7424,11279,59392,59392,0.18990773168103448,0.18990773168103448,1.5192618534482758,0.8100922683189655,0.4945724356048898,0.21724134712408388
deepseek_r1,Chinese-SimpleQA/人文与社会科学/298.json,cross_token,12,7424,14340,59392,89088,0.24144665948275862,0.1609644396551724,1.931573275862069,0.8390355603448276,0.4945724356048898,0.24701642521275005
deepseek_r1,Chinese-SimpleQA/人文与社会科学/298.json,cross_token,16,7424,16891,59392,118784,0.28439857219827586,0.14219928609913793,2.275188577586207,0.8578007139008621,0.4945724356048898,0.2690473357216532
deepseek_r1,Chinese-SimpleQA/人文与社会科学/301.json,cross_token,8,7424,10826,59392,59392,0.18228044181034483,0.18228044181034483,1.4582435344827587,0.8177195581896551,0.42397211684590197,0.19682136741955747
deepseek_r1,Chinese-SimpleQA/人文与社会科学/301.json,cross_token,12,7424,14278,59392,89088,0.2404027478448276,0.1602684985632184,1.9232219827586208,0.8397315014367817,0.42397211684590197,0.23039374267748058
deepseek_r1,Chinese-SimpleQA/人文与社会科学/301.json,cross_token,16,7424,17095,59392,118784,0.2878333782327586,0.1439166891163793,2.302667025862069,0.8560833108836207,0.42397211684590197,0.2547507373455479
deepseek_r1,Chinese-SimpleQA/人文与社会科学/308.json,cross_token,8,7424,14002,59392,59392,0.23575565732758622,0.23575565732758622,1.8860452586206897,0.7642443426724138,0.5612040713025785,0.2702544143169446
deepseek_r1,Chinese-SimpleQA/人文与社会科学/308.json,cross_token,12,7424,17835,59392,89088,0.30029296875,0.2001953125,2.40234375,0.7998046875,0.5612040713025785,0.307572223942631
deepseek_r1,Chinese-SimpleQA/人文与社会科学/308.json,cross_token,16,7424,20774,59392,118784,0.34977774784482757,0.17488887392241378,2.7982219827586206,0.8251111260775862,0.5612040713025785,0.3329903573931495
deepseek_r1,Chinese-SimpleQA/人文与社会科学/314.json,cross_token,8,7424,12693,59392,59392,0.21371565193965517,0.21371565193965517,1.7097252155172413,0.7862843480603449,0.47621309568202974,0.23556905649479914
deepseek_r1,Chinese-SimpleQA/人文与社会科学/314.json,cross_token,12,7424,16572,59392,89088,0.27902747844827586,0.18601831896551724,2.232219827586207,0.8139816810344828,0.47621309568202974,0.27334625168014265
deepseek_r1,Chinese-SimpleQA/人文与社会科学/314.json,cross_token,16,7424,19611,59392,118784,0.33019598599137934,0.16509799299568967,2.6415678879310347,0.8349020070043103,0.47621309568202974,0.29957472545300307
deepseek_r1,Chinese-SimpleQA/人文与社会科学/323.json,cross_token,8,7424,14375,59392,59392,0.24203596443965517,0.24203596443965517,1.9362877155172413,0.7579640355603449,0.5668772639657945,0.2765730727742871
deepseek_r1,Chinese-SimpleQA/人文与社会科学/323.json,cross_token,12,7424,18135,59392,89088,0.30534415409482757,0.2035627693965517,2.4427532327586206,0.7964372306034483,0.5668772639657945,0.3132138427968978
deepseek_r1,Chinese-SimpleQA/人文与社会科学/323.json,cross_token,16,7424,21126,59392,118784,0.3557044719827586,0.1778522359913793,2.845635775862069,0.8221477640086207,0.5668772639657945,0.3390501687261379
deepseek_r1,Chinese-SimpleQA/人文与社会科学/327.json,cross_token,8,7424,9964,59392,59392,0.1677667025862069,0.1677667025862069,1.3421336206896552,0.8322332974137931,0.465816527759485,0.19367191881511914
deepseek_r1,Chinese-SimpleQA/人文与社会科学/327.json,cross_token,12,7424,13059,59392,89088,0.21987809806034483,0.14658539870689655,1.7590247844827587,0.8534146012931034,0.465816527759485,0.22382169703534122
deepseek_r1,Chinese-SimpleQA/人文与社会科学/327.json,cross_token,16,7424,15385,59392,118784,0.2590416217672414,0.1295208108836207,2.072332974137931,0.8704791891163793,0.465816527759485,0.2439177401225116
deepseek_r1,Chinese-SimpleQA/人文与社会科学/330.json,cross_token,8,7424,18020,59392,59392,0.30340786637931033,0.30340786637931033,2.4272629310344827,0.6965921336206897,0.6702335592057463,0.35051131364019017
deepseek_r1,Chinese-SimpleQA/人文与社会科学/330.json,cross_token,12,7424,22505,59392,89088,0.37892308728448276,0.2526153915229885,3.031384698275862,0.7473846084770115,0.6702335592057463,0.3942516344275227
deepseek_r1,Chinese-SimpleQA/人文与社会科学/330.json,cross_token,16,7424,26007,59392,118784,0.4378872575431034,0.2189436287715517,3.5030980603448274,0.7810563712284483,0.6702335592057463,0.4245298909348663
deepseek_r1,Chinese-SimpleQA/人文与社会科学/333.json,cross_token,8,7424,12897,59392,59392,0.21715045797413793,0.21715045797413793,1.7372036637931034,0.7828495420258621,0.5407795289523577,0.25267418437660133
deepseek_r1,Chinese-SimpleQA/人文与社会科学/333.json,cross_token,12,7424,16451,59392,89088,0.27699016702586204,0.18466011135057472,2.2159213362068964,0.8153398886494253,0.5407795289523577,0.2872239104037431
deepseek_r1,Chinese-SimpleQA/人文与社会科学/333.json,cross_token,16,7424,19247,59392,118784,0.3240672144396552,0.1620336072198276,2.5925377155172415,0.8379663927801724,0.5407795289523577,0.3113885383178141
deepseek_r1,Chinese-SimpleQA/人文与社会科学/337.json,cross_token,8,7424,10369,59392,59392,0.17458580280172414,0.17458580280172414,1.3966864224137931,0.8254141971982758,0.4420279377473075,0.19481514113161374
deepseek_r1,Chinese-SimpleQA/人文与社会科学/337.json,cross_token,12,7424,13548,59392,89088,0.22811153017241378,0.15207435344827586,1.8248922413793103,0.8479256465517242,0.4420279377473075,0.22572840915743997
deepseek_r1,Chinese-SimpleQA/人文与社会科学/337.json,cross_token,16,7424,16050,59392,118784,0.27023841594827586,0.13511920797413793,2.161907327586207,0.8648807920258621,0.4420279377473075,0.2473587006055404
deepseek_r1,Chinese-SimpleQA/人文与社会科学/340.json,cross_token,8,7424,13740,59392,59392,0.23134428879310345,0.23134428879310345,1.8507543103448276,0.7686557112068966,0.5539440617036795,0.2641063757442429
deepseek_r1,Chinese-SimpleQA/人文与社会科学/340.json,cross_token,12,7424,17561,59392,89088,0.29567955280172414,0.1971197018678161,2.365436422413793,0.8028802981321839,0.5539440617036795,0.30126080057683896
deepseek_r1,Chinese-SimpleQA/人文与社会科学/340.json,cross_token,16,7424,20579,59392,118784,0.34649447737068967,0.17324723868534483,2.7719558189655173,0.8267527613146551,0.5539440617036795,0.32732509158429274
deepseek_r1,Chinese-SimpleQA/人文与社会科学/341.json,cross_token,8,7424,12372,59392,59392,0.20831088362068967,0.20831088362068967,1.6664870689655173,0.7916891163793103,0.5092127301531926,0.2391115995995547
deepseek_r1,Chinese-SimpleQA/人文与社会科学/341.json,cross_token,12,7424,15945,59392,89088,0.2684705010775862,0.17898033405172414,2.1477640086206895,0.8210196659482758,0.5092127301531926,0.27388586361855505
deepseek_r1,Chinese-SimpleQA/人文与社会科学/341.json,cross_token,16,7424,18881,59392,118784,0.3179047683189655,0.15895238415948276,2.543238146551724,0.8410476158405172,0.5092127301531926,0.2992608810256655
deepseek_r1,Chinese-SimpleQA/人文与社会科学/344.json,cross_token,8,7424,10819,59392,59392,0.18216258081896552,0.18216258081896552,1.4573006465517242,0.8178374191810345,0.41060100861244764,0.19271985930966992
deepseek_r1,Chinese-SimpleQA/人文与社会科学/344.json,cross_token,12,7424,14371,59392,89088,0.24196861530172414,0.16131241020114942,1.9357489224137931,0.8386875897988506,0.41060100861244764,0.2272730324781416
deepseek_r1,Chinese-SimpleQA/人文与社会科学/344.json,cross_token,16,7424,17177,59392,118784,0.2892140355603448,0.1446070177801724,2.3137122844827585,0.8553929822198276,0.41060100861244764,0.251519989739664
deepseek_r1,Chinese-SimpleQA/人文与社会科学/353.json,cross_token,8,7424,20188,59392,59392,0.33991109913793105,0.33991109913793105,2.7192887931034484,0.660088900862069,0.7266290853402972,0.39482445370010233
deepseek_r1,Chinese-SimpleQA/人文与社会科学/353.json,cross_token,12,7424,25042,59392,89088,0.4216392780172414,0.28109285201149425,3.373114224137931,0.7189071479885057,0.7266290853402972,0.4421621046952139
deepseek_r1,Chinese-SimpleQA/人文与社会科学/353.json,cross_token,16,7424,28663,59392,118784,0.48260708512931033,0.24130354256465517,3.8608566810344827,0.7586964574353449,0.7266290853402972,0.47348524461635366
deepseek_r1,Chinese-SimpleQA/人文与社会科学/355.json,cross_token,8,7424,8394,59392,59392,0.14133216594827586,0.14133216594827586,1.1306573275862069,0.8586678340517242,0.38341203526967815,0.15813977362129064
deepseek_r1,Chinese-SimpleQA/人文与社会科学/355.json,cross_token,12,7424,10844,59392,89088,0.18258351293103448,0.12172234195402298,1.4606681034482758,0.878277658045977,0.38341203526967815,0.1819865738437184
deepseek_r1,Chinese-SimpleQA/人文与社会科学/355.json,cross_token,16,7424,13031,59392,118784,0.2194066540948276,0.1097033270474138,1.7552532327586208,0.8902966729525862,0.38341203526967815,0.200873024202229
deepseek_r1,Chinese-SimpleQA/人文与社会科学/356.json,cross_token,8,7424,12391,59392,59392,0.20863079202586207,0.20863079202586207,1.6690463362068966,0.7913692079741379,0.49261341057243724,0.2333364564456048
deepseek_r1,Chinese-SimpleQA/人文与社会科学/356.json,cross_token,12,7424,15932,59392,89088,0.26825161637931033,0.17883441091954022,2.1460129310344827,0.8211655890804598,0.49261341057243724,0.26781084672059363
deepseek_r1,Chinese-SimpleQA/人文与社会科学/356.json,cross_token,16,7424,18732,59392,118784,0.3153960129310345,0.15769800646551724,2.523168103448276,0.8423019935344828,0.49261341057243724,0.29200033948939746
deepseek_r1,Chinese-SimpleQA/人文与社会科学/374.json,cross_token,8,7424,15446,59392,59392,0.26006869612068967,0.26006869612068967,2.0805495689655173,0.7399313038793103,0.6280388057332509,0.3046593688607659
deepseek_r1,Chinese-SimpleQA/人文与社会科学/374.json,cross_token,12,7424,19256,59392,89088,0.32421875,0.21614583333333334,2.59375,0.7838541666666666,0.6280388057332509,0.34178080494801494
deepseek_r1,Chinese-SimpleQA/人文与社会科学/374.json,cross_token,16,7424,22294,59392,118784,0.37537042025862066,0.18768521012931033,3.0029633620689653,0.8123147898706897,0.6280388057332509,0.3680290438734575
deepseek_r1,Chinese-SimpleQA/人文与社会科学/382.json,cross_token,8,7424,13705,59392,59392,0.2307549838362069,0.2307549838362069,1.8460398706896552,0.7692450161637931,0.5414918943712548,0.26447698693784477
deepseek_r1,Chinese-SimpleQA/人文与社会科学/382.json,cross_token,12,7424,17385,59392,89088,0.2927161907327586,0.1951441271551724,2.341729525862069,0.8048558728448276,0.5414918943712548,0.30027653184507264
deepseek_r1,Chinese-SimpleQA/人文与社会科学/382.json,cross_token,16,7424,20460,59392,118784,0.3444908405172414,0.1722454202586207,2.755926724137931,0.8277545797413793,0.5414918943712548,0.32686174862801726
deepseek_r1,Chinese-SimpleQA/人文与社会科学/392.json,cross_token,8,7424,11145,59392,59392,0.18765153556034483,0.18765153556034483,1.5012122844827587,0.8123484644396551,0.4948921649924672,0.2153584708145999
deepseek_r1,Chinese-SimpleQA/人文与社会科学/392.json,cross_token,12,7424,14283,59392,89088,0.24048693426724138,0.1603246228448276,1.923895474137931,0.8396753771551724,0.4948921649924672,0.2458871153362796
deepseek_r1,Chinese-SimpleQA/人文与社会科学/392.json,cross_token,16,7424,16799,59392,118784,0.28284954202586204,0.14142477101293102,2.2627963362068964,0.858575228987069,0.4948921649924672,0.2676164394286348
deepseek_r1,Chinese-SimpleQA/人文与社会科学/405.json,cross_token,8,7424,11578,59392,59392,0.1949420797413793,0.1949420797413793,1.5595366379310345,0.8050579202586207,0.476611406286413,0.220983642392969
deepseek_r1,Chinese-SimpleQA/人文与社会科学/405.json,cross_token,12,7424,14975,59392,89088,0.25213833512931033,0.16809222341954022,2.0171066810344827,0.8319077765804598,0.476611406286413,0.2540097437860419
deepseek_r1,Chinese-SimpleQA/人文与社会科学/405.json,cross_token,16,7424,17798,59392,118784,0.29966998922413796,0.14983499461206898,2.3973599137931036,0.850165005387931,0.476611406286413,0.27843860997130193
deepseek_r1,Chinese-SimpleQA/人文与社会科学/406.json,cross_token,8,7424,13658,59392,59392,0.22996363146551724,0.22996363146551724,1.839709051724138,0.7700363685344828,0.5721505182423939,0.26904234538054517
deepseek_r1,Chinese-SimpleQA/人文与社会科学/406.json,cross_token,12,7424,17206,59392,89088,0.2897023168103448,0.19313487787356323,2.3176185344827585,0.8068651221264368,0.5721505182423939,0.3035593640074844
deepseek_r1,Chinese-SimpleQA/人文与社会科学/406.json,cross_token,16,7424,20114,59392,118784,0.3386651400862069,0.16933257004310345,2.7093211206896552,0.8306674299568966,0.5721505182423939,0.3286854552249119
deepseek_r1,Chinese-SimpleQA/人文与社会科学/410.json,cross_token,8,7424,15671,59392,59392,0.26385708512931033,0.26385708512931033,2.1108566810344827,0.7361429148706897,0.6390361897208987,0.3103440038086741
deepseek_r1,Chinese-SimpleQA/人文与社会科学/410.json,cross_token,12,7424,19433,59392,89088,0.3271989493534483,0.21813263290229884,2.6175915948275863,0.7818673670977012,0.6390361897208987,0.3470012389803523
deepseek_r1,Chinese-SimpleQA/人文与社会科学/410.json,cross_token,16,7424,22328,59392,118784,0.3759428879310345,0.18797144396551724,3.007543103448276,0.8120285560344828,0.6390361897208987,0.3720023224466343
deepseek_r1,Chinese-SimpleQA/人文与社会科学/419.json,cross_token,8,7338,10997,58704,58704,0.1873296538566367,0.1873296538566367,1.4986372308530935,0.8126703461433633,0.45397956867772,0.20610156300862506
deepseek_r1,Chinese-SimpleQA/人文与社会科学/419.json,cross_token,12,7338,14405,58704,88056,0.24538361951485418,0.16358907967656947,1.9630689561188335,0.8364109203234306,0.45397956867772,0.23961867926629823
deepseek_r1,Chinese-SimpleQA/人文与社会科学/419.json,cross_token,16,7338,17126,58704,117408,0.291734805124012,0.145867402562006,2.333878440992096,0.854132597437994,0.45397956867772,0.2634097655766586
deepseek_r1,Chinese-SimpleQA/人文与社会科学/421.json,cross_token,8,7424,11884,59392,59392,0.20009428879310345,0.20009428879310345,1.6007543103448276,0.7999057112068966,0.46049688156866786,0.21650634896292073
deepseek_r1,Chinese-SimpleQA/人文与社会科学/421.json,cross_token,12,7424,15614,59392,89088,0.2628973599137931,0.17526490660919541,2.1031788793103448,0.8247350933908046,0.46049688156866786,0.2527985106615735
deepseek_r1,Chinese-SimpleQA/人文与社会科学/421.json,cross_token,16,7424,18618,59392,118784,0.3134765625,0.15673828125,2.5078125,0.84326171875,0.46049688156866786,0.27875069893927623
deepseek_r1,Chinese-SimpleQA/人文与社会科学/423.json,cross_token,8,7424,12041,59392,59392,0.20273774245689655,0.20273774245689655,1.6219019396551724,0.7972622575431034,0.4771840791714253,0.22825801746060384
deepseek_r1,Chinese-SimpleQA/人文与社会科学/423.json,cross_token,12,7424,15662,59392,89088,0.2637055495689655,0.17580369971264367,2.109644396551724,0.8241963002873564,0.4771840791714253,0.2635009717175152
deepseek_r1,Chinese-SimpleQA/人文与社会科学/423.json,cross_token,16,7424,18679,59392,118784,0.3145036368534483,0.15725181842672414,2.5160290948275863,0.8427481815732758,0.4771840791714253,0.28956996021704007
deepseek_r1,Chinese-SimpleQA/人文与社会科学/429.json,cross_token,8,7424,12549,59392,59392,0.21129108297413793,0.21129108297413793,1.6903286637931034,0.7887089170258621,0.5498814644604997,0.24826908082568025
deepseek_r1,Chinese-SimpleQA/人文与社会科学/429.json,cross_token,12,7424,15630,59392,89088,0.26316675646551724,0.17544450431034483,2.105334051724138,0.8245554956896551,0.5498814644604997,0.27828288006500157
deepseek_r1,Chinese-SimpleQA/人文与社会科学/429.json,cross_token,16,7424,18161,59392,118784,0.30578192349137934,0.15289096174568967,2.4462553879310347,0.8471090382543103,0.5498814644604997,0.3001725680836144
deepseek_r1,Chinese-SimpleQA/人文与社会科学/432.json,cross_token,8,7424,10952,59392,59392,0.1844019396551724,0.1844019396551724,1.4752155172413792,0.8155980603448276,0.44267468185697445,0.20751344511142586
deepseek_r1,Chinese-SimpleQA/人文与社会科学/432.json,cross_token,12,7424,14022,59392,89088,0.23609240301724138,0.1573949353448276,1.888739224137931,0.8426050646551724,0.44267468185697445,0.2374098142544069
deepseek_r1,Chinese-SimpleQA/人文与社会科学/432.json,cross_token,16,7424,16444,59392,118784,0.27687230603448276,0.13843615301724138,2.214978448275862,0.8615638469827587,0.44267468185697445,0.25834867232723685
deepseek_r1,Chinese-SimpleQA/人文与社会科学/435.json,cross_token,8,7424,17894,59392,59392,0.30128636853448276,0.30128636853448276,2.410290948275862,0.6987136314655172,0.6748865569365686,0.3503320327959416
deepseek_r1,Chinese-SimpleQA/人文与社会科学/435.json,cross_token,12,7424,22176,59392,89088,0.3733836206896552,0.24892241379310345,2.9870689655172415,0.7510775862068966,0.6748865569365686,0.39207211120218827
deepseek_r1,Chinese-SimpleQA/人文与社会科学/435.json,cross_token,16,7424,25434,59392,118784,0.42823949353448276,0.21411974676724138,3.425915948275862,0.7858802532327587,0.6748865569365686,0.4202573152653879
deepseek_r1,Chinese-SimpleQA/人文与社会科学/440.json,cross_token,8,7424,14995,59392,59392,0.2524750808189655,0.2524750808189655,2.019800646551724,0.7475249191810345,0.6035721944200024,0.29351062688730145
deepseek_r1,Chinese-SimpleQA/人文与社会科学/440.json,cross_token,12,7424,18562,59392,89088,0.3125336745689655,0.20835578304597702,2.500269396551724,0.791644216954023,0.6035721944200024,0.32826982700032503
deepseek_r1,Chinese-SimpleQA/人文与社会科学/440.json,cross_token,16,7424,21338,59392,118784,0.3592739762931034,0.1796369881465517,2.8741918103448274,0.8203630118534483,0.6035721944200024,0.3522500689870865
deepseek_r1,Chinese-SimpleQA/人文与社会科学/441.json,cross_token,8,7424,11998,59392,59392,0.20201373922413793,0.20201373922413793,1.6161099137931034,0.7979862607758621,0.5253375786118091,0.23313567981903582
deepseek_r1,Chinese-SimpleQA/人文与社会科学/441.json,cross_token,12,7424,15143,59392,89088,0.2549669989224138,0.1699779992816092,2.0397359913793105,0.8300220007183908,0.5253375786118091,0.2637747994305505
deepseek_r1,Chinese-SimpleQA/人文与社会科学/441.json,cross_token,16,7424,17556,59392,118784,0.29559536637931033,0.14779768318965517,2.3647629310344827,0.8522023168103449,0.5253375786118091,0.28463412255788056
deepseek_r1,Chinese-SimpleQA/人文与社会科学/460.json,cross_token,8,7424,11989,59392,59392,0.2018622036637931,0.2018622036637931,1.6148976293103448,0.7981377963362069,0.49905236813889714,0.2299444702616032
deepseek_r1,Chinese-SimpleQA/人文与社会科学/460.json,cross_token,12,7424,15198,59392,89088,0.2558930495689655,0.17059536637931033,2.047144396551724,0.8294046336206897,0.49905236813889714,0.2612184440906524
deepseek_r1,Chinese-SimpleQA/人文与社会科学/460.json,cross_token,16,7424,17828,59392,118784,0.30017510775862066,0.15008755387931033,2.4014008620689653,0.8499124461206897,0.49905236813889714,0.28395012098482264
deepseek_r1,Chinese-SimpleQA/人文与社会科学/466.json,cross_token,8,7424,11548,59392,59392,0.19443696120689655,0.19443696120689655,1.5554956896551724,0.8055630387931034,0.5002975666080605,0.22567097420791932
deepseek_r1,Chinese-SimpleQA/人文与社会科学/466.json,cross_token,12,7424,14733,59392,89088,0.24806371228448276,0.16537580818965517,1.984509698275862,0.8346241918103449,0.5002975666080605,0.2566472565779783
deepseek_r1,Chinese-SimpleQA/人文与社会科学/466.json,cross_token,16,7424,17358,59392,118784,0.29226158405172414,0.14613079202586207,2.338092672413793,0.8538692079741379,0.5002975666080605,0.27933886518881623
deepseek_r1,Chinese-SimpleQA/人文与社会科学/473.json,cross_token,8,7424,12664,59392,59392,0.21322737068965517,0.21322737068965517,1.7058189655172413,0.7867726293103449,0.506785120342727,0.24180540614943724
deepseek_r1,Chinese-SimpleQA/人文与社会科学/473.json,cross_token,12,7424,16072,59392,89088,0.2706088362068966,0.1804058908045977,2.1648706896551726,0.8195941091954023,0.506785120342727,0.2750134301469384
deepseek_r1,Chinese-SimpleQA/人文与社会科学/473.json,cross_token,16,7424,18680,59392,118784,0.31452047413793105,0.15726023706896552,2.5161637931034484,0.8427397629310345,0.506785120342727,0.2975089746619544
deepseek_r1,Chinese-SimpleQA/人文与社会科学/487.json,cross_token,8,7424,17135,59392,59392,0.28850686961206895,0.28850686961206895,2.3080549568965516,0.711493130387931,0.642533225201309,0.3333663057561313
deepseek_r1,Chinese-SimpleQA/人文与社会科学/487.json,cross_token,12,7424,21691,59392,89088,0.36521753771551724,0.2434783584770115,2.921740301724138,0.7565216415229885,0.642533225201309,0.3777390951000652
deepseek_r1,Chinese-SimpleQA/人文与社会科学/487.json,cross_token,16,7424,25073,59392,118784,0.4221612338362069,0.21108061691810345,3.3772898706896552,0.7889193830818966,0.642533225201309,0.40696670891089304
deepseek_r1,Chinese-SimpleQA/人文与社会科学/493.json,cross_token,8,7424,15323,59392,59392,0.25799771012931033,0.25799771012931033,2.0639816810344827,0.7420022898706897,0.625487881832241,0.3029371406230801
deepseek_r1,Chinese-SimpleQA/人文与社会科学/493.json,cross_token,12,7424,18972,59392,89088,0.3194369612068966,0.21295797413793102,2.5554956896551726,0.787042025862069,0.625487881832241,0.3385038919648902
deepseek_r1,Chinese-SimpleQA/人文与社会科学/493.json,cross_token,16,7424,21867,59392,118784,0.36818089978448276,0.18409044989224138,2.945447198275862,0.8159095501077587,0.625487881832241,0.36351685746116325
deepseek_r1,Chinese-SimpleQA/人文与社会科学/505.json,cross_token,8,7424,9912,59392,59392,0.16689116379310345,0.16689116379310345,1.3351293103448276,0.8331088362068966,0.4420980732476055,0.18944129561575054
deepseek_r1,Chinese-SimpleQA/人文与社会科学/505.json,cross_token,12,7424,12930,59392,89088,0.21770608836206898,0.1451373922413793,1.7416487068965518,0.8548626077586207,0.4420980732476055,0.2187950113891588
deepseek_r1,Chinese-SimpleQA/人文与社会科学/505.json,cross_token,16,7424,15372,59392,118784,0.2588227370689655,0.12941136853448276,2.070581896551724,0.8705886314655172,0.4420980732476055,0.23990598238306599
deepseek_r1,Chinese-SimpleQA/人文与社会科学/513.json,cross_token,8,7424,10897,59392,59392,0.1834758890086207,0.1834758890086207,1.4678071120689655,0.8165241109913793,0.4391664240568625,0.200014956365709
deepseek_r1,Chinese-SimpleQA/人文与社会科学/513.json,cross_token,12,7424,14539,59392,89088,0.2447972790948276,0.1631981860632184,1.9583782327586208,0.8368018139367817,0.4391664240568625,0.235447242913845
deepseek_r1,Chinese-SimpleQA/人文与社会科学/513.json,cross_token,16,7424,17257,59392,118784,0.2905610183189655,0.14528050915948276,2.324488146551724,0.8547194908405172,0.4391664240568625,0.2589572763980673
deepseek_r1,Chinese-SimpleQA/人文与社会科学/539.json,cross_token,8,7420,10044,59360,59360,0.16920485175202157,0.16920485175202157,1.3536388140161726,0.8307951482479784,0.4337893000224247,0.18776872935327224
deepseek_r1,Chinese-SimpleQA/人文与社会科学/539.json,cross_token,12,7420,13415,59360,89040,0.22599393530997305,0.15066262353998203,1.8079514824797844,0.849337376460018,0.4337893000224247,0.2205794255090864
deepseek_r1,Chinese-SimpleQA/人文与社会科学/539.json,cross_token,16,7420,16150,59360,118720,0.27206873315363883,0.13603436657681942,2.1765498652291106,0.8639656334231806,0.4337893000224247,0.2442447724245894
deepseek_r1,Chinese-SimpleQA/人文与社会科学/556.json,cross_token,8,7424,10948,59392,59392,0.18433459051724138,0.18433459051724138,1.474676724137931,0.8156654094827587,0.4659968211967909,0.2048727471943016
deepseek_r1,Chinese-SimpleQA/人文与社会科学/556.json,cross_token,12,7424,14144,59392,89088,0.23814655172413793,0.15876436781609196,1.9051724137931034,0.8412356321839081,0.4659968211967909,0.23597732272037558
deepseek_r1,Chinese-SimpleQA/人文与社会科学/556.json,cross_token,16,7424,16715,59392,118784,0.28143521012931033,0.14071760506465517,2.2514816810344827,0.8592823949353449,0.4659968211967909,0.2582083284534
deepseek_r1,Chinese-SimpleQA/人文与社会科学/557.json,cross_token,8,7424,17424,59392,59392,0.2933728448275862,0.2933728448275862,2.3469827586206895,0.7066271551724138,0.6567838738455991,0.3404166352871252
deepseek_r1,Chinese-SimpleQA/人文与社会科学/557.json,cross_token,12,7424,21747,59392,89088,0.3661604256465517,0.24410695043103448,2.9292834051724137,0.7558930495689655,0.6567838738455991,0.3825566426646826
deepseek_r1,Chinese-SimpleQA/人文与社会科学/557.json,cross_token,16,7424,25086,59392,118784,0.42238011853448276,0.21119005926724138,3.379040948275862,0.7888099407327587,0.6567838738455991,0.4114346425008396
deepseek_r1,Chinese-SimpleQA/人文与社会科学/564.json,cross_token,8,7424,10835,59392,59392,0.18243197737068967,0.18243197737068967,1.4594558189655173,0.8175680226293103,0.47394141439384707,0.20745564668101182
deepseek_r1,Chinese-SimpleQA/人文与社会科学/564.json,cross_token,12,7424,13830,59392,89088,0.2328596443965517,0.15523976293103448,1.8628771551724137,0.8447602370689655,0.47394141439384707,0.23656590315666415
deepseek_r1,Chinese-SimpleQA/人文与社会科学/564.json,cross_token,16,7424,16445,59392,118784,0.2768891433189655,0.13844457165948276,2.215113146551724,0.8615554283405172,0.47394141439384707,0.2591569777053172
deepseek_r1,Chinese-SimpleQA/人文与社会科学/570.json,cross_token,8,7424,20132,59392,59392,0.3389682112068966,0.3389682112068966,2.7117456896551726,0.6610317887931034,0.7227678899987532,0.3927243019138381
deepseek_r1,Chinese-SimpleQA/人文与社会科学/570.json,cross_token,12,7424,24853,59392,89088,0.41845703125,0.2789713541666667,3.34765625,0.7210286458333333,0.7227678899987532,0.4387513978229211
deepseek_r1,Chinese-SimpleQA/人文与社会科学/570.json,cross_token,16,7424,28238,59392,118784,0.47545123922413796,0.23772561961206898,3.8036099137931036,0.762274380387931,0.7227678899987532,0.46802001161986406
deepseek_r1,Chinese-SimpleQA/人文与社会科学/575.json,cross_token,8,7424,13256,59392,59392,0.2231950431034483,0.2231950431034483,1.7855603448275863,0.7768049568965517,0.5224782893341549,0.2518307321869578
deepseek_r1,Chinese-SimpleQA/人文与社会科学/575.json,cross_token,12,7424,17043,59392,89088,0.2869578394396552,0.19130522629310345,2.2956627155172415,0.8086947737068966,0.5224782893341549,0.2886938642103467
deepseek_r1,Chinese-SimpleQA/人文与社会科学/575.json,cross_token,16,7424,20079,59392,118784,0.33807583512931033,0.16903791756465517,2.7046066810344827,0.8309620824353449,0.5224782893341549,0.3149544125020285
deepseek_r1,Chinese-SimpleQA/人文与社会科学/577.json,cross_token,8,7424,12198,59392,59392,0.20538119612068967,0.20538119612068967,1.6430495689655173,0.7946188038793103,0.49531428135823463,0.2334271624854779
deepseek_r1,Chinese-SimpleQA/人文与社会科学/577.json,cross_token,12,7424,15572,59392,89088,0.26219019396551724,0.17479346264367815,2.097521551724138,0.8252065373563219,0.49531428135823463,0.2662500736715174
deepseek_r1,Chinese-SimpleQA/人文与社会科学/577.json,cross_token,16,7424,18372,59392,118784,0.3093345905172414,0.1546672952586207,2.474676724137931,0.8453327047413793,0.49531428135823463,0.29044587091581653
deepseek_r1,Chinese-SimpleQA/人文与社会科学/580.json,cross_token,8,7424,8735,59392,59392,0.14707367995689655,0.14707367995689655,1.1765894396551724,0.8529263200431034,0.3866545667794412,0.162181933593753
deepseek_r1,Chinese-SimpleQA/人文与社会科学/580.json,cross_token,12,7424,11812,59392,89088,0.19888200431034483,0.13258800287356323,1.5910560344827587,0.8674119971264368,0.3866545667794412,0.1920909498397485
deepseek_r1,Chinese-SimpleQA/人文与社会科学/580.json,cross_token,16,7424,14484,59392,118784,0.24387122844827586,0.12193561422413793,1.9509698275862069,0.8780643857758621,0.3866545667794412,0.2152035986402238
deepseek_r1,Chinese-SimpleQA/人文与社会科学/587.json,cross_token,8,7424,13393,59392,59392,0.22550175107758622,0.22550175107758622,1.8040140086206897,0.7744982489224138,0.5770796965464464,0.26522743393368003
deepseek_r1,Chinese-SimpleQA/人文与社会科学/587.json,cross_token,12,7424,16513,59392,89088,0.2780340786637931,0.18535605244252873,2.2242726293103448,0.8146439475574713,0.5770796965464464,0.29561685509674723
deepseek_r1,Chinese-SimpleQA/人文与社会科学/587.json,cross_token,16,7424,19041,59392,118784,0.3205987338362069,0.16029936691810345,2.5647898706896552,0.8397006330818966,0.5770796965464464,0.3174668320550786
deepseek_r1,Chinese-SimpleQA/人文与社会科学/592.json,cross_token,8,7424,12767,59392,59392,0.2149616109913793,0.2149616109913793,1.7196928879310345,0.7850383890086207,0.5032023133217375,0.24410648557048936
deepseek_r1,Chinese-SimpleQA/人文与社会科学/592.json,cross_token,12,7424,16585,59392,89088,0.2792463631465517,0.18616424209770116,2.2339709051724137,0.8138357579022988,0.5032023133217375,0.2812586545059158
deepseek_r1,Chinese-SimpleQA/人文与社会科学/592.json,cross_token,16,7424,19562,59392,118784,0.32937095905172414,0.16468547952586207,2.634967672413793,0.8353145204741379,0.5032023133217375,0.30696816541409894
deepseek_r1,Chinese-SimpleQA/人文与社会科学/598.json,cross_token,8,7424,12919,59392,59392,0.21752087823275862,0.21752087823275862,1.740167025862069,0.7824791217672413,0.5346380261198015,0.25122938498420416
deepseek_r1,Chinese-SimpleQA/人文与社会科学/598.json,cross_token,12,7424,16584,59392,89088,0.27922952586206895,0.1861530172413793,2.2338362068965516,0.8138469827586207,0.5346380261198015,0.28693186963610606
deepseek_r1,Chinese-SimpleQA/人文与社会科学/598.json,cross_token,16,7424,19350,59392,118784,0.32580145474137934,0.16290072737068967,2.6064116379310347,0.8370992726293103,0.5346380261198015,0.3108311875279305
deepseek_r1,Chinese-SimpleQA/人文与社会科学/599.json,cross_token,8,7323,10384,58584,58584,0.17724976102690154,0.17724976102690154,1.4179980882152123,0.8227502389730985,0.4131000106288378,0.19087675764415282
deepseek_r1,Chinese-SimpleQA/人文与社会科学/599.json,cross_token,12,7323,13631,58584,87876,0.23267445036187354,0.15511630024124903,1.8613956028949883,0.844883699758751,0.4131000106288378,0.22289469318325145
deepseek_r1,Chinese-SimpleQA/人文与社会科学/599.json,cross_token,16,7323,16242,58584,117168,0.2772429332240885,0.13862146661204425,2.217943465792708,0.8613785333879558,0.4131000106288378,0.2457672776848769
deepseek_r1,Chinese-SimpleQA/人文与社会科学/600.json,cross_token,8,7424,19681,59392,59392,0.33137459590517243,0.33137459590517243,2.6509967672413794,0.6686254040948276,0.7189666511492467,0.3847465826428152
deepseek_r1,Chinese-SimpleQA/人文与社会科学/600.json,cross_token,12,7424,24431,59392,89088,0.41135169719827586,0.27423446479885055,3.290813577586207,0.7257655352011494,0.7189666511492467,0.4310366486193221
deepseek_r1,Chinese-SimpleQA/人文与社会科学/600.json,cross_token,16,7424,27843,59392,118784,0.4688005118534483,0.23440025592672414,3.7504040948275863,0.7655997440732758,0.7189666511492467,0.460568205496008
deepseek_r1,Chinese-SimpleQA/人文与社会科学/604.json,cross_token,8,7424,10609,59392,59392,0.17862675107758622,0.17862675107758622,1.4290140086206897,0.8213732489224138,0.40768291046885774,0.18989936066210045
deepseek_r1,Chinese-SimpleQA/人文与社会科学/604.json,cross_token,12,7424,14328,59392,89088,0.24124461206896552,0.16082974137931033,1.9299568965517242,0.8391702586206897,0.40768291046885774,0.22610476622151138
deepseek_r1,Chinese-SimpleQA/人文与社会科学/604.json,cross_token,16,7424,17166,59392,118784,0.2890288254310345,0.14451441271551724,2.312230603448276,0.8554855872844828,0.40768291046885774,0.2506291433637726
deepseek_r1,Chinese-SimpleQA/人文与社会科学/605.json,cross_token,8,7424,19003,59392,59392,0.31995891702586204,0.31995891702586204,2.5596713362068964,0.6800410829741379,0.7179971009219618,0.3754117154600621
deepseek_r1,Chinese-SimpleQA/人文与社会科学/605.json,cross_token,12,7424,23542,59392,89088,0.3963833512931034,0.26425556752873564,3.1710668103448274,0.7357444324712643,0.7179971009219618,0.4196434404517314
deepseek_r1,Chinese-SimpleQA/人文与社会科学/605.json,cross_token,16,7424,26919,59392,118784,0.45324286099137934,0.22662143049568967,3.6259428879310347,0.7733785695043103,0.7179971009219618,0.4488454206123239
deepseek_r1,Chinese-SimpleQA/人文与社会科学/610.json,cross_token,8,7424,7940,59392,59392,0.13368803879310345,0.13368803879310345,1.0695043103448276,0.8663119612068966,0.33584987567301383,0.1487851186584361
deepseek_r1,Chinese-SimpleQA/人文与社会科学/610.json,cross_token,12,7424,10384,59392,89088,0.17483836206896552,0.11655890804597702,1.3987068965517242,0.883441091954023,0.33584987567301383,0.17255870068102983
deepseek_r1,Chinese-SimpleQA/人文与社会科学/610.json,cross_token,16,7424,12440,59392,118784,0.20945581896551724,0.10472790948275862,1.675646551724138,0.8952720905172413,0.33584987567301383,0.1903210885560654
deepseek_r1,Chinese-SimpleQA/人文与社会科学/628.json,cross_token,8,7424,11773,59392,59392,0.19822535021551724,0.19822535021551724,1.585802801724138,0.8017746497844828,0.48837096665155516,0.22229973934382197
deepseek_r1,Chinese-SimpleQA/人文与社会科学/628.json,cross_token,12,7424,15070,59392,89088,0.25373787715517243,0.16915858477011494,2.0299030172413794,0.8308414152298851,0.48837096665155516,0.2544000313790225
deepseek_r1,Chinese-SimpleQA/人文与社会科学/628.json,cross_token,16,7424,17828,59392,118784,0.30017510775862066,0.15008755387931033,2.4014008620689653,0.8499124461206897,0.48837096665155516,0.2782467726681825
deepseek_r1,Chinese-SimpleQA/人文与社会科学/632.json,cross_token,8,7424,13215,59392,59392,0.22250471443965517,0.22250471443965517,1.7800377155172413,0.7774952855603449,0.5269927897217793,0.25438362961636196
deepseek_r1,Chinese-SimpleQA/人文与社会科学/632.json,cross_token,12,7424,16749,59392,89088,0.28200767780172414,0.18800511853448276,2.256061422413793,0.8119948814655172,0.5269927897217793,0.28879829830124476
deepseek_r1,Chinese-SimpleQA/人文与社会科学/632.json,cross_token,16,7424,19544,59392,118784,0.3290678879310345,0.16453394396551724,2.632543103448276,0.8354660560344828,0.5269927897217793,0.3129753818600788
deepseek_r1,Chinese-SimpleQA/人文与社会科学/640.json,cross_token,8,7424,16311,59392,59392,0.27463294719827586,0.27463294719827586,2.197063577586207,0.7253670528017242,0.6456149912357515,0.32047194533119594
deepseek_r1,Chinese-SimpleQA/人文与社会科学/640.json,cross_token,12,7424,20121,59392,89088,0.3387830010775862,0.22585533405172414,2.7102640086206895,0.7741446659482758,0.6456149912357515,0.35758009039721633
deepseek_r1,Chinese-SimpleQA/人文与社会科学/640.json,cross_token,16,7424,23048,59392,118784,0.38806573275862066,0.19403286637931033,3.1045258620689653,0.8059671336206897,0.6456149912357515,0.38287199503494496
deepseek_r1,Chinese-SimpleQA/人文与社会科学/644.json,cross_token,8,7424,11308,59392,59392,0.19039601293103448,0.19039601293103448,1.5231681034482758,0.8096039870689655,0.43162575729552466,0.20627448156698008
deepseek_r1,Chinese-SimpleQA/人文与社会科学/644.json,cross_token,12,7424,15035,59392,89088,0.25314857219827586,0.16876571479885058,2.025188577586207,0.8312342852011494,0.43162575729552466,0.24261028669699444
deepseek_r1,Chinese-SimpleQA/人文与社会科学/644.json,cross_token,16,7424,17863,59392,118784,0.30076441271551724,0.15038220635775862,2.406115301724138,0.8496177936422413,0.43162575729552466,0.26706046583429244
deepseek_r1,Chinese-SimpleQA/人文与社会科学/666.json,cross_token,8,7424,12054,59392,59392,0.2029566271551724,0.2029566271551724,1.6236530172413792,0.7970433728448276,0.498055910102756,0.22980281196622335
deepseek_r1,Chinese-SimpleQA/人文与社会科学/666.json,cross_token,12,7424,15324,59392,89088,0.2580145474137931,0.17200969827586207,2.0641163793103448,0.8279903017241379,0.498055910102756,0.26161912375368557
deepseek_r1,Chinese-SimpleQA/人文与社会科学/666.json,cross_token,16,7424,17898,59392,118784,0.3013537176724138,0.1506768588362069,2.4108297413793105,0.8493231411637931,0.498055910102756,0.28385917521683307
deepseek_r1,Chinese-SimpleQA/人文与社会科学/677.json,cross_token,8,7424,13366,59392,59392,0.2250471443965517,0.2250471443965517,1.8003771551724137,0.7749528556034483,0.5219570588496102,0.2517519558629563
deepseek_r1,Chinese-SimpleQA/人文与社会科学/677.json,cross_token,12,7424,17046,59392,89088,0.2870083512931034,0.19133890086206898,2.2960668103448274,0.808661099137931,0.5219570588496102,0.28760945796642995
deepseek_r1,Chinese-SimpleQA/人文与社会科学/677.json,cross_token,16,7424,19889,59392,118784,0.3348767510775862,0.1674383755387931,2.6790140086206895,0.8325616244612069,0.5219570588496102,0.312183169161397
deepseek_r1,Chinese-SimpleQA/人文与社会科学/679.json,cross_token,8,7322,15375,58576,58576,0.2624795137940453,0.2624795137940453,2.0998361103523626,0.7375204862059547,0.6186768230364421,0.30620551050982253
deepseek_r1,Chinese-SimpleQA/人文与社会科学/679.json,cross_token,12,7322,19148,58576,87864,0.3268915596831467,0.2179277064554311,2.6151324774651736,0.7820722935445689,0.6186768230364421,0.34347160991635955
deepseek_r1,Chinese-SimpleQA/人文与社会科学/679.json,cross_token,16,7322,22043,58576,117152,0.37631453154875716,0.18815726577437858,3.0105162523900573,0.8118427342256214,0.6186768230364421,0.36884148134450256
deepseek_r1,Chinese-SimpleQA/人文与社会科学/680.json,cross_token,8,7424,8228,59392,59392,0.13853717672413793,0.13853717672413793,1.1082974137931034,0.8614628232758621,0.32794249561982414,0.14352494716471642
deepseek_r1,Chinese-SimpleQA/人文与社会科学/680.json,cross_token,12,7424,11377,59392,89088,0.19155778556034483,0.12770519037356323,1.5324622844827587,0.8722948096264368,0.32794249561982414,0.1741004958729429
deepseek_r1,Chinese-SimpleQA/人文与社会科学/680.json,cross_token,16,7424,14065,59392,118784,0.23681640625,0.118408203125,1.89453125,0.881591796875,0.32794249561982414,0.1973329160829214
deepseek_r1,Chinese-SimpleQA/人文与社会科学/695.json,cross_token,8,7424,10934,59392,59392,0.18409886853448276,0.18409886853448276,1.472790948275862,0.8159011314655172,0.4771473939909587,0.20962607680201642
deepseek_r1,Chinese-SimpleQA/人文与社会科学/695.json,cross_token,12,7424,14007,59392,89088,0.23583984375,0.1572265625,1.88671875,0.8427734375,0.4771473939909587,0.2395104674129993
deepseek_r1,Chinese-SimpleQA/人文与社会科学/695.json,cross_token,16,7424,16553,59392,118784,0.2787075700431034,0.1393537850215517,2.2296605603448274,0.8606462149784483,0.4771473939909587,0.2615087710385188
deepseek_r1,Chinese-SimpleQA/人文与社会科学/698.json,cross_token,8,7424,20228,59392,59392,0.3405845905172414,0.3405845905172414,2.724676724137931,0.6594154094827587,0.7494766401539483,0.3997681917058035
deepseek_r1,Chinese-SimpleQA/人文与社会科学/698.json,cross_token,12,7424,25030,59392,89088,0.4214372306034483,0.2809581537356322,3.3714978448275863,0.7190418462643677,0.7494766401539483,0.4465688585307898
deepseek_r1,Chinese-SimpleQA/人文与社会科学/698.json,cross_token,16,7424,28579,59392,118784,0.4811927532327586,0.2405963766163793,3.849542025862069,0.7594036233836207,0.7494766401539483,0.4772536258061136
deepseek_r1,Chinese-SimpleQA/工程、技术与应用科学/1003.json,cross_token,8,7424,15279,59392,59392,0.25725686961206895,0.25725686961206895,2.0580549568965516,0.742743130387931,0.5882526010660744,0.2949835653607372
deepseek_r1,Chinese-SimpleQA/工程、技术与应用科学/1003.json,cross_token,12,7424,19302,59392,89088,0.3249932650862069,0.21666217672413793,2.5999461206896552,0.7833378232758621,0.5882526010660744,0.33419213950543764
deepseek_r1,Chinese-SimpleQA/工程、技术与应用科学/1003.json,cross_token,16,7424,22466,59392,118784,0.3782664331896552,0.1891332165948276,3.0261314655172415,0.8108667834051724,0.5882526010660744,0.3615339675960893
deepseek_r1,Chinese-SimpleQA/工程、技术与应用科学/1012.json,cross_token,8,7424,13391,59392,59392,0.2254680765086207,0.2254680765086207,1.8037446120689655,0.7745319234913793,0.5196548702221823,0.25356225042717484
deepseek_r1,Chinese-SimpleQA/工程、技术与应用科学/1012.json,cross_token,12,7424,17389,59392,89088,0.29278353987068967,0.19518902658045978,2.3422683189655173,0.8048109734195402,0.5196548702221823,0.29248920934730394
deepseek_r1,Chinese-SimpleQA/工程、技术与应用科学/1012.json,cross_token,16,7424,20452,59392,118784,0.34435614224137934,0.17217807112068967,2.7548491379310347,0.8278219288793103,0.5196548702221823,0.3189676766749442
deepseek_r1,Chinese-SimpleQA/工程、技术与应用科学/1024.json,cross_token,8,7424,14373,59392,59392,0.24200228987068967,0.24200228987068967,1.9360183189655173,0.7579977101293103,0.5749208350993089,0.2823453875441374
deepseek_r1,Chinese-SimpleQA/工程、技术与应用科学/1024.json,cross_token,12,7424,18007,59392,89088,0.3031889816810345,0.20212598778735633,2.425511853448276,0.7978740122126436,0.5749208350993089,0.31771808857032385
deepseek_r1,Chinese-SimpleQA/工程、技术与应用科学/1024.json,cross_token,16,7424,20922,59392,118784,0.35226966594827586,0.17613483297413793,2.818157327586207,0.8238651670258621,0.5749208350993089,0.3429018252162787
deepseek_r1,Chinese-SimpleQA/工程、技术与应用科学/1025.json,cross_token,8,7424,6765,59392,59392,0.11390422952586207,0.11390422952586207,0.9112338362068966,0.8860957704741379,0.27513380261797493,0.11523789341930311
deepseek_r1,Chinese-SimpleQA/工程、技术与应用科学/1025.json,cross_token,12,7424,9485,59392,89088,0.15970164331896552,0.10646776221264367,1.2776131465517242,0.8935322377873564,0.27513380261797493,0.14170114777097306
deepseek_r1,Chinese-SimpleQA/工程、技术与应用科学/1025.json,cross_token,16,7424,11853,59392,118784,0.19957233297413793,0.09978616648706896,1.5965786637931034,0.900213833512931,0.27513380261797493,0.16216485505644787
deepseek_r1,Chinese-SimpleQA/工程、技术与应用科学/1027.json,cross_token,8,7424,8407,59392,59392,0.1415510506465517,0.1415510506465517,1.1324084051724137,0.8584489493534483,0.3958646664160069,0.15995119269429078
deepseek_r1,Chinese-SimpleQA/工程、技术与应用科学/1027.json,cross_token,12,7424,11112,59392,89088,0.18709590517241378,0.12473060344827586,1.4967672413793103,0.8752693965517242,0.3958646664160069,0.18623411450231406
deepseek_r1,Chinese-SimpleQA/工程、技术与应用科学/1027.json,cross_token,16,7424,13475,59392,118784,0.2268824084051724,0.1134412042025862,1.8150592672413792,0.8865587957974138,0.3958646664160069,0.20662963366618597
deepseek_r1,Chinese-SimpleQA/工程、技术与应用科学/1028.json,cross_token,8,7424,17281,59392,59392,0.2909651131465517,0.2909651131465517,2.3277209051724137,0.7090348868534483,0.6861684726791438,0.3452362720665793
deepseek_r1,Chinese-SimpleQA/工程、技术与应用科学/1028.json,cross_token,12,7424,21239,59392,89088,0.35760708512931033,0.23840472341954022,2.8608566810344827,0.7615952765804598,0.6861684726791438,0.383809255644067
deepseek_r1,Chinese-SimpleQA/工程、技术与应用科学/1028.json,cross_token,16,7424,24317,59392,118784,0.4094322467672414,0.2047161233836207,3.275457974137931,0.7952838766163793,0.6861684726791438,0.4104188900550287
deepseek_r1,Chinese-SimpleQA/工程、技术与应用科学/1035.json,cross_token,8,4756,9634,38048,38048,0.25320647603027757,0.25320647603027757,2.0256518082422206,0.7467935239697224,0.6142778582206866,0.2991685851756038
deepseek_r1,Chinese-SimpleQA/工程、技术与应用科学/1035.json,cross_token,12,4756,11968,38048,57072,0.31455004205214465,0.20970002803476312,2.516400336417157,0.7902999719652368,0.6142778582206866,0.3346845023919481
deepseek_r1,Chinese-SimpleQA/工程、技术与应用科学/1035.json,cross_token,16,4756,13801,38048,76096,0.36272603027754413,0.18136301513877207,2.901808242220353,0.8186369848612279,0.6142778582206866,0.3594124388543862
deepseek_r1,Chinese-SimpleQA/工程、技术与应用科学/1047.json,cross_token,8,7424,16184,59392,59392,0.2724946120689655,0.2724946120689655,2.179956896551724,0.7275053879310345,0.6218328677422842,0.3137328259559664
deepseek_r1,Chinese-SimpleQA/工程、技术与应用科学/1047.json,cross_token,12,7424,20136,59392,89088,0.33903556034482757,0.2260237068965517,2.7122844827586206,0.7739762931034483,0.6218328677422842,0.3522198880520844
deepseek_r1,Chinese-SimpleQA/工程、技术与应用科学/1047.json,cross_token,16,7424,23115,59392,118784,0.3891938308189655,0.19459691540948276,3.113550646551724,0.8054030845905172,0.6218328677422842,0.3779711435174809
deepseek_r1,Chinese-SimpleQA/工程、技术与应用科学/1053.json,cross_token,8,7424,12290,59392,59392,0.20693022629310345,0.20693022629310345,1.6554418103448276,0.7930697737068966,0.5057038561292436,0.2308640133011268
deepseek_r1,Chinese-SimpleQA/工程、技术与应用科学/1053.json,cross_token,12,7424,15865,59392,89088,0.2671235183189655,0.17808234554597702,2.136988146551724,0.821917654454023,0.5057038561292436,0.26565078526774244
deepseek_r1,Chinese-SimpleQA/工程、技术与应用科学/1053.json,cross_token,16,7424,18631,59392,118784,0.31369544719827586,0.15684772359913793,2.509563577586207,0.8431522764008621,0.5057038561292436,0.2895327585843164
deepseek_r1,Chinese-SimpleQA/工程、技术与应用科学/1054.json,cross_token,8,7424,14979,59392,59392,0.2522056842672414,0.2522056842672414,2.017645474137931,0.7477943157327587,0.5691548192798194,0.286659282191428
deepseek_r1,Chinese-SimpleQA/工程、技术与应用科学/1054.json,cross_token,12,7424,19149,59392,89088,0.3224171605603448,0.21494477370689655,2.5793372844827585,0.7850552262931034,0.5691548192798194,0.3272493381655199
deepseek_r1,Chinese-SimpleQA/工程、技术与应用科学/1054.json,cross_token,16,7424,22367,59392,118784,0.37659954202586204,0.18829977101293102,3.0127963362068964,0.811700228987069,0.5691548192798194,0.3550613234547816
deepseek_r1,Chinese-SimpleQA/工程、技术与应用科学/1061.json,cross_token,8,7424,12189,59392,59392,0.20522966056034483,0.20522966056034483,1.6418372844827587,0.7947703394396551,0.4955461959261116,0.2289973253651935
deepseek_r1,Chinese-SimpleQA/工程、技术与应用科学/1061.json,cross_token,12,7424,15693,59392,89088,0.26422750538793105,0.1761516702586207,2.1138200431034484,0.8238483297413793,0.4955461959261116,0.26315143130397933
deepseek_r1,Chinese-SimpleQA/工程、技术与应用科学/1061.json,cross_token,16,7424,18475,59392,118784,0.3110688308189655,0.15553441540948276,2.488550646551724,0.8444655845905172,0.4955461959261116,0.2871839484639202
deepseek_r1,Chinese-SimpleQA/工程、技术与应用科学/1062.json,cross_token,8,7424,9981,59392,59392,0.16805293642241378,0.16805293642241378,1.3444234913793103,0.8319470635775862,0.4143542912510038,0.18311723048335463
deepseek_r1,Chinese-SimpleQA/工程、技术与应用科学/1062.json,cross_token,12,7424,13053,59392,89088,0.2197770743534483,0.14651804956896552,1.7582165948275863,0.8534819504310345,0.4143542912510038,0.2130345142214746
deepseek_r1,Chinese-SimpleQA/工程、技术与应用科学/1062.json,cross_token,16,7424,15473,59392,118784,0.26052330280172414,0.13026165140086207,2.084186422413793,0.8697383485991379,0.4143542912510038,0.23394955223808617
deepseek_r1,Chinese-SimpleQA/工程、技术与应用科学/1072.json,cross_token,8,4002,6527,32016,32016,0.20386681659170414,0.20386681659170414,1.630934532733633,0.7961331834082959,0.49871977996707806,0.22838970601894018
deepseek_r1,Chinese-SimpleQA/工程、技术与应用科学/1072.json,cross_token,12,4002,8246,32016,48024,0.25755872063968016,0.17170581375978677,2.0604697651174413,0.8282941862402132,0.49871977996707806,0.2594632297996517
deepseek_r1,Chinese-SimpleQA/工程、技术与应用科学/1072.json,cross_token,16,4002,9651,32016,64032,0.3014430284857571,0.15072151424287855,2.411544227886057,0.8492784857571214,0.49871977996707806,0.2820050586080867
deepseek_r1,Chinese-SimpleQA/工程、技术与应用科学/712.json,cross_token,8,7424,14075,59392,59392,0.2369847790948276,0.2369847790948276,1.8958782327586208,0.7630152209051724,0.5547183456779753,0.2696841536012424
deepseek_r1,Chinese-SimpleQA/工程、技术与应用科学/712.json,cross_token,12,7424,17931,59392,89088,0.3019093480603448,0.20127289870689655,2.4152747844827585,0.7987271012931034,0.5547183456779753,0.307201177740207
deepseek_r1,Chinese-SimpleQA/工程、技术与应用科学/712.json,cross_token,16,7424,20951,59392,118784,0.35275794719827586,0.17637897359913793,2.822063577586207,0.8236210264008621,0.5547183456779753,0.33329558419086064
deepseek_r1,Chinese-SimpleQA/工程、技术与应用科学/718.json,cross_token,8,7424,13023,59392,59392,0.21927195581896552,0.21927195581896552,1.7541756465517242,0.7807280441810345,0.45632986777330553,0.23037982849582916
deepseek_r1,Chinese-SimpleQA/工程、技术与应用科学/718.json,cross_token,12,7424,17585,59392,89088,0.29608364762931033,0.19738909841954022,2.3686691810344827,0.8026109015804598,0.45632986777330553,0.274789058385147
deepseek_r1,Chinese-SimpleQA/工程、技术与应用科学/718.json,cross_token,16,7424,20784,59392,118784,0.3499461206896552,0.1749730603448276,2.7995689655172415,0.8250269396551724,0.45632986777330553,0.30244059107598636
deepseek_r1,Chinese-SimpleQA/工程、技术与应用科学/724.json,cross_token,8,7424,12521,59392,59392,0.2108196390086207,0.2108196390086207,1.6865571120689655,0.7891803609913793,0.5052225348421417,0.24041753056881446
deepseek_r1,Chinese-SimpleQA/工程、技术与应用科学/724.json,cross_token,12,7424,16143,59392,89088,0.27180428340517243,0.1812028556034483,2.1744342672413794,0.8187971443965517,0.5052225348421417,0.2756661411613109
deepseek_r1,Chinese-SimpleQA/工程、技术与应用科学/724.json,cross_token,16,7424,18980,59392,118784,0.3195716594827586,0.1597858297413793,2.556573275862069,0.8402141702586207,0.5052225348421417,0.30020951750794284
deepseek_r1,Chinese-SimpleQA/工程、技术与应用科学/731.json,cross_token,8,7424,10794,59392,59392,0.18174164870689655,0.18174164870689655,1.4539331896551724,0.8182583512931034,0.4534533887247149,0.20181326492504098
deepseek_r1,Chinese-SimpleQA/工程、技术与应用科学/731.json,cross_token,12,7424,14267,59392,89088,0.24021753771551724,0.16014502514367815,1.921740301724138,0.8398549748563219,0.4534533887247149,0.23566123960100457
deepseek_r1,Chinese-SimpleQA/工程、技术与应用科学/731.json,cross_token,16,7424,17001,59392,118784,0.28625067349137934,0.14312533674568967,2.2900053879310347,0.8568746632543103,0.4534533887247149,0.2592926555353574
deepseek_r1,Chinese-SimpleQA/工程、技术与应用科学/732.json,cross_token,8,7424,9511,59392,59392,0.16013941271551724,0.16013941271551724,1.281115301724138,0.8398605872844828,0.3936496350967104,0.17689337661300578
deepseek_r1,Chinese-SimpleQA/工程、技术与应用科学/732.json,cross_token,12,7424,12504,59392,89088,0.21053340517241378,0.14035560344827586,1.6842672413793103,0.8596443965517242,0.3936496350967104,0.20605896756206007
deepseek_r1,Chinese-SimpleQA/工程、技术与应用科学/732.json,cross_token,16,7424,14955,59392,118784,0.2518015894396552,0.1259007947198276,2.0144127155172415,0.8740992052801724,0.3936496350967104,0.22723570653401629
deepseek_r1,Chinese-SimpleQA/工程、技术与应用科学/759.json,cross_token,8,7349,16698,58792,58792,0.2840182337733025,0.2840182337733025,2.27214587018642,0.7159817662266975,0.6136531621301491,0.32306967608201603
deepseek_r1,Chinese-SimpleQA/工程、技术与应用科学/759.json,cross_token,12,7349,21248,58792,88188,0.36140971560756563,0.24093981040504378,2.891277724860525,0.7590601895949562,0.6136531621301491,0.3678615641535276
deepseek_r1,Chinese-SimpleQA/工程、技术与应用科学/759.json,cross_token,16,7349,24638,58792,117584,0.4190706218533134,0.2095353109266567,3.352564974826507,0.7904646890733433,0.6136531621301491,0.3974705944489636
deepseek_r1,Chinese-SimpleQA/工程、技术与应用科学/762.json,cross_token,8,7424,8631,59392,59392,0.14532260237068967,0.14532260237068967,1.1625808189655173,0.8546773976293103,0.4045498529007445,0.16361422288412353
deepseek_r1,Chinese-SimpleQA/工程、技术与应用科学/762.json,cross_token,12,7424,11670,59392,89088,0.1964911099137931,0.13099407327586207,1.5719288793103448,0.8690059267241379,0.4045498529007445,0.1931433094792844
deepseek_r1,Chinese-SimpleQA/工程、技术与应用科学/762.json,cross_token,16,7424,14349,59392,118784,0.24159819504310345,0.12079909752155173,1.9327855603448276,0.8792009024784483,0.4045498529007445,0.21629723468168613
deepseek_r1,Chinese-SimpleQA/工程、技术与应用科学/772.json,cross_token,8,7424,10891,59392,59392,0.18337486530172414,0.18337486530172414,1.4669989224137931,0.8166251346982758,0.47482720107497006,0.20742592827644185
deepseek_r1,Chinese-SimpleQA/工程、技术与应用科学/772.json,cross_token,12,7424,14360,59392,89088,0.24178340517241378,0.1611889367816092,1.9342672413793103,0.8388110632183908,0.47482720107497006,0.24116707559278597
deepseek_r1,Chinese-SimpleQA/工程、技术与应用科学/772.json,cross_token,16,7424,17184,59392,118784,0.28933189655172414,0.14466594827586207,2.314655172413793,0.8553340517241379,0.47482720107497006,0.2655748928316469
deepseek_r1,Chinese-SimpleQA/工程、技术与应用科学/773.json,cross_token,8,7424,13268,59392,59392,0.22339709051724138,0.22339709051724138,1.787176724137931,0.7766029094827587,0.5252042927613051,0.254644061835199
deepseek_r1,Chinese-SimpleQA/工程、技术与应用科学/773.json,cross_token,12,7424,17081,59392,89088,0.28759765625,0.19173177083333334,2.30078125,0.8082682291666666,0.5252042927613051,0.2917783755522537
deepseek_r1,Chinese-SimpleQA/工程、技术与应用科学/773.json,cross_token,16,7424,20193,59392,118784,0.3399952855603448,0.1699976427801724,2.7199622844827585,0.8300023572198276,0.5252042927613051,0.318670550999427
deepseek_r1,Chinese-SimpleQA/工程、技术与应用科学/777.json,cross_token,8,7424,19454,59392,59392,0.3275525323275862,0.3275525323275862,2.6204202586206895,0.6724474676724138,0.731046561247203,0.3843349379816225
deepseek_r1,Chinese-SimpleQA/工程、技术与应用科学/777.json,cross_token,12,7424,24095,59392,89088,0.40569436961206895,0.27046291307471265,3.2455549568965516,0.7295370869252873,0.731046561247203,0.42958511003677724
deepseek_r1,Chinese-SimpleQA/工程、技术与应用科学/777.json,cross_token,16,7424,27506,59392,118784,0.4631263469827586,0.2315631734913793,3.705010775862069,0.7684368265086207,0.731046561247203,0.4591165340420906
deepseek_r1,Chinese-SimpleQA/工程、技术与应用科学/783.json,cross_token,8,7424,13373,59392,59392,0.22516500538793102,0.22516500538793102,1.8013200431034482,0.774834994612069,0.5179589555648713,0.25584097400650296
deepseek_r1,Chinese-SimpleQA/工程、技术与应用科学/783.json,cross_token,12,7424,16898,59392,89088,0.2845164331896552,0.18967762212643677,2.2761314655172415,0.8103223778735632,0.5179589555648713,0.2901670950955438
deepseek_r1,Chinese-SimpleQA/工程、技术与应用科学/783.json,cross_token,16,7424,19657,59392,118784,0.3309705010775862,0.1654852505387931,2.6477640086206895,0.8345147494612069,0.5179589555648713,0.3140273624574038
deepseek_r1,Chinese-SimpleQA/工程、技术与应用科学/785.json,cross_token,8,7424,13374,59392,59392,0.22518184267241378,0.22518184267241378,1.8014547413793103,0.7748181573275862,0.5475434411821635,0.26241014573448285
deepseek_r1,Chinese-SimpleQA/工程、技术与应用科学/785.json,cross_token,12,7424,16701,59392,89088,0.2811994881465517,0.18746632543103448,2.2495959051724137,0.8125336745689655,0.5475434411821635,0.2947973229871202
deepseek_r1,Chinese-SimpleQA/工程、技术与应用科学/785.json,cross_token,16,7424,19233,59392,118784,0.3238314924568966,0.1619157462284483,2.5906519396551726,0.8380842537715517,0.5475434411821635,0.31668196042134467
deepseek_r1,Chinese-SimpleQA/工程、技术与应用科学/796.json,cross_token,8,7424,9851,59392,59392,0.16586408943965517,0.16586408943965517,1.3269127155172413,0.8341359105603449,0.43743624760818006,0.1860603608867679
deepseek_r1,Chinese-SimpleQA/工程、技术与应用科学/796.json,cross_token,12,7424,13074,59392,89088,0.22013065732758622,0.14675377155172414,1.7610452586206897,0.8532462284482758,0.43743624760818006,0.217479431882034
deepseek_r1,Chinese-SimpleQA/工程、技术与应用科学/796.json,cross_token,16,7424,15793,59392,118784,0.2659112338362069,0.13295561691810345,2.1272898706896552,0.8670443830818966,0.43743624760818006,0.2409635154034345
deepseek_r1,Chinese-SimpleQA/工程、技术与应用科学/802.json,cross_token,8,7424,17110,59392,59392,0.2880859375,0.2880859375,2.3046875,0.7119140625,0.6646885144522493,0.3370124776643807
deepseek_r1,Chinese-SimpleQA/工程、技术与应用科学/802.json,cross_token,12,7424,21271,59392,89088,0.3581458782327586,0.2387639188218391,2.865167025862069,0.7612360811781609,0.6646885144522493,0.37753179289038163
deepseek_r1,Chinese-SimpleQA/工程、技术与应用科学/802.json,cross_token,16,7424,24507,59392,118784,0.4126313308189655,0.20631566540948276,3.301050646551724,0.7936843345905172,0.6646885144522493,0.4055316554311753
deepseek_r1,Chinese-SimpleQA/工程、技术与应用科学/806.json,cross_token,8,7424,18869,59392,59392,0.31770272090517243,0.31770272090517243,2.5416217672413794,0.6822972790948276,0.6904693814148823,0.36581105265733954
deepseek_r1,Chinese-SimpleQA/工程、技术与应用科学/806.json,cross_token,12,7424,23542,59392,89088,0.3963833512931034,0.26425556752873564,3.1710668103448274,0.7357444324712643,0.6904693814148823,0.411333559288455
deepseek_r1,Chinese-SimpleQA/工程、技术与应用科学/806.json,cross_token,16,7424,27028,59392,118784,0.455078125,0.2275390625,3.640625,0.7724609375,0.6904693814148823,0.4414735988243303
deepseek_r1,Chinese-SimpleQA/工程、技术与应用科学/815.json,cross_token,8,7424,16437,59392,59392,0.2767544450431034,0.2767544450431034,2.2140355603448274,0.7232455549568966,0.6327177366060358,0.32037583426317245
deepseek_r1,Chinese-SimpleQA/工程、技术与应用科学/815.json,cross_token,12,7424,20719,59392,89088,0.34885169719827586,0.2325677981321839,2.790813577586207,0.7674322018678161,0.6327177366060358,0.3621321180177899
deepseek_r1,Chinese-SimpleQA/工程、技术与应用科学/815.json,cross_token,16,7424,23876,59392,118784,0.4020070043103448,0.2010035021551724,3.2160560344827585,0.7989964978448276,0.6327177366060358,0.38943033640281416
deepseek_r1,Chinese-SimpleQA/工程、技术与应用科学/816.json,cross_token,8,3596,7216,28768,28768,0.25083426028921024,0.25083426028921024,2.006674082313682,0.7491657397107898,0.6174898134382283,0.2951690141297681
deepseek_r1,Chinese-SimpleQA/工程、技术与应用科学/816.json,cross_token,12,3596,8922,28768,43152,0.31013626251390436,0.2067575083426029,2.481090100111235,0.7932424916573971,0.6174898134382283,0.32944239678570614
deepseek_r1,Chinese-SimpleQA/工程、技术与应用科学/816.json,cross_token,16,3596,10250,28768,57536,0.35629866518353726,0.17814933259176863,2.850389321468298,0.8218506674082313,0.6174898134382283,0.3531373617007406
deepseek_r1,Chinese-SimpleQA/工程、技术与应用科学/817.json,cross_token,8,7424,8995,59392,59392,0.15145137392241378,0.15145137392241378,1.2116109913793103,0.8485486260775862,0.4014067875380504,0.16804719040276922
deepseek_r1,Chinese-SimpleQA/工程、技术与应用科学/817.json,cross_token,12,7424,12086,59392,89088,0.2034954202586207,0.13566361350574713,1.6279633620689655,0.8643363864942528,0.4014067875380504,0.19809702903096874
deepseek_r1,Chinese-SimpleQA/工程、技术与应用科学/817.json,cross_token,16,7424,14810,59392,118784,0.24936018318965517,0.12468009159482758,1.9948814655172413,0.8753199084051724,0.4014067875380504,0.22163409641290027
deepseek_r1,Chinese-SimpleQA/工程、技术与应用科学/832.json,cross_token,8,7424,11455,59392,59392,0.19287109375,0.19287109375,1.54296875,0.80712890625,0.5045947226249633,0.22375910150194842
deepseek_r1,Chinese-SimpleQA/工程、技术与应用科学/832.json,cross_token,12,7424,14593,59392,89088,0.24570649245689655,0.1638043283045977,1.9656519396551724,0.8361956716954023,0.5045947226249633,0.254286349516583
deepseek_r1,Chinese-SimpleQA/工程、技术与应用科学/832.json,cross_token,16,7424,17176,59392,118784,0.28919719827586204,0.14459859913793102,2.3135775862068964,0.855401400862069,0.5045947226249633,0.2766196718526021
deepseek_r1,Chinese-SimpleQA/工程、技术与应用科学/837.json,cross_token,8,7424,10708,59392,59392,0.1802936422413793,0.1802936422413793,1.4423491379310345,0.8197063577586207,0.4581045603758419,0.2018710483126597
deepseek_r1,Chinese-SimpleQA/工程、技术与应用科学/837.json,cross_token,12,7424,14063,59392,89088,0.23678273168103448,0.15785515445402298,1.8942618534482758,0.842144845545977,0.4581045603758419,0.2344975869382426
deepseek_r1,Chinese-SimpleQA/工程、技术与应用科学/837.json,cross_token,16,7424,16835,59392,118784,0.2834556842672414,0.1417278421336207,2.267645474137931,0.8582721578663793,0.4581045603758419,0.25846348019328486
deepseek_r1,Chinese-SimpleQA/工程、技术与应用科学/843.json,cross_token,8,7424,11023,59392,59392,0.1855973868534483,0.1855973868534483,1.4847790948275863,0.8144026131465517,0.3950919046543141,0.19117448300235304
deepseek_r1,Chinese-SimpleQA/工程、技术与应用科学/843.json,cross_token,12,7424,14573,59392,89088,0.24536974676724138,0.1635798311781609,1.962957974137931,0.8364201688218391,0.3950919046543141,0.22580093216062294
deepseek_r1,Chinese-SimpleQA/工程、技术与应用科学/843.json,cross_token,16,7424,17360,59392,118784,0.29229525862068967,0.14614762931034483,2.3383620689655173,0.8538523706896551,0.3950919046543141,0.24988695832366012
deepseek_r1,Chinese-SimpleQA/工程、技术与应用科学/847.json,cross_token,8,7424,8997,59392,59392,0.1514850484913793,0.1514850484913793,1.2118803879310345,0.8485149515086207,0.4205744090927047,0.1742289564296712
deepseek_r1,Chinese-SimpleQA/工程、技术与应用科学/847.json,cross_token,12,7424,11696,59392,89088,0.19692887931034483,0.1312859195402299,1.5754310344827587,0.8687140804597702,0.4205744090927047,0.20053712142726945
deepseek_r1,Chinese-SimpleQA/工程、技术与应用科学/847.json,cross_token,16,7424,13779,59392,118784,0.23200094288793102,0.11600047144396551,1.8560075431034482,0.8839995285560345,0.4205744090927047,0.21854618544098187
deepseek_r1,Chinese-SimpleQA/工程、技术与应用科学/848.json,cross_token,8,7424,9599,59392,59392,0.16162109375,0.16162109375,1.29296875,0.83837890625,0.4196173448825306,0.17988640520947827
deepseek_r1,Chinese-SimpleQA/工程、技术与应用科学/848.json,cross_token,12,7424,12651,59392,89088,0.2130084859913793,0.14200565732758622,1.7040678879310345,0.8579943426724138,0.4196173448825306,0.20954729241359232
deepseek_r1,Chinese-SimpleQA/工程、技术与应用科学/848.json,cross_token,16,7424,15114,59392,118784,0.2544787176724138,0.1272393588362069,2.0358297413793105,0.8727606411637931,0.4196173448825306,0.2308449721015171
deepseek_r1,Chinese-SimpleQA/工程、技术与应用科学/862.json,cross_token,8,7424,9134,59392,59392,0.15379175646551724,0.15379175646551724,1.230334051724138,0.8462082435344828,0.42359523487952805,0.17573003390646794
deepseek_r1,Chinese-SimpleQA/工程、技术与应用科学/862.json,cross_token,12,7424,11901,59392,89088,0.20038052262931033,0.1335870150862069,1.6030441810344827,0.8664129849137931,0.42359523487952805,0.2026230793016476
deepseek_r1,Chinese-SimpleQA/工程、技术与应用科学/862.json,cross_token,16,7424,14264,59392,118784,0.24016702586206898,0.12008351293103449,1.9213362068965518,0.8799164870689655,0.42359523487952805,0.22303880984568958
deepseek_r1,Chinese-SimpleQA/工程、技术与应用科学/880.json,cross_token,8,7424,10508,59392,59392,0.1769261853448276,0.1769261853448276,1.4154094827586208,0.8230738146551724,0.42074576479033715,0.19008447297758807
deepseek_r1,Chinese-SimpleQA/工程、技术与应用科学/880.json,cross_token,12,7424,14122,59392,89088,0.23777613146551724,0.1585174209770115,1.902209051724138,0.8414825790229885,0.42074576479033715,0.22528780854307165
deepseek_r1,Chinese-SimpleQA/工程、技术与应用科学/880.json,cross_token,16,7424,16809,59392,118784,0.28301791487068967,0.14150895743534483,2.2641433189655173,0.8584910425646551,0.42074576479033715,0.24851722479034308
deepseek_r1,Chinese-SimpleQA/工程、技术与应用科学/884.json,cross_token,8,7424,8151,59392,59392,0.13724070581896552,0.13724070581896552,1.0979256465517242,0.8627592941810345,0.32607605829634406,0.14197849847391164
deepseek_r1,Chinese-SimpleQA/工程、技术与应用科学/884.json,cross_token,12,7424,11302,59392,89088,0.19029498922413793,0.12686332614942528,1.5223599137931034,0.8731366738505747,0.32607605829634406,0.17268231811559004
deepseek_r1,Chinese-SimpleQA/工程、技术与应用科学/884.json,cross_token,16,7424,13757,59392,118784,0.23163052262931033,0.11581526131465517,1.8530441810344827,0.8841847386853449,0.32607605829634406,0.19390182999524086
deepseek_r1,Chinese-SimpleQA/工程、技术与应用科学/894.json,cross_token,8,7424,15524,59392,59392,0.2613820043103448,0.2613820043103448,2.0910560344827585,0.7386179956896552,0.5866184599936644,0.2965987325743706
deepseek_r1,Chinese-SimpleQA/工程、技术与应用科学/894.json,cross_token,12,7424,19769,59392,89088,0.3328562769396552,0.22190418462643677,2.6628502155172415,0.7780958153735632,0.5866184599936644,0.33790305803028936
deepseek_r1,Chinese-SimpleQA/工程、技术与应用科学/894.json,cross_token,16,7424,22959,59392,118784,0.3865672144396552,0.1932836072198276,3.0925377155172415,0.8067163927801724,0.5866184599936644,0.365463026987436
deepseek_r1,Chinese-SimpleQA/工程、技术与应用科学/902.json,cross_token,8,7424,12840,59392,59392,0.2161907327586207,0.2161907327586207,1.7295258620689655,0.7838092672413793,0.4970094829644061,0.24385861348782764
deepseek_r1,Chinese-SimpleQA/工程、技术与应用科学/902.json,cross_token,12,7424,16552,59392,89088,0.27869073275862066,0.18579382183908047,2.2295258620689653,0.8142061781609196,0.4970094829644061,0.2800141394116419
deepseek_r1,Chinese-SimpleQA/工程、技术与应用科学/902.json,cross_token,16,7424,19440,59392,118784,0.32731681034482757,0.16365840517241378,2.6185344827586206,0.8363415948275862,0.4970094829644061,0.30499061649237086
deepseek_r1,Chinese-SimpleQA/工程、技术与应用科学/909.json,cross_token,8,7424,9199,59392,59392,0.15488617995689655,0.15488617995689655,1.2390894396551724,0.8451138200431034,0.3997859837349538,0.1704631343752272
deepseek_r1,Chinese-SimpleQA/工程、技术与应用科学/909.json,cross_token,12,7424,12252,59392,89088,0.20629040948275862,0.1375269396551724,1.650323275862069,0.8624730603448276,0.3997859837349538,0.20019280401782286
deepseek_r1,Chinese-SimpleQA/工程、技术与应用科学/909.json,cross_token,16,7424,14783,59392,118784,0.2489055765086207,0.12445278825431035,1.9912446120689655,0.8755472117456896,0.3997859837349538,0.22207263622144455
deepseek_r1,Chinese-SimpleQA/工程、技术与应用科学/911.json,cross_token,8,7424,11179,59392,59392,0.18822400323275862,0.18822400323275862,1.505792025862069,0.8117759967672413,0.4225726278090746,0.19895739905332085
deepseek_r1,Chinese-SimpleQA/工程、技术与应用科学/911.json,cross_token,12,7424,14885,59392,89088,0.25062297952586204,0.16708198635057472,2.0049838362068964,0.8329180136494253,0.4225726278090746,0.2350225863768055
deepseek_r1,Chinese-SimpleQA/工程、技术与应用科学/911.json,cross_token,16,7424,17976,59392,118784,0.30266702586206895,0.15133351293103448,2.4213362068965516,0.8486664870689655,0.4225726278090746,0.2617304760921088
deepseek_r1,Chinese-SimpleQA/工程、技术与应用科学/927.json,cross_token,8,7424,9829,59392,59392,0.16549366918103448,0.16549366918103448,1.3239493534482758,0.8345063308189655,0.43577974771548894,0.1882603192220011
deepseek_r1,Chinese-SimpleQA/工程、技术与应用科学/927.json,cross_token,12,7424,12939,59392,89088,0.21785762392241378,0.14523841594827586,1.7428609913793103,0.8547615840517242,0.43577974771548894,0.21849149193268624
deepseek_r1,Chinese-SimpleQA/工程、技术与应用科学/927.json,cross_token,16,7424,15376,59392,118784,0.2588900862068966,0.1294450431034483,2.0711206896551726,0.8705549568965517,0.43577974771548894,0.23956107181287406
deepseek_r1,Chinese-SimpleQA/中华文化/1.json,cross_layer,8,7296,12555,58368,58368,0.21510074013157895,0.21510074013157895,1.7208059210526316,0.784899259868421,0.49397625719857935,0.243006469159886
deepseek_r1,Chinese-SimpleQA/中华文化/1.json,cross_layer,12,7296,15942,58368,87552,0.27312911184210525,0.18208607456140352,2.185032894736842,0.8179139254385965,0.49397625719857935,0.2765793329444367
deepseek_r1,Chinese-SimpleQA/中华文化/1.json,cross_layer,16,7296,18588,58368,116736,0.3184621710526316,0.1592310855263158,2.5476973684210527,0.8407689144736842,0.49397625719857935,0.2998308231230898
deepseek_r1,Chinese-SimpleQA/中华文化/100.json,cross_layer,8,7296,9032,58368,58368,0.15474232456140352,0.15474232456140352,1.2379385964912282,0.8452576754385965,0.4042672094486823,0.17463073636100687
deepseek_r1,Chinese-SimpleQA/中华文化/100.json,cross_layer,12,7296,11771,58368,87552,0.20166872258771928,0.13444581505847952,1.6133497807017543,0.8655541849415205,0.4042672094486823,0.2016962688647678
deepseek_r1,Chinese-SimpleQA/中华文化/100.json,cross_layer,16,7296,14093,58368,116736,0.24145079495614036,0.12072539747807018,1.9316063596491229,0.8792746025219298,0.4042672094486823,0.22209793935139432
deepseek_r1,Chinese-SimpleQA/中华文化/101.json,cross_layer,8,7296,11138,58368,58368,0.19082373903508773,0.19082373903508773,1.5265899122807018,0.8091762609649122,0.42015613935665064,0.20933972230044604
deepseek_r1,Chinese-SimpleQA/中华文化/101.json,cross_layer,12,7296,14487,58368,87552,0.24820106907894737,0.16546737938596492,1.985608552631579,0.8345326206140351,0.42015613935665064,0.24252173606211933
deepseek_r1,Chinese-SimpleQA/中华文化/101.json,cross_layer,16,7296,17105,58368,116736,0.29305441337719296,0.14652720668859648,2.3444353070175437,0.8534727933114035,0.42015613935665064,0.2655406773969399
deepseek_r1,Chinese-SimpleQA/中华文化/102.json,cross_layer,8,7296,7751,58368,58368,0.1327953673245614,0.1327953673245614,1.0623629385964912,0.8672046326754386,0.34669543946947917,0.14481578873844225
deepseek_r1,Chinese-SimpleQA/中华文化/102.json,cross_layer,12,7296,10364,58368,87552,0.17756304824561403,0.11837536549707603,1.4205043859649122,0.8816246345029239,0.34669543946947917,0.17067556310282406
deepseek_r1,Chinese-SimpleQA/中华文化/102.json,cross_layer,16,7296,12583,58368,116736,0.21558045504385964,0.10779022752192982,1.7246436403508771,0.8922097724780702,0.34669543946947917,0.19018969045659884
deepseek_r1,Chinese-SimpleQA/中华文化/113.json,cross_layer,8,7296,6861,58368,58368,0.11754728618421052,0.11754728618421052,0.9403782894736842,0.8824527138157895,0.29640153886796483,0.12727458354653684
deepseek_r1,Chinese-SimpleQA/中华文化/113.json,cross_layer,12,7296,9050,58368,87552,0.15505071271929824,0.10336714181286549,1.240405701754386,0.8966328581871346,0.29640153886796483,0.14894429352239238
deepseek_r1,Chinese-SimpleQA/中华文化/113.json,cross_layer,16,7296,10946,58368,116736,0.1875342653508772,0.0937671326754386,1.5002741228070176,0.9062328673245614,0.29640153886796483,0.16559889865765054
deepseek_r1,Chinese-SimpleQA/中华文化/114.json,cross_layer,8,7296,14455,58368,58368,0.24765282346491227,0.24765282346491227,1.9812225877192982,0.7523471765350878,0.566666046853773,0.27968182372878864
deepseek_r1,Chinese-SimpleQA/中华文化/114.json,cross_layer,12,7296,18225,58368,87552,0.3122430098684211,0.20816200657894737,2.4979440789473686,0.7918379934210527,0.566666046853773,0.3170474316861282
deepseek_r1,Chinese-SimpleQA/中华文化/114.json,cross_layer,16,7296,21126,58368,116736,0.3619449013157895,0.18097245065789475,2.895559210526316,0.8190275493421053,0.566666046853773,0.3425697080744379
deepseek_r1,Chinese-SimpleQA/中华文化/119.json,cross_layer,8,7294,16977,58352,58352,0.29094118453523443,0.29094118453523443,2.3275294762818755,0.7090588154647656,0.656120126450465,0.33387487197255616
deepseek_r1,Chinese-SimpleQA/中华文化/119.json,cross_layer,12,7294,21483,58352,87528,0.36816218809980805,0.2454414587332054,2.9452975047984644,0.7545585412667946,0.656120126450465,0.37854574914584804
deepseek_r1,Chinese-SimpleQA/中华文化/119.json,cross_layer,16,7294,24786,58352,116704,0.42476693172470525,0.21238346586235263,3.398135453797642,0.7876165341376473,0.656120126450465,0.4075985291391594
deepseek_r1,Chinese-SimpleQA/中华文化/121.json,cross_layer,8,5643,8371,45144,45144,0.1854288499025341,0.1854288499025341,1.4834307992202729,0.814571150097466,0.4672654603293543,0.21001538901904604
deepseek_r1,Chinese-SimpleQA/中华文化/121.json,cross_layer,12,5643,10760,45144,67716,0.2383483962431331,0.1588989308287554,1.9067871699450647,0.8411010691712446,0.4672654603293543,0.24059246338688314
deepseek_r1,Chinese-SimpleQA/中华文化/121.json,cross_layer,16,5643,12791,45144,90288,0.2833377636009215,0.14166888180046075,2.266702108807372,0.8583311181995392,0.4672654603293543,0.2636806665716984
deepseek_r1,Chinese-SimpleQA/中华文化/143.json,cross_layer,8,7296,11303,58368,58368,0.19365063048245615,0.19365063048245615,1.5492050438596492,0.8063493695175439,0.49425305205053854,0.21977108296764905
deepseek_r1,Chinese-SimpleQA/中华文化/143.json,cross_layer,12,7296,14781,58368,87552,0.25323807565789475,0.16882538377192982,2.025904605263158,0.8311746162280702,0.49425305205053854,0.25417684167049515
deepseek_r1,Chinese-SimpleQA/中华文化/143.json,cross_layer,16,7296,17527,58368,116736,0.3002844024122807,0.15014220120614036,2.4022752192982457,0.8498577987938596,0.49425305205053854,0.2783294415241655
deepseek_r1,Chinese-SimpleQA/中华文化/145.json,cross_layer,8,7296,9292,58368,58368,0.1591968201754386,0.1591968201754386,1.2735745614035088,0.8408031798245614,0.3751656732773853,0.1699387578297682
deepseek_r1,Chinese-SimpleQA/中华文化/145.json,cross_layer,12,7296,12281,58368,87552,0.21040638706140352,0.14027092470760233,1.6832510964912282,0.8597290752923976,0.3751656732773853,0.19956167794867347
deepseek_r1,Chinese-SimpleQA/中华文化/145.json,cross_layer,16,7296,14713,58368,116736,0.25207305372807015,0.12603652686403508,2.016584429824561,0.8739634731359649,0.3751656732773853,0.22094803706202398
deepseek_r1,Chinese-SimpleQA/中华文化/150.json,cross_layer,8,7296,12436,58368,58368,0.21306195175438597,0.21306195175438597,1.7044956140350878,0.7869380482456141,0.49209787698694585,0.23330697427375902
deepseek_r1,Chinese-SimpleQA/中华文化/150.json,cross_layer,12,7296,16225,58368,87552,0.27797765899122806,0.18531843932748537,2.2238212719298245,0.8146815606725146,0.49209787698694585,0.27083167517442425
deepseek_r1,Chinese-SimpleQA/中华文化/150.json,cross_layer,16,7296,19231,58368,116736,0.32947848135964913,0.16473924067982457,2.635827850877193,0.8352607593201754,0.49209787698694585,0.29729016318044776
deepseek_r1,Chinese-SimpleQA/中华文化/151.json,cross_layer,8,7296,8912,58368,58368,0.15268640350877194,0.15268640350877194,1.2214912280701755,0.8473135964912281,0.394282039986716,0.1711975870590463
deepseek_r1,Chinese-SimpleQA/中华文化/151.json,cross_layer,12,7296,11445,58368,87552,0.19608347039473684,0.13072231359649122,1.5686677631578947,0.8692776864035088,0.394282039986716,0.19625180488650548
deepseek_r1,Chinese-SimpleQA/中华文化/151.json,cross_layer,16,7296,13592,58368,116736,0.23286732456140352,0.11643366228070176,1.8629385964912282,0.8835663377192983,0.394282039986716,0.21510728462815867
deepseek_r1,Chinese-SimpleQA/中华文化/156.json,cross_layer,8,7296,11377,58368,58368,0.19491844846491227,0.19491844846491227,1.5593475877192982,0.8050815515350878,0.45567981690328097,0.21206432026722935
deepseek_r1,Chinese-SimpleQA/中华文化/156.json,cross_layer,12,7296,15075,58368,87552,0.2582750822368421,0.17218338815789475,2.0662006578947367,0.8278166118421053,0.45567981690328097,0.24863417974654595
deepseek_r1,Chinese-SimpleQA/中华文化/156.json,cross_layer,16,7296,18153,58368,116736,0.3110094572368421,0.15550472861842105,2.4880756578947367,0.844495271381579,0.45567981690328097,0.27569478918054957
deepseek_r1,Chinese-SimpleQA/中华文化/167.json,cross_layer,8,7296,11871,58368,58368,0.20338199013157895,0.20338199013157895,1.6270559210526316,0.796618009868421,0.47708440944956,0.2239645015179497
deepseek_r1,Chinese-SimpleQA/中华文化/167.json,cross_layer,12,7296,15482,58368,87552,0.26524808114035087,0.17683205409356725,2.121984649122807,0.8231679459064327,0.47708440944956,0.25972419374395067
deepseek_r1,Chinese-SimpleQA/中华文化/167.json,cross_layer,16,7296,18407,58368,116736,0.3153611567982456,0.1576805783991228,2.522889254385965,0.8423194216008771,0.47708440944956,0.2854530692409614
deepseek_r1,Chinese-SimpleQA/中华文化/168.json,cross_layer,8,7296,5991,58368,58368,0.10264185855263158,0.10264185855263158,0.8211348684210527,0.8973581414473684,0.2536264753281053,0.10889128119133422
deepseek_r1,Chinese-SimpleQA/中华文化/168.json,cross_layer,12,7296,7976,58368,87552,0.1366502192982456,0.0911001461988304,1.093201754385965,0.9088998538011696,0.2536264753281053,0.12854078364902927
deepseek_r1,Chinese-SimpleQA/中华文化/168.json,cross_layer,16,7296,9691,58368,116736,0.1660327576754386,0.0830163788377193,1.3282620614035088,0.9169836211622807,0.2536264753281053,0.14359704844021606
deepseek_r1,Chinese-SimpleQA/中华文化/179.json,cross_layer,8,7277,9921,58216,58216,0.1704170674728597,0.1704170674728597,1.3633365397828776,0.8295829325271403,0.47705137071600817,0.19920902729539786
deepseek_r1,Chinese-SimpleQA/中华文化/179.json,cross_layer,12,7277,12902,58216,87324,0.221622921533599,0.14774861435573267,1.772983372268792,0.8522513856442673,0.47705137071600817,0.22876746534171125
deepseek_r1,Chinese-SimpleQA/中华文化/179.json,cross_layer,16,7277,15389,58216,116432,0.26434313590765424,0.13217156795382712,2.114745087261234,0.8678284320461729,0.47705137071600817,0.25067984065190485
deepseek_r1,Chinese-SimpleQA/中华文化/185.json,cross_layer,8,7296,12050,58368,58368,0.20644873903508773,0.20644873903508773,1.6515899122807018,0.7935512609649122,0.46205479819957945,0.22170767159609406
deepseek_r1,Chinese-SimpleQA/中华文化/185.json,cross_layer,12,7296,15853,58368,87552,0.27160430372807015,0.18106953581871346,2.172834429824561,0.8189304641812866,0.46205479819957945,0.2593845745698079
deepseek_r1,Chinese-SimpleQA/中华文化/185.json,cross_layer,16,7296,18852,58368,116736,0.3229851973684211,0.16149259868421054,2.5838815789473686,0.8385074013157895,0.46205479819957945,0.28576628370551743
deepseek_r1,Chinese-SimpleQA/中华文化/203.json,cross_layer,8,7296,12056,58368,58368,0.20655153508771928,0.20655153508771928,1.6524122807017543,0.7934484649122807,0.5061971178821626,0.2327162151349222
deepseek_r1,Chinese-SimpleQA/中华文化/203.json,cross_layer,12,7296,15691,58368,87552,0.26882881030701755,0.17921920687134502,2.1506304824561404,0.820780793128655,0.5061971178821626,0.2687064606653753
deepseek_r1,Chinese-SimpleQA/中华文化/203.json,cross_layer,16,7296,18728,58368,116736,0.3208607456140351,0.16043037280701755,2.566885964912281,0.8395696271929824,0.5061971178821626,0.29542664119059675
deepseek_r1,Chinese-SimpleQA/中华文化/212.json,cross_layer,8,7296,11233,58368,58368,0.1924513432017544,0.1924513432017544,1.539610745614035,0.8075486567982456,0.48259242379792777,0.21583527726943286
deepseek_r1,Chinese-SimpleQA/中华文化/212.json,cross_layer,12,7296,14541,58368,87552,0.24912623355263158,0.1660841557017544,1.9930098684210527,0.8339158442982456,0.48259242379792777,0.24858638442959666
deepseek_r1,Chinese-SimpleQA/中华文化/212.json,cross_layer,16,7296,17095,58368,116736,0.29288308662280704,0.14644154331140352,2.3430646929824563,0.8535584566885965,0.48259242379792777,0.2710319182226446
deepseek_r1,Chinese-SimpleQA/中华文化/216.json,cross_layer,8,7296,14592,58368,58368,0.25,0.25,2.0,0.75,0.5754618221915554,0.28379998718873284
deepseek_r1,Chinese-SimpleQA/中华文化/216.json,cross_layer,12,7296,18433,58368,87552,0.31580660635964913,0.2105377375730994,2.526452850877193,0.7894622624269005,0.5754618221915554,0.3218385642237125
deepseek_r1,Chinese-SimpleQA/中华文化/216.json,cross_layer,16,7296,21368,58368,116736,0.36609100877192985,0.18304550438596492,2.928728070175439,0.8169544956140351,0.5754618221915554,0.34764835895663826
deepseek_r1,Chinese-SimpleQA/中华文化/218.json,cross_layer,8,7296,11652,58368,58368,0.19962993421052633,0.19962993421052633,1.5970394736842106,0.8003700657894737,0.5053307354575076,0.22705860435692526
deepseek_r1,Chinese-SimpleQA/中华文化/218.json,cross_layer,12,7296,14997,58368,87552,0.2569387335526316,0.17129248903508773,2.0555098684210527,0.8287075109649122,0.5053307354575076,0.2602000744925972
deepseek_r1,Chinese-SimpleQA/中华文化/218.json,cross_layer,16,7296,17750,58368,116736,0.3041049890350877,0.15205249451754385,2.4328399122807016,0.8479475054824561,0.5053307354575076,0.2844044448409829
deepseek_r1,Chinese-SimpleQA/中华文化/225.json,cross_layer,8,7296,14613,58368,58368,0.2503597861842105,0.2503597861842105,2.002878289473684,0.7496402138157895,0.5871276182845839,0.2860666426911921
deepseek_r1,Chinese-SimpleQA/中华文化/225.json,cross_layer,12,7296,18439,58368,87552,0.3159094024122807,0.2106062682748538,2.5272752192982457,0.7893937317251463,0.5871276182845839,0.3239766663956672
deepseek_r1,Chinese-SimpleQA/中华文化/225.json,cross_layer,16,7296,21509,58368,116736,0.36850671600877194,0.18425335800438597,2.9480537280701755,0.8157466419956141,0.5871276182845839,0.3509826182014505
deepseek_r1,Chinese-SimpleQA/中华文化/229.json,cross_layer,8,7296,14708,58368,58368,0.2519873903508772,0.2519873903508772,2.0158991228070176,0.7480126096491229,0.5722460150223986,0.2863798095638906
deepseek_r1,Chinese-SimpleQA/中华文化/229.json,cross_layer,12,7296,18681,58368,87552,0.3200555098684211,0.21337033991228072,2.5604440789473686,0.7866296600877193,0.5722460150223986,0.32574930073728053
deepseek_r1,Chinese-SimpleQA/中华文化/229.json,cross_layer,16,7296,21754,58368,116736,0.37270422149122806,0.18635211074561403,2.9816337719298245,0.8136478892543859,0.5722460150223986,0.35279253674784466
deepseek_r1,Chinese-SimpleQA/中华文化/231.json,cross_layer,8,7296,10772,58368,58368,0.1845531798245614,0.1845531798245614,1.4764254385964912,0.8154468201754386,0.45496150026779897,0.20488736465733576
deepseek_r1,Chinese-SimpleQA/中华文化/231.json,cross_layer,12,7296,13989,58368,87552,0.23966899671052633,0.15977933114035087,1.9173519736842106,0.8402206688596492,0.45496150026779897,0.2367447061074327
deepseek_r1,Chinese-SimpleQA/中华文化/231.json,cross_layer,16,7296,16639,58368,116736,0.28507058662280704,0.14253529331140352,2.2805646929824563,0.8574647066885965,0.45496150026779897,0.26006278608666433
deepseek_r1,Chinese-SimpleQA/中华文化/234.json,cross_layer,8,7296,16563,58368,58368,0.2837685032894737,0.2837685032894737,2.2701480263157894,0.7162314967105263,0.6162877635705125,0.3232624682079444
deepseek_r1,Chinese-SimpleQA/中华文化/234.json,cross_layer,12,7296,20804,58368,87552,0.35642817982456143,0.2376187865497076,2.8514254385964914,0.7623812134502924,0.6162877635705125,0.36528823256434645
deepseek_r1,Chinese-SimpleQA/中华文化/234.json,cross_layer,16,7296,23935,58368,116736,0.41007058662280704,0.20503529331140352,3.2805646929824563,0.7949647066885965,0.6162877635705125,0.392829530595745
deepseek_r1,Chinese-SimpleQA/中华文化/235.json,cross_layer,8,7296,11962,58368,58368,0.20494106359649122,0.20494106359649122,1.6395285087719298,0.7950589364035088,0.5247871686456607,0.23712079907670489
deepseek_r1,Chinese-SimpleQA/中华文化/235.json,cross_layer,12,7296,15167,58368,87552,0.25985128837719296,0.173234192251462,2.0788103070175437,0.826765807748538,0.5247871686456607,0.2688540188194597
deepseek_r1,Chinese-SimpleQA/中华文化/235.json,cross_layer,16,7296,17715,58368,116736,0.30350534539473684,0.15175267269736842,2.4280427631578947,0.8482473273026316,0.5247871686456607,0.2912786802073839
deepseek_r1,Chinese-SimpleQA/中华文化/239.json,cross_layer,8,7242,9787,57936,57936,0.16892778238055786,0.16892778238055786,1.351422259044463,0.8310722176194422,0.45104697912495534,0.1932938703138616
deepseek_r1,Chinese-SimpleQA/中华文化/239.json,cross_layer,12,7242,12630,57936,86904,0.21799917149958575,0.14533278099972383,1.743993371996686,0.8546672190002762,0.45104697912495534,0.22163078623878013
deepseek_r1,Chinese-SimpleQA/中华文化/239.json,cross_layer,16,7242,14972,57936,115872,0.2584230875448771,0.12921154377243854,2.0673847003590167,0.8707884562275614,0.45104697912495534,0.24238307054404384
deepseek_r1,Chinese-SimpleQA/中华文化/247.json,cross_layer,8,7296,5612,58368,58368,0.09614857456140351,0.09614857456140351,0.7691885964912281,0.9038514254385965,0.24896984049367396,0.09950694203886012
deepseek_r1,Chinese-SimpleQA/中华文化/247.json,cross_layer,12,7296,7919,58368,87552,0.1356736567982456,0.09044910453216375,1.085389254385965,0.9095508954678363,0.24896984049367396,0.12232045572489374
deepseek_r1,Chinese-SimpleQA/中华文化/247.json,cross_layer,16,7296,9776,58368,116736,0.16748903508771928,0.08374451754385964,1.3399122807017543,0.9162554824561404,0.24896984049367396,0.13864094883612565
deepseek_r1,Chinese-SimpleQA/中华文化/257.json,cross_layer,8,7296,13169,58368,58368,0.2256202028508772,0.2256202028508772,1.8049616228070176,0.7743797971491229,0.5307733580173535,0.25394308015642825
deepseek_r1,Chinese-SimpleQA/中华文化/257.json,cross_layer,12,7296,16684,58368,87552,0.2858415570175439,0.1905610380116959,2.286732456140351,0.8094389619883041,0.5307733580173535,0.2887495914848666
deepseek_r1,Chinese-SimpleQA/中华文化/257.json,cross_layer,16,7296,19357,58368,116736,0.3316371984649123,0.16581859923245615,2.6530975877192984,0.8341814007675439,0.5307733580173535,0.31227660232979354
deepseek_r1,Chinese-SimpleQA/中华文化/262.json,cross_layer,8,7296,12627,58368,58368,0.21633429276315788,0.21633429276315788,1.730674342105263,0.7836657072368421,0.5059824453956618,0.24452937119624688
deepseek_r1,Chinese-SimpleQA/中华文化/262.json,cross_layer,12,7296,16324,58368,87552,0.27967379385964913,0.18644919590643275,2.237390350877193,0.8135508040935673,0.5059824453956618,0.28112447407367663
deepseek_r1,Chinese-SimpleQA/中华文化/262.json,cross_layer,16,7296,19261,58368,116736,0.32999246162280704,0.16499623081140352,2.6399396929824563,0.8350037691885965,0.5059824453956618,0.30694928068878163
deepseek_r1,Chinese-SimpleQA/中华文化/263.json,cross_layer,8,7296,12602,58368,58368,0.21590597587719298,0.21590597587719298,1.7272478070175439,0.784094024122807,0.5229123950031356,0.24688039703770578
deepseek_r1,Chinese-SimpleQA/中华文化/263.json,cross_layer,12,7296,15898,58368,87552,0.27237527412280704,0.18158351608187134,2.1790021929824563,0.8184164839181287,0.5229123950031356,0.2795331930092862
deepseek_r1,Chinese-SimpleQA/中华文化/263.json,cross_layer,16,7296,18441,58368,116736,0.3159436677631579,0.15797183388157895,2.5275493421052633,0.842028166118421,0.5229123950031356,0.3018875649416799
deepseek_r1,Chinese-SimpleQA/中华文化/277.json,cross_layer,8,7296,10423,58368,58368,0.17857387609649122,0.17857387609649122,1.4285910087719298,0.8214261239035088,0.38495725837685607,0.19198159439009146
deepseek_r1,Chinese-SimpleQA/中华文化/277.json,cross_layer,12,7296,13667,58368,87552,0.23415227521929824,0.1561015168128655,1.873218201754386,0.8438984831871346,0.38495725837685607,0.2241108955531773
deepseek_r1,Chinese-SimpleQA/中华文化/277.json,cross_layer,16,7296,16308,58368,116736,0.2793996710526316,0.1396998355263158,2.2351973684210527,0.8603001644736842,0.38495725837685607,0.2473382403620118
deepseek_r1,Chinese-SimpleQA/中华文化/39.json,cross_layer,8,7200,21729,57600,57600,0.37723958333333335,0.37723958333333335,3.017916666666667,0.6227604166666667,0.780221944654487,0.43485980994293016
deepseek_r1,Chinese-SimpleQA/中华文化/39.json,cross_layer,12,7200,26962,57600,86400,0.4680902777777778,0.3120601851851852,3.7447222222222223,0.6879398148148148,0.780221944654487,0.48745793077688054
deepseek_r1,Chinese-SimpleQA/中华文化/39.json,cross_layer,16,7200,30572,57600,115200,0.5307638888888889,0.26538194444444446,4.246111111111111,0.7346180555555555,0.780221944654487,0.5196312409135809
deepseek_r1,Chinese-SimpleQA/中华文化/42.json,cross_layer,8,7296,11361,58368,58368,0.19464432565789475,0.19464432565789475,1.557154605263158,0.8053556743421053,0.4509786355714661,0.2108581666457651
deepseek_r1,Chinese-SimpleQA/中华文化/42.json,cross_layer,12,7296,14988,58368,87552,0.25678453947368424,0.17118969298245615,2.054276315789474,0.8288103070175439,0.4509786355714661,0.24676665586635235
deepseek_r1,Chinese-SimpleQA/中华文化/42.json,cross_layer,16,7296,17998,58368,116736,0.30835389254385964,0.15417694627192982,2.466831140350877,0.8458230537280702,0.4509786355714661,0.2732242878479973
deepseek_r1,Chinese-SimpleQA/中华文化/45.json,cross_layer,8,7296,8329,58368,58368,0.14269805372807018,0.14269805372807018,1.1415844298245614,0.8573019462719298,0.34489350470550273,0.15111480084995976
deepseek_r1,Chinese-SimpleQA/中华文化/45.json,cross_layer,12,7296,11249,58368,87552,0.19272546600877194,0.12848364400584794,1.5418037280701755,0.8715163559941521,0.34489350470550273,0.17999219014504744
deepseek_r1,Chinese-SimpleQA/中华文化/45.json,cross_layer,16,7296,13807,58368,116736,0.23655084978070176,0.11827542489035088,1.892406798245614,0.8817245751096491,0.34489350470550273,0.20246958413635477
deepseek_r1,Chinese-SimpleQA/中华文化/48.json,cross_layer,8,7296,18375,58368,58368,0.3148129111842105,0.3148129111842105,2.518503289473684,0.6851870888157895,0.6740187178423427,0.3579368735578835
deepseek_r1,Chinese-SimpleQA/中华文化/48.json,cross_layer,12,7296,23320,58368,87552,0.39953399122807015,0.2663559941520468,3.196271929824561,0.7336440058479532,0.6740187178423427,0.40700590480767523
deepseek_r1,Chinese-SimpleQA/中华文化/48.json,cross_layer,16,7296,27034,58368,116736,0.46316474780701755,0.23158237390350878,3.7053179824561404,0.7684176260964912,0.6740187178423427,0.4396748437265655
deepseek_r1,Chinese-SimpleQA/中华文化/54.json,cross_layer,8,7296,8864,58368,58368,0.15186403508771928,0.15186403508771928,1.2149122807017543,0.8481359649122807,0.35299212575509437,0.1598064168435693
deepseek_r1,Chinese-SimpleQA/中华文化/54.json,cross_layer,12,7296,12115,58368,87552,0.20756236293859648,0.13837490862573099,1.6604989035087718,0.861625091374269,0.35299212575509437,0.19198664920692415
deepseek_r1,Chinese-SimpleQA/中华文化/54.json,cross_layer,16,7296,14797,58368,116736,0.2535121984649123,0.12675609923245615,2.0280975877192984,0.8732439007675439,0.35299212575509437,0.21555343839779312
deepseek_r1,Chinese-SimpleQA/中华文化/55.json,cross_layer,8,7296,10822,58368,58368,0.18540981359649122,0.18540981359649122,1.4832785087719298,0.8145901864035088,0.4900981023840431,0.2122477232450956
deepseek_r1,Chinese-SimpleQA/中华文化/55.json,cross_layer,12,7296,14140,58368,87552,0.2422560307017544,0.16150402046783627,1.938048245614035,0.8384959795321637,0.4900981023840431,0.2451122872868501
deepseek_r1,Chinese-SimpleQA/中华文化/55.json,cross_layer,16,7296,16725,58368,116736,0.2865439967105263,0.14327199835526316,2.2923519736842106,0.8567280016447368,0.4900981023840431,0.2678502415894391
deepseek_r1,Chinese-SimpleQA/中华文化/56.json,cross_layer,8,7296,11581,58368,58368,0.19841351425438597,0.19841351425438597,1.5873081140350878,0.8015864857456141,0.4503411857335095,0.21407713698976683
deepseek_r1,Chinese-SimpleQA/中华文化/56.json,cross_layer,12,7296,15235,58368,87552,0.26101631030701755,0.1740108735380117,2.0881304824561404,0.8259891264619883,0.4503411857335095,0.2502710085288067
deepseek_r1,Chinese-SimpleQA/中华文化/56.json,cross_layer,16,7296,17992,58368,116736,0.30825109649122806,0.15412554824561403,2.4660087719298245,0.8458744517543859,0.4503411857335095,0.27452102529377886
deepseek_r1,Chinese-SimpleQA/中华文化/59.json,cross_layer,8,7203,11023,57624,57624,0.1912918228515896,0.1912918228515896,1.5303345828127168,0.8087081771484104,0.41960195042338083,0.2006268639719814
deepseek_r1,Chinese-SimpleQA/中华文化/59.json,cross_layer,12,7203,14615,57624,86436,0.25362696098847703,0.16908464065898468,2.0290156879078163,0.8309153593410153,0.41960195042338083,0.23665799707395366
deepseek_r1,Chinese-SimpleQA/中华文化/59.json,cross_layer,16,7203,17523,57624,115248,0.3040920449812578,0.1520460224906289,2.4327363598500624,0.8479539775093711,0.41960195042338083,0.26254194699668787
deepseek_r1,Chinese-SimpleQA/中华文化/8.json,cross_layer,8,7296,13941,58368,58368,0.23884662828947367,0.23884662828947367,1.9107730263157894,0.7611533717105263,0.5730043487529867,0.2756076578148202
deepseek_r1,Chinese-SimpleQA/中华文化/8.json,cross_layer,12,7296,17453,58368,87552,0.29901658442982454,0.19934438961988304,2.3921326754385963,0.800655610380117,0.5730043487529867,0.31040125251036077
deepseek_r1,Chinese-SimpleQA/中华文化/8.json,cross_layer,16,7296,20256,58368,116736,0.3470394736842105,0.17351973684210525,2.776315789473684,0.8264802631578947,0.5730043487529867,0.3350613245360892
deepseek_r1,Chinese-SimpleQA/中华文化/80.json,cross_layer,8,7296,16571,58368,58368,0.28390556469298245,0.28390556469298245,2.2712445175438596,0.7160944353070176,0.609494209109239,0.31810729728310816
deepseek_r1,Chinese-SimpleQA/中华文化/80.json,cross_layer,12,7296,21031,58368,87552,0.3603172971491228,0.24021153143274854,2.8825383771929824,0.7597884685672515,0.609494209109239,0.36230212742296697
deepseek_r1,Chinese-SimpleQA/中华文化/80.json,cross_layer,16,7296,24566,58368,116736,0.42088130482456143,0.21044065241228072,3.3670504385964914,0.7895593475877193,0.609494209109239,0.3933955626072393
deepseek_r1,Chinese-SimpleQA/中华文化/84.json,cross_layer,8,7296,9754,58368,58368,0.16711211622807018,0.16711211622807018,1.3368969298245614,0.8328878837719298,0.4316703725444149,0.18615156398938984
deepseek_r1,Chinese-SimpleQA/中华文化/84.json,cross_layer,12,7296,12851,58368,87552,0.22017201206140352,0.14678134137426901,1.7613760964912282,0.853218658625731,0.4316703725444149,0.21679115859361384
deepseek_r1,Chinese-SimpleQA/中华文化/84.json,cross_layer,16,7296,15425,58368,116736,0.26427151864035087,0.13213575932017543,2.114172149122807,0.8678642406798246,0.4316703725444149,0.2394328268353126
deepseek_r1,Chinese-SimpleQA/中华文化/92.json,cross_layer,8,7296,15648,58368,58368,0.2680921052631579,0.2680921052631579,2.1447368421052633,0.731907894736842,0.6218313526990294,0.3079957480088466
deepseek_r1,Chinese-SimpleQA/中华文化/92.json,cross_layer,12,7296,19835,58368,87552,0.33982661732456143,0.22655107821637427,2.7186129385964914,0.7734489217836258,0.6218313526990294,0.3494959324026837
deepseek_r1,Chinese-SimpleQA/中华文化/92.json,cross_layer,16,7296,22960,58368,116736,0.39336622807017546,0.19668311403508773,3.1469298245614037,0.8033168859649122,0.6218313526990294,0.37698902085186503
deepseek_r1,Chinese-SimpleQA/中华文化/95.json,cross_layer,8,7296,17246,58368,58368,0.2954701206140351,0.2954701206140351,2.363760964912281,0.7045298793859649,0.6528526444364389,0.33866061772547845
deepseek_r1,Chinese-SimpleQA/中华文化/95.json,cross_layer,12,7296,21609,58368,87552,0.3702199835526316,0.24681332236842105,2.9617598684210527,0.753186677631579,0.6528526444364389,0.3819393191927451
deepseek_r1,Chinese-SimpleQA/中华文化/95.json,cross_layer,16,7296,24797,58368,116736,0.4248389528508772,0.2124194764254386,3.3987116228070176,0.7875805235745614,0.6528526444364389,0.4100043388296523
deepseek_r1,Chinese-SimpleQA/人文与社会科学/292.json,cross_layer,8,7296,10573,58368,58368,0.18114377741228072,0.18114377741228072,1.4491502192982457,0.8188562225877193,0.4743292201423066,0.20674279655574637
deepseek_r1,Chinese-SimpleQA/人文与社会科学/292.json,cross_layer,12,7296,13839,58368,87552,0.23709909539473684,0.15806606359649122,1.8967927631578947,0.8419339364035088,0.4743292201423066,0.23900448643416605
deepseek_r1,Chinese-SimpleQA/人文与社会科学/292.json,cross_layer,16,7296,16474,58368,116736,0.28224369517543857,0.14112184758771928,2.2579495614035086,0.8588781524122807,0.4743292201423066,0.26215959338666595
deepseek_r1,Chinese-SimpleQA/人文与社会科学/294.json,cross_layer,8,7296,15897,58368,58368,0.2723581414473684,0.2723581414473684,2.1788651315789473,0.7276418585526316,0.6387863537089372,0.31600922599543013
deepseek_r1,Chinese-SimpleQA/人文与社会科学/294.json,cross_layer,12,7296,19585,58368,87552,0.3355434484649123,0.22369563230994152,2.6843475877192984,0.7763043676900585,0.6387863537089372,0.35255799976341323
deepseek_r1,Chinese-SimpleQA/人文与社会科学/294.json,cross_layer,16,7296,22437,58368,116736,0.3844058388157895,0.19220291940789475,3.075246710526316,0.8077970805921053,0.6387863537089372,0.3776644032915418
deepseek_r1,Chinese-SimpleQA/人文与社会科学/298.json,cross_layer,8,7296,10859,58368,58368,0.18604372258771928,0.18604372258771928,1.4883497807017543,0.8139562774122807,0.4851175835072974,0.21240722727990816
deepseek_r1,Chinese-SimpleQA/人文与社会科学/298.json,cross_layer,12,7296,13953,58368,87552,0.23905222039473684,0.15936814692982457,1.9124177631578947,0.8406318530701754,0.4851175835072974,0.24301644304581033
deepseek_r1,Chinese-SimpleQA/人文与社会科学/298.json,cross_layer,16,7296,16504,58368,116736,0.2827576754385965,0.14137883771929824,2.262061403508772,0.8586211622807017,0.4851175835072974,0.26544730093103425
deepseek_r1,Chinese-SimpleQA/人文与社会科学/301.json,cross_layer,8,7296,10584,58368,58368,0.18133223684210525,0.18133223684210525,1.450657894736842,0.8186677631578947,0.4212729009889065,0.19626385277593092
deepseek_r1,Chinese-SimpleQA/人文与社会科学/301.json,cross_layer,12,7296,14131,58368,87552,0.24210183662280702,0.16140122441520469,1.9368146929824561,0.8385987755847953,0.4212729009889065,0.23135414455643727
deepseek_r1,Chinese-SimpleQA/人文与社会科学/301.json,cross_layer,16,7296,16855,58368,116736,0.2887712445175439,0.14438562225877194,2.310169956140351,0.8556143777412281,0.4212729009889065,0.25529985874196937
deepseek_r1,Chinese-SimpleQA/人文与社会科学/308.json,cross_layer,8,7296,14171,58368,58368,0.24278714364035087,0.24278714364035087,1.942297149122807,0.7572128563596492,0.5691410143603083,0.27782929700963666
deepseek_r1,Chinese-SimpleQA/人文与社会科学/308.json,cross_layer,12,7296,17779,58368,87552,0.30460183662280704,0.20306789108187134,2.4368146929824563,0.7969321089181287,0.5691410143603083,0.31355721635092804
deepseek_r1,Chinese-SimpleQA/人文与社会科学/308.json,cross_layer,16,7296,20674,58368,116736,0.3542009320175439,0.17710046600877194,2.833607456140351,0.8228995339912281,0.5691410143603083,0.33902221974815067
deepseek_r1,Chinese-SimpleQA/人文与社会科学/314.json,cross_layer,8,7296,11966,58368,58368,0.2050095942982456,0.2050095942982456,1.640076754385965,0.7949904057017544,0.46683411363857213,0.2294000068041505
deepseek_r1,Chinese-SimpleQA/人文与社会科学/314.json,cross_layer,12,7296,15338,58368,87552,0.26278097587719296,0.175187317251462,2.1022478070175437,0.824812682748538,0.46683411363857213,0.26282036290070665
deepseek_r1,Chinese-SimpleQA/人文与社会科学/314.json,cross_layer,16,7296,17912,58368,116736,0.30688048245614036,0.15344024122807018,2.455043859649123,0.8465597587719298,0.46683411363857213,0.2854649974950576
deepseek_r1,Chinese-SimpleQA/人文与社会科学/323.json,cross_layer,8,7296,14864,58368,58368,0.25466008771929827,0.25466008771929827,2.037280701754386,0.7453399122807017,0.5856617983555726,0.2900299649205448
deepseek_r1,Chinese-SimpleQA/人文与社会科学/323.json,cross_layer,12,7296,18736,58368,87552,0.3209978070175439,0.2139985380116959,2.567982456140351,0.7860014619883041,0.5856617983555726,0.32842616929636786
deepseek_r1,Chinese-SimpleQA/人文与社会科学/323.json,cross_layer,16,7296,21720,58368,116736,0.37212171052631576,0.18606085526315788,2.976973684210526,0.8139391447368421,0.5856617983555726,0.35468730109043156
deepseek_r1,Chinese-SimpleQA/人文与社会科学/327.json,cross_layer,8,7296,9946,58368,58368,0.17040158991228072,0.17040158991228072,1.3632127192982457,0.8295984100877193,0.46604704839909994,0.1970879219499526
deepseek_r1,Chinese-SimpleQA/人文与社会科学/327.json,cross_layer,12,7296,12935,58368,87552,0.2216111567982456,0.14774077119883042,1.772889254385965,0.8522592288011696,0.46604704839909994,0.22668114680196527
deepseek_r1,Chinese-SimpleQA/人文与社会科学/327.json,cross_layer,16,7296,15447,58368,116736,0.2646484375,0.13232421875,2.1171875,0.86767578125,0.46604704839909994,0.24877314770604012
deepseek_r1,Chinese-SimpleQA/人文与社会科学/330.json,cross_layer,8,7296,18381,58368,58368,0.3149157072368421,0.3149157072368421,2.5193256578947367,0.685084292763158,0.6766147881147557,0.35905720079356646
deepseek_r1,Chinese-SimpleQA/人文与社会科学/330.json,cross_layer,12,7296,22998,58368,87552,0.3940172697368421,0.26267817982456143,3.1521381578947367,0.7373218201754386,0.6766147881147557,0.4048360796611734
deepseek_r1,Chinese-SimpleQA/人文与社会科学/330.json,cross_layer,16,7296,26434,58368,116736,0.45288514254385964,0.22644257127192982,3.623081140350877,0.7735574287280702,0.6766147881147557,0.4350859889639377
deepseek_r1,Chinese-SimpleQA/人文与社会科学/333.json,cross_layer,8,7296,13363,58368,58368,0.22894394188596492,0.22894394188596492,1.8315515350877194,0.7710560581140351,0.5578149399267016,0.26524025750644564
deepseek_r1,Chinese-SimpleQA/人文与社会科学/333.json,cross_layer,12,7296,16951,58368,87552,0.29041598135964913,0.1936106542397661,2.323327850877193,0.8063893457602339,0.5578149399267016,0.30078252288298485
deepseek_r1,Chinese-SimpleQA/人文与社会科学/333.json,cross_layer,16,7296,19899,58368,116736,0.3409231085526316,0.1704615542763158,2.7273848684210527,0.8295384457236842,0.5578149399267016,0.3267223103906443
deepseek_r1,Chinese-SimpleQA/人文与社会科学/337.json,cross_layer,8,7296,10224,58368,58368,0.17516447368421054,0.17516447368421054,1.4013157894736843,0.8248355263157895,0.4474300717845096,0.19684450985869356
deepseek_r1,Chinese-SimpleQA/人文与社会科学/337.json,cross_layer,12,7296,13397,58368,87552,0.2295264528508772,0.15301763523391812,1.8362116228070176,0.8469823647660819,0.4474300717845096,0.22826315055847796
deepseek_r1,Chinese-SimpleQA/人文与社会科学/337.json,cross_layer,16,7296,16042,58368,116736,0.2748423793859649,0.13742118969298245,2.198739035087719,0.8625788103070176,0.4474300717845096,0.2515179848611929
deepseek_r1,Chinese-SimpleQA/人文与社会科学/340.json,cross_layer,8,7296,14177,58368,58368,0.24288993969298245,0.24288993969298245,1.9431195175438596,0.7571100603070176,0.5665356063661184,0.27494361011157364
deepseek_r1,Chinese-SimpleQA/人文与社会科学/340.json,cross_layer,12,7296,18081,58368,87552,0.30977590460526316,0.20651726973684212,2.4782072368421053,0.7934827302631579,0.5665356063661184,0.31362959847832456
deepseek_r1,Chinese-SimpleQA/人文与社会科学/340.json,cross_layer,16,7296,21142,58368,116736,0.36221902412280704,0.18110951206140352,2.8977521929824563,0.8188904879385965,0.5665356063661184,0.34054396079326343
deepseek_r1,Chinese-SimpleQA/人文与社会科学/341.json,cross_layer,8,7296,13233,58368,58368,0.22671669407894737,0.22671669407894737,1.813733552631579,0.7732833059210527,0.5323145676441027,0.2576792751429022
deepseek_r1,Chinese-SimpleQA/人文与社会科学/341.json,cross_layer,12,7296,16944,58368,87552,0.2902960526315789,0.19353070175438597,2.3223684210526314,0.8064692982456141,0.5323145676441027,0.29445319519732105
deepseek_r1,Chinese-SimpleQA/人文与社会科学/341.json,cross_layer,16,7296,19997,58368,116736,0.34260211074561403,0.17130105537280702,2.7408168859649122,0.828698944627193,0.5323145676441027,0.3212878593895594
deepseek_r1,Chinese-SimpleQA/人文与社会科学/344.json,cross_layer,8,7296,9072,58368,58368,0.15542763157894737,0.15542763157894737,1.243421052631579,0.8445723684210527,0.39224364071547346,0.17122864948330227
deepseek_r1,Chinese-SimpleQA/人文与社会科学/344.json,cross_layer,12,7296,12246,58368,87552,0.20980674342105263,0.13987116228070176,1.678453947368421,0.8601288377192983,0.39224364071547346,0.20259731222071986
deepseek_r1,Chinese-SimpleQA/人文与社会科学/344.json,cross_layer,16,7296,14835,58368,116736,0.2541632401315789,0.12708162006578946,2.0333059210526314,0.8729183799342105,0.39224364071547346,0.22535399033293665
deepseek_r1,Chinese-SimpleQA/人文与社会科学/353.json,cross_layer,8,7296,20984,58368,58368,0.3595120614035088,0.3595120614035088,2.87609649122807,0.6404879385964912,0.7390563627082107,0.4110184580198057
deepseek_r1,Chinese-SimpleQA/人文与社会科学/353.json,cross_layer,12,7296,26053,58368,87552,0.4463575932017544,0.2975717288011696,3.570860745614035,0.7024282711988303,0.7390563627082107,0.4612608581737497
deepseek_r1,Chinese-SimpleQA/人文与社会科学/353.json,cross_layer,16,7296,29762,58368,116736,0.5099026864035088,0.2549513432017544,4.07922149122807,0.7450486567982456,0.7390563627082107,0.4938910236843916
deepseek_r1,Chinese-SimpleQA/人文与社会科学/355.json,cross_layer,8,7296,7622,58368,58368,0.13058525219298245,0.13058525219298245,1.0446820175438596,0.8694147478070176,0.36913666104564,0.14893528066270215
deepseek_r1,Chinese-SimpleQA/人文与社会科学/355.json,cross_layer,12,7296,9773,58368,87552,0.16743763706140352,0.111625091374269,1.3395010964912282,0.888374908625731,0.36913666104564,0.17021084870841396
deepseek_r1,Chinese-SimpleQA/人文与社会科学/355.json,cross_layer,16,7296,11536,58368,116736,0.19764254385964913,0.09882127192982457,1.581140350877193,0.9011787280701754,0.36913666104564,0.18572189846680412
deepseek_r1,Chinese-SimpleQA/人文与社会科学/356.json,cross_layer,8,7296,11730,58368,58368,0.20096628289473684,0.20096628289473684,1.6077302631578947,0.7990337171052632,0.48646983194580007,0.22762789301446718
deepseek_r1,Chinese-SimpleQA/人文与社会科学/356.json,cross_layer,12,7296,15074,58368,87552,0.2582579495614035,0.17217196637426901,2.066063596491228,0.827828033625731,0.48646983194580007,0.26073295228087534
deepseek_r1,Chinese-SimpleQA/人文与社会科学/356.json,cross_layer,16,7296,17818,58368,116736,0.3052700109649123,0.15263500548245615,2.4421600877192984,0.8473649945175439,0.48646983194580007,0.2848632821771272
deepseek_r1,Chinese-SimpleQA/人文与社会科学/374.json,cross_layer,8,7296,16403,58368,58368,0.28102727521929827,0.28102727521929827,2.248218201754386,0.7189727247807017,0.6427606180406534,0.3233155550949476
deepseek_r1,Chinese-SimpleQA/人文与社会科学/374.json,cross_layer,12,7296,20453,58368,87552,0.35041461074561403,0.23360974049707603,2.8033168859649122,0.7663902595029239,0.6427606180406534,0.3635261922316152
deepseek_r1,Chinese-SimpleQA/人文与社会科学/374.json,cross_layer,16,7296,23537,58368,116736,0.4032517817982456,0.2016258908991228,3.226014254385965,0.7983741091008771,0.6427606180406534,0.39067666617861524
deepseek_r1,Chinese-SimpleQA/人文与社会科学/382.json,cross_layer,8,7296,13870,58368,58368,0.23763020833333334,0.23763020833333334,1.9010416666666667,0.7623697916666666,0.5544829711315373,0.2720591111386351
deepseek_r1,Chinese-SimpleQA/人文与社会科学/382.json,cross_layer,12,7296,17705,58368,87552,0.30333401864035087,0.20222267909356725,2.426672149122807,0.7977773209064327,0.5544829711315373,0.31008011714892253
deepseek_r1,Chinese-SimpleQA/人文与社会科学/382.json,cross_layer,16,7296,20781,58368,116736,0.3560341282894737,0.17801706414473684,2.8482730263157894,0.8219829358552632,0.5544829711315373,0.3371338643642147
deepseek_r1,Chinese-SimpleQA/人文与社会科学/392.json,cross_layer,8,7296,10927,58368,58368,0.18720874451754385,0.18720874451754385,1.4976699561403508,0.8127912554824561,0.48732606779163457,0.21438624283613528
deepseek_r1,Chinese-SimpleQA/人文与社会科学/392.json,cross_layer,12,7296,14150,58368,87552,0.24242735745614036,0.16161823830409358,1.9394188596491229,0.8383817616959064,0.48732606779163457,0.24626514948837744
deepseek_r1,Chinese-SimpleQA/人文与社会科学/392.json,cross_layer,16,7296,16766,58368,116736,0.2872464364035088,0.1436232182017544,2.29797149122807,0.8563767817982456,0.48732606779163457,0.2692703069258387
deepseek_r1,Chinese-SimpleQA/人文与社会科学/405.json,cross_layer,8,7296,10483,58368,58368,0.17960183662280702,0.17960183662280702,1.4368146929824561,0.820398163377193,0.44944531337576465,0.20632512458658947
deepseek_r1,Chinese-SimpleQA/人文与社会科学/405.json,cross_layer,12,7296,13348,58368,87552,0.22868695175438597,0.1524579678362573,1.8294956140350878,0.8475420321637427,0.44944531337576465,0.23473186924139733
deepseek_r1,Chinese-SimpleQA/人文与社会科学/405.json,cross_layer,16,7296,15763,58368,116736,0.2700623629385965,0.13503118146929824,2.160498903508772,0.8649688185307017,0.44944531337576465,0.255962776945077
deepseek_r1,Chinese-SimpleQA/人文与社会科学/406.json,cross_layer,8,7296,13934,58368,58368,0.23872669956140352,0.23872669956140352,1.9098135964912282,0.7612733004385965,0.574273894845952,0.2764504937050166
deepseek_r1,Chinese-SimpleQA/人文与社会科学/406.json,cross_layer,12,7296,17461,58368,87552,0.2991536458333333,0.1994357638888889,2.3932291666666665,0.8005642361111112,0.574273894845952,0.311376720820049
deepseek_r1,Chinese-SimpleQA/人文与社会科学/406.json,cross_layer,16,7296,20142,58368,116736,0.3450863486842105,0.17254317434210525,2.760690789473684,0.8274568256578947,0.574273894845952,0.3349482385941696
deepseek_r1,Chinese-SimpleQA/人文与社会科学/410.json,cross_layer,8,7296,15154,58368,58368,0.2596285635964912,0.2596285635964912,2.07702850877193,0.7403714364035088,0.6259376604403855,0.3030353495339706
deepseek_r1,Chinese-SimpleQA/人文与社会科学/410.json,cross_layer,12,7296,18806,58368,87552,0.3221970942982456,0.21479806286549707,2.577576754385965,0.7852019371345029,0.6259376604403855,0.3392543224478716
deepseek_r1,Chinese-SimpleQA/人文与社会科学/410.json,cross_layer,16,7296,21643,58368,116736,0.3708024945175439,0.18540124725877194,2.966419956140351,0.8145987527412281,0.6259376604403855,0.36422691343311664
deepseek_r1,Chinese-SimpleQA/人文与社会科学/419.json,cross_layer,8,7211,11264,57688,57688,0.1952572458743586,0.1952572458743586,1.5620579669948689,0.8047427541256413,0.46153543943052683,0.2143149982955121
deepseek_r1,Chinese-SimpleQA/人文与社会科学/419.json,cross_layer,12,7211,14652,57688,86532,0.25398696436000556,0.16932464290667038,2.0318957148800445,0.8306753570933296,0.46153543943052683,0.24822471603765786
deepseek_r1,Chinese-SimpleQA/人文与社会科学/419.json,cross_layer,16,7211,17426,57688,115376,0.3020732214672029,0.15103661073360145,2.416585771737623,0.8489633892663986,0.46153543943052683,0.27292580432945457
deepseek_r1,Chinese-SimpleQA/人文与社会科学/421.json,cross_layer,8,7296,11228,58368,58368,0.1923656798245614,0.1923656798245614,1.5389254385964912,0.8076343201754386,0.45895574970497394,0.21099782633515707
deepseek_r1,Chinese-SimpleQA/人文与社会科学/421.json,cross_layer,12,7296,14720,58368,87552,0.25219298245614036,0.16812865497076024,2.017543859649123,0.8318713450292398,0.45895574970497394,0.24554561140746187
deepseek_r1,Chinese-SimpleQA/人文与社会科学/421.json,cross_layer,16,7296,17618,58368,116736,0.30184347587719296,0.15092173793859648,2.4147478070175437,0.8490782620614035,0.45895574970497394,0.27103262866083666
deepseek_r1,Chinese-SimpleQA/人文与社会科学/423.json,cross_layer,8,7296,12148,58368,58368,0.20812774122807018,0.20812774122807018,1.6650219298245614,0.7918722587719298,0.48314302708695217,0.2341851154019466
deepseek_r1,Chinese-SimpleQA/人文与社会科学/423.json,cross_layer,12,7296,15667,58368,87552,0.2684176260964912,0.1789450840643275,2.14734100877193,0.8210549159356725,0.48314302708695217,0.26907015389448635
deepseek_r1,Chinese-SimpleQA/人文与社会科学/423.json,cross_layer,16,7296,18620,58368,116736,0.3190104166666667,0.15950520833333334,2.5520833333333335,0.8404947916666666,0.48314302708695217,0.2950344206935675
deepseek_r1,Chinese-SimpleQA/人文与社会科学/429.json,cross_layer,8,7296,12378,58368,58368,0.21206825657894737,0.21206825657894737,1.696546052631579,0.7879317434210527,0.5405421078656513,0.247079568909024
deepseek_r1,Chinese-SimpleQA/人文与社会科学/429.json,cross_layer,12,7296,15537,58368,87552,0.2661903782894737,0.17746025219298245,2.1295230263157894,0.8225397478070176,0.5405421078656513,0.27832994312817505
deepseek_r1,Chinese-SimpleQA/人文与社会科学/429.json,cross_layer,16,7296,17982,58368,116736,0.3080797697368421,0.15403988486842105,2.4646381578947367,0.845960115131579,0.5405421078656513,0.2998208609340118
deepseek_r1,Chinese-SimpleQA/人文与社会科学/432.json,cross_layer,8,7296,10686,58368,58368,0.18307976973684212,0.18307976973684212,1.464638157894737,0.8169202302631579,0.4287539579382238,0.20519069032285076
deepseek_r1,Chinese-SimpleQA/人文与社会科学/432.json,cross_layer,12,7296,13667,58368,87552,0.23415227521929824,0.1561015168128655,1.873218201754386,0.8438984831871346,0.4287539579382238,0.23473668758222893
deepseek_r1,Chinese-SimpleQA/人文与社会科学/432.json,cross_layer,16,7296,16044,58368,116736,0.2748766447368421,0.13743832236842105,2.1990131578947367,0.862561677631579,0.4287539579382238,0.2556422104765353
deepseek_r1,Chinese-SimpleQA/人文与社会科学/435.json,cross_layer,8,7296,18628,58368,58368,0.31914747807017546,0.31914747807017546,2.5531798245614037,0.6808525219298245,0.6967801411009672,0.3682362336793709
deepseek_r1,Chinese-SimpleQA/人文与社会科学/435.json,cross_layer,12,7296,23081,58368,87552,0.3954392817982456,0.2636261878654971,3.163514254385965,0.7363738121345029,0.6967801411009672,0.4124028813827733
deepseek_r1,Chinese-SimpleQA/人文与社会科学/435.json,cross_layer,16,7296,26322,58368,116736,0.45096628289473684,0.22548314144736842,3.6077302631578947,0.7745168585526316,0.6967801411009672,0.440917976460265
deepseek_r1,Chinese-SimpleQA/人文与社会科学/440.json,cross_layer,8,7296,14921,58368,58368,0.25563665021929827,0.25563665021929827,2.045093201754386,0.7443633497807017,0.6056285268846177,0.29580433322217325
deepseek_r1,Chinese-SimpleQA/人文与社会科学/440.json,cross_layer,12,7296,18554,58368,87552,0.3178796600877193,0.21191977339181287,2.5430372807017543,0.7880802266081871,0.6056285268846177,0.33183165947567456
deepseek_r1,Chinese-SimpleQA/人文与社会科学/440.json,cross_layer,16,7296,21365,58368,116736,0.36603961074561403,0.18301980537280702,2.9283168859649122,0.816980194627193,0.6056285268846177,0.3565430953040751
deepseek_r1,Chinese-SimpleQA/人文与社会科学/441.json,cross_layer,8,7296,11891,58368,58368,0.20372464364035087,0.20372464364035087,1.629797149122807,0.7962753563596492,0.5159267938789993,0.23379700208352183
deepseek_r1,Chinese-SimpleQA/人文与社会科学/441.json,cross_layer,12,7296,15029,58368,87552,0.2574869791666667,0.1716579861111111,2.0598958333333335,0.8283420138888888,0.5159267938789993,0.26487627024456195
deepseek_r1,Chinese-SimpleQA/人文与社会科学/441.json,cross_layer,16,7296,17528,58368,116736,0.3003015350877193,0.15015076754385964,2.4024122807017543,0.8498492324561404,0.5159267938789993,0.28685224572012596
deepseek_r1,Chinese-SimpleQA/人文与社会科学/460.json,cross_layer,8,7296,10662,58368,58368,0.1826685855263158,0.1826685855263158,1.4613486842105263,0.8173314144736842,0.4684962553519709,0.209081970489452
deepseek_r1,Chinese-SimpleQA/人文与社会科学/460.json,cross_layer,12,7296,13711,58368,87552,0.23490611293859648,0.15660407529239767,1.8792489035087718,0.8433959247076024,0.4684962553519709,0.2392422091060185
deepseek_r1,Chinese-SimpleQA/人文与社会科学/460.json,cross_layer,16,7296,16084,58368,116736,0.27556195175438597,0.13778097587719298,2.2044956140350878,0.862219024122807,0.4684962553519709,0.2600939244385248
deepseek_r1,Chinese-SimpleQA/人文与社会科学/466.json,cross_layer,8,7296,12250,58368,58368,0.20987527412280702,0.20987527412280702,1.6790021929824561,0.790124725877193,0.5207886738265709,0.2416680734704487
deepseek_r1,Chinese-SimpleQA/人文与社会科学/466.json,cross_layer,12,7296,15494,58368,87552,0.26545367324561403,0.17696911549707603,2.1236293859649122,0.8230308845029239,0.5207886738265709,0.2737870674066589
deepseek_r1,Chinese-SimpleQA/人文与社会科学/466.json,cross_layer,16,7296,18152,58368,116736,0.3109923245614035,0.15549616228070176,2.487938596491228,0.8445038377192983,0.5207886738265709,0.29715850318651654
deepseek_r1,Chinese-SimpleQA/人文与社会科学/473.json,cross_layer,8,7296,12063,58368,58368,0.20667146381578946,0.20667146381578946,1.6533717105263157,0.7933285361842105,0.5012714449685918,0.23712914044084776
deepseek_r1,Chinese-SimpleQA/人文与社会科学/473.json,cross_layer,12,7296,15364,58368,87552,0.2632264254385965,0.17548428362573099,2.105811403508772,0.824515716374269,0.5012714449685918,0.26985645998710445
deepseek_r1,Chinese-SimpleQA/人文与社会科学/473.json,cross_layer,16,7296,17955,58368,116736,0.3076171875,0.15380859375,2.4609375,0.84619140625,0.5012714449685918,0.29265664217058246
deepseek_r1,Chinese-SimpleQA/人文与社会科学/487.json,cross_layer,8,7296,18091,58368,58368,0.30994723135964913,0.30994723135964913,2.479577850877193,0.6900527686403508,0.6704323568851305,0.35494373623661324
deepseek_r1,Chinese-SimpleQA/人文与社会科学/487.json,cross_layer,12,7296,22854,58368,87552,0.39155016447368424,0.2610334429824561,3.132401315789474,0.7389665570175439,0.6704323568851305,0.4020902725066041
deepseek_r1,Chinese-SimpleQA/人文与社会科学/487.json,cross_layer,16,7296,26316,58368,116736,0.45086348684210525,0.22543174342105263,3.606907894736842,0.7745682565789473,0.6704323568851305,0.43256760553300766
deepseek_r1,Chinese-SimpleQA/人文与社会科学/493.json,cross_layer,8,7296,16385,58368,58368,0.2807188870614035,0.2807188870614035,2.245751096491228,0.7192811129385965,0.6542952270813063,0.3254603294268626
deepseek_r1,Chinese-SimpleQA/人文与社会科学/493.json,cross_layer,12,7296,20316,58368,87552,0.3480674342105263,0.23204495614035087,2.7845394736842106,0.7679550438596492,0.6542952270813063,0.3643788201551363
deepseek_r1,Chinese-SimpleQA/人文与社会科学/493.json,cross_layer,16,7296,23361,58368,116736,0.40023643092105265,0.20011821546052633,3.2018914473684212,0.7998817845394737,0.6542952270813063,0.39117807093201606
deepseek_r1,Chinese-SimpleQA/人文与社会科学/505.json,cross_layer,8,7296,9922,58368,58368,0.1699904057017544,0.1699904057017544,1.359923245614035,0.8300095942982456,0.4357417718127521,0.1919518815394999
deepseek_r1,Chinese-SimpleQA/人文与社会科学/505.json,cross_layer,12,7296,12867,58368,87552,0.22044613486842105,0.14696408991228072,1.7635690789473684,0.8530359100877193,0.4357417718127521,0.22108612766718788
deepseek_r1,Chinese-SimpleQA/人文与社会科学/505.json,cross_layer,16,7296,15337,58368,116736,0.2627638432017544,0.1313819216008772,2.102110745614035,0.8686180783991229,0.4357417718127521,0.24280010117378498
deepseek_r1,Chinese-SimpleQA/人文与社会科学/513.json,cross_layer,8,7296,9831,58368,58368,0.16843133223684212,0.16843133223684212,1.347450657894737,0.8315686677631579,0.41731085695208736,0.18603366651330533
deepseek_r1,Chinese-SimpleQA/人文与社会科学/513.json,cross_layer,12,7296,12925,58368,87552,0.22143983004385964,0.1476265533625731,1.7715186403508771,0.8523734466374269,0.41731085695208736,0.21665109843649602
deepseek_r1,Chinese-SimpleQA/人文与社会科学/513.json,cross_layer,16,7296,15514,58368,116736,0.26579632675438597,0.13289816337719298,2.1263706140350878,0.867101836622807,0.41731085695208736,0.23942190176399433
deepseek_r1,Chinese-SimpleQA/人文与社会科学/539.json,cross_layer,8,7292,9986,58336,58336,0.17118074602303895,0.17118074602303895,1.3694459681843116,0.828819253976961,0.4350414643223093,0.190597417076623
deepseek_r1,Chinese-SimpleQA/人文与社会科学/539.json,cross_layer,12,7292,13167,58336,87504,0.22570968184311574,0.15047312122874382,1.805677454744926,0.8495268787712562,0.4350414643223093,0.2220934043843304
deepseek_r1,Chinese-SimpleQA/人文与社会科学/539.json,cross_layer,16,7292,15638,58336,116672,0.2680677454744926,0.1340338727372463,2.1445419637959406,0.8659661272627537,0.4350414643223093,0.24381954785129073
deepseek_r1,Chinese-SimpleQA/人文与社会科学/556.json,cross_layer,8,7296,9661,58368,58368,0.16551877741228072,0.16551877741228072,1.3241502192982457,0.8344812225877193,0.43504520597918883,0.18612143042635712
deepseek_r1,Chinese-SimpleQA/人文与社会科学/556.json,cross_layer,12,7296,12548,58368,87552,0.21498081140350878,0.1433205409356725,1.7198464912280702,0.8566794590643275,0.43504520597918883,0.21473599453575348
deepseek_r1,Chinese-SimpleQA/人文与社会科学/556.json,cross_layer,16,7296,14914,58368,116736,0.25551672149122806,0.12775836074561403,2.0441337719298245,0.8722416392543859,0.43504520597918883,0.2355410207889759
deepseek_r1,Chinese-SimpleQA/人文与社会科学/557.json,cross_layer,8,7296,18303,58368,58368,0.3135793585526316,0.3135793585526316,2.5086348684210527,0.6864206414473684,0.6759719384892164,0.35848928016583015
deepseek_r1,Chinese-SimpleQA/人文与社会科学/557.json,cross_layer,12,7296,22901,58368,87552,0.39235540021929827,0.2615702668128655,3.138843201754386,0.7384297331871346,0.6759719384892164,0.4040492808840433
deepseek_r1,Chinese-SimpleQA/人文与社会科学/557.json,cross_layer,16,7296,26521,58368,116736,0.45437568530701755,0.22718784265350878,3.6350054824561404,0.7728121573464912,0.6759719384892164,0.4359039304271666
deepseek_r1,Chinese-SimpleQA/人文与社会科学/564.json,cross_layer,8,7296,10146,58368,58368,0.173828125,0.173828125,1.390625,0.826171875,0.46873835257671376,0.20039204387513418
deepseek_r1,Chinese-SimpleQA/人文与社会科学/564.json,cross_layer,12,7296,13130,58368,87552,0.22495202850877194,0.14996801900584794,1.7996162280701755,0.8500319809941521,0.46873835257671376,0.22989216113276362
deepseek_r1,Chinese-SimpleQA/人文与社会科学/564.json,cross_layer,16,7296,15679,58368,116736,0.2686232182017544,0.1343116091008772,2.148985745614035,0.8656883908991229,0.46873835257671376,0.2522901807588931
deepseek_r1,Chinese-SimpleQA/人文与社会科学/570.json,cross_layer,8,7296,21263,58368,58368,0.3642920778508772,0.3642920778508772,2.9143366228070176,0.6357079221491229,0.7536466213304929,0.4175337750226943
deepseek_r1,Chinese-SimpleQA/人文与社会科学/570.json,cross_layer,12,7296,26232,58368,87552,0.44942434210526316,0.29961622807017546,3.5953947368421053,0.7003837719298245,0.7536466213304929,0.46682104254299467
deepseek_r1,Chinese-SimpleQA/人文与社会科学/570.json,cross_layer,16,7296,29843,58368,116736,0.5112904331140351,0.25564521655701755,4.090323464912281,0.7443547834429824,0.7536466213304929,0.4985965517515554
deepseek_r1,Chinese-SimpleQA/人文与社会科学/575.json,cross_layer,8,7296,12783,58368,58368,0.21900699013157895,0.21900699013157895,1.7520559210526316,0.780993009868421,0.5103288887016695,0.24761355930725204
deepseek_r1,Chinese-SimpleQA/人文与社会科学/575.json,cross_layer,12,7296,16414,58368,87552,0.2812157346491228,0.18747715643274854,2.2497258771929824,0.8125228435672515,0.5103288887016695,0.28359798969549216
deepseek_r1,Chinese-SimpleQA/人文与社会科学/575.json,cross_layer,16,7296,19273,58368,116736,0.33019805372807015,0.16509902686403508,2.641584429824561,0.8349009731359649,0.5103288887016695,0.3087650689532936
deepseek_r1,Chinese-SimpleQA/人文与社会科学/577.json,cross_layer,8,7296,11686,58368,58368,0.2002124451754386,0.2002124451754386,1.6016995614035088,0.7997875548245614,0.4835086013254152,0.22756663303159463
deepseek_r1,Chinese-SimpleQA/人文与社会科学/577.json,cross_layer,12,7296,14952,58368,87552,0.25616776315789475,0.17077850877192982,2.049342105263158,0.8292214912280702,0.4835086013254152,0.2599095166442483
deepseek_r1,Chinese-SimpleQA/人文与社会科学/577.json,cross_layer,16,7296,17691,58368,116736,0.3030941611842105,0.15154708059210525,2.424753289473684,0.8484529194078947,0.4835086013254152,0.28402400340798517
deepseek_r1,Chinese-SimpleQA/人文与社会科学/580.json,cross_layer,8,7296,9009,58368,58368,0.1543482730263158,0.1543482730263158,1.2347861842105263,0.8456517269736842,0.40080335506605325,0.17239888159606542
deepseek_r1,Chinese-SimpleQA/人文与社会科学/580.json,cross_layer,12,7296,11771,58368,87552,0.20166872258771928,0.13444581505847952,1.6133497807017543,0.8655541849415205,0.40080335506605325,0.1997227082097304
deepseek_r1,Chinese-SimpleQA/人文与社会科学/580.json,cross_layer,16,7296,14081,58368,116736,0.2412452028508772,0.1206226014254386,1.9299616228070176,0.8793773985745614,0.40080335506605325,0.22004502462143094
deepseek_r1,Chinese-SimpleQA/人文与社会科学/587.json,cross_layer,8,7296,13382,58368,58368,0.22926946271929824,0.22926946271929824,1.834155701754386,0.7707305372807017,0.5682193855755644,0.26505552905768365
deepseek_r1,Chinese-SimpleQA/人文与社会科学/587.json,cross_layer,12,7296,16740,58368,87552,0.28680098684210525,0.19120065789473684,2.294407894736842,0.8087993421052632,0.5682193855755644,0.2982997246659557
deepseek_r1,Chinese-SimpleQA/人文与社会科学/587.json,cross_layer,16,7296,19369,58368,116736,0.33184279057017546,0.16592139528508773,2.6547423245614037,0.8340786047149122,0.5682193855755644,0.3214237457752494
deepseek_r1,Chinese-SimpleQA/人文与社会科学/592.json,cross_layer,8,7296,13274,58368,58368,0.22741913377192982,0.22741913377192982,1.8193530701754386,0.7725808662280702,0.5170901520898767,0.2565156378358877
deepseek_r1,Chinese-SimpleQA/人文与社会科学/592.json,cross_layer,12,7296,17126,58368,87552,0.2934141995614035,0.19560946637426901,2.347313596491228,0.804390533625731,0.5170901520898767,0.29465836131252227
deepseek_r1,Chinese-SimpleQA/人文与社会科学/592.json,cross_layer,16,7296,20136,58368,116736,0.3449835526315789,0.17249177631578946,2.7598684210526314,0.8275082236842105,0.5170901520898767,0.32111585371260865
deepseek_r1,Chinese-SimpleQA/人文与社会科学/598.json,cross_layer,8,7296,12846,58368,58368,0.22008634868421054,0.22008634868421054,1.7606907894736843,0.7799136513157895,0.5364587335340116,0.25483874966187137
deepseek_r1,Chinese-SimpleQA/人文与社会科学/598.json,cross_layer,12,7296,16248,58368,87552,0.27837171052631576,0.1855811403508772,2.226973684210526,0.8144188596491229,0.5364587335340116,0.2885526522609828
deepseek_r1,Chinese-SimpleQA/人文与社会科学/598.json,cross_layer,16,7296,18812,58368,116736,0.3222998903508772,0.1611499451754386,2.5783991228070176,0.8388500548245614,0.5364587335340116,0.3111081926119632
deepseek_r1,Chinese-SimpleQA/人文与社会科学/599.json,cross_layer,8,7196,9325,57568,57568,0.16198235130628127,0.16198235130628127,1.2958588104502502,0.8380176486937188,0.3875261803829382,0.1763101505824886
deepseek_r1,Chinese-SimpleQA/人文与社会科学/599.json,cross_layer,12,7196,12316,57568,86352,0.21393829905503056,0.1426255327033537,1.7115063924402445,0.8573744672966463,0.3875261803829382,0.20634969266777578
deepseek_r1,Chinese-SimpleQA/人文与社会科学/599.json,cross_layer,16,7196,14774,57568,115136,0.2566356309060589,0.12831781545302945,2.053085047248471,0.8716821845469706,0.3875261803829382,0.22827579681049578
deepseek_r1,Chinese-SimpleQA/人文与社会科学/600.json,cross_layer,8,7296,19953,58368,58368,0.34184827302631576,0.34184827302631576,2.734786184210526,0.6581517269736843,0.733646966916798,0.39446329757084075
deepseek_r1,Chinese-SimpleQA/人文与社会科学/600.json,cross_layer,12,7296,24827,58368,87552,0.4253529331140351,0.2835686220760234,3.402823464912281,0.7164313779239766,0.733646966916798,0.44279917813667635
deepseek_r1,Chinese-SimpleQA/人文与社会科学/600.json,cross_layer,16,7296,28388,58368,116736,0.4863623903508772,0.2431811951754386,3.8908991228070176,0.7568188048245614,0.733646966916798,0.4741360835381928
deepseek_r1,Chinese-SimpleQA/人文与社会科学/604.json,cross_layer,8,7296,8931,58368,58368,0.15301192434210525,0.15301192434210525,1.224095394736842,0.8469880756578947,0.3823435058940422,0.16497725370914262
deepseek_r1,Chinese-SimpleQA/人文与社会科学/604.json,cross_layer,12,7296,12217,58368,87552,0.20930989583333334,0.13953993055555555,1.6744791666666667,0.8604600694444444,0.3823435058940422,0.19747028705408434
deepseek_r1,Chinese-SimpleQA/人文与社会科学/604.json,cross_layer,16,7296,14854,58368,116736,0.2544887609649123,0.12724438048245615,2.0359100877192984,0.8727556195175439,0.3823435058940422,0.22068359185312159
deepseek_r1,Chinese-SimpleQA/人文与社会科学/605.json,cross_layer,8,7296,19613,58368,58368,0.33602316337719296,0.33602316337719296,2.6881853070175437,0.663976836622807,0.7369491220902257,0.3899698039661557
deepseek_r1,Chinese-SimpleQA/人文与社会科学/605.json,cross_layer,12,7296,24401,58368,87552,0.41805441337719296,0.27870294225146197,3.3444353070175437,0.721297057748538,0.7369491220902257,0.43744543960045995
deepseek_r1,Chinese-SimpleQA/人文与社会科学/605.json,cross_layer,16,7296,27974,58368,116736,0.47926946271929827,0.23963473135964913,3.834155701754386,0.7603652686403508,0.7369491220902257,0.4688618495229083
deepseek_r1,Chinese-SimpleQA/人文与社会科学/610.json,cross_layer,8,7296,7622,58368,58368,0.13058525219298245,0.13058525219298245,1.0446820175438596,0.8694147478070176,0.32723727125053725,0.14613356429388621
deepseek_r1,Chinese-SimpleQA/人文与社会科学/610.json,cross_layer,12,7296,9984,58368,87552,0.17105263157894737,0.11403508771929824,1.368421052631579,0.8859649122807017,0.32723727125053725,0.16947061727901958
deepseek_r1,Chinese-SimpleQA/人文与社会科学/610.json,cross_layer,16,7296,11950,58368,116736,0.20473547149122806,0.10236773574561403,1.6378837719298245,0.8976322642543859,0.32723727125053725,0.18673761166493041
deepseek_r1,Chinese-SimpleQA/人文与社会科学/628.json,cross_layer,8,7296,11296,58368,58368,0.19353070175438597,0.19353070175438597,1.5482456140350878,0.8064692982456141,0.4805947232610174,0.21735718255183703
deepseek_r1,Chinese-SimpleQA/人文与社会科学/628.json,cross_layer,12,7296,14639,58368,87552,0.25080523574561403,0.16720349049707603,2.0064418859649122,0.8327965095029239,0.4805947232610174,0.2504616203589242
deepseek_r1,Chinese-SimpleQA/人文与社会科学/628.json,cross_layer,16,7296,17332,58368,116736,0.2969435307017544,0.1484717653508772,2.375548245614035,0.8515282346491229,0.4805947232610174,0.2741435522024329
deepseek_r1,Chinese-SimpleQA/人文与社会科学/632.json,cross_layer,8,7296,12961,58368,58368,0.22205660635964913,0.22205660635964913,1.776452850877193,0.7779433936403508,0.5188246880221334,0.25298053230624507
deepseek_r1,Chinese-SimpleQA/人文与社会科学/632.json,cross_layer,12,7296,16498,58368,87552,0.2826548793859649,0.18843658625730994,2.261239035087719,0.81156341374269,0.5188246880221334,0.2880335015338434
deepseek_r1,Chinese-SimpleQA/人文与社会科学/632.json,cross_layer,16,7296,19272,58368,116736,0.3301809210526316,0.1650904605263158,2.6414473684210527,0.8349095394736842,0.5188246880221334,0.3124460062843206
deepseek_r1,Chinese-SimpleQA/人文与社会科学/640.json,cross_layer,8,7296,16928,58368,58368,0.29002192982456143,0.29002192982456143,2.3201754385964914,0.7099780701754386,0.6604881473520726,0.3344848855049539
deepseek_r1,Chinese-SimpleQA/人文与社会科学/640.json,cross_layer,12,7296,20924,58368,87552,0.35848410087719296,0.23898940058479531,2.8678728070175437,0.7610105994152047,0.6604881473520726,0.374095663722735
deepseek_r1,Chinese-SimpleQA/人文与社会科学/640.json,cross_layer,16,7296,23918,58368,116736,0.40977933114035087,0.20488966557017543,3.278234649122807,0.7951103344298246,0.6604881473520726,0.4004330216084855
deepseek_r1,Chinese-SimpleQA/人文与社会科学/644.json,cross_layer,8,7296,10806,58368,58368,0.18513569078947367,0.18513569078947367,1.4810855263157894,0.8148643092105263,0.42786162814483913,0.20345499003990594
deepseek_r1,Chinese-SimpleQA/人文与社会科学/644.json,cross_layer,12,7296,14120,58368,87552,0.24191337719298245,0.16127558479532164,1.9353070175438596,0.8387244152046783,0.42786162814483913,0.23626144193121176
deepseek_r1,Chinese-SimpleQA/人文与社会科学/644.json,cross_layer,16,7296,16694,58368,116736,0.28601288377192985,0.14300644188596492,2.288103070175439,0.8569935581140351,0.42786162814483913,0.2589064980500857
deepseek_r1,Chinese-SimpleQA/人文与社会科学/666.json,cross_layer,8,7296,11975,58368,58368,0.20516378837719298,0.20516378837719298,1.6413103070175439,0.794836211622807,0.4891418067515007,0.23045115584649642
deepseek_r1,Chinese-SimpleQA/人文与社会科学/666.json,cross_layer,12,7296,15258,58368,87552,0.26141036184210525,0.17427357456140352,2.091282894736842,0.8257264254385965,0.4891418067515007,0.2629817540720136
deepseek_r1,Chinese-SimpleQA/人文与社会科学/666.json,cross_layer,16,7296,17889,58368,116736,0.30648643092105265,0.15324321546052633,2.4518914473684212,0.8467567845394737,0.4891418067515007,0.2861181775864073
deepseek_r1,Chinese-SimpleQA/人文与社会科学/677.json,cross_layer,8,7296,12581,58368,58368,0.21554618969298245,0.21554618969298245,1.7243695175438596,0.7844538103070176,0.4944937936810431,0.23651223539036187
deepseek_r1,Chinese-SimpleQA/人文与社会科学/677.json,cross_layer,12,7296,16329,58368,87552,0.2797594572368421,0.1865063048245614,2.2380756578947367,0.8134936951754386,0.4944937936810431,0.2736003175141962
deepseek_r1,Chinese-SimpleQA/人文与社会科学/677.json,cross_layer,16,7296,19381,58368,116736,0.33204838267543857,0.16602419133771928,2.6563870614035086,0.8339758086622807,0.4944937936810431,0.3004277827379271
deepseek_r1,Chinese-SimpleQA/人文与社会科学/679.json,cross_layer,8,7195,16579,57560,57560,0.28802988186240447,0.28802988186240447,2.3042390548992358,0.7119701181375955,0.6468818437498197,0.33105983493475466
deepseek_r1,Chinese-SimpleQA/人文与社会科学/679.json,cross_layer,12,7195,20621,57560,86340,0.35825225851285614,0.23883483900857078,2.866018068102849,0.7611651609914292,0.6468818437498197,0.3716956379757314
deepseek_r1,Chinese-SimpleQA/人文与社会科学/679.json,cross_layer,16,7195,23600,57560,115120,0.4100069492703266,0.2050034746351633,3.280055594162613,0.7949965253648367,0.6468818437498197,0.39827520197634425
deepseek_r1,Chinese-SimpleQA/人文与社会科学/680.json,cross_layer,8,7296,8011,58368,58368,0.13724986293859648,0.13724986293859648,1.0979989035087718,0.8627501370614035,0.3250673017602362,0.14220055066575027
deepseek_r1,Chinese-SimpleQA/人文与社会科学/680.json,cross_layer,12,7296,10781,58368,87552,0.18470737390350878,0.12313824926900585,1.4776589912280702,0.8768617507309941,0.3250673017602362,0.169616628479963
deepseek_r1,Chinese-SimpleQA/人文与社会科学/680.json,cross_layer,16,7296,13295,58368,116736,0.22777891995614036,0.11388945997807018,1.8222313596491229,0.8861105400219298,0.3250673017602362,0.19169839641779457
deepseek_r1,Chinese-SimpleQA/人文与社会科学/695.json,cross_layer,8,7296,10386,58368,58368,0.17793996710526316,0.17793996710526316,1.4235197368421053,0.8220600328947368,0.45877546876022707,0.20235791153420638
deepseek_r1,Chinese-SimpleQA/人文与社会科学/695.json,cross_layer,12,7296,13381,58368,87552,0.22925233004385964,0.15283488669590642,1.8340186403508771,0.8471651133040936,0.45877546876022707,0.23198708520266254
deepseek_r1,Chinese-SimpleQA/人文与社会科学/695.json,cross_layer,16,7296,15814,58368,116736,0.2709361293859649,0.13546806469298245,2.167489035087719,0.8645319353070176,0.45877546876022707,0.25338092352794755
deepseek_r1,Chinese-SimpleQA/人文与社会科学/698.json,cross_layer,8,7296,21042,58368,58368,0.36050575657894735,0.36050575657894735,2.8840460526315788,0.6394942434210527,0.7663716154507899,0.4177649634124758
deepseek_r1,Chinese-SimpleQA/人文与社会科学/698.json,cross_layer,12,7296,26130,58368,87552,0.4476768092105263,0.29845120614035087,3.5814144736842106,0.7015487938596492,0.7663716154507899,0.4682208956741793
deepseek_r1,Chinese-SimpleQA/人文与社会科学/698.json,cross_layer,16,7296,29788,58368,116736,0.5103481359649122,0.2551740679824561,4.082785087719298,0.7448259320175439,0.7663716154507899,0.5004008789180062
deepseek_r1,Chinese-SimpleQA/工程、技术与应用科学/1003.json,cross_layer,8,7296,15699,58368,58368,0.2689658717105263,0.2689658717105263,2.1517269736842106,0.7310341282894737,0.6044103484541482,0.3069254404167267
deepseek_r1,Chinese-SimpleQA/工程、技术与应用科学/1003.json,cross_layer,12,7296,19729,58368,87552,0.33801055372807015,0.22534036915204678,2.704084429824561,0.7746596308479532,0.6044103484541482,0.3468579286220299
deepseek_r1,Chinese-SimpleQA/工程、技术与应用科学/1003.json,cross_layer,16,7296,22875,58368,116736,0.39190995065789475,0.19595497532894737,3.135279605263158,0.8040450246710527,0.6044103484541482,0.37452472043276563
deepseek_r1,Chinese-SimpleQA/工程、技术与应用科学/1012.json,cross_layer,8,7296,13193,58368,58368,0.22603138706140352,0.22603138706140352,1.8082510964912282,0.7739686129385965,0.5107256430909358,0.25361370495635743
deepseek_r1,Chinese-SimpleQA/工程、技术与应用科学/1012.json,cross_layer,12,7296,16764,58368,87552,0.2872121710526316,0.1914747807017544,2.2976973684210527,0.8085252192982456,0.5107256430909358,0.2889505113903312
deepseek_r1,Chinese-SimpleQA/工程、技术与应用科学/1012.json,cross_layer,16,7296,19557,58368,116736,0.3350637335526316,0.1675318667763158,2.6805098684210527,0.8324681332236842,0.5107256430909358,0.31351274304333
deepseek_r1,Chinese-SimpleQA/工程、技术与应用科学/1024.json,cross_layer,8,7296,14955,58368,58368,0.2562191611842105,0.2562191611842105,2.049753289473684,0.7437808388157895,0.5856714733801625,0.2944983321283107
deepseek_r1,Chinese-SimpleQA/工程、技术与应用科学/1024.json,cross_layer,12,7296,18681,58368,87552,0.3200555098684211,0.21337033991228072,2.5604440789473686,0.7866296600877193,0.5856714733801625,0.3314133647283682
deepseek_r1,Chinese-SimpleQA/工程、技术与应用科学/1024.json,cross_layer,16,7296,21588,58368,116736,0.3698601973684211,0.18493009868421054,2.9588815789473686,0.8150699013157895,0.5856714733801625,0.3569815157089413
deepseek_r1,Chinese-SimpleQA/工程、技术与应用科学/1025.json,cross_layer,8,7296,6054,58368,58368,0.10372121710526316,0.10372121710526316,0.8297697368421053,0.8962787828947368,0.2591795346683975,0.10827051584796188
deepseek_r1,Chinese-SimpleQA/工程、技术与应用科学/1025.json,cross_layer,12,7296,8339,58368,87552,0.14286938048245615,0.09524625365497076,1.1429550438596492,0.9047537463450293,0.2591795346683975,0.13087341796581448
deepseek_r1,Chinese-SimpleQA/工程、技术与应用科学/1025.json,cross_layer,16,7296,10167,58368,116736,0.17418791118421054,0.08709395559210527,1.3935032894736843,0.9129060444078947,0.2591795346683975,0.14693948955952837
deepseek_r1,Chinese-SimpleQA/工程、技术与应用科学/1027.json,cross_layer,8,7296,8052,58368,58368,0.13795230263157895,0.13795230263157895,1.1036184210526316,0.862047697368421,0.37529829708325363,0.15509957582989786
deepseek_r1,Chinese-SimpleQA/工程、技术与应用科学/1027.json,cross_layer,12,7296,10370,58368,87552,0.1776658442982456,0.1184438961988304,1.421326754385965,0.8815561038011696,0.37529829708325363,0.1780195043816892
deepseek_r1,Chinese-SimpleQA/工程、技术与应用科学/1027.json,cross_layer,16,7296,12452,58368,116736,0.21333607456140352,0.10666803728070176,1.7066885964912282,0.8933319627192983,0.37529829708325363,0.19632847696385083
deepseek_r1,Chinese-SimpleQA/工程、技术与应用科学/1028.json,cross_layer,8,7296,18098,58368,58368,0.3100671600877193,0.3100671600877193,2.4805372807017543,0.6899328399122807,0.7066826121248843,0.36252070304552114
deepseek_r1,Chinese-SimpleQA/工程、技术与应用科学/1028.json,cross_layer,12,7296,22217,58368,87552,0.38063665021929827,0.2537577668128655,3.045093201754386,0.7462422331871346,0.7066826121248843,0.40336424477315863
deepseek_r1,Chinese-SimpleQA/工程、技术与应用科学/1028.json,cross_layer,16,7296,25405,58368,116736,0.4352556195175439,0.21762780975877194,3.482044956140351,0.7823721902412281,0.7066826121248843,0.4314305918247877
deepseek_r1,Chinese-SimpleQA/工程、技术与应用科学/1035.json,cross_layer,8,4674,10142,37392,37392,0.27123448866067607,0.27123448866067607,2.1698759092854085,0.7287655113393239,0.6265674639200701,0.31475501505744913
deepseek_r1,Chinese-SimpleQA/工程、技术与应用科学/1035.json,cross_layer,12,4674,12669,37392,56088,0.33881578947368424,0.22587719298245615,2.710526315789474,0.7741228070175439,0.6265674639200701,0.3538758335691604
deepseek_r1,Chinese-SimpleQA/工程、技术与应用科学/1035.json,cross_layer,16,4674,14543,37392,74784,0.3889334617030381,0.19446673085151905,3.111467693624305,0.8055332691484809,0.6265674639200701,0.37961225659356096
deepseek_r1,Chinese-SimpleQA/工程、技术与应用科学/1047.json,cross_layer,8,7296,16499,58368,58368,0.2826720120614035,0.2826720120614035,2.261376096491228,0.7173279879385965,0.6363040437362221,0.32355118932642096
deepseek_r1,Chinese-SimpleQA/工程、技术与应用科学/1047.json,cross_layer,12,7296,20599,58368,87552,0.35291598135964913,0.23527732090643275,2.823327850877193,0.7647226790935673,0.6363040437362221,0.36422711968720595
deepseek_r1,Chinese-SimpleQA/工程、技术与应用科学/1047.json,cross_layer,16,7296,23737,58368,116736,0.4066783168859649,0.20333915844298245,3.253426535087719,0.7966608415570176,0.6363040437362221,0.3918386899434095
deepseek_r1,Chinese-SimpleQA/工程、技术与应用科学/1053.json,cross_layer,8,7296,10780,58368,58368,0.18469024122807018,0.18469024122807018,1.4775219298245614,0.8153097587719298,0.4707873348033696,0.2073864720671654
deepseek_r1,Chinese-SimpleQA/工程、技术与应用科学/1053.json,cross_layer,12,7296,13980,58368,87552,0.23951480263157895,0.15967653508771928,1.9161184210526316,0.8403234649122807,0.4707873348033696,0.23909500890298524
deepseek_r1,Chinese-SimpleQA/工程、技术与应用科学/1053.json,cross_layer,16,7296,16588,58368,116736,0.28419682017543857,0.14209841008771928,2.2735745614035086,0.8579015899122807,0.4707873348033696,0.262033312356479
deepseek_r1,Chinese-SimpleQA/工程、技术与应用科学/1054.json,cross_layer,8,7296,15949,58368,58368,0.27324904057017546,0.27324904057017546,2.1859923245614037,0.7267509594298245,0.5951321570613533,0.30827707702314183
deepseek_r1,Chinese-SimpleQA/工程、技术与应用科学/1054.json,cross_layer,12,7296,20270,58368,87552,0.34727933114035087,0.23151955409356725,2.778234649122807,0.7684804459064327,0.5951321570613533,0.35112961627234207
deepseek_r1,Chinese-SimpleQA/工程、技术与应用科学/1054.json,cross_layer,16,7296,23668,58368,116736,0.40549616228070173,0.20274808114035087,3.243969298245614,0.7972519188596492,0.5951321570613533,0.38103047084686426
deepseek_r1,Chinese-SimpleQA/工程、技术与应用科学/1061.json,cross_layer,8,7296,12534,58368,58368,0.21474095394736842,0.21474095394736842,1.7179276315789473,0.7852590460526316,0.5203621698831463,0.24158990634878275
deepseek_r1,Chinese-SimpleQA/工程、技术与应用科学/1061.json,cross_layer,12,7296,16203,58368,87552,0.2776007401315789,0.18506716008771928,2.2208059210526314,0.8149328399122807,0.5203621698831463,0.2779546106805778
deepseek_r1,Chinese-SimpleQA/工程、技术与应用科学/1061.json,cross_layer,16,7296,19044,58368,116736,0.3262746710526316,0.1631373355263158,2.6101973684210527,0.8368626644736842,0.5203621698831463,0.30292401693252363
deepseek_r1,Chinese-SimpleQA/工程、技术与应用科学/1062.json,cross_layer,8,7296,9322,58368,58368,0.15971080043859648,0.15971080043859648,1.2776864035087718,0.8402891995614035,0.39669248427447007,0.17529805221317576
deepseek_r1,Chinese-SimpleQA/工程、技术与应用科学/1062.json,cross_layer,12,7296,12067,58368,87552,0.20673999451754385,0.1378266630116959,1.6539199561403508,0.8621733369883041,0.39669248427447007,0.2024411794966467
deepseek_r1,Chinese-SimpleQA/工程、技术与应用科学/1062.json,cross_layer,16,7296,14439,58368,116736,0.24737870065789475,0.12368935032894737,1.979029605263158,0.8763106496710527,0.39669248427447007,0.2232918503702142
deepseek_r1,Chinese-SimpleQA/工程、技术与应用科学/1072.json,cross_layer,8,3933,6541,31464,31464,0.2078883803712179,0.2078883803712179,1.6631070429697432,0.7921116196287821,0.501414796437235,0.232920733039291
deepseek_r1,Chinese-SimpleQA/工程、技术与应用科学/1072.json,cross_layer,12,3933,8349,31464,47196,0.26535087719298245,0.17690058479532164,2.1228070175438596,0.8230994152046783,0.501414796437235,0.2661288903808876
deepseek_r1,Chinese-SimpleQA/工程、技术与应用科学/1072.json,cross_layer,16,3933,9808,31464,62928,0.311721332316298,0.155860666158149,2.493770658530384,0.844139333841851,0.501414796437235,0.28990872475492496
deepseek_r1,Chinese-SimpleQA/工程、技术与应用科学/712.json,cross_layer,8,7296,14046,58368,58368,0.24064555921052633,0.24064555921052633,1.9251644736842106,0.7593544407894737,0.5473969666140419,0.27234102565576285
deepseek_r1,Chinese-SimpleQA/工程、技术与应用科学/712.json,cross_layer,12,7296,17909,58368,87552,0.30682908442982454,0.2045527229532164,2.4546326754385963,0.7954472770467836,0.5473969666140419,0.3105766358256314
deepseek_r1,Chinese-SimpleQA/工程、技术与应用科学/712.json,cross_layer,16,7296,20831,58368,116736,0.3568907620614035,0.17844538103070176,2.855126096491228,0.8215546189692983,0.5473969666140419,0.3362825869406762
deepseek_r1,Chinese-SimpleQA/工程、技术与应用科学/718.json,cross_layer,8,7296,11317,58368,58368,0.19389048793859648,0.19389048793859648,1.5511239035087718,0.8061095120614035,0.43574390379759664,0.2064690936726756
deepseek_r1,Chinese-SimpleQA/工程、技术与应用科学/718.json,cross_layer,12,7296,15345,58368,87552,0.26290090460526316,0.17526726973684212,2.1032072368421053,0.8247327302631579,0.43574390379759664,0.24636340189808506
deepseek_r1,Chinese-SimpleQA/工程、技术与应用科学/718.json,cross_layer,16,7296,18531,58368,116736,0.3174856085526316,0.1587428042763158,2.5398848684210527,0.8412571957236842,0.43574390379759664,0.27438361455582777
deepseek_r1,Chinese-SimpleQA/工程、技术与应用科学/724.json,cross_layer,8,7296,12986,58368,58368,0.22248492324561403,0.22248492324561403,1.7798793859649122,0.7775150767543859,0.5189766572925476,0.25172227402743086
deepseek_r1,Chinese-SimpleQA/工程、技术与应用科学/724.json,cross_layer,12,7296,16707,58368,87552,0.2862356085526316,0.19082373903508773,2.2898848684210527,0.8091762609649122,0.5189766572925476,0.28856518475671944
deepseek_r1,Chinese-SimpleQA/工程、技术与应用科学/724.json,cross_layer,16,7296,19688,58368,116736,0.3373081140350877,0.16865405701754385,2.6984649122807016,0.8313459429824561,0.5189766572925476,0.31475672888992906
deepseek_r1,Chinese-SimpleQA/工程、技术与应用科学/731.json,cross_layer,8,7296,10189,58368,58368,0.17456483004385964,0.17456483004385964,1.3965186403508771,0.8254351699561404,0.4406550332117822,0.19391741239934548
deepseek_r1,Chinese-SimpleQA/工程、技术与应用科学/731.json,cross_layer,12,7296,13277,58368,87552,0.2274705317982456,0.15164702119883042,1.819764254385965,0.8483529788011696,0.4406550332117822,0.22448300980081673
deepseek_r1,Chinese-SimpleQA/工程、技术与应用科学/731.json,cross_layer,16,7296,15892,58368,116736,0.27227247807017546,0.13613623903508773,2.1781798245614037,0.8638637609649122,0.4406550332117822,0.24745135596741957
deepseek_r1,Chinese-SimpleQA/工程、技术与应用科学/732.json,cross_layer,8,7296,9248,58368,58368,0.15844298245614036,0.15844298245614036,1.2675438596491229,0.8415570175438596,0.38565974253915775,0.1756729794436601
deepseek_r1,Chinese-SimpleQA/工程、技术与应用科学/732.json,cross_layer,12,7296,12156,58368,87552,0.20826480263157895,0.13884320175438597,1.6661184210526316,0.8611567982456141,0.38565974253915775,0.20447620295112265
deepseek_r1,Chinese-SimpleQA/工程、技术与应用科学/732.json,cross_layer,16,7296,14443,58368,116736,0.24744723135964913,0.12372361567982457,1.979577850877193,0.8762763843201754,0.38565974253915775,0.22459398020521298
deepseek_r1,Chinese-SimpleQA/工程、技术与应用科学/759.json,cross_layer,8,7222,17352,57776,57776,0.3003323179174744,0.3003323179174744,2.402658543339795,0.6996676820825256,0.6317666056947816,0.3395786763589629
deepseek_r1,Chinese-SimpleQA/工程、技术与应用科学/759.json,cross_layer,12,7222,21976,57776,86664,0.3803655497092218,0.2535770331394812,3.0429243976737745,0.7464229668605188,0.6317666056947816,0.38587181578158053
deepseek_r1,Chinese-SimpleQA/工程、技术与应用科学/759.json,cross_layer,16,7222,25424,57776,115552,0.4400443090556633,0.22002215452783164,3.520354472445306,0.7799778454721684,0.6317666056947816,0.41652395766857253
deepseek_r1,Chinese-SimpleQA/工程、技术与应用科学/762.json,cross_layer,8,7296,7725,58368,58368,0.13234991776315788,0.13234991776315788,1.058799342105263,0.8676500822368421,0.3685722919528572,0.14916771108202365
deepseek_r1,Chinese-SimpleQA/工程、技术与应用科学/762.json,cross_layer,12,7296,9916,58368,87552,0.1698876096491228,0.11325840643274854,1.3591008771929824,0.8867415935672515,0.3685722919528572,0.17083829502804102
deepseek_r1,Chinese-SimpleQA/工程、技术与应用科学/762.json,cross_layer,16,7296,11817,58368,116736,0.20245682565789475,0.10122841282894737,1.619654605263158,0.8987715871710527,0.3685722919528572,0.18755132239478098
deepseek_r1,Chinese-SimpleQA/工程、技术与应用科学/772.json,cross_layer,8,7296,11126,58368,58368,0.19061814692982457,0.19061814692982457,1.5249451754385965,0.8093818530701754,0.4839211906514436,0.21632873554512483
deepseek_r1,Chinese-SimpleQA/工程、技术与应用科学/772.json,cross_layer,12,7296,14450,58368,87552,0.24756716008771928,0.16504477339181287,1.9805372807017543,0.8349552266081871,0.4839211906514436,0.24926169827292
deepseek_r1,Chinese-SimpleQA/工程、技术与应用科学/772.json,cross_layer,16,7296,17126,58368,116736,0.2934141995614035,0.14670709978070176,2.347313596491228,0.8532929002192983,0.4839211906514436,0.2727871917995204
deepseek_r1,Chinese-SimpleQA/工程、技术与应用科学/773.json,cross_layer,8,7296,13915,58368,58368,0.23840117872807018,0.23840117872807018,1.9072094298245614,0.7615988212719298,0.542032976269556,0.2695265613167301
deepseek_r1,Chinese-SimpleQA/工程、技术与应用科学/773.json,cross_layer,12,7296,17947,58368,87552,0.3074801260964912,0.20498675073099415,2.45984100877193,0.7950132492690059,0.542032976269556,0.3094325603691087
deepseek_r1,Chinese-SimpleQA/工程、技术与应用科学/773.json,cross_layer,16,7296,21208,58368,116736,0.3633497807017544,0.1816748903508772,2.906798245614035,0.8183251096491229,0.542032976269556,0.33812276654367135
deepseek_r1,Chinese-SimpleQA/工程、技术与应用科学/777.json,cross_layer,8,7296,19979,58368,58368,0.3422937225877193,0.3422937225877193,2.7383497807017543,0.6577062774122807,0.7464629452869674,0.39770340277528643
deepseek_r1,Chinese-SimpleQA/工程、技术与应用科学/777.json,cross_layer,12,7296,24767,58368,87552,0.4243249725877193,0.2828833150584795,3.3945997807017543,0.7171166849415205,0.7464629452869674,0.44521098000661874
deepseek_r1,Chinese-SimpleQA/工程、技术与应用科学/777.json,cross_layer,16,7296,28307,58368,116736,0.48497464364035087,0.24248732182017543,3.879797149122807,0.7575126781798246,0.7464629452869674,0.47635496771881247
deepseek_r1,Chinese-SimpleQA/工程、技术与应用科学/783.json,cross_layer,8,7296,13902,58368,58368,0.23817845394736842,0.23817845394736842,1.9054276315789473,0.7618215460526316,0.531718244721033,0.26948522889397164
deepseek_r1,Chinese-SimpleQA/工程、技术与应用科学/783.json,cross_layer,12,7296,17438,58368,87552,0.2987595942982456,0.19917306286549707,2.390076754385965,0.8008269371345029,0.531718244721033,0.30455545210651375
deepseek_r1,Chinese-SimpleQA/工程、技术与应用科学/783.json,cross_layer,16,7296,20222,58368,116736,0.34645696271929827,0.17322848135964913,2.771655701754386,0.8267715186403508,0.531718244721033,0.3290489015527376
deepseek_r1,Chinese-SimpleQA/工程、技术与应用科学/785.json,cross_layer,8,7296,13628,58368,58368,0.23348410087719298,0.23348410087719298,1.8678728070175439,0.766515899122807,0.5556892166267656,0.2708774714963793
deepseek_r1,Chinese-SimpleQA/工程、技术与应用科学/785.json,cross_layer,12,7296,16970,58368,87552,0.29074150219298245,0.19382766812865498,2.3259320175438596,0.806172331871345,0.5556892166267656,0.30399741423507226
deepseek_r1,Chinese-SimpleQA/工程、技术与应用科学/785.json,cross_layer,16,7296,19569,58368,116736,0.33526932565789475,0.16763466282894737,2.682154605263158,0.8323653371710527,0.5556892166267656,0.32686816208143754
deepseek_r1,Chinese-SimpleQA/工程、技术与应用科学/796.json,cross_layer,8,7296,9454,58368,58368,0.16197231359649122,0.16197231359649122,1.2957785087719298,0.8380276864035088,0.4307623480822628,0.18383236181857648
deepseek_r1,Chinese-SimpleQA/工程、技术与应用科学/796.json,cross_layer,12,7296,12276,58368,87552,0.21032072368421054,0.14021381578947367,1.6825657894736843,0.8597861842105263,0.4307623480822628,0.2117257036988221
deepseek_r1,Chinese-SimpleQA/工程、技术与应用科学/796.json,cross_layer,16,7296,14659,58368,116736,0.25114788925438597,0.12557394462719298,2.0091831140350878,0.874426055372807,0.4307623480822628,0.23268428587893658
deepseek_r1,Chinese-SimpleQA/工程、技术与应用科学/802.json,cross_layer,8,7296,17962,58368,58368,0.30773711622807015,0.30773711622807015,2.461896929824561,0.6922628837719298,0.6882817127772786,0.3559150268983353
deepseek_r1,Chinese-SimpleQA/工程、技术与应用科学/802.json,cross_layer,12,7296,22262,58368,87552,0.3814076206140351,0.2542717470760234,3.051260964912281,0.7457282529239766,0.6882817127772786,0.39852504943851924
deepseek_r1,Chinese-SimpleQA/工程、技术与应用科学/802.json,cross_layer,16,7296,25472,58368,116736,0.43640350877192985,0.21820175438596492,3.491228070175439,0.7817982456140351,0.6882817127772786,0.4267784185255548
deepseek_r1,Chinese-SimpleQA/工程、技术与应用科学/806.json,cross_layer,8,7296,19176,58368,58368,0.3285361842105263,0.3285361842105263,2.6282894736842106,0.6714638157894737,0.6941409261839114,0.37387563761342507
deepseek_r1,Chinese-SimpleQA/工程、技术与应用科学/806.json,cross_layer,12,7296,23986,58368,87552,0.41094435307017546,0.27396290204678364,3.2875548245614037,0.7260370979532164,0.6941409261839114,0.4215598418166744
deepseek_r1,Chinese-SimpleQA/工程、技术与应用科学/806.json,cross_layer,16,7296,27504,58368,116736,0.4712171052631579,0.23560855263157895,3.7697368421052633,0.764391447368421,0.6941409261839114,0.45251600753407206
deepseek_r1,Chinese-SimpleQA/工程、技术与应用科学/815.json,cross_layer,8,7296,16589,58368,58368,0.2842139528508772,0.2842139528508772,2.2737116228070176,0.7157860471491229,0.6268637710191832,0.32464597755577534
deepseek_r1,Chinese-SimpleQA/工程、技术与应用科学/815.json,cross_layer,12,7296,20873,58368,87552,0.35761033442982454,0.23840688961988304,2.8608826754385963,0.761593110380117,0.6268637710191832,0.3671428742229267
deepseek_r1,Chinese-SimpleQA/工程、技术与应用科学/815.json,cross_layer,16,7296,24072,58368,116736,0.41241776315789475,0.20620888157894737,3.299342105263158,0.7937911184210527,0.6268637710191832,0.39528857392009276
deepseek_r1,Chinese-SimpleQA/工程、技术与应用科学/816.json,cross_layer,8,3534,7607,28272,28272,0.2690647990945105,0.2690647990945105,2.152518392756084,0.7309352009054895,0.6393907113942717,0.312808652142395
deepseek_r1,Chinese-SimpleQA/工程、技术与应用科学/816.json,cross_layer,12,3534,9444,28272,42408,0.3340407470288625,0.22269383135257498,2.6723259762309,0.777306168647425,0.6393907113942717,0.35035692502688615
deepseek_r1,Chinese-SimpleQA/工程、技术与应用科学/816.json,cross_layer,16,3534,10842,28272,56544,0.38348896434634977,0.19174448217317488,3.067911714770798,0.8082555178268251,0.6393907113942717,0.37576595832343584
deepseek_r1,Chinese-SimpleQA/工程、技术与应用科学/817.json,cross_layer,8,7296,8769,58368,58368,0.15023643092105263,0.15023643092105263,1.201891447368421,0.8497635690789473,0.3932492420680063,0.16739779045449754
deepseek_r1,Chinese-SimpleQA/工程、技术与应用科学/817.json,cross_layer,12,7296,11412,58368,87552,0.19551809210526316,0.13034539473684212,1.5641447368421053,0.8696546052631579,0.3932492420680063,0.19358187864122398
deepseek_r1,Chinese-SimpleQA/工程、技术与应用科学/817.json,cross_layer,16,7296,13645,58368,116736,0.23377535635964913,0.11688767817982457,1.870202850877193,0.8831123218201754,0.3932492420680063,0.21322238860019735
deepseek_r1,Chinese-SimpleQA/工程、技术与应用科学/832.json,cross_layer,8,7296,11056,58368,58368,0.1894188596491228,0.1894188596491228,1.5153508771929824,0.8105811403508771,0.4956317207478762,0.22039141843310536
deepseek_r1,Chinese-SimpleQA/工程、技术与应用科学/832.json,cross_layer,12,7296,14050,58368,87552,0.24071408991228072,0.16047605994152048,1.9257127192982457,0.8395239400584795,0.4956317207478762,0.250022747673764
deepseek_r1,Chinese-SimpleQA/工程、技术与应用科学/832.json,cross_layer,16,7296,16439,58368,116736,0.2816440515350877,0.14082202576754385,2.2531524122807016,0.8591779742324561,0.4956317207478762,0.2710230363767534
deepseek_r1,Chinese-SimpleQA/工程、技术与应用科学/837.json,cross_layer,8,7296,9871,58368,58368,0.16911663925438597,0.16911663925438597,1.3529331140350878,0.8308833607456141,0.440305159074647,0.19068303993074207
deepseek_r1,Chinese-SimpleQA/工程、技术与应用科学/837.json,cross_layer,12,7296,12905,58368,87552,0.22109717653508773,0.14739811769005848,1.7687774122807018,0.8526018823099415,0.440305159074647,0.220731373316662
deepseek_r1,Chinese-SimpleQA/工程、技术与应用科学/837.json,cross_layer,16,7296,15360,58368,116736,0.2631578947368421,0.13157894736842105,2.1052631578947367,0.868421052631579,0.440305159074647,0.24231359691296472
deepseek_r1,Chinese-SimpleQA/工程、技术与应用科学/843.json,cross_layer,8,7296,8703,58368,58368,0.14910567434210525,0.14910567434210525,1.192845394736842,0.8508943256578947,0.34423832664991044,0.15562897099296924
deepseek_r1,Chinese-SimpleQA/工程、技术与应用科学/843.json,cross_layer,12,7296,11753,58368,87552,0.20136033442982457,0.1342402229532164,1.6108826754385965,0.8657597770467836,0.34423832664991044,0.18577474301073796
deepseek_r1,Chinese-SimpleQA/工程、技术与应用科学/843.json,cross_layer,16,7296,14211,58368,116736,0.24347245065789475,0.12173622532894737,1.947779605263158,0.8782637746710527,0.34423832664991044,0.20737022582094775
deepseek_r1,Chinese-SimpleQA/工程、技术与应用科学/847.json,cross_layer,8,7296,8662,58368,58368,0.1484032346491228,0.1484032346491228,1.1872258771929824,0.8515967653508771,0.413242352611114,0.17244148894584282
deepseek_r1,Chinese-SimpleQA/工程、技术与应用科学/847.json,cross_layer,12,7296,11140,58368,87552,0.19085800438596492,0.12723866959064328,1.5268640350877194,0.8727613304093567,0.413242352611114,0.19695383989789364
deepseek_r1,Chinese-SimpleQA/工程、技术与应用科学/847.json,cross_layer,16,7296,13268,58368,116736,0.22731633771929824,0.11365816885964912,1.818530701754386,0.8863418311403509,0.413242352611114,0.2156507658531682
deepseek_r1,Chinese-SimpleQA/工程、技术与应用科学/848.json,cross_layer,8,7296,8574,58368,58368,0.14689555921052633,0.14689555921052633,1.1751644736842106,0.8531044407894737,0.3955418101308011,0.1664987884737399
deepseek_r1,Chinese-SimpleQA/工程、技术与应用科学/848.json,cross_layer,12,7296,11150,58368,87552,0.19102933114035087,0.1273528874269006,1.528234649122807,0.8726471125730995,0.3955418101308011,0.19197833083017726
deepseek_r1,Chinese-SimpleQA/工程、技术与应用科学/848.json,cross_layer,16,7296,13475,58368,116736,0.23086280153508773,0.11543140076754387,1.8469024122807018,0.8845685992324561,0.3955418101308011,0.21242753349183482
deepseek_r1,Chinese-SimpleQA/工程、技术与应用科学/862.json,cross_layer,8,7296,8585,58368,58368,0.14708401864035087,0.14708401864035087,1.176672149122807,0.8529159813596492,0.41067405899234294,0.170494840072063
deepseek_r1,Chinese-SimpleQA/工程、技术与应用科学/862.json,cross_layer,12,7296,11045,58368,87552,0.18923040021929824,0.12615360014619884,1.513843201754386,0.8738463998538012,0.41067405899234294,0.19482090023561224
deepseek_r1,Chinese-SimpleQA/工程、技术与应用科学/862.json,cross_layer,16,7296,13088,58368,116736,0.22423245614035087,0.11211622807017543,1.793859649122807,0.8878837719298246,0.41067405899234294,0.2127799866266459
deepseek_r1,Chinese-SimpleQA/工程、技术与应用科学/880.json,cross_layer,8,7296,8937,58368,58368,0.15311472039473684,0.15311472039473684,1.2249177631578947,0.8468852796052632,0.38554073918639103,0.16697602979682022
deepseek_r1,Chinese-SimpleQA/工程、技术与应用科学/880.json,cross_layer,12,7296,11937,58368,87552,0.20451274671052633,0.13634183114035087,1.6361019736842106,0.8636581688596492,0.38554073918639103,0.19664725774101507
deepseek_r1,Chinese-SimpleQA/工程、技术与应用科学/880.json,cross_layer,16,7296,14420,58368,116736,0.2470531798245614,0.1235265899122807,1.9764254385964912,0.8764734100877193,0.38554073918639103,0.21848679144886884
deepseek_r1,Chinese-SimpleQA/工程、技术与应用科学/884.json,cross_layer,8,7296,7323,58368,58368,0.12546258223684212,0.12546258223684212,1.003700657894737,0.8745374177631579,0.3185512762615558,0.13484496712782584
deepseek_r1,Chinese-SimpleQA/工程、技术与应用科学/884.json,cross_layer,12,7296,9767,58368,87552,0.16733484100877194,0.11155656067251463,1.3386787280701755,0.8884434393274854,0.3185512762615558,0.1590029374037261
deepseek_r1,Chinese-SimpleQA/工程、技术与应用科学/884.json,cross_layer,16,7296,11830,58368,116736,0.20267955043859648,0.10133977521929824,1.6214364035087718,0.8986602247807017,0.3185512762615558,0.1771352573821768
deepseek_r1,Chinese-SimpleQA/工程、技术与应用科学/894.json,cross_layer,8,7296,15967,58368,58368,0.27355742872807015,0.27355742872807015,2.188459429824561,0.7264425712719298,0.5982363421443435,0.30807370407104445
deepseek_r1,Chinese-SimpleQA/工程、技术与应用科学/894.json,cross_layer,12,7296,20259,58368,87552,0.3470908717105263,0.2313939144736842,2.7767269736842106,0.7686060855263158,0.5982363421443435,0.3506207766725872
deepseek_r1,Chinese-SimpleQA/工程、技术与应用科学/894.json,cross_layer,16,7296,23573,58368,116736,0.4038685581140351,0.20193427905701755,3.230948464912281,0.7980657209429824,0.5982363421443435,0.3797885627324192
deepseek_r1,Chinese-SimpleQA/工程、技术与应用科学/902.json,cross_layer,8,7296,12699,58368,58368,0.21756784539473684,0.21756784539473684,1.7405427631578947,0.7824321546052632,0.5016618109488308,0.24761351116325941
deepseek_r1,Chinese-SimpleQA/工程、技术与应用科学/902.json,cross_layer,12,7296,16274,58368,87552,0.2788171600877193,0.1858781067251462,2.2305372807017543,0.8141218932748537,0.5016618109488308,0.28305689009491375
deepseek_r1,Chinese-SimpleQA/工程、技术与应用科学/902.json,cross_layer,16,7296,18983,58368,116736,0.3252295778508772,0.1626147889254386,2.6018366228070176,0.8373852110745614,0.5016618109488308,0.3068701813666109
deepseek_r1,Chinese-SimpleQA/工程、技术与应用科学/909.json,cross_layer,8,7296,7878,58368,58368,0.13497121710526316,0.13497121710526316,1.0797697368421053,0.8650287828947368,0.36303709897297287,0.15042646819146174
deepseek_r1,Chinese-SimpleQA/工程、技术与应用科学/909.json,cross_layer,12,7296,10404,58368,87552,0.17824835526315788,0.11883223684210527,1.425986842105263,0.8811677631578947,0.36303709897297287,0.17539065505649784
deepseek_r1,Chinese-SimpleQA/工程、技术与应用科学/909.json,cross_layer,16,7296,12595,58368,116736,0.2157860471491228,0.1078930235745614,1.7262883771929824,0.8921069764254386,0.36303709897297287,0.19466890841880155
deepseek_r1,Chinese-SimpleQA/工程、技术与应用科学/911.json,cross_layer,8,7296,10434,58368,58368,0.1787623355263158,0.1787623355263158,1.4300986842105263,0.8212376644736842,0.40600033528303825,0.18959903852793428
deepseek_r1,Chinese-SimpleQA/工程、技术与应用科学/911.json,cross_layer,12,7296,13838,58368,87552,0.23708196271929824,0.1580546418128655,1.896655701754386,0.8419453581871346,0.40600033528303825,0.22329199531914795
deepseek_r1,Chinese-SimpleQA/工程、技术与应用科学/911.json,cross_layer,16,7296,16524,58368,116736,0.2831003289473684,0.1415501644736842,2.2648026315789473,0.8584498355263158,0.40600033528303825,0.24690619345408757
deepseek_r1,Chinese-SimpleQA/工程、技术与应用科学/927.json,cross_layer,8,7296,9430,58368,58368,0.16156112938596492,0.16156112938596492,1.2924890350877194,0.8384388706140351,0.4291394830486592,0.1850768721681464
deepseek_r1,Chinese-SimpleQA/工程、技术与应用科学/927.json,cross_layer,12,7296,12220,58368,87552,0.20936129385964913,0.13957419590643275,1.674890350877193,0.8604258040935673,0.4291394830486592,0.21272789077202675
deepseek_r1,Chinese-SimpleQA/工程、技术与应用科学/927.json,cross_layer,16,7296,14491,58368,116736,0.24826959978070176,0.12413479989035088,1.986156798245614,0.8758652001096491,0.4291394830486592,0.2327052202211643
llama4_maverick,hellaswag/test/10.json,cross_token,1,3072,982,3072,3072,0.3196614583333333,0.3196614583333333,0.3196614583333333,0.6803385416666667,0.4208331070620876,0.3196614583333333
llama4_maverick,hellaswag/test/10.json,cross_token,2,3072,1220,3072,6144,0.3971354166666667,0.19856770833333334,0.3971354166666667,0.8014322916666666,0.4208331070620876,0.36854208377278835
llama4_maverick,hellaswag/test/10.json,cross_token,4,3072,1493,3072,12288,0.4860026041666667,0.12150065104166667,0.4860026041666667,0.8784993489583334,0.4208331070620876,0.410267730572531
llama4_maverick,hellaswag/test/10.json,cross_token,8,3072,1822,3072,24576,0.5930989583333334,0.07413736979166667,0.5930989583333334,0.9258626302083334,0.4208331070620876,0.4478252987772117
llama4_maverick,hellaswag/test/10000.json,cross_token,1,3072,860,3072,3072,0.2799479166666667,0.2799479166666667,0.2799479166666667,0.7200520833333333,0.39304152899729944,0.2799479166666667
llama4_maverick,hellaswag/test/10000.json,cross_token,2,3072,1145,3072,6144,0.3727213541666667,0.18636067708333334,0.3727213541666667,0.8136393229166666,0.39304152899729944,0.3384814387265173
llama4_maverick,hellaswag/test/10000.json,cross_token,4,3072,1454,3072,12288,0.4733072916666667,0.11832682291666667,0.4733072916666667,0.8816731770833334,0.39304152899729944,0.3856377022591366
llama4_maverick,hellaswag/test/10000.json,cross_token,8,3072,1779,3072,24576,0.5791015625,0.0723876953125,0.5791015625,0.9276123046875,0.39304152899729944,0.4231774149593229
llama4_maverick,hellaswag/test/1004.json,cross_token,1,3072,963,3072,3072,0.3134765625,0.3134765625,0.3134765625,0.6865234375,0.4363319074398891,0.3134765625
llama4_maverick,hellaswag/test/1004.json,cross_token,2,3072,1287,3072,6144,0.4189453125,0.20947265625,0.4189453125,0.79052734375,0.4363319074398891,0.3800199349469892
llama4_maverick,hellaswag/test/1004.json,cross_token,4,3072,1598,3072,12288,0.5201822916666666,0.13004557291666666,0.5201822916666666,0.8699544270833334,0.4363319074398891,0.4275468517621129
llama4_maverick,hellaswag/test/1004.json,cross_token,8,3072,2015,3072,24576,0.6559244791666666,0.08199055989583333,0.6559244791666666,0.9180094401041666,0.4363319074398891,0.47500931474089353
llama4_maverick,hellaswag/test/1015.json,cross_token,1,3072,1149,3072,3072,0.3740234375,0.3740234375,0.3740234375,0.6259765625,0.5023840058914888,0.3740234375
llama4_maverick,hellaswag/test/1015.json,cross_token,2,3072,1496,3072,6144,0.4869791666666667,0.24348958333333334,0.4869791666666667,0.7565104166666666,0.5023840058914888,0.44529056786761
llama4_maverick,hellaswag/test/1015.json,cross_token,4,3072,1875,3072,12288,0.6103515625,0.152587890625,0.6103515625,0.847412109375,0.5023840058914888,0.5037723618931393
llama4_maverick,hellaswag/test/1015.json,cross_token,8,3072,2255,3072,24576,0.7340494791666666,0.09175618489583333,0.7340494791666666,0.9082438151041666,0.5023840058914888,0.5472727283860234
llama4_maverick,hellaswag/test/102.json,cross_token,1,3072,1080,3072,3072,0.3515625,0.3515625,0.3515625,0.6484375,0.4665944675615674,0.3515625
llama4_maverick,hellaswag/test/102.json,cross_token,2,3072,1379,3072,6144,0.4488932291666667,0.22444661458333334,0.4488932291666667,0.7755533854166666,0.4665944675615674,0.41297135296805537
llama4_maverick,hellaswag/test/102.json,cross_token,4,3072,1700,3072,12288,0.5533854166666666,0.13834635416666666,0.5533854166666666,0.8616536458333334,0.4665944675615674,0.46169711568272104
llama4_maverick,hellaswag/test/102.json,cross_token,8,3072,2061,3072,24576,0.6708984375,0.0838623046875,0.6708984375,0.9161376953125,0.4665944675615674,0.5032047763396205
llama4_maverick,hellaswag/test/1022.json,cross_token,1,3072,906,3072,3072,0.294921875,0.294921875,0.294921875,0.705078125,0.42403994805533735,0.294921875
llama4_maverick,hellaswag/test/1022.json,cross_token,2,3072,1242,3072,6144,0.404296875,0.2021484375,0.404296875,0.7978515625,0.42403994805533735,0.36392981679687747
llama4_maverick,hellaswag/test/1022.json,cross_token,4,3072,1604,3072,12288,0.5221354166666666,0.13053385416666666,0.5221354166666666,0.8694661458333334,0.42403994805533735,0.41941902149321875
llama4_maverick,hellaswag/test/1022.json,cross_token,8,3072,1980,3072,24576,0.64453125,0.08056640625,0.64453125,0.91943359375,0.42403994805533735,0.46258104273596495
llama4_maverick,hellaswag/test/1044.json,cross_token,1,3072,977,3072,3072,0.3180338541666667,0.3180338541666667,0.3180338541666667,0.6819661458333333,0.44170888802135794,0.3180338541666667
llama4_maverick,hellaswag/test/1044.json,cross_token,2,3072,1283,3072,6144,0.4176432291666667,0.20882161458333334,0.4176432291666667,0.7911783854166666,0.44170888802135794,0.3808803725888235
llama4_maverick,hellaswag/test/1044.json,cross_token,4,3072,1646,3072,12288,0.5358072916666666,0.13395182291666666,0.5358072916666666,0.8660481770833334,0.44170888802135794,0.43635180790514716
llama4_maverick,hellaswag/test/1044.json,cross_token,8,3072,2022,3072,24576,0.658203125,0.082275390625,0.658203125,0.917724609375,0.44170888802135794,0.4796390397962536
llama4_maverick,hellaswag/test/106.json,cross_token,1,3072,1013,3072,3072,0.3297526041666667,0.3297526041666667,0.3297526041666667,0.6702473958333333,0.45101687172183086,0.3297526041666667
llama4_maverick,hellaswag/test/106.json,cross_token,2,3072,1330,3072,6144,0.4329427083333333,0.21647135416666666,0.4329427083333333,0.7835286458333334,0.45101687172183086,0.3948583111595552
llama4_maverick,hellaswag/test/106.json,cross_token,4,3072,1692,3072,12288,0.55078125,0.1376953125,0.55078125,0.8623046875,0.45101687172183086,0.45070857544926374
llama4_maverick,hellaswag/test/106.json,cross_token,8,3072,2033,3072,24576,0.6617838541666666,0.08272298177083333,0.6617838541666666,0.9172770182291666,0.45101687172183086,0.4893753444143343
llama4_maverick,hellaswag/test/1067.json,cross_token,1,3072,940,3072,3072,0.3059895833333333,0.3059895833333333,0.3059895833333333,0.6940104166666667,0.4411569220756168,0.3059895833333333
llama4_maverick,hellaswag/test/1067.json,cross_token,2,3072,1295,3072,6144,0.4215494791666667,0.21077473958333334,0.4215494791666667,0.7892252604166666,0.4411569220756168,0.3788997599342016
llama4_maverick,hellaswag/test/1067.json,cross_token,4,3072,1671,3072,12288,0.5439453125,0.135986328125,0.5439453125,0.864013671875,0.4411569220756168,0.43626141842133775
llama4_maverick,hellaswag/test/1067.json,cross_token,8,3072,2132,3072,24576,0.6940104166666666,0.08675130208333333,0.6940104166666666,0.9132486979166666,0.4411569220756168,0.48930309180235754
llama4_maverick,hellaswag/test/1070.json,cross_token,1,3072,909,3072,3072,0.2958984375,0.2958984375,0.2958984375,0.7041015625,0.42159295406450653,0.2958984375
llama4_maverick,hellaswag/test/1070.json,cross_token,2,3072,1220,3072,6144,0.3971354166666667,0.19856770833333334,0.3971354166666667,0.8014322916666666,0.42159295406450653,0.35977185981794313
llama4_maverick,hellaswag/test/1070.json,cross_token,4,3072,1575,3072,12288,0.5126953125,0.128173828125,0.5126953125,0.871826171875,0.42159295406450653,0.41398634425010483
llama4_maverick,hellaswag/test/1070.json,cross_token,8,3072,1976,3072,24576,0.6432291666666666,0.08040364583333333,0.6432291666666666,0.9195963541666666,0.42159295406450653,0.4606256910217145
llama4_maverick,hellaswag/test/1078.json,cross_token,1,3072,1024,3072,3072,0.3333333333333333,0.3333333333333333,0.3333333333333333,0.6666666666666667,0.4605830560650417,0.3333333333333333
llama4_maverick,hellaswag/test/1078.json,cross_token,2,3072,1338,3072,6144,0.435546875,0.2177734375,0.435546875,0.7822265625,0.4605830560650417,0.39782289798874926
llama4_maverick,hellaswag/test/1078.json,cross_token,4,3072,1716,3072,12288,0.55859375,0.1396484375,0.55859375,0.8603515625,0.4605830560650417,0.45564547465673155
llama4_maverick,hellaswag/test/1078.json,cross_token,8,3072,2125,3072,24576,0.6917317708333334,0.08646647135416667,0.6917317708333334,0.9135335286458334,0.4605830560650417,0.5032697795185013
llama4_maverick,hellaswag/test/1084.json,cross_token,1,3072,1045,3072,3072,0.3401692708333333,0.3401692708333333,0.3401692708333333,0.6598307291666667,0.4619077294562106,0.3401692708333333
llama4_maverick,hellaswag/test/1084.json,cross_token,2,3072,1316,3072,6144,0.4283854166666667,0.21419270833333334,0.4283854166666667,0.7858072916666666,0.4619077294562106,0.3958274619849822
llama4_maverick,hellaswag/test/1084.json,cross_token,4,3072,1731,3072,12288,0.5634765625,0.140869140625,0.5634765625,0.859130859375,0.4619077294562106,0.4596496078450454
llama4_maverick,hellaswag/test/1084.json,cross_token,8,3072,2103,3072,24576,0.6845703125,0.0855712890625,0.6845703125,0.9144287109375,0.4619077294562106,0.5023818762817319
llama4_maverick,hellaswag/test/1085.json,cross_token,1,3072,973,3072,3072,0.3167317708333333,0.3167317708333333,0.3167317708333333,0.6832682291666667,0.45259005213688924,0.3167317708333333
llama4_maverick,hellaswag/test/1085.json,cross_token,2,3072,1339,3072,6144,0.4358723958333333,0.21793619791666666,0.4358723958333333,0.7820638020833334,0.45259005213688924,0.3919011360049329
llama4_maverick,hellaswag/test/1085.json,cross_token,4,3072,1713,3072,12288,0.5576171875,0.139404296875,0.5576171875,0.860595703125,0.45259005213688924,0.44893727365873515
llama4_maverick,hellaswag/test/1085.json,cross_token,8,3072,2145,3072,24576,0.6982421875,0.0872802734375,0.6982421875,0.9127197265625,0.45259005213688924,0.4987525589826041
llama4_maverick,hellaswag/test/1096.json,cross_token,1,3072,1140,3072,3072,0.37109375,0.37109375,0.37109375,0.62890625,0.49790971599262396,0.37109375
llama4_maverick,hellaswag/test/1096.json,cross_token,2,3072,1490,3072,6144,0.4850260416666667,0.24251302083333334,0.4850260416666667,0.7574869791666666,0.49790971599262396,0.4429770227050829
llama4_maverick,hellaswag/test/1096.json,cross_token,4,3072,1854,3072,12288,0.603515625,0.15087890625,0.603515625,0.84912109375,0.49790971599262396,0.4987014833364154
llama4_maverick,hellaswag/test/1096.json,cross_token,8,3072,2223,3072,24576,0.7236328125,0.0904541015625,0.7236328125,0.9095458984375,0.49790971599262396,0.5410119034443948
llama4_maverick,hellaswag/test/1098.json,cross_token,1,3072,1001,3072,3072,0.3258463541666667,0.3258463541666667,0.3258463541666667,0.6741536458333333,0.46681579561896097,0.3258463541666667
llama4_maverick,hellaswag/test/1098.json,cross_token,2,3072,1394,3072,6144,0.4537760416666667,0.22688802083333334,0.4537760416666667,0.7731119791666666,0.46681579561896097,0.4065610003755154
llama4_maverick,hellaswag/test/1098.json,cross_token,4,3072,1787,3072,12288,0.5817057291666666,0.14542643229166666,0.5817057291666666,0.8545735677083334,0.46681579561896097,0.4665993210476427
llama4_maverick,hellaswag/test/1098.json,cross_token,8,3072,2227,3072,24576,0.7249348958333334,0.09061686197916667,0.7249348958333334,0.9093831380208334,0.46681579561896097,0.5167992208672539
llama4_maverick,hellaswag/test/1106.json,cross_token,1,3072,1058,3072,3072,0.3444010416666667,0.3444010416666667,0.3444010416666667,0.6555989583333333,0.4814720741957279,0.3444010416666667
llama4_maverick,hellaswag/test/1106.json,cross_token,2,3072,1430,3072,6144,0.4654947916666667,0.23274739583333334,0.4654947916666667,0.7672526041666666,0.4814720741957279,0.42080269151321165
llama4_maverick,hellaswag/test/1106.json,cross_token,4,3072,1814,3072,12288,0.5904947916666666,0.14762369791666666,0.5904947916666666,0.8523763020833334,0.4814720741957279,0.47978236047787765
llama4_maverick,hellaswag/test/1106.json,cross_token,8,3072,2255,3072,24576,0.7340494791666666,0.09175618489583333,0.7340494791666666,0.9082438151041666,0.4814720741957279,0.5303388543927681
llama4_maverick,hellaswag/test/1109.json,cross_token,1,3072,1129,3072,3072,0.3675130208333333,0.3675130208333333,0.3675130208333333,0.6324869791666667,0.4946706075593872,0.3675130208333333
llama4_maverick,hellaswag/test/1109.json,cross_token,2,3072,1467,3072,6144,0.4775390625,0.23876953125,0.4775390625,0.76123046875,0.4946706075593872,0.43693172418852755
llama4_maverick,hellaswag/test/1109.json,cross_token,4,3072,1813,3072,12288,0.5901692708333334,0.14754231770833334,0.5901692708333334,0.8524576822916666,0.4946706075593872,0.4897716297690308
llama4_maverick,hellaswag/test/1109.json,cross_token,8,3072,2243,3072,24576,0.7301432291666666,0.09126790364583333,0.7301432291666666,0.9087320963541666,0.4946706075593872,0.5396610624502763
llama4_maverick,hellaswag/test/1115.json,cross_token,1,3072,916,3072,3072,0.2981770833333333,0.2981770833333333,0.2981770833333333,0.7018229166666667,0.4141368768899487,0.2981770833333333
llama4_maverick,hellaswag/test/1115.json,cross_token,2,3072,1190,3072,6144,0.3873697916666667,0.19368489583333334,0.3873697916666667,0.8063151041666666,0.4141368768899487,0.35445141682245346
llama4_maverick,hellaswag/test/1115.json,cross_token,4,3072,1516,3072,12288,0.4934895833333333,0.12337239583333333,0.4934895833333333,0.8766276041666666,0.4141368768899487,0.4045100047859187
llama4_maverick,hellaswag/test/1115.json,cross_token,8,3072,1886,3072,24576,0.6139322916666666,0.07674153645833333,0.6139322916666666,0.9232584635416666,0.4141368768899487,0.44692187145171575
llama4_maverick,hellaswag/test/1116.json,cross_token,1,3072,1105,3072,3072,0.3597005208333333,0.3597005208333333,0.3597005208333333,0.6402994791666667,0.49974351943399564,0.3597005208333333
llama4_maverick,hellaswag/test/1116.json,cross_token,2,3072,1519,3072,6144,0.4944661458333333,0.24723307291666666,0.4944661458333333,0.7527669270833334,0.49974351943399564,0.4447281634044884
llama4_maverick,hellaswag/test/1116.json,cross_token,4,3072,1905,3072,12288,0.6201171875,0.155029296875,0.6201171875,0.844970703125,0.49974351943399564,0.5035820287107778
llama4_maverick,hellaswag/test/1116.json,cross_token,8,3072,2291,3072,24576,0.7457682291666666,0.09322102864583333,0.7457682291666666,0.9067789713541666,0.49974351943399564,0.5480769828619768
llama4_maverick,hellaswag/test/1118.json,cross_token,1,3072,1085,3072,3072,0.3531901041666667,0.3531901041666667,0.3531901041666667,0.6468098958333333,0.48566106628601946,0.3531901041666667
llama4_maverick,hellaswag/test/1118.json,cross_token,2,3072,1450,3072,6144,0.4720052083333333,0.23600260416666666,0.4720052083333333,0.7639973958333334,0.48566106628601946,0.42815408855910925
llama4_maverick,hellaswag/test/1118.json,cross_token,4,3072,1812,3072,12288,0.58984375,0.1474609375,0.58984375,0.8525390625,0.48566106628601946,0.4837786906029631
llama4_maverick,hellaswag/test/1118.json,cross_token,8,3072,2204,3072,24576,0.7174479166666666,0.08968098958333333,0.7174479166666666,0.9103190104166666,0.48566106628601946,0.5289560994456739
llama4_maverick,hellaswag/test/1125.json,cross_token,1,3072,1047,3072,3072,0.3408203125,0.3408203125,0.3408203125,0.6591796875,0.47198048811733334,0.3408203125
llama4_maverick,hellaswag/test/1125.json,cross_token,2,3072,1393,3072,6144,0.4534505208333333,0.22672526041666666,0.4534505208333333,0.7732747395833334,0.47198048811733334,0.41188206208845207
llama4_maverick,hellaswag/test/1125.json,cross_token,4,3072,1751,3072,12288,0.5699869791666666,0.14249674479166666,0.5699869791666666,0.8575032552083334,0.47198048811733334,0.4666976588935412
llama4_maverick,hellaswag/test/1125.json,cross_token,8,3072,2171,3072,24576,0.7067057291666666,0.08833821614583333,0.7067057291666666,0.9116617838541666,0.47198048811733334,0.5149396193571928
llama4_maverick,hellaswag/test/1128.json,cross_token,1,3072,1180,3072,3072,0.3841145833333333,0.3841145833333333,0.3841145833333333,0.6158854166666667,0.5252952137168958,0.3841145833333333
llama4_maverick,hellaswag/test/1128.json,cross_token,2,3072,1603,3072,6144,0.5218098958333334,0.2609049479166667,0.5218098958333334,0.7390950520833333,0.5252952137168958,0.47099065291690584
llama4_maverick,hellaswag/test/1128.json,cross_token,4,3072,2024,3072,12288,0.6588541666666666,0.16471354166666666,0.6588541666666666,0.8352864583333334,0.5252952137168958,0.5352252056623318
llama4_maverick,hellaswag/test/1128.json,cross_token,8,3072,2349,3072,24576,0.7646484375,0.0955810546875,0.7646484375,0.9044189453125,0.5252952137168958,0.5730334583570545
llama4_maverick,hellaswag/test/1129.json,cross_token,1,3072,992,3072,3072,0.3229166666666667,0.3229166666666667,0.3229166666666667,0.6770833333333333,0.461441843832459,0.3229166666666667
llama4_maverick,hellaswag/test/1129.json,cross_token,2,3072,1374,3072,6144,0.447265625,0.2236328125,0.447265625,0.7763671875,0.461441843832459,0.4013721243047841
llama4_maverick,hellaswag/test/1129.json,cross_token,4,3072,1745,3072,12288,0.5680338541666666,0.14200846354166666,0.5680338541666666,0.8579915364583334,0.461441843832459,0.4576266197889751
llama4_maverick,hellaswag/test/1129.json,cross_token,8,3072,2214,3072,24576,0.720703125,0.090087890625,0.720703125,0.909912109375,0.461441843832459,0.5112450476750178
llama4_maverick,hellaswag/test/1130.json,cross_token,1,3072,978,3072,3072,0.318359375,0.318359375,0.318359375,0.681640625,0.451198419158448,0.318359375
llama4_maverick,hellaswag/test/1130.json,cross_token,2,3072,1332,3072,6144,0.43359375,0.216796875,0.43359375,0.783203125,0.451198419158448,0.39106417082171113
llama4_maverick,hellaswag/test/1130.json,cross_token,4,3072,1706,3072,12288,0.5553385416666666,0.13883463541666666,0.5553385416666666,0.8611653645833334,0.451198419158448,0.4483034044967831
llama4_maverick,hellaswag/test/1130.json,cross_token,8,3072,2111,3072,24576,0.6871744791666666,0.08589680989583333,0.6871744791666666,0.9141031901041666,0.451198419158448,0.49481351407520685
llama4_maverick,hellaswag/test/1133.json,cross_token,1,3072,1061,3072,3072,0.3453776041666667,0.3453776041666667,0.3453776041666667,0.6546223958333333,0.4730656166462568,0.3453776041666667
llama4_maverick,hellaswag/test/1133.json,cross_token,2,3072,1387,3072,6144,0.4514973958333333,0.22574869791666666,0.4514973958333333,0.7742513020833334,0.4730656166462568,0.41233173817197194
llama4_maverick,hellaswag/test/1133.json,cross_token,4,3072,1785,3072,12288,0.5810546875,0.145263671875,0.5810546875,0.854736328125,0.4730656166462568,0.4731387284782617
llama4_maverick,hellaswag/test/1133.json,cross_token,8,3072,2172,3072,24576,0.70703125,0.08837890625,0.70703125,0.91162109375,0.4730656166462568,0.5174200528584477
llama4_maverick,hellaswag/test/1139.json,cross_token,1,3072,1126,3072,3072,0.3665364583333333,0.3665364583333333,0.3665364583333333,0.6334635416666667,0.5030261306198819,0.3665364583333333
llama4_maverick,hellaswag/test/1139.json,cross_token,2,3072,1492,3072,6144,0.4856770833333333,0.24283854166666666,0.4856770833333333,0.7571614583333334,0.5030261306198819,0.44170582350493387
llama4_maverick,hellaswag/test/1139.json,cross_token,4,3072,1934,3072,12288,0.6295572916666666,0.15738932291666666,0.6295572916666666,0.8426106770833334,0.5030261306198819,0.5086587920382105
llama4_maverick,hellaswag/test/1139.json,cross_token,8,3072,2326,3072,24576,0.7571614583333334,0.09464518229166667,0.7571614583333334,0.9053548177083334,0.5030261306198819,0.5535848231517111
llama4_maverick,hellaswag/test/1144.json,cross_token,1,3072,990,3072,3072,0.322265625,0.322265625,0.322265625,0.677734375,0.45430613216510557,0.322265625
llama4_maverick,hellaswag/test/1144.json,cross_token,2,3072,1348,3072,6144,0.4388020833333333,0.21940104166666666,0.4388020833333333,0.7805989583333334,0.45430613216510557,0.39579194393834055
llama4_maverick,hellaswag/test/1144.json,cross_token,4,3072,1684,3072,12288,0.5481770833333334,0.13704427083333334,0.5481770833333334,0.8629557291666666,0.45430613216510557,0.4472976062717882
llama4_maverick,hellaswag/test/1144.json,cross_token,8,3072,2114,3072,24576,0.6881510416666666,0.08601888020833333,0.6881510416666666,0.9139811197916666,0.45430613216510557,0.496730238573619
llama4_maverick,hellaswag/test/1148.json,cross_token,1,3072,956,3072,3072,0.3111979166666667,0.3111979166666667,0.3111979166666667,0.6888020833333333,0.43290630398287994,0.3111979166666667
llama4_maverick,hellaswag/test/1148.json,cross_token,2,3072,1266,3072,6144,0.412109375,0.2060546875,0.412109375,0.7939453125,0.43290630398287994,0.3748659582054525
llama4_maverick,hellaswag/test/1148.json,cross_token,4,3072,1602,3072,12288,0.521484375,0.13037109375,0.521484375,0.86962890625,0.43290630398287994,0.426484451661828
llama4_maverick,hellaswag/test/1148.json,cross_token,8,3072,1973,3072,24576,0.6422526041666666,0.08028157552083333,0.6422526041666666,0.9197184244791666,0.43290630398287994,0.4694838412037814
llama4_maverick,hellaswag/test/1161.json,cross_token,1,3072,1053,3072,3072,0.3427734375,0.3427734375,0.3427734375,0.6572265625,0.48109902982603153,0.3427734375
llama4_maverick,hellaswag/test/1161.json,cross_token,2,3072,1449,3072,6144,0.4716796875,0.23583984375,0.4716796875,0.76416015625,0.48109902982603153,0.42410422604632175
llama4_maverick,hellaswag/test/1161.json,cross_token,4,3072,1795,3072,12288,0.5843098958333334,0.14607747395833334,0.5843098958333334,0.8539225260416666,0.48109902982603153,0.4769666978514108
llama4_maverick,hellaswag/test/1161.json,cross_token,8,3072,2274,3072,24576,0.740234375,0.092529296875,0.740234375,0.907470703125,0.48109902982603153,0.5325810384866722
llama4_maverick,hellaswag/test/1164.json,cross_token,1,3072,1091,3072,3072,0.3551432291666667,0.3551432291666667,0.3551432291666667,0.6448567708333333,0.4810325663628185,0.3551432291666667
llama4_maverick,hellaswag/test/1164.json,cross_token,2,3072,1400,3072,6144,0.4557291666666667,0.22786458333333334,0.4557291666666667,0.7721354166666666,0.4810325663628185,0.4186058899262959
llama4_maverick,hellaswag/test/1164.json,cross_token,4,3072,1791,3072,12288,0.5830078125,0.145751953125,0.5830078125,0.854248046875,0.4810325663628185,0.47863461690928627
llama4_maverick,hellaswag/test/1164.json,cross_token,8,3072,2204,3072,24576,0.7174479166666666,0.08968098958333333,0.7174479166666666,0.9103190104166666,0.4810325663628185,0.525743727067262
llama4_maverick,hellaswag/test/1167.json,cross_token,1,3072,1067,3072,3072,0.3473307291666667,0.3473307291666667,0.3473307291666667,0.6526692708333333,0.4765360204970639,0.3473307291666667
llama4_maverick,hellaswag/test/1167.json,cross_token,2,3072,1407,3072,6144,0.4580078125,0.22900390625,0.4580078125,0.77099609375,0.4765360204970639,0.417160194080175
llama4_maverick,hellaswag/test/1167.json,cross_token,4,3072,1759,3072,12288,0.5725911458333334,0.14314778645833334,0.5725911458333334,0.8568522135416666,0.4765360204970639,0.4709089634869214
llama4_maverick,hellaswag/test/1167.json,cross_token,8,3072,2192,3072,24576,0.7135416666666666,0.08919270833333333,0.7135416666666666,0.9108072916666666,0.4765360204970639,0.5203882575187697
llama4_maverick,hellaswag/test/1190.json,cross_token,1,3072,1092,3072,3072,0.35546875,0.35546875,0.35546875,0.64453125,0.48822239769627634,0.35546875
llama4_maverick,hellaswag/test/1190.json,cross_token,2,3072,1464,3072,6144,0.4765625,0.23828125,0.4765625,0.76171875,0.48822239769627634,0.43187039984654413
llama4_maverick,hellaswag/test/1190.json,cross_token,4,3072,1833,3072,12288,0.5966796875,0.149169921875,0.5966796875,0.850830078125,0.48822239769627634,0.4880927354170132
llama4_maverick,hellaswag/test/1190.json,cross_token,8,3072,2219,3072,24576,0.7223307291666666,0.09029134114583333,0.7223307291666666,0.9097086588541666,0.48822239769627634,0.5329937001457216
llama4_maverick,hellaswag/test/1193.json,cross_token,1,3072,956,3072,3072,0.3111979166666667,0.3111979166666667,0.3111979166666667,0.6888020833333333,0.4192362852401532,0.3111979166666667
llama4_maverick,hellaswag/test/1193.json,cross_token,2,3072,1270,3072,6144,0.4134114583333333,0.20670572916666666,0.4134114583333333,0.7932942708333334,0.4192362852401532,0.3756874813220823
llama4_maverick,hellaswag/test/1193.json,cross_token,4,3072,1532,3072,12288,0.4986979166666667,0.12467447916666667,0.4986979166666667,0.8753255208333334,0.4192362852401532,0.4165254125219114
llama4_maverick,hellaswag/test/1193.json,cross_token,8,3072,1809,3072,24576,0.5888671875,0.0736083984375,0.5888671875,0.9263916015625,0.4192362852401532,0.4483684868112067
llama4_maverick,hellaswag/test/1198.json,cross_token,1,3072,1060,3072,3072,0.3450520833333333,0.3450520833333333,0.3450520833333333,0.6549479166666667,0.4652548996198687,0.3450520833333333
llama4_maverick,hellaswag/test/1198.json,cross_token,2,3072,1354,3072,6144,0.4407552083333333,0.22037760416666666,0.4407552083333333,0.7796223958333334,0.4652548996198687,0.40543403240560244
llama4_maverick,hellaswag/test/1198.json,cross_token,4,3072,1723,3072,12288,0.5608723958333334,0.14021809895833334,0.5608723958333334,0.8597819010416666,0.4652548996198687,0.46156610307772944
llama4_maverick,hellaswag/test/1198.json,cross_token,8,3072,2088,3072,24576,0.6796875,0.0849609375,0.6796875,0.9150390625,0.4652548996198687,0.5035520255570377
llama4_maverick,hellaswag/test/120.json,cross_token,1,3072,1062,3072,3072,0.345703125,0.345703125,0.345703125,0.654296875,0.4912739171577289,0.345703125
llama4_maverick,hellaswag/test/120.json,cross_token,2,3072,1477,3072,6144,0.4807942708333333,0.24039713541666666,0.4807942708333333,0.7596028645833334,0.4912739171577289,0.430936148350312
llama4_maverick,hellaswag/test/120.json,cross_token,4,3072,1910,3072,12288,0.6217447916666666,0.15543619791666666,0.6217447916666666,0.8445638020833334,0.4912739171577289,0.49719152476949513
llama4_maverick,hellaswag/test/120.json,cross_token,8,3072,2315,3072,24576,0.7535807291666666,0.09419759114583333,0.7535807291666666,0.9058024088541666,0.4912739171577289,0.5436098795756498
llama4_maverick,hellaswag/test/1202.json,cross_token,1,3072,912,3072,3072,0.296875,0.296875,0.296875,0.703125,0.4185472020096405,0.296875
llama4_maverick,hellaswag/test/1202.json,cross_token,2,3072,1190,3072,6144,0.3873697916666667,0.19368489583333334,0.3873697916666667,0.8063151041666666,0.4185472020096405,0.3539708566057495
llama4_maverick,hellaswag/test/1202.json,cross_token,4,3072,1572,3072,12288,0.51171875,0.1279296875,0.51171875,0.8720703125,0.4185472020096405,0.4127604020845952
llama4_maverick,hellaswag/test/1202.json,cross_token,8,3072,1947,3072,24576,0.6337890625,0.0792236328125,0.6337890625,0.9207763671875,0.4185472020096405,0.4554361439906411
llama4_maverick,hellaswag/test/1203.json,cross_token,1,3072,961,3072,3072,0.3128255208333333,0.3128255208333333,0.3128255208333333,0.6871744791666667,0.4540344717469494,0.3128255208333333
llama4_maverick,hellaswag/test/1203.json,cross_token,2,3072,1334,3072,6144,0.4342447916666667,0.21712239583333334,0.4342447916666667,0.7828776041666666,0.4540344717469494,0.38943255145903427
llama4_maverick,hellaswag/test/1203.json,cross_token,4,3072,1752,3072,12288,0.5703125,0.142578125,0.5703125,0.857421875,0.4540344717469494,0.453201389179046
llama4_maverick,hellaswag/test/1203.json,cross_token,8,3072,2195,3072,24576,0.7145182291666666,0.08931477864583333,0.7145182291666666,0.9106852213541666,0.4540344717469494,0.504276850645116
llama4_maverick,hellaswag/test/1206.json,cross_token,1,3072,969,3072,3072,0.3154296875,0.3154296875,0.3154296875,0.6845703125,0.4581319215570075,0.3154296875
llama4_maverick,hellaswag/test/1206.json,cross_token,2,3072,1355,3072,6144,0.4410807291666667,0.22054036458333334,0.4410807291666667,0.7794596354166666,0.4581319215570075,0.39470666825474704
llama4_maverick,hellaswag/test/1206.json,cross_token,4,3072,1777,3072,12288,0.5784505208333334,0.14461263020833334,0.5784505208333334,0.8553873697916666,0.4581319215570075,0.4597358357052339
llama4_maverick,hellaswag/test/1206.json,cross_token,8,3072,2186,3072,24576,0.7115885416666666,0.08894856770833333,0.7115885416666666,0.9110514322916666,0.4581319215570075,0.5066748255397876
llama4_maverick,hellaswag/test/1207.json,cross_token,1,3072,1034,3072,3072,0.3365885416666667,0.3365885416666667,0.3365885416666667,0.6634114583333333,0.46210059656819813,0.3365885416666667
llama4_maverick,hellaswag/test/1207.json,cross_token,2,3072,1362,3072,6144,0.443359375,0.2216796875,0.443359375,0.7783203125,0.46210059656819813,0.4039534372302856
llama4_maverick,hellaswag/test/1207.json,cross_token,4,3072,1709,3072,12288,0.5563151041666666,0.13907877604166666,0.5563151041666666,0.8609212239583334,0.46210059656819813,0.45729459659623833
llama4_maverick,hellaswag/test/1207.json,cross_token,8,3072,2111,3072,24576,0.6871744791666666,0.08589680989583333,0.6871744791666666,0.9141031901041666,0.46210059656819813,0.5032918774935712
llama4_maverick,hellaswag/test/1215.json,cross_token,1,3072,1007,3072,3072,0.3277994791666667,0.3277994791666667,0.3277994791666667,0.6722005208333333,0.4746387659449532,0.3277994791666667
llama4_maverick,hellaswag/test/1215.json,cross_token,2,3072,1421,3072,6144,0.4625651041666667,0.23128255208333334,0.4625651041666667,0.7687174479166666,0.4746387659449532,0.41282712173782077
llama4_maverick,hellaswag/test/1215.json,cross_token,4,3072,1839,3072,12288,0.5986328125,0.149658203125,0.5986328125,0.850341796875,0.4746387659449532,0.47697958527578604
llama4_maverick,hellaswag/test/1215.json,cross_token,8,3072,2275,3072,24576,0.7405598958333334,0.09256998697916667,0.7405598958333334,0.9074300130208334,0.4746387659449532,0.5279831993301836
llama4_maverick,hellaswag/test/1225.json,cross_token,1,3072,1024,3072,3072,0.3333333333333333,0.3333333333333333,0.3333333333333333,0.6666666666666667,0.45875080827365405,0.3333333333333333
llama4_maverick,hellaswag/test/1225.json,cross_token,2,3072,1330,3072,6144,0.4329427083333333,0.21647135416666666,0.4329427083333333,0.7835286458333334,0.45875080827365405,0.3961798517554908
llama4_maverick,hellaswag/test/1225.json,cross_token,4,3072,1696,3072,12288,0.5520833333333334,0.13802083333333334,0.5520833333333334,0.8619791666666666,0.45875080827365405,0.45227496566932723
llama4_maverick,hellaswag/test/1225.json,cross_token,8,3072,2130,3072,24576,0.693359375,0.086669921875,0.693359375,0.913330078125,0.45875080827365405,0.5018680643236499
llama4_maverick,hellaswag/test/1231.json,cross_token,1,3072,904,3072,3072,0.2942708333333333,0.2942708333333333,0.2942708333333333,0.7057291666666667,0.41976618519441106,0.2942708333333333
llama4_maverick,hellaswag/test/1231.json,cross_token,2,3072,1208,3072,6144,0.3932291666666667,0.19661458333333334,0.3932291666666667,0.8033854166666666,0.41976618519441106,0.35670659019717466
llama4_maverick,hellaswag/test/1231.json,cross_token,4,3072,1569,3072,12288,0.5107421875,0.127685546875,0.5107421875,0.872314453125,0.41976618519441106,0.41232639539646015
llama4_maverick,hellaswag/test/1231.json,cross_token,8,3072,1958,3072,24576,0.6373697916666666,0.07967122395833333,0.6373697916666666,0.9203287760416666,0.41976618519441106,0.4567827915584515
llama4_maverick,hellaswag/test/1237.json,cross_token,1,3072,1105,3072,3072,0.3597005208333333,0.3597005208333333,0.3597005208333333,0.6402994791666667,0.4894809946850512,0.3597005208333333
llama4_maverick,hellaswag/test/1237.json,cross_token,2,3072,1449,3072,6144,0.4716796875,0.23583984375,0.4716796875,0.76416015625,0.4894809946850512,0.4303515088634717
llama4_maverick,hellaswag/test/1237.json,cross_token,4,3072,1788,3072,12288,0.58203125,0.1455078125,0.58203125,0.8544921875,0.4894809946850512,0.48225518754857766
llama4_maverick,hellaswag/test/1237.json,cross_token,8,3072,2252,3072,24576,0.7330729166666666,0.09163411458333333,0.7330729166666666,0.9083658854166666,0.4894809946850512,0.5363008997373064
llama4_maverick,hellaswag/test/1238.json,cross_token,1,3072,1073,3072,3072,0.3492838541666667,0.3492838541666667,0.3492838541666667,0.6507161458333333,0.4746297294118648,0.3492838541666667
llama4_maverick,hellaswag/test/1238.json,cross_token,2,3072,1402,3072,6144,0.4563802083333333,0.22819010416666666,0.4563802083333333,0.7718098958333334,0.4746297294118648,0.41685413050944325
llama4_maverick,hellaswag/test/1238.json,cross_token,4,3072,1762,3072,12288,0.5735677083333334,0.14339192708333334,0.5735677083333334,0.8566080729166666,0.4746297294118648,0.4717244534528396
llama4_maverick,hellaswag/test/1238.json,cross_token,8,3072,2145,3072,24576,0.6982421875,0.0872802734375,0.6982421875,0.9127197265625,0.4746297294118648,0.5155536554229168
llama4_maverick,hellaswag/test/124.json,cross_token,1,3072,1126,3072,3072,0.3665364583333333,0.3665364583333333,0.3665364583333333,0.6334635416666667,0.5017586658847327,0.3665364583333333
llama4_maverick,hellaswag/test/124.json,cross_token,2,3072,1497,3072,6144,0.4873046875,0.24365234375,0.4873046875,0.75634765625,0.5017586658847327,0.4427327274007209
llama4_maverick,hellaswag/test/124.json,cross_token,4,3072,1869,3072,12288,0.6083984375,0.152099609375,0.6083984375,0.847900390625,0.5017586658847327,0.49966900646704476
llama4_maverick,hellaswag/test/124.json,cross_token,8,3072,2292,3072,24576,0.74609375,0.09326171875,0.74609375,0.90673828125,0.5017586658847327,0.5486436686428545
llama4_maverick,hellaswag/test/1243.json,cross_token,1,2160,855,2160,2160,0.3958333333333333,0.3958333333333333,0.3958333333333333,0.6041666666666667,0.5294756064058143,0.3958333333333333
llama4_maverick,hellaswag/test/1243.json,cross_token,2,2160,1126,2160,4320,0.5212962962962963,0.26064814814814813,0.5212962962962963,0.7393518518518518,0.5294756064058143,0.4749916496378989
llama4_maverick,hellaswag/test/1243.json,cross_token,4,2160,1403,2160,8640,0.649537037037037,0.16238425925925926,0.649537037037037,0.8376157407407407,0.5294756064058143,0.5353249060511692
llama4_maverick,hellaswag/test/1243.json,cross_token,8,2160,1650,2160,17280,0.7638888888888888,0.0954861111111111,0.7638888888888888,0.9045138888888888,0.5294756064058143,0.5763801275857079
llama4_maverick,hellaswag/test/1249.json,cross_token,1,3072,1042,3072,3072,0.3391927083333333,0.3391927083333333,0.3391927083333333,0.6608072916666667,0.46207905369223384,0.3391927083333333
llama4_maverick,hellaswag/test/1249.json,cross_token,2,3072,1351,3072,6144,0.4397786458333333,0.21988932291666666,0.4397786458333333,0.7801106770833334,0.46207905369223384,0.4026553690929627
llama4_maverick,hellaswag/test/1249.json,cross_token,4,3072,1711,3072,12288,0.5569661458333334,0.13924153645833334,0.5569661458333334,0.8607584635416666,0.46207905369223384,0.45768365560845753
llama4_maverick,hellaswag/test/1249.json,cross_token,8,3072,2098,3072,24576,0.6829427083333334,0.08536783854166667,0.6829427083333334,0.9146321614583334,0.46207905369223384,0.502453918347829
llama4_maverick,hellaswag/test/1255.json,cross_token,1,3072,1005,3072,3072,0.3271484375,0.3271484375,0.3271484375,0.6728515625,0.4385688125401184,0.3271484375
llama4_maverick,hellaswag/test/1255.json,cross_token,2,3072,1253,3072,6144,0.4078776041666667,0.20393880208333334,0.4078776041666667,0.7960611979166666,0.4385688125401184,0.37808287073102864
llama4_maverick,hellaswag/test/1255.json,cross_token,4,3072,1552,3072,12288,0.5052083333333334,0.12630208333333334,0.5052083333333334,0.8736979166666666,0.4385688125401184,0.42388232479200627
llama4_maverick,hellaswag/test/1255.json,cross_token,8,3072,1983,3072,24576,0.6455078125,0.0806884765625,0.6455078125,0.9193115234375,0.4385688125401184,0.47339624855934126
llama4_maverick,hellaswag/test/1259.json,cross_token,1,3072,963,3072,3072,0.3134765625,0.3134765625,0.3134765625,0.6865234375,0.43656039173202393,0.3134765625
llama4_maverick,hellaswag/test/1259.json,cross_token,2,3072,1274,3072,6144,0.4147135416666667,0.20735677083333334,0.4147135416666667,0.7926432291666666,0.43656039173202393,0.37734998481794335
llama4_maverick,hellaswag/test/1259.json,cross_token,4,3072,1607,3072,12288,0.5231119791666666,0.13077799479166666,0.5231119791666666,0.8692220052083334,0.43656039173202393,0.42870585927017396
llama4_maverick,hellaswag/test/1259.json,cross_token,8,3072,2001,3072,24576,0.6513671875,0.0814208984375,0.6513671875,0.9185791015625,0.43656039173202393,0.47368451932329086
llama4_maverick,hellaswag/test/1274.json,cross_token,1,3072,964,3072,3072,0.3138020833333333,0.3138020833333333,0.3138020833333333,0.6861979166666667,0.438921928265054,0.3138020833333333
llama4_maverick,hellaswag/test/1274.json,cross_token,2,3072,1268,3072,6144,0.4127604166666667,0.20638020833333334,0.4127604166666667,0.7936197916666666,0.438921928265054,0.3762378401971753
llama4_maverick,hellaswag/test/1274.json,cross_token,4,3072,1652,3072,12288,0.5377604166666666,0.13444010416666666,0.5377604166666666,0.8655598958333334,0.438921928265054,0.4346759197717894
llama4_maverick,hellaswag/test/1274.json,cross_token,8,3072,2045,3072,24576,0.6656901041666666,0.08321126302083333,0.6656901041666666,0.9167887369791666,0.438921928265054,0.47954383040787385
llama4_maverick,hellaswag/test/128.json,cross_token,1,3072,953,3072,3072,0.3102213541666667,0.3102213541666667,0.3102213541666667,0.6897786458333333,0.43971619468698603,0.3102213541666667
llama4_maverick,hellaswag/test/128.json,cross_token,2,3072,1280,3072,6144,0.4166666666666667,0.20833333333333334,0.4166666666666667,0.7916666666666666,0.43971619468698603,0.37738086895112816
llama4_maverick,hellaswag/test/128.json,cross_token,4,3072,1621,3072,12288,0.5276692708333334,0.13191731770833334,0.5276692708333334,0.8680826822916666,0.43971619468698603,0.4297454658170809
llama4_maverick,hellaswag/test/128.json,cross_token,8,3072,2083,3072,24576,0.6780598958333334,0.08475748697916667,0.6780598958333334,0.9152425130208334,0.43971619468698603,0.4826704857855633
llama4_maverick,hellaswag/test/1283.json,cross_token,1,3072,904,3072,3072,0.2942708333333333,0.2942708333333333,0.2942708333333333,0.7057291666666667,0.4052470162742247,0.2942708333333333
llama4_maverick,hellaswag/test/1283.json,cross_token,2,3072,1178,3072,6144,0.3834635416666667,0.19173177083333334,0.3834635416666667,0.8082682291666666,0.4052470162742247,0.350545166822453
llama4_maverick,hellaswag/test/1283.json,cross_token,4,3072,1475,3072,12288,0.4801432291666667,0.12003580729166667,0.4801432291666667,0.8799641927083334,0.4052470162742247,0.39644785831722196
llama4_maverick,hellaswag/test/1283.json,cross_token,8,3072,1822,3072,24576,0.5930989583333334,0.07413736979166667,0.5930989583333334,0.9258626302083334,0.4052470162742247,0.4360838603003077
llama4_maverick,hellaswag/test/1285.json,cross_token,1,3072,985,3072,3072,0.3206380208333333,0.3206380208333333,0.3206380208333333,0.6793619791666667,0.45524679019037534,0.3206380208333333
llama4_maverick,hellaswag/test/1285.json,cross_token,2,3072,1343,3072,6144,0.4371744791666667,0.21858723958333334,0.4371744791666667,0.7814127604166666,0.45524679019037534,0.3941643397716737
llama4_maverick,hellaswag/test/1285.json,cross_token,4,3072,1712,3072,12288,0.5572916666666666,0.13932291666666666,0.5572916666666666,0.8606770833333334,0.45524679019037534,0.4506123375879978
llama4_maverick,hellaswag/test/1285.json,cross_token,8,3072,2144,3072,24576,0.6979166666666666,0.08723958333333333,0.6979166666666666,0.9127604166666666,0.45524679019037534,0.5002841180098331
llama4_maverick,hellaswag/test/1287.json,cross_token,1,3072,978,3072,3072,0.318359375,0.318359375,0.318359375,0.681640625,0.4496835372502232,0.318359375
llama4_maverick,hellaswag/test/1287.json,cross_token,2,3072,1300,3072,6144,0.4231770833333333,0.21158854166666666,0.4231770833333333,0.7884114583333334,0.4496835372502232,0.38449198588867456
llama4_maverick,hellaswag/test/1287.json,cross_token,4,3072,1696,3072,12288,0.5520833333333334,0.13802083333333334,0.5520833333333334,0.8619791666666666,0.4496835372502232,0.4454247798533402
llama4_maverick,hellaswag/test/1287.json,cross_token,8,3072,2122,3072,24576,0.6907552083333334,0.08634440104166667,0.6907552083333334,0.9136555989583334,0.4496835372502232,0.4941038334555021
llama4_maverick,hellaswag/test/1310.json,cross_token,1,3072,951,3072,3072,0.3095703125,0.3095703125,0.3095703125,0.6904296875,0.4420585265508506,0.3095703125
llama4_maverick,hellaswag/test/1310.json,cross_token,2,3072,1300,3072,6144,0.4231770833333333,0.21158854166666666,0.4231770833333333,0.7884114583333334,0.4420585265508506,0.3812482044259238
llama4_maverick,hellaswag/test/1310.json,cross_token,4,3072,1678,3072,12288,0.5462239583333334,0.13655598958333334,0.5462239583333334,0.8634440104166666,0.4420585265508506,0.43877742017429483
llama4_maverick,hellaswag/test/1310.json,cross_token,8,3072,2088,3072,24576,0.6796875,0.0849609375,0.6796875,0.9150390625,0.4420585265508506,0.4857321394747125
llama4_maverick,hellaswag/test/1311.json,cross_token,1,3072,998,3072,3072,0.3248697916666667,0.3248697916666667,0.3248697916666667,0.6751302083333333,0.45439571232595816,0.3248697916666667
llama4_maverick,hellaswag/test/1311.json,cross_token,2,3072,1327,3072,6144,0.4319661458333333,0.21598307291666666,0.4319661458333333,0.7840169270833334,0.45439571232595816,0.3924400680094431
llama4_maverick,hellaswag/test/1311.json,cross_token,4,3072,1705,3072,12288,0.5550130208333334,0.13875325520833334,0.5550130208333334,0.8612467447916666,0.45439571232595816,0.4511201612116737
llama4_maverick,hellaswag/test/1311.json,cross_token,8,3072,2115,3072,24576,0.6884765625,0.0860595703125,0.6884765625,0.9139404296875,0.45439571232595816,0.4982893199562306
llama4_maverick,hellaswag/test/1312.json,cross_token,1,3072,924,3072,3072,0.30078125,0.30078125,0.30078125,0.69921875,0.4283337942526832,0.30078125
llama4_maverick,hellaswag/test/1312.json,cross_token,2,3072,1245,3072,6144,0.4052734375,0.20263671875,0.4052734375,0.79736328125,0.4283337942526832,0.36670848010951723
llama4_maverick,hellaswag/test/1312.json,cross_token,4,3072,1617,3072,12288,0.5263671875,0.131591796875,0.5263671875,0.868408203125,0.4283337942526832,0.4242089147904787
llama4_maverick,hellaswag/test/1312.json,cross_token,8,3072,2022,3072,24576,0.658203125,0.082275390625,0.658203125,0.917724609375,0.4283337942526832,0.4704043056085343
llama4_maverick,hellaswag/test/1313.json,cross_token,1,3072,1045,3072,3072,0.3401692708333333,0.3401692708333333,0.3401692708333333,0.6598307291666667,0.4687122541065157,0.3401692708333333
llama4_maverick,hellaswag/test/1313.json,cross_token,2,3072,1393,3072,6144,0.4534505208333333,0.22672526041666666,0.4534505208333333,0.7732747395833334,0.4687122541065157,0.4116417819801008
llama4_maverick,hellaswag/test/1313.json,cross_token,4,3072,1764,3072,12288,0.57421875,0.1435546875,0.57421875,0.8564453125,0.4687122541065157,0.46929538338859206
llama4_maverick,hellaswag/test/1313.json,cross_token,8,3072,2129,3072,24576,0.6930338541666666,0.08662923177083333,0.6930338541666666,0.9133707682291666,0.4687122541065157,0.5115401957868753
llama4_maverick,hellaswag/test/1331.json,cross_token,1,3072,1016,3072,3072,0.3307291666666667,0.3307291666666667,0.3307291666666667,0.6692708333333333,0.44822748982153154,0.3307291666666667
llama4_maverick,hellaswag/test/1331.json,cross_token,2,3072,1316,3072,6144,0.4283854166666667,0.21419270833333334,0.4283854166666667,0.7858072916666666,0.44822748982153154,0.39234340041387944
llama4_maverick,hellaswag/test/1331.json,cross_token,4,3072,1652,3072,12288,0.5377604166666666,0.13444010416666666,0.5377604166666666,0.8655598958333334,0.44822748982153154,0.4440747249931825
llama4_maverick,hellaswag/test/1331.json,cross_token,8,3072,2029,3072,24576,0.6604817708333334,0.08256022135416667,0.6604817708333334,0.9174397786458334,0.44822748982153154,0.4873747774057246
llama4_maverick,hellaswag/test/1332.json,cross_token,1,3072,1010,3072,3072,0.3287760416666667,0.3287760416666667,0.3287760416666667,0.6712239583333333,0.46714944461926317,0.3287760416666667
llama4_maverick,hellaswag/test/1332.json,cross_token,2,3072,1365,3072,6144,0.4443359375,0.22216796875,0.4443359375,0.77783203125,0.46714944461926317,0.40168621826753537
llama4_maverick,hellaswag/test/1332.json,cross_token,4,3072,1783,3072,12288,0.5804036458333334,0.14510091145833334,0.5804036458333334,0.8548990885416666,0.46714944461926317,0.46540992353837635
llama4_maverick,hellaswag/test/1332.json,cross_token,8,3072,2216,3072,24576,0.7213541666666666,0.09016927083333333,0.7213541666666666,0.9098307291666666,0.46714944461926317,0.5152403772429354
llama4_maverick,hellaswag/test/1344.json,cross_token,1,3072,1043,3072,3072,0.3395182291666667,0.3395182291666667,0.3395182291666667,0.6604817708333333,0.4726118096058487,0.3395182291666667
llama4_maverick,hellaswag/test/1344.json,cross_token,2,3072,1412,3072,6144,0.4596354166666667,0.22981770833333334,0.4596354166666667,0.7701822916666666,0.4726118096058487,0.41530373667573856
llama4_maverick,hellaswag/test/1344.json,cross_token,4,3072,1765,3072,12288,0.5745442708333334,0.14363606770833334,0.5745442708333334,0.8563639322916666,0.4726118096058487,0.46878650823202844
llama4_maverick,hellaswag/test/1344.json,cross_token,8,3072,2201,3072,24576,0.7164713541666666,0.08955891927083333,0.7164713541666666,0.9104410807291666,0.4726118096058487,0.5191726332355456
llama4_maverick,hellaswag/test/1347.json,cross_token,1,3072,1123,3072,3072,0.3655598958333333,0.3655598958333333,0.3655598958333333,0.6344401041666667,0.501501290817577,0.3655598958333333
llama4_maverick,hellaswag/test/1347.json,cross_token,2,3072,1512,3072,6144,0.4921875,0.24609375,0.4921875,0.75390625,0.501501290817577,0.44545301892555383
llama4_maverick,hellaswag/test/1347.json,cross_token,4,3072,1897,3072,12288,0.6175130208333334,0.15437825520833334,0.6175130208333334,0.8456217447916666,0.501501290817577,0.5046180145314719
llama4_maverick,hellaswag/test/1347.json,cross_token,8,3072,2279,3072,24576,0.7418619791666666,0.09273274739583333,0.7418619791666666,0.9072672526041666,0.501501290817577,0.5489405779258075
llama4_maverick,hellaswag/test/1365.json,cross_token,1,3072,1035,3072,3072,0.3369140625,0.3369140625,0.3369140625,0.6630859375,0.47293491810515514,0.3369140625
llama4_maverick,hellaswag/test/1365.json,cross_token,2,3072,1394,3072,6144,0.4537760416666667,0.22688802083333334,0.4537760416666667,0.7731119791666666,0.47293491810515514,0.4106457622174984
llama4_maverick,hellaswag/test/1365.json,cross_token,4,3072,1808,3072,12288,0.5885416666666666,0.14713541666666666,0.5885416666666666,0.8528645833333334,0.47293491810515514,0.4743051476608948
llama4_maverick,hellaswag/test/1365.json,cross_token,8,3072,2184,3072,24576,0.7109375,0.0888671875,0.7109375,0.9111328125,0.47293491810515514,0.5177790742882483
llama4_maverick,hellaswag/test/1380.json,cross_token,1,3072,910,3072,3072,0.2962239583333333,0.2962239583333333,0.2962239583333333,0.7037760416666667,0.4188701366961949,0.2962239583333333
llama4_maverick,hellaswag/test/1380.json,cross_token,2,3072,1187,3072,6144,0.3863932291666667,0.19319661458333334,0.3863932291666667,0.8068033854166666,0.4188701366961949,0.35311443415992544
llama4_maverick,hellaswag/test/1380.json,cross_token,4,3072,1562,3072,12288,0.5084635416666666,0.12711588541666666,0.5084635416666666,0.8728841145833334,0.4188701366961949,0.41040359712873603
llama4_maverick,hellaswag/test/1380.json,cross_token,8,3072,1968,3072,24576,0.640625,0.080078125,0.640625,0.919921875,0.4188701366961949,0.45715992606425626
llama4_maverick,hellaswag/test/1387.json,cross_token,1,3072,954,3072,3072,0.310546875,0.310546875,0.310546875,0.689453125,0.4431765573887895,0.310546875
llama4_maverick,hellaswag/test/1387.json,cross_token,2,3072,1287,3072,6144,0.4189453125,0.20947265625,0.4189453125,0.79052734375,0.4431765573887895,0.37893867445940616
llama4_maverick,hellaswag/test/1387.json,cross_token,4,3072,1673,3072,12288,0.5445963541666666,0.13614908854166666,0.5445963541666666,0.8638509114583334,0.4431765573887895,0.43790537088862336
llama4_maverick,hellaswag/test/1387.json,cross_token,8,3072,2110,3072,24576,0.6868489583333334,0.08585611979166667,0.6868489583333334,0.9141438802083334,0.4431765573887895,0.4883208591106423
llama4_maverick,hellaswag/test/1392.json,cross_token,1,3072,1033,3072,3072,0.3362630208333333,0.3362630208333333,0.3362630208333333,0.6637369791666667,0.45487379156910374,0.3362630208333333
llama4_maverick,hellaswag/test/1392.json,cross_token,2,3072,1296,3072,6144,0.421875,0.2109375,0.421875,0.7890625,0.45487379156910374,0.39027816575172297
llama4_maverick,hellaswag/test/1392.json,cross_token,4,3072,1682,3072,12288,0.5475260416666666,0.13688151041666666,0.5475260416666666,0.8631184895833334,0.45487379156910374,0.44960592177430764
llama4_maverick,hellaswag/test/1392.json,cross_token,8,3072,2062,3072,24576,0.6712239583333334,0.08390299479166667,0.6712239583333334,0.9160970052083334,0.45487379156910374,0.4931908948749051
llama4_maverick,hellaswag/test/1397.json,cross_token,1,3072,884,3072,3072,0.2877604166666667,0.2877604166666667,0.2877604166666667,0.7122395833333333,0.4077039945245555,0.2877604166666667
llama4_maverick,hellaswag/test/1397.json,cross_token,2,3072,1162,3072,6144,0.3782552083333333,0.18912760416666666,0.3782552083333333,0.8108723958333334,0.4077039945245555,0.34485627327241586
llama4_maverick,hellaswag/test/1397.json,cross_token,4,3072,1495,3072,12288,0.4866536458333333,0.12166341145833333,0.4866536458333333,0.8783365885416666,0.4077039945245555,0.3959187868050347
llama4_maverick,hellaswag/test/1397.json,cross_token,8,3072,1907,3072,24576,0.6207682291666666,0.07759602864583333,0.6207682291666666,0.9224039713541666,0.4077039945245555,0.442824162655318
llama4_maverick,hellaswag/test/1419.json,cross_token,1,3072,1038,3072,3072,0.337890625,0.337890625,0.337890625,0.662109375,0.46500449224536355,0.337890625
llama4_maverick,hellaswag/test/1419.json,cross_token,2,3072,1353,3072,6144,0.4404296875,0.22021484375,0.4404296875,0.77978515625,0.46500449224536355,0.4025855704345731
llama4_maverick,hellaswag/test/1419.json,cross_token,4,3072,1745,3072,12288,0.5680338541666666,0.14200846354166666,0.5680338541666666,0.8579915364583334,0.46500449224536355,0.4627996240588162
llama4_maverick,hellaswag/test/1419.json,cross_token,8,3072,2133,3072,24576,0.6943359375,0.0867919921875,0.6943359375,0.9132080078125,0.46500449224536355,0.5072370638890131
llama4_maverick,hellaswag/test/1433.json,cross_token,1,3072,991,3072,3072,0.3225911458333333,0.3225911458333333,0.3225911458333333,0.6774088541666667,0.4588767517867937,0.3225911458333333
llama4_maverick,hellaswag/test/1433.json,cross_token,2,3072,1337,3072,6144,0.4352213541666667,0.21761067708333334,0.4352213541666667,0.7823893229166666,0.4588767517867937,0.39365289542178555
llama4_maverick,hellaswag/test/1433.json,cross_token,4,3072,1771,3072,12288,0.5764973958333334,0.14412434895833334,0.5764973958333334,0.8558756510416666,0.4588767517867937,0.45948431041841253
llama4_maverick,hellaswag/test/1433.json,cross_token,8,3072,2218,3072,24576,0.7220052083333334,0.09025065104166667,0.7220052083333334,0.9097493489583334,0.4588767517867937,0.5107585399879573
llama4_maverick,hellaswag/test/1436.json,cross_token,1,3072,1044,3072,3072,0.33984375,0.33984375,0.33984375,0.66015625,0.4577300560911612,0.33984375
llama4_maverick,hellaswag/test/1436.json,cross_token,2,3072,1309,3072,6144,0.4261067708333333,0.21305338541666666,0.4261067708333333,0.7869466145833334,0.4577300560911612,0.39426965647670437
llama4_maverick,hellaswag/test/1436.json,cross_token,4,3072,1685,3072,12288,0.5485026041666666,0.13712565104166666,0.5485026041666666,0.8628743489583334,0.4577300560911612,0.45154105006549833
llama4_maverick,hellaswag/test/1436.json,cross_token,8,3072,2070,3072,24576,0.673828125,0.084228515625,0.673828125,0.915771484375,0.4577300560911612,0.4956021896125708
llama4_maverick,hellaswag/test/1438.json,cross_token,1,3072,979,3072,3072,0.3186848958333333,0.3186848958333333,0.3186848958333333,0.6813151041666667,0.44800536459048684,0.3186848958333333
llama4_maverick,hellaswag/test/1438.json,cross_token,2,3072,1308,3072,6144,0.42578125,0.212890625,0.42578125,0.787109375,0.44800536459048684,0.3862551721761099
llama4_maverick,hellaswag/test/1438.json,cross_token,4,3072,1699,3072,12288,0.5530598958333334,0.13826497395833334,0.5530598958333334,0.8617350260416666,0.44800536459048684,0.44614850181158733
llama4_maverick,hellaswag/test/1438.json,cross_token,8,3072,2079,3072,24576,0.6767578125,0.0845947265625,0.6767578125,0.9154052734375,0.44800536459048684,0.48979515862141304
llama4_maverick,hellaswag/test/1460.json,cross_token,1,3072,872,3072,3072,0.2838541666666667,0.2838541666666667,0.2838541666666667,0.7161458333333333,0.4298253279767686,0.2838541666666667
llama4_maverick,hellaswag/test/1460.json,cross_token,2,3072,1295,3072,6144,0.4215494791666667,0.21077473958333334,0.4215494791666667,0.7892252604166666,0.4298253279767686,0.3707302362502358
llama4_maverick,hellaswag/test/1460.json,cross_token,4,3072,1683,3072,12288,0.5478515625,0.136962890625,0.5478515625,0.863037109375,0.4298253279767686,0.4303158144323984
llama4_maverick,hellaswag/test/1460.json,cross_token,8,3072,2100,3072,24576,0.68359375,0.08544921875,0.68359375,0.91455078125,0.4298253279767686,0.4781597740420949
llama4_maverick,hellaswag/test/1462.json,cross_token,1,3072,973,3072,3072,0.3167317708333333,0.3167317708333333,0.3167317708333333,0.6832682291666667,0.462100691868409,0.3167317708333333
llama4_maverick,hellaswag/test/1462.json,cross_token,2,3072,1380,3072,6144,0.44921875,0.224609375,0.44921875,0.775390625,0.462100691868409,0.40032174795038533
llama4_maverick,hellaswag/test/1462.json,cross_token,4,3072,1806,3072,12288,0.587890625,0.14697265625,0.587890625,0.85302734375,0.462100691868409,0.46482851338909387
llama4_maverick,hellaswag/test/1462.json,cross_token,8,3072,2227,3072,24576,0.7249348958333334,0.09061686197916667,0.7249348958333334,0.9093831380208334,0.462100691868409,0.5136916164747451
llama4_maverick,hellaswag/test/1469.json,cross_token,1,3072,921,3072,3072,0.2998046875,0.2998046875,0.2998046875,0.7001953125,0.4344824391368374,0.2998046875
llama4_maverick,hellaswag/test/1469.json,cross_token,2,3072,1260,3072,6144,0.41015625,0.205078125,0.41015625,0.794921875,0.4344824391368374,0.3694287716343498
llama4_maverick,hellaswag/test/1469.json,cross_token,4,3072,1663,3072,12288,0.5413411458333334,0.13533528645833334,0.5413411458333334,0.8646647135416666,0.4344824391368374,0.4311172626977295
llama4_maverick,hellaswag/test/1469.json,cross_token,8,3072,2086,3072,24576,0.6790364583333334,0.08487955729166667,0.6790364583333334,0.9151204427083334,0.4344824391368374,0.479660044140148
llama4_maverick,hellaswag/test/1477.json,cross_token,1,3072,823,3072,3072,0.2679036458333333,0.2679036458333333,0.2679036458333333,0.7320963541666667,0.3951390549415372,0.2679036458333333
llama4_maverick,hellaswag/test/1477.json,cross_token,2,3072,1135,3072,6144,0.3694661458333333,0.18473307291666666,0.3694661458333333,0.8152669270833334,0.3951390549415372,0.3319824489304329
llama4_maverick,hellaswag/test/1477.json,cross_token,4,3072,1435,3072,12288,0.4671223958333333,0.11678059895833333,0.4671223958333333,0.8832194010416666,0.3951390549415372,0.3778318322851506
llama4_maverick,hellaswag/test/1477.json,cross_token,8,3072,1941,3072,24576,0.6318359375,0.0789794921875,0.6318359375,0.9210205078125,0.3951390549415372,0.43629443254766137
llama4_maverick,hellaswag/test/1480.json,cross_token,1,3072,1018,3072,3072,0.3313802083333333,0.3313802083333333,0.3313802083333333,0.6686197916666667,0.46163379107090496,0.3313802083333333
llama4_maverick,hellaswag/test/1480.json,cross_token,2,3072,1338,3072,6144,0.435546875,0.2177734375,0.435546875,0.7822265625,0.46163379107090496,0.39710205766369366
llama4_maverick,hellaswag/test/1480.json,cross_token,4,3072,1734,3072,12288,0.564453125,0.14111328125,0.564453125,0.85888671875,0.46163379107090496,0.45805741785294457
llama4_maverick,hellaswag/test/1480.json,cross_token,8,3072,2148,3072,24576,0.69921875,0.08740234375,0.69921875,0.91259765625,0.46163379107090496,0.5054553839077941
llama4_maverick,hellaswag/test/1485.json,cross_token,1,3072,1095,3072,3072,0.3564453125,0.3564453125,0.3564453125,0.6435546875,0.4869526787496124,0.3564453125
llama4_maverick,hellaswag/test/1485.json,cross_token,2,3072,1441,3072,6144,0.4690755208333333,0.23453776041666666,0.4690755208333333,0.7654622395833334,0.4869526787496124,0.4275070620884524
llama4_maverick,hellaswag/test/1485.json,cross_token,4,3072,1826,3072,12288,0.5944010416666666,0.14860026041666666,0.5944010416666666,0.8513997395833334,0.4869526787496124,0.48651409412227226
llama4_maverick,hellaswag/test/1485.json,cross_token,8,3072,2237,3072,24576,0.7281901041666666,0.09102376302083333,0.7281901041666666,0.9089762369791666,0.4869526787496124,0.5335405881601517
llama4_maverick,hellaswag/test/1490.json,cross_token,1,3072,980,3072,3072,0.3190104166666667,0.3190104166666667,0.3190104166666667,0.6809895833333333,0.46636452666553935,0.3190104166666667
llama4_maverick,hellaswag/test/1490.json,cross_token,2,3072,1409,3072,6144,0.4586588541666667,0.22932942708333334,0.4586588541666667,0.7706705729166666,0.46636452666553935,0.40711877092518106
llama4_maverick,hellaswag/test/1490.json,cross_token,4,3072,1835,3072,12288,0.5973307291666666,0.14933268229166666,0.5973307291666666,0.8506673177083334,0.46636452666553935,0.4726410164702363
llama4_maverick,hellaswag/test/1490.json,cross_token,8,3072,2208,3072,24576,0.71875,0.08984375,0.71875,0.91015625,0.46636452666553935,0.5153542307823745
llama4_maverick,hellaswag/test/1493.json,cross_token,1,3072,882,3072,3072,0.287109375,0.287109375,0.287109375,0.712890625,0.4290501736368175,0.287109375
llama4_maverick,hellaswag/test/1493.json,cross_token,2,3072,1273,3072,6144,0.4143880208333333,0.20719401041666666,0.4143880208333333,0.7928059895833334,0.4290501736368175,0.36741325965053323
llama4_maverick,hellaswag/test/1493.json,cross_token,4,3072,1648,3072,12288,0.5364583333333334,0.13411458333333334,0.5364583333333334,0.8658854166666666,0.4290501736368175,0.42456702527183215
llama4_maverick,hellaswag/test/1493.json,cross_token,8,3072,2097,3072,24576,0.6826171875,0.0853271484375,0.6826171875,0.9146728515625,0.4290501736368175,0.4759141546120893
llama4_maverick,hellaswag/test/1496.json,cross_token,1,3072,1003,3072,3072,0.3264973958333333,0.3264973958333333,0.3264973958333333,0.6735026041666667,0.45386382249457863,0.3264973958333333
llama4_maverick,hellaswag/test/1496.json,cross_token,2,3072,1338,3072,6144,0.435546875,0.2177734375,0.435546875,0.7822265625,0.45386382249457863,0.3952999568510538
llama4_maverick,hellaswag/test/1496.json,cross_token,4,3072,1693,3072,12288,0.5511067708333334,0.13777669270833334,0.5511067708333334,0.8622233072916666,0.45386382249457863,0.4502365604699508
llama4_maverick,hellaswag/test/1496.json,cross_token,8,3072,2077,3072,24576,0.6761067708333334,0.08451334635416667,0.6761067708333334,0.9154866536458334,0.45386382249457863,0.4944366710072716
llama4_maverick,hellaswag/test/1499.json,cross_token,1,3072,1126,3072,3072,0.3665364583333333,0.3665364583333333,0.3665364583333333,0.6334635416666667,0.4927250482603183,0.3665364583333333
llama4_maverick,hellaswag/test/1499.json,cross_token,2,3072,1424,3072,6144,0.4635416666666667,0.23177083333333334,0.4635416666666667,0.7682291666666666,0.4927250482603183,0.42773993052223175
llama4_maverick,hellaswag/test/1499.json,cross_token,4,3072,1867,3072,12288,0.6077473958333334,0.15193684895833334,0.6077473958333334,0.8480631510416666,0.4927250482603183,0.49544238131139723
llama4_maverick,hellaswag/test/1499.json,cross_token,8,3072,2231,3072,24576,0.7262369791666666,0.09077962239583333,0.7262369791666666,0.9092203776041666,0.4927250482603183,0.5374099644657917
llama4_maverick,hellaswag/test/15.json,cross_token,1,3072,1004,3072,3072,0.3268229166666667,0.3268229166666667,0.3268229166666667,0.6731770833333333,0.45957447646075816,0.3268229166666667
llama4_maverick,hellaswag/test/15.json,cross_token,2,3072,1363,3072,6144,0.4436848958333333,0.22184244791666666,0.4436848958333333,0.7781575520833334,0.45957447646075816,0.40055461638416484
llama4_maverick,hellaswag/test/15.json,cross_token,4,3072,1733,3072,12288,0.5641276041666666,0.14103190104166666,0.5641276041666666,0.8589680989583334,0.45957447646075816,0.4572782057400829
llama4_maverick,hellaswag/test/15.json,cross_token,8,3072,2132,3072,24576,0.6940104166666666,0.08675130208333333,0.6940104166666666,0.9132486979166666,0.45957447646075816,0.5035420722538105
llama4_maverick,hellaswag/test/152.json,cross_token,1,3072,766,3072,3072,0.24934895833333334,0.24934895833333334,0.24934895833333334,0.7506510416666666,0.382632811686583,0.24934895833333334
llama4_maverick,hellaswag/test/152.json,cross_token,2,3072,1091,3072,6144,0.3551432291666667,0.17757161458333334,0.3551432291666667,0.8224283854166666,0.382632811686583,0.31609771155947936
llama4_maverick,hellaswag/test/152.json,cross_token,4,3072,1490,3072,12288,0.4850260416666667,0.12125651041666667,0.4850260416666667,0.8787434895833334,0.382632811686583,0.37684180003658097
llama4_maverick,hellaswag/test/152.json,cross_token,8,3072,1888,3072,24576,0.6145833333333334,0.07682291666666667,0.6145833333333334,0.9231770833333334,0.382632811686583,0.42257738139408
llama4_maverick,hellaswag/test/1552.json,cross_token,1,3072,974,3072,3072,0.3170572916666667,0.3170572916666667,0.3170572916666667,0.6829427083333333,0.44707927472688286,0.3170572916666667
llama4_maverick,hellaswag/test/1552.json,cross_token,2,3072,1309,3072,6144,0.4261067708333333,0.21305338541666666,0.4261067708333333,0.7869466145833334,0.44707927472688286,0.38585985268438705
llama4_maverick,hellaswag/test/1552.json,cross_token,4,3072,1668,3072,12288,0.54296875,0.1357421875,0.54296875,0.8642578125,0.44707927472688286,0.44061254766028785
llama4_maverick,hellaswag/test/1552.json,cross_token,8,3072,2092,3072,24576,0.6809895833333334,0.08512369791666667,0.6809895833333334,0.9148763020833334,0.44707927472688286,0.48938393103008654
llama4_maverick,hellaswag/test/1556.json,cross_token,1,3072,951,3072,3072,0.3095703125,0.3095703125,0.3095703125,0.6904296875,0.44484073798558327,0.3095703125
llama4_maverick,hellaswag/test/1556.json,cross_token,2,3072,1333,3072,6144,0.4339192708333333,0.21695963541666666,0.4339192708333333,0.7830403645833334,0.44484073798558327,0.3880257701381174
llama4_maverick,hellaswag/test/1556.json,cross_token,4,3072,1669,3072,12288,0.5432942708333334,0.13582356770833334,0.5432942708333334,0.8641764322916666,0.44484073798558327,0.4393734688994675
llama4_maverick,hellaswag/test/1556.json,cross_token,8,3072,2124,3072,24576,0.69140625,0.08642578125,0.69140625,0.91357421875,0.44484073798558327,0.4916676931312556
llama4_maverick,hellaswag/test/156.json,cross_token,1,3072,990,3072,3072,0.322265625,0.322265625,0.322265625,0.677734375,0.4619131287776363,0.322265625
llama4_maverick,hellaswag/test/156.json,cross_token,2,3072,1389,3072,6144,0.4521484375,0.22607421875,0.4521484375,0.77392578125,0.4619131287776363,0.4042125558837926
llama4_maverick,hellaswag/test/156.json,cross_token,4,3072,1778,3072,12288,0.5787760416666666,0.14469401041666666,0.5787760416666666,0.8553059895833334,0.4619131287776363,0.46355470244008257
llama4_maverick,hellaswag/test/156.json,cross_token,8,3072,2161,3072,24576,0.7034505208333334,0.08793131510416667,0.7034505208333334,0.9120686848958334,0.4619131287776363,0.5075448589767906
llama4_maverick,hellaswag/test/1562.json,cross_token,1,3072,995,3072,3072,0.3238932291666667,0.3238932291666667,0.3238932291666667,0.6761067708333333,0.4517372429137942,0.3238932291666667
llama4_maverick,hellaswag/test/1562.json,cross_token,2,3072,1320,3072,6144,0.4296875,0.21484375,0.4296875,0.78515625,0.4517372429137942,0.3906419823928138
llama4_maverick,hellaswag/test/1562.json,cross_token,4,3072,1680,3072,12288,0.546875,0.13671875,0.546875,0.86328125,0.4517372429137942,0.4462118582983601
llama4_maverick,hellaswag/test/1562.json,cross_token,8,3072,2098,3072,24576,0.6829427083333334,0.08536783854166667,0.6829427083333334,0.9146321614583334,0.4517372429137942,0.49392245739458507
llama4_maverick,hellaswag/test/1564.json,cross_token,1,3072,1109,3072,3072,0.3610026041666667,0.3610026041666667,0.3610026041666667,0.6389973958333333,0.47323056504475275,0.3610026041666667
llama4_maverick,hellaswag/test/1564.json,cross_token,2,3072,1367,3072,6144,0.4449869791666667,0.22249348958333334,0.4449869791666667,0.7775065104166666,0.47323056504475275,0.41399084518926993
llama4_maverick,hellaswag/test/1564.json,cross_token,4,3072,1725,3072,12288,0.5615234375,0.140380859375,0.5615234375,0.859619140625,0.47323056504475275,0.46851308107474704
llama4_maverick,hellaswag/test/1564.json,cross_token,8,3072,2068,3072,24576,0.6731770833333334,0.08414713541666667,0.6731770833333334,0.9158528645833334,0.47323056504475275,0.5079256189951596
llama4_maverick,hellaswag/test/1566.json,cross_token,1,3072,1105,3072,3072,0.3597005208333333,0.3597005208333333,0.3597005208333333,0.6402994791666667,0.4972787976440876,0.3597005208333333
llama4_maverick,hellaswag/test/1566.json,cross_token,2,3072,1507,3072,6144,0.4905598958333333,0.24527994791666666,0.4905598958333333,0.7547200520833334,0.4972787976440876,0.44226359405459975
llama4_maverick,hellaswag/test/1566.json,cross_token,4,3072,1900,3072,12288,0.6184895833333334,0.15462239583333334,0.6184895833333334,0.8453776041666666,0.4972787976440876,0.5027983716676078
llama4_maverick,hellaswag/test/1566.json,cross_token,8,3072,2240,3072,24576,0.7291666666666666,0.09114583333333333,0.7291666666666666,0.9088541666666666,0.4972787976440876,0.5419935313723975
llama4_maverick,hellaswag/test/1570.json,cross_token,1,3072,998,3072,3072,0.3248697916666667,0.3248697916666667,0.3248697916666667,0.6751302083333333,0.4562809831004328,0.3248697916666667
llama4_maverick,hellaswag/test/1570.json,cross_token,2,3072,1341,3072,6144,0.4365234375,0.21826171875,0.4365234375,0.78173828125,0.4562809831004328,0.3953153989176466
llama4_maverick,hellaswag/test/1570.json,cross_token,4,3072,1719,3072,12288,0.5595703125,0.139892578125,0.5595703125,0.860107421875,0.4562809831004328,0.45309284313645753
llama4_maverick,hellaswag/test/1570.json,cross_token,8,3072,2124,3072,24576,0.69140625,0.08642578125,0.69140625,0.91357421875,0.4562809831004328,0.4998153557645213
llama4_maverick,hellaswag/test/1571.json,cross_token,1,3072,948,3072,3072,0.30859375,0.30859375,0.30859375,0.69140625,0.43747935724797454,0.30859375
llama4_maverick,hellaswag/test/1571.json,cross_token,2,3072,1264,3072,6144,0.4114583333333333,0.20572916666666666,0.4114583333333333,0.7942708333333334,0.43747935724797454,0.37349407621373
llama4_maverick,hellaswag/test/1571.json,cross_token,4,3072,1638,3072,12288,0.533203125,0.13330078125,0.533203125,0.86669921875,0.43747935724797454,0.43050764764294697
llama4_maverick,hellaswag/test/1571.json,cross_token,8,3072,2070,3072,24576,0.673828125,0.084228515625,0.673828125,0.915771484375,0.43747935724797454,0.4800525321336384
llama4_maverick,hellaswag/test/1578.json,cross_token,1,3072,1013,3072,3072,0.3297526041666667,0.3297526041666667,0.3297526041666667,0.6702473958333333,0.4578270773812465,0.3297526041666667
llama4_maverick,hellaswag/test/1578.json,cross_token,2,3072,1353,3072,6144,0.4404296875,0.22021484375,0.4404296875,0.77978515625,0.4578270773812465,0.39958206908017435
llama4_maverick,hellaswag/test/1578.json,cross_token,4,3072,1700,3072,12288,0.5533854166666666,0.13834635416666666,0.5533854166666666,0.8616536458333334,0.4578270773812465,0.45229137415773396
llama4_maverick,hellaswag/test/1578.json,cross_token,8,3072,2106,3072,24576,0.685546875,0.085693359375,0.685546875,0.914306640625,0.4578270773812465,0.49907018454071755
llama4_maverick,hellaswag/test/1591.json,cross_token,1,3072,1099,3072,3072,0.3577473958333333,0.3577473958333333,0.3577473958333333,0.6422526041666667,0.4931058946954619,0.3577473958333333
llama4_maverick,hellaswag/test/1591.json,cross_token,2,3072,1439,3072,6144,0.4684244791666667,0.23421223958333334,0.4684244791666667,0.7657877604166666,0.4931058946954619,0.4275768607468419
llama4_maverick,hellaswag/test/1591.json,cross_token,4,3072,1877,3072,12288,0.6110026041666666,0.15275065104166666,0.6110026041666666,0.8472493489583334,0.4931058946954619,0.4946460392493581
llama4_maverick,hellaswag/test/1591.json,cross_token,8,3072,2295,3072,24576,0.7470703125,0.0933837890625,0.7470703125,0.9066162109375,0.4931058946954619,0.5429415225661964
llama4_maverick,hellaswag/test/1593.json,cross_token,1,3072,1080,3072,3072,0.3515625,0.3515625,0.3515625,0.6484375,0.49161048607902996,0.3515625
llama4_maverick,hellaswag/test/1593.json,cross_token,2,3072,1505,3072,6144,0.4899088541666667,0.24495442708333334,0.4899088541666667,0.7550455729166666,0.49161048607902996,0.438849331141886
llama4_maverick,hellaswag/test/1593.json,cross_token,4,3072,1859,3072,12288,0.6051432291666666,0.15128580729166666,0.6051432291666666,0.8487141927083334,0.49161048607902996,0.49317184985240664
llama4_maverick,hellaswag/test/1593.json,cross_token,8,3072,2261,3072,24576,0.7360026041666666,0.09200032552083333,0.7360026041666666,0.9079996744791666,0.49161048607902996,0.539543566994029
llama4_maverick,hellaswag/test/1596.json,cross_token,1,3072,1172,3072,3072,0.3815104166666667,0.3815104166666667,0.3815104166666667,0.6184895833333333,0.521961871077903,0.3815104166666667
llama4_maverick,hellaswag/test/1596.json,cross_token,2,3072,1601,3072,6144,0.5211588541666666,0.2605794270833333,0.5211588541666666,0.7394205729166667,0.521961871077903,0.4696187709251826
llama4_maverick,hellaswag/test/1596.json,cross_token,4,3072,1951,3072,12288,0.6350911458333334,0.15877278645833334,0.6350911458333334,0.8412272135416666,0.521961871077903,0.5229291883756686
llama4_maverick,hellaswag/test/1596.json,cross_token,8,3072,2378,3072,24576,0.7740885416666666,0.09676106770833333,0.7740885416666666,0.9032389322916666,0.521961871077903,0.5729120058854359
llama4_maverick,hellaswag/test/1598.json,cross_token,1,3072,1064,3072,3072,0.3463541666666667,0.3463541666666667,0.3463541666666667,0.6536458333333333,0.45987829939403607,0.3463541666666667
llama4_maverick,hellaswag/test/1598.json,cross_token,2,3072,1335,3072,6144,0.4345703125,0.21728515625,0.4345703125,0.78271484375,0.45987829939403607,0.40201235781831596
llama4_maverick,hellaswag/test/1598.json,cross_token,4,3072,1662,3072,12288,0.541015625,0.13525390625,0.541015625,0.86474609375,0.45987829939403607,0.45221113997386225
llama4_maverick,hellaswag/test/1598.json,cross_token,8,3072,2039,3072,24576,0.6637369791666666,0.08296712239583333,0.6637369791666666,0.9170328776041666,0.45987829939403607,0.49583650004608715
llama4_maverick,hellaswag/test/160.json,cross_token,1,3072,899,3072,3072,0.2926432291666667,0.2926432291666667,0.2926432291666667,0.7073567708333333,0.4166936199765742,0.2926432291666667
llama4_maverick,hellaswag/test/160.json,cross_token,2,3072,1169,3072,6144,0.3805338541666667,0.19026692708333334,0.3805338541666667,0.8097330729166666,0.4166936199765742,0.348096039539157
llama4_maverick,hellaswag/test/160.json,cross_token,4,3072,1551,3072,12288,0.5048828125,0.126220703125,0.5048828125,0.873779296875,0.4166936199765742,0.40656965787380606
llama4_maverick,hellaswag/test/160.json,cross_token,8,3072,1985,3072,24576,0.6461588541666666,0.08076985677083333,0.6461588541666666,0.9192301432291666,0.4166936199765742,0.45667853262767694
llama4_maverick,hellaswag/test/1600.json,cross_token,1,3072,925,3072,3072,0.3011067708333333,0.3011067708333333,0.3011067708333333,0.6988932291666667,0.42702310316653475,0.3011067708333333
llama4_maverick,hellaswag/test/1600.json,cross_token,2,3072,1239,3072,6144,0.4033203125,0.20166015625,0.4033203125,0.79833984375,0.42702310316653475,0.36559633548874876
llama4_maverick,hellaswag/test/1600.json,cross_token,4,3072,1598,3072,12288,0.5201822916666666,0.13004557291666666,0.5201822916666666,0.8699544270833334,0.42702310316653475,0.42039416291382065
llama4_maverick,hellaswag/test/1600.json,cross_token,8,3072,2025,3072,24576,0.6591796875,0.0823974609375,0.6591796875,0.9176025390625,0.42702310316653475,0.46935347300446023
llama4_maverick,hellaswag/test/1608.json,cross_token,1,3072,1021,3072,3072,0.3323567708333333,0.3323567708333333,0.3323567708333333,0.6676432291666667,0.4601043773545712,0.3323567708333333
llama4_maverick,hellaswag/test/1608.json,cross_token,2,3072,1356,3072,6144,0.44140625,0.220703125,0.44140625,0.779296875,0.4601043773545712,0.4011593318510542
llama4_maverick,hellaswag/test/1608.json,cross_token,4,3072,1713,3072,12288,0.5576171875,0.139404296875,0.5576171875,0.860595703125,0.4601043773545712,0.4556316384427923
llama4_maverick,hellaswag/test/1608.json,cross_token,8,3072,2091,3072,24576,0.6806640625,0.0850830078125,0.6806640625,0.9149169921875,0.4601043773545712,0.4992595812488539
llama4_maverick,hellaswag/test/161.json,cross_token,1,3072,1045,3072,3072,0.3401692708333333,0.3401692708333333,0.3401692708333333,0.6598307291666667,0.47596366415651503,0.3401692708333333
llama4_maverick,hellaswag/test/161.json,cross_token,2,3072,1400,3072,6144,0.4557291666666667,0.22786458333333334,0.4557291666666667,0.7721354166666666,0.47596366415651503,0.41307944743420205
llama4_maverick,hellaswag/test/161.json,cross_token,4,3072,1814,3072,12288,0.5904947916666666,0.14762369791666666,0.5904947916666666,0.8523763020833334,0.47596366415651503,0.4769419288988679
llama4_maverick,hellaswag/test/161.json,cross_token,8,3072,2213,3072,24576,0.7203776041666666,0.09004720052083333,0.7203776041666666,0.9099527994791666,0.47596366415651503,0.5230675219147686
llama4_maverick,hellaswag/test/1612.json,cross_token,1,3072,1009,3072,3072,0.3284505208333333,0.3284505208333333,0.3284505208333333,0.6715494791666667,0.47539351273747377,0.3284505208333333
llama4_maverick,hellaswag/test/1612.json,cross_token,2,3072,1407,3072,6144,0.4580078125,0.22900390625,0.4580078125,0.77099609375,0.47539351273747377,0.41019207093796933
llama4_maverick,hellaswag/test/1612.json,cross_token,4,3072,1837,3072,12288,0.5979817708333334,0.14949544270833334,0.5979817708333334,0.8505045572916666,0.47539351273747377,0.4764330568234472
llama4_maverick,hellaswag/test/1612.json,cross_token,8,3072,2320,3072,24576,0.7552083333333334,0.09440104166666667,0.7552083333333334,0.9055989583333334,0.47539351273747377,0.5320491069474428
llama4_maverick,hellaswag/test/1618.json,cross_token,1,3072,1022,3072,3072,0.3326822916666667,0.3326822916666667,0.3326822916666667,0.6673177083333333,0.45842510450240814,0.3326822916666667
llama4_maverick,hellaswag/test/1618.json,cross_token,2,3072,1351,3072,6144,0.4397786458333333,0.21988932291666666,0.4397786458333333,0.7801106770833334,0.45842510450240814,0.40025256800944264
llama4_maverick,hellaswag/test/1618.json,cross_token,4,3072,1706,3072,12288,0.5553385416666666,0.13883463541666666,0.5553385416666666,0.8611653645833334,0.45842510450240814,0.45451218489077516
llama4_maverick,hellaswag/test/1618.json,cross_token,8,3072,2098,3072,24576,0.6829427083333334,0.08536783854166667,0.6829427083333334,0.9146321614583334,0.45842510450240814,0.4994776217827533
llama4_maverick,hellaswag/test/1625.json,cross_token,1,3072,980,3072,3072,0.3190104166666667,0.3190104166666667,0.3190104166666667,0.6809895833333333,0.4611921091329095,0.3190104166666667
llama4_maverick,hellaswag/test/1625.json,cross_token,2,3072,1378,3072,6144,0.4485677083333333,0.22428385416666666,0.4485677083333333,0.7757161458333334,0.4611921091329095,0.4007519667713022
llama4_maverick,hellaswag/test/1625.json,cross_token,4,3072,1779,3072,12288,0.5791015625,0.144775390625,0.5791015625,0.855224609375,0.4611921091329095,0.46209237077676285
llama4_maverick,hellaswag/test/1625.json,cross_token,8,3072,2185,3072,24576,0.7112630208333334,0.08890787760416667,0.7112630208333334,0.9110921223958334,0.4611921091329095,0.5087315162351556
llama4_maverick,hellaswag/test/1649.json,cross_token,1,3072,997,3072,3072,0.3245442708333333,0.3245442708333333,0.3245442708333333,0.6754557291666667,0.4539614609281233,0.3245442708333333
llama4_maverick,hellaswag/test/1649.json,cross_token,2,3072,1319,3072,6144,0.4293619791666667,0.21468098958333334,0.4293619791666667,0.7853190104166666,0.4539614609281233,0.39067688172200815
llama4_maverick,hellaswag/test/1649.json,cross_token,4,3072,1716,3072,12288,0.55859375,0.1396484375,0.55859375,0.8603515625,0.4539614609281233,0.4510051844674345
llama4_maverick,hellaswag/test/1649.json,cross_token,8,3072,2158,3072,24576,0.7024739583333334,0.08780924479166667,0.7024739583333334,0.9121907552083334,0.4539614609281233,0.5013594222826255
llama4_maverick,hellaswag/test/165.json,cross_token,1,3072,1030,3072,3072,0.3352864583333333,0.3352864583333333,0.3352864583333333,0.6647135416666667,0.46696043182470803,0.3352864583333333
llama4_maverick,hellaswag/test/165.json,cross_token,2,3072,1393,3072,6144,0.4534505208333333,0.22672526041666666,0.4534505208333333,0.7732747395833334,0.46696043182470803,0.40983968116746095
llama4_maverick,hellaswag/test/165.json,cross_token,4,3072,1765,3072,12288,0.5745442708333334,0.14363606770833334,0.5745442708333334,0.8563639322916666,0.46696043182470803,0.4667082615600284
llama4_maverick,hellaswag/test/165.json,cross_token,8,3072,2143,3072,24576,0.6975911458333334,0.08719889322916667,0.6975911458333334,0.9128011067708334,0.46696043182470803,0.5105373839007988
llama4_maverick,hellaswag/test/1654.json,cross_token,1,3072,1018,3072,3072,0.3313802083333333,0.3313802083333333,0.3313802083333333,0.6686197916666667,0.452909463513562,0.3313802083333333
llama4_maverick,hellaswag/test/1654.json,cross_token,2,3072,1311,3072,6144,0.4267578125,0.21337890625,0.4267578125,0.78662109375,0.452909463513562,0.39155677662644445
llama4_maverick,hellaswag/test/1654.json,cross_token,4,3072,1640,3072,12288,0.5338541666666666,0.13346354166666666,0.5338541666666666,0.8665364583333334,0.452909463513562,0.4418328511448837
llama4_maverick,hellaswag/test/1654.json,cross_token,8,3072,2069,3072,24576,0.6735026041666666,0.08418782552083333,0.6735026041666666,0.9158121744791666,0.452909463513562,0.491310950669466
llama4_maverick,hellaswag/test/1659.json,cross_token,1,3072,914,3072,3072,0.2975260416666667,0.2975260416666667,0.2975260416666667,0.7024739583333333,0.4206869611802013,0.2975260416666667
llama4_maverick,hellaswag/test/1659.json,cross_token,2,3072,1229,3072,6144,0.4000651041666667,0.20003255208333334,0.4000651041666667,0.7999674479166666,0.4206869611802013,0.36222098710123934
llama4_maverick,hellaswag/test/1659.json,cross_token,4,3072,1546,3072,12288,0.5032552083333334,0.12581380208333334,0.5032552083333334,0.8741861979166666,0.4206869611802013,0.4107244664163627
llama4_maverick,hellaswag/test/1659.json,cross_token,8,3072,1955,3072,24576,0.6363932291666666,0.07954915364583333,0.6363932291666666,0.9204508463541666,0.4206869611802013,0.45731738428277774
llama4_maverick,hellaswag/test/1672.json,cross_token,1,3072,1077,3072,3072,0.3505859375,0.3505859375,0.3505859375,0.6494140625,0.46863995076109277,0.3505859375
llama4_maverick,hellaswag/test/1672.json,cross_token,2,3072,1404,3072,6144,0.45703125,0.228515625,0.45703125,0.771484375,0.46863995076109277,0.41774545228446297
llama4_maverick,hellaswag/test/1672.json,cross_token,4,3072,1714,3072,12288,0.5579427083333334,0.13948567708333334,0.5579427083333334,0.8605143229166666,0.46863995076109277,0.4653804033779451
llama4_maverick,hellaswag/test/1672.json,cross_token,8,3072,2039,3072,24576,0.6637369791666666,0.08296712239583333,0.6637369791666666,0.9170328776041666,0.46863995076109277,0.5029407405823217
llama4_maverick,hellaswag/test/1673.json,cross_token,1,3072,1154,3072,3072,0.3756510416666667,0.3756510416666667,0.3756510416666667,0.6243489583333333,0.49364818628257123,0.3756510416666667
llama4_maverick,hellaswag/test/1673.json,cross_token,2,3072,1446,3072,6144,0.470703125,0.2353515625,0.470703125,0.7646484375,0.49364818628257123,0.43562222918062105
llama4_maverick,hellaswag/test/1673.json,cross_token,4,3072,1817,3072,12288,0.5914713541666666,0.14786783854166666,0.5914713541666666,0.8521321614583334,0.49364818628257123,0.49271167497447443
llama4_maverick,hellaswag/test/1673.json,cross_token,8,3072,2165,3072,24576,0.7047526041666666,0.08809407552083333,0.7047526041666666,0.9119059244791666,0.49364818628257123,0.5328338125946238
llama4_maverick,hellaswag/test/1682.json,cross_token,1,3072,1019,3072,3072,0.3317057291666667,0.3317057291666667,0.3317057291666667,0.6682942708333333,0.46576680405952403,0.3317057291666667
llama4_maverick,hellaswag/test/1682.json,cross_token,2,3072,1361,3072,6144,0.4430338541666667,0.22151692708333334,0.4430338541666667,0.7784830729166666,0.46576680405952403,0.40194595563848945
llama4_maverick,hellaswag/test/1682.json,cross_token,4,3072,1763,3072,12288,0.5738932291666666,0.14347330729166666,0.5738932291666666,0.8565266927083334,0.46576680405952403,0.4637424809802279
llama4_maverick,hellaswag/test/1682.json,cross_token,8,3072,2177,3072,24576,0.7086588541666666,0.08858235677083333,0.7086588541666666,0.9114176432291666,0.46576680405952403,0.511096826101958
llama4_maverick,hellaswag/test/1687.json,cross_token,1,3072,1006,3072,3072,0.3274739583333333,0.3274739583333333,0.3274739583333333,0.6725260416666667,0.44216763536219933,0.3274739583333333
llama4_maverick,hellaswag/test/1687.json,cross_token,2,3072,1294,3072,6144,0.4212239583333333,0.21061197916666666,0.4212239583333333,0.7893880208333334,0.44216763536219933,0.38662362273065737
llama4_maverick,hellaswag/test/1687.json,cross_token,4,3072,1642,3072,12288,0.5345052083333334,0.13362630208333334,0.5345052083333334,0.8663736979166666,0.44216763536219933,0.43994701271659237
llama4_maverick,hellaswag/test/1687.json,cross_token,8,3072,1975,3072,24576,0.6429036458333334,0.08036295572916667,0.6429036458333334,0.9196370442708334,0.44216763536219933,0.4780543727885611
llama4_maverick,hellaswag/test/1690.json,cross_token,1,3072,1016,3072,3072,0.3307291666666667,0.3307291666666667,0.3307291666666667,0.6692708333333333,0.46846087324025043,0.3307291666666667
llama4_maverick,hellaswag/test/1690.json,cross_token,2,3072,1378,3072,6144,0.4485677083333333,0.22428385416666666,0.4485677083333333,0.7757161458333334,0.46846087324025043,0.40507700872163727
llama4_maverick,hellaswag/test/1690.json,cross_token,4,3072,1766,3072,12288,0.5748697916666666,0.14371744791666666,0.5748697916666666,0.8562825520833334,0.46846087324025043,0.4643692259841876
llama4_maverick,hellaswag/test/1690.json,cross_token,8,3072,2252,3072,24576,0.7330729166666666,0.09163411458333333,0.7330729166666666,0.9083658854166666,0.46846087324025043,0.5203391827217732
llama4_maverick,hellaswag/test/1692.json,cross_token,1,3072,1058,3072,3072,0.3444010416666667,0.3444010416666667,0.3444010416666667,0.6555989583333333,0.4606836917132601,0.3444010416666667
llama4_maverick,hellaswag/test/1692.json,cross_token,2,3072,1334,3072,6144,0.4342447916666667,0.21712239583333334,0.4342447916666667,0.7828776041666666,0.4606836917132601,0.4010861367141023
llama4_maverick,hellaswag/test/1692.json,cross_token,4,3072,1656,3072,12288,0.5390625,0.134765625,0.5390625,0.865234375,0.4606836917132601,0.45026802076504585
llama4_maverick,hellaswag/test/1692.json,cross_token,8,3072,2061,3072,24576,0.6708984375,0.0838623046875,0.6708984375,0.9161376953125,0.4606836917132601,0.4967283112215375
llama4_maverick,hellaswag/test/1696.json,cross_token,1,3072,980,3072,3072,0.3190104166666667,0.3190104166666667,0.3190104166666667,0.6809895833333333,0.45251403167079096,0.3190104166666667
llama4_maverick,hellaswag/test/1696.json,cross_token,2,3072,1322,3072,6144,0.4303385416666667,0.21516927083333334,0.4303385416666667,0.7848307291666666,0.45251403167079096,0.38925064313848884
llama4_maverick,hellaswag/test/1696.json,cross_token,4,3072,1732,3072,12288,0.5638020833333334,0.14095052083333334,0.5638020833333334,0.8590494791666666,0.45251403167079096,0.452349251813561
llama4_maverick,hellaswag/test/1696.json,cross_token,8,3072,2119,3072,24576,0.6897786458333334,0.08622233072916667,0.6897786458333334,0.9137776692708334,0.45251403167079096,0.49680955132814825
llama4_maverick,hellaswag/test/1702.json,cross_token,1,3072,989,3072,3072,0.3219401041666667,0.3219401041666667,0.3219401041666667,0.6780598958333333,0.44823855155625153,0.3219401041666667
llama4_maverick,hellaswag/test/1702.json,cross_token,2,3072,1308,3072,6144,0.42578125,0.212890625,0.42578125,0.787109375,0.44823855155625153,0.3874565727178691
llama4_maverick,hellaswag/test/1702.json,cross_token,4,3072,1668,3072,12288,0.54296875,0.1357421875,0.54296875,0.8642578125,0.44823855155625153,0.4427105214792191
llama4_maverick,hellaswag/test/1702.json,cross_token,8,3072,2083,3072,24576,0.6780598958333334,0.08475748697916667,0.6780598958333334,0.9152425130208334,0.44823855155625153,0.4905892162110678
llama4_maverick,hellaswag/test/1716.json,cross_token,1,3072,1008,3072,3072,0.328125,0.328125,0.328125,0.671875,0.45249104018582487,0.328125
llama4_maverick,hellaswag/test/1716.json,cross_token,2,3072,1329,3072,6144,0.4326171875,0.21630859375,0.4326171875,0.78369140625,0.45249104018582487,0.3940522301095173
llama4_maverick,hellaswag/test/1716.json,cross_token,4,3072,1663,3072,12288,0.5413411458333334,0.13533528645833334,0.5413411458333334,0.8646647135416666,0.45249104018582487,0.44525493783421705
llama4_maverick,hellaswag/test/1716.json,cross_token,8,3072,2065,3072,24576,0.6722005208333334,0.08402506510416667,0.6722005208333334,0.9159749348958334,0.45249104018582487,0.49180293636863004
llama4_maverick,hellaswag/test/1717.json,cross_token,1,3072,960,3072,3072,0.3125,0.3125,0.3125,0.6875,0.4419333050170194,0.3125
llama4_maverick,hellaswag/test/1717.json,cross_token,2,3072,1303,3072,6144,0.4241536458333333,0.21207682291666666,0.4241536458333333,0.7879231770833334,0.4419333050170194,0.3829456072509793
llama4_maverick,hellaswag/test/1717.json,cross_token,4,3072,1649,3072,12288,0.5367838541666666,0.13419596354166666,0.5367838541666666,0.8658040364583334,0.4419333050170194,0.4360563075265085
llama4_maverick,hellaswag/test/1717.json,cross_token,8,3072,2048,3072,24576,0.6666666666666666,0.08333333333333333,0.6666666666666666,0.9166666666666666,0.4419333050170194,0.48166181505354255
llama4_maverick,hellaswag/test/1729.json,cross_token,1,3072,917,3072,3072,0.2985026041666667,0.2985026041666667,0.2985026041666667,0.7014973958333333,0.4263527440519193,0.2985026041666667
llama4_maverick,hellaswag/test/1729.json,cross_token,2,3072,1229,3072,6144,0.4000651041666667,0.20003255208333334,0.4000651041666667,0.7999674479166666,0.4263527440519193,0.362581407263767
llama4_maverick,hellaswag/test/1729.json,cross_token,4,3072,1600,3072,12288,0.5208333333333334,0.13020833333333334,0.5208333333333334,0.8697916666666666,0.4263527440519193,0.4188584689725439
llama4_maverick,hellaswag/test/1729.json,cross_token,8,3072,2018,3072,24576,0.6569010416666666,0.08211263020833333,0.6569010416666666,0.9178873697916666,0.4263527440519193,0.46732435731023186
llama4_maverick,hellaswag/test/1733.json,cross_token,1,3072,908,3072,3072,0.2955729166666667,0.2955729166666667,0.2955729166666667,0.7044270833333333,0.4439152778612449,0.2955729166666667
llama4_maverick,hellaswag/test/1733.json,cross_token,2,3072,1313,3072,6144,0.4274088541666667,0.21370442708333334,0.4274088541666667,0.7862955729166666,0.4439152778612449,0.3787521322254035
llama4_maverick,hellaswag/test/1733.json,cross_token,4,3072,1757,3072,12288,0.5719401041666666,0.14298502604166666,0.5719401041666666,0.8570149739583334,0.4439152778612449,0.4464368136345526
llama4_maverick,hellaswag/test/1733.json,cross_token,8,3072,2185,3072,24576,0.7112630208333334,0.08890787760416667,0.7112630208333334,0.9110921223958334,0.4439152778612449,0.49573622202698625
llama4_maverick,hellaswag/test/1736.json,cross_token,1,3072,938,3072,3072,0.3053385416666667,0.3053385416666667,0.3053385416666667,0.6946614583333333,0.4247853224584854,0.3053385416666667
llama4_maverick,hellaswag/test/1736.json,cross_token,2,3072,1206,3072,6144,0.392578125,0.1962890625,0.392578125,0.8037109375,0.4247853224584854,0.36038059048084264
llama4_maverick,hellaswag/test/1736.json,cross_token,4,3072,1564,3072,12288,0.5091145833333334,0.12727864583333334,0.5091145833333334,0.8727213541666666,0.4247853224584854,0.41578290912515437
llama4_maverick,hellaswag/test/1736.json,cross_token,8,3072,1959,3072,24576,0.6376953125,0.0797119140625,0.6376953125,0.9202880859375,0.4247853224584854,0.46118473896137707
llama4_maverick,hellaswag/test/174.json,cross_token,1,3072,1030,3072,3072,0.3352864583333333,0.3352864583333333,0.3352864583333333,0.6647135416666667,0.46378200414804094,0.3352864583333333
llama4_maverick,hellaswag/test/174.json,cross_token,2,3072,1380,3072,6144,0.44921875,0.224609375,0.44921875,0.775390625,0.46378200414804094,0.4071697310384154
llama4_maverick,hellaswag/test/174.json,cross_token,4,3072,1719,3072,12288,0.5595703125,0.139892578125,0.5595703125,0.860107421875,0.46378200414804094,0.4590959759481071
llama4_maverick,hellaswag/test/174.json,cross_token,8,3072,2146,3072,24576,0.6985677083333334,0.08732096354166667,0.6985677083333334,0.9126790364583334,0.46378200414804094,0.5083880572231086
llama4_maverick,hellaswag/test/1742.json,cross_token,1,3072,1020,3072,3072,0.33203125,0.33203125,0.33203125,0.66796875,0.4551737808978496,0.33203125
llama4_maverick,hellaswag/test/1742.json,cross_token,2,3072,1323,3072,6144,0.4306640625,0.21533203125,0.4306640625,0.78466796875,0.4551737808978496,0.39426162608468446
llama4_maverick,hellaswag/test/1742.json,cross_token,4,3072,1690,3072,12288,0.5501302083333334,0.13753255208333334,0.5501302083333334,0.8624674479166666,0.4551737808978496,0.4506774639872863
llama4_maverick,hellaswag/test/1742.json,cross_token,8,3072,2080,3072,24576,0.6770833333333334,0.08463541666666667,0.6770833333333334,0.9153645833333334,0.4551737808978496,0.4954904822054105
llama4_maverick,hellaswag/test/1752.json,cross_token,1,3072,877,3072,3072,0.2854817708333333,0.2854817708333333,0.2854817708333333,0.7145182291666667,0.42388861724956867,0.2854817708333333
llama4_maverick,hellaswag/test/1752.json,cross_token,2,3072,1220,3072,6144,0.3971354166666667,0.19856770833333334,0.3971354166666667,0.8014322916666666,0.42388861724956867,0.35592737808431196
llama4_maverick,hellaswag/test/1752.json,cross_token,4,3072,1642,3072,12288,0.5345052083333334,0.13362630208333334,0.5345052083333334,0.8663736979166666,0.42388861724956867,0.4197154031825974
llama4_maverick,hellaswag/test/1752.json,cross_token,8,3072,2083,3072,24576,0.6780598958333334,0.08475748697916667,0.6780598958333334,0.9152425130208334,0.42388861724956867,0.47078197883770034
llama4_maverick,hellaswag/test/176.json,cross_token,1,3072,1039,3072,3072,0.3382161458333333,0.3382161458333333,0.3382161458333333,0.6617838541666667,0.45936587145093916,0.3382161458333333
llama4_maverick,hellaswag/test/176.json,cross_token,2,3072,1366,3072,6144,0.4446614583333333,0.22233072916666666,0.4446614583333333,0.7776692708333334,0.45936587145093916,0.40537566061779534
llama4_maverick,hellaswag/test/176.json,cross_token,4,3072,1659,3072,12288,0.5400390625,0.135009765625,0.5400390625,0.864990234375,0.45936587145093916,0.450153419729602
llama4_maverick,hellaswag/test/176.json,cross_token,8,3072,2027,3072,24576,0.6598307291666666,0.08247884114583333,0.6598307291666666,0.9175211588541666,0.45936587145093916,0.49283468099383687
llama4_maverick,hellaswag/test/1761.json,cross_token,1,3072,1082,3072,3072,0.3522135416666667,0.3522135416666667,0.3522135416666667,0.6477864583333333,0.501442342822222,0.3522135416666667
llama4_maverick,hellaswag/test/1761.json,cross_token,2,3072,1520,3072,6144,0.4947916666666667,0.24739583333333334,0.4947916666666667,0.7526041666666666,0.501442342822222,0.4421703229375982
llama4_maverick,hellaswag/test/1761.json,cross_token,4,3072,1958,3072,12288,0.6373697916666666,0.15934244791666666,0.6373697916666666,0.8406575520833334,0.501442342822222,0.5095102961351403
llama4_maverick,hellaswag/test/1761.json,cross_token,8,3072,2356,3072,24576,0.7669270833333334,0.09586588541666667,0.7669270833333334,0.9041341145833334,0.501442342822222,0.5554813471404
llama4_maverick,hellaswag/test/1771.json,cross_token,1,3072,1032,3072,3072,0.3359375,0.3359375,0.3359375,0.6640625,0.4619080336399057,0.3359375
llama4_maverick,hellaswag/test/1771.json,cross_token,2,3072,1361,3072,6144,0.4430338541666667,0.22151692708333334,0.4430338541666667,0.7784830729166666,0.4619080336399057,0.40350777634277674
llama4_maverick,hellaswag/test/1771.json,cross_token,4,3072,1736,3072,12288,0.5651041666666666,0.14127604166666666,0.5651041666666666,0.8587239583333334,0.4619080336399057,0.46084207176075903
llama4_maverick,hellaswag/test/1771.json,cross_token,8,3072,2087,3072,24576,0.6793619791666666,0.08492024739583333,0.6793619791666666,0.9150797526041666,0.4619080336399057,0.5011206327375974
llama4_maverick,hellaswag/test/1773.json,cross_token,1,3072,1165,3072,3072,0.3792317708333333,0.3792317708333333,0.3792317708333333,0.6207682291666667,0.5109548401965619,0.3792317708333333
llama4_maverick,hellaswag/test/1773.json,cross_token,2,3072,1536,3072,6144,0.5,0.25,0.5,0.75,0.5109548401965619,0.45542803990072117
llama4_maverick,hellaswag/test/1773.json,cross_token,4,3072,1904,3072,12288,0.6197916666666666,0.15494791666666666,0.6197916666666666,0.8450520833333334,0.5109548401965619,0.5118938070970626
llama4_maverick,hellaswag/test/1773.json,cross_token,8,3072,2285,3072,24576,0.7438151041666666,0.09297688802083333,0.7438151041666666,0.9070231119791666,0.5109548401965619,0.5560920432434328
llama4_maverick,hellaswag/test/1776.json,cross_token,1,3072,855,3072,3072,0.2783203125,0.2783203125,0.2783203125,0.7216796875,0.40403488875715415,0.2783203125
llama4_maverick,hellaswag/test/1776.json,cross_token,2,3072,1217,3072,6144,0.3961588541666667,0.19807942708333334,0.3961588541666667,0.8019205729166666,0.40403488875715415,0.35266815455496864
llama4_maverick,hellaswag/test/1776.json,cross_token,4,3072,1495,3072,12288,0.4866536458333333,0.12166341145833333,0.4866536458333333,0.8783365885416666,0.40403488875715415,0.3952076034380456
llama4_maverick,hellaswag/test/1776.json,cross_token,8,3072,1866,3072,24576,0.607421875,0.075927734375,0.607421875,0.924072265625,0.40403488875715415,0.43780722226552715
llama4_maverick,hellaswag/test/1777.json,cross_token,1,3072,915,3072,3072,0.2978515625,0.2978515625,0.2978515625,0.7021484375,0.4379294072035136,0.2978515625
llama4_maverick,hellaswag/test/1777.json,cross_token,2,3072,1288,3072,6144,0.4192708333333333,0.20963541666666666,0.4192708333333333,0.7903645833333334,0.4379294072035136,0.37445859312570073
llama4_maverick,hellaswag/test/1777.json,cross_token,4,3072,1676,3072,12288,0.5455729166666666,0.13639322916666666,0.5455729166666666,0.8636067708333334,0.4379294072035136,0.43361541304073875
llama4_maverick,hellaswag/test/1777.json,cross_token,8,3072,2139,3072,24576,0.6962890625,0.0870361328125,0.6962890625,0.9129638671875,0.4379294072035136,0.48721186160365165
llama4_maverick,hellaswag/test/1785.json,cross_token,1,3072,1028,3072,3072,0.3346354166666667,0.3346354166666667,0.3346354166666667,0.6653645833333333,0.4721540300221008,0.3346354166666667
llama4_maverick,hellaswag/test/1785.json,cross_token,2,3072,1421,3072,6144,0.4625651041666667,0.23128255208333334,0.4625651041666667,0.7687174479166666,0.4721540300221008,0.415350062875516
llama4_maverick,hellaswag/test/1785.json,cross_token,4,3072,1786,3072,12288,0.5813802083333334,0.14534505208333334,0.5813802083333334,0.8546549479166666,0.4721540300221008,0.4711921514743442
llama4_maverick,hellaswag/test/1785.json,cross_token,8,3072,2187,3072,24576,0.7119140625,0.0889892578125,0.7119140625,0.9110107421875,0.4721540300221008,0.5173804051393701
llama4_maverick,hellaswag/test/1787.json,cross_token,1,3072,988,3072,3072,0.3216145833333333,0.3216145833333333,0.3216145833333333,0.6783854166666667,0.4516068261575162,0.3216145833333333
llama4_maverick,hellaswag/test/1787.json,cross_token,2,3072,1285,3072,6144,0.4182942708333333,0.20914713541666666,0.4182942708333333,0.7908528645833334,0.4516068261575162,0.382612674743074
llama4_maverick,hellaswag/test/1787.json,cross_token,4,3072,1699,3072,12288,0.5530598958333334,0.13826497395833334,0.5530598958333334,0.8617350260416666,0.4516068261575162,0.4457530370210046
llama4_maverick,hellaswag/test/1787.json,cross_token,8,3072,2143,3072,24576,0.6975911458333334,0.08719889322916667,0.6975911458333334,0.9128011067708334,0.4516068261575162,0.49711982833410046
llama4_maverick,hellaswag/test/1794.json,cross_token,1,3072,1144,3072,3072,0.3723958333333333,0.3723958333333333,0.3723958333333333,0.6276041666666667,0.5124320351671493,0.3723958333333333
llama4_maverick,hellaswag/test/1794.json,cross_token,2,3072,1555,3072,6144,0.5061848958333334,0.2530924479166667,0.5061848958333334,0.7469075520833333,0.5124320351671493,0.45680733356701575
llama4_maverick,hellaswag/test/1794.json,cross_token,4,3072,1966,3072,12288,0.6399739583333334,0.15999348958333334,0.6399739583333334,0.8400065104166666,0.5124320351671493,0.5196625106162162
llama4_maverick,hellaswag/test/1794.json,cross_token,8,3072,2326,3072,24576,0.7571614583333334,0.09464518229166667,0.7571614583333334,0.9053548177083334,0.5124320351671493,0.561197867014398
llama4_maverick,hellaswag/test/1815.json,cross_token,1,3072,1098,3072,3072,0.357421875,0.357421875,0.357421875,0.642578125,0.4738490020080393,0.357421875
llama4_maverick,hellaswag/test/1815.json,cross_token,2,3072,1368,3072,6144,0.4453125,0.22265625,0.4453125,0.77734375,0.4738490020080393,0.41287468537249167
llama4_maverick,hellaswag/test/1815.json,cross_token,4,3072,1731,3072,12288,0.5634765625,0.140869140625,0.5634765625,0.859130859375,0.4738490020080393,0.46854921671008465
llama4_maverick,hellaswag/test/1815.json,cross_token,8,3072,2099,3072,24576,0.6832682291666666,0.08540852864583333,0.6832682291666666,0.9145914713541666,0.4738490020080393,0.510637436596208
llama4_maverick,hellaswag/test/1819.json,cross_token,1,3072,1110,3072,3072,0.361328125,0.361328125,0.361328125,0.638671875,0.48852723277642984,0.361328125
llama4_maverick,hellaswag/test/1819.json,cross_token,2,3072,1436,3072,6144,0.4674479166666667,0.23372395833333334,0.4674479166666667,0.7662760416666666,0.48852723277642984,0.42828225900530587
llama4_maverick,hellaswag/test/1819.json,cross_token,4,3072,1800,3072,12288,0.5859375,0.146484375,0.5859375,0.853515625,0.48852723277642984,0.483758491166198
llama4_maverick,hellaswag/test/1819.json,cross_token,8,3072,2229,3072,24576,0.7255859375,0.0906982421875,0.7255859375,0.9093017578125,0.48852723277642984,0.5330659477356191
llama4_maverick,hellaswag/test/1838.json,cross_token,1,3072,1002,3072,3072,0.326171875,0.326171875,0.326171875,0.673828125,0.4594760700188388,0.326171875
llama4_maverick,hellaswag/test/1838.json,cross_token,2,3072,1365,3072,6144,0.4443359375,0.22216796875,0.4443359375,0.77783203125,0.4594760700188388,0.4007250978341273
llama4_maverick,hellaswag/test/1838.json,cross_token,4,3072,1735,3072,12288,0.5647786458333334,0.14119466145833334,0.5647786458333334,0.8588053385416666,0.4594760700188388,0.45699736269833613
llama4_maverick,hellaswag/test/1838.json,cross_token,8,3072,2131,3072,24576,0.6936848958333334,0.08671061197916667,0.6936848958333334,0.9132893880208334,0.4594760700188388,0.5031816408349058
llama4_maverick,hellaswag/test/1846.json,cross_token,1,3072,1120,3072,3072,0.3645833333333333,0.3645833333333333,0.3645833333333333,0.6354166666666667,0.5025667096792247,0.3645833333333333
llama4_maverick,hellaswag/test/1846.json,cross_token,2,3072,1498,3072,6144,0.4876302083333333,0.24381510416666666,0.4876302083333333,0.7561848958333334,0.5025667096792247,0.44221726785482235
llama4_maverick,hellaswag/test/1846.json,cross_token,4,3072,1895,3072,12288,0.6168619791666666,0.15421549479166666,0.6168619791666666,0.8457845052083334,0.5025667096792247,0.5025230043756629
llama4_maverick,hellaswag/test/1846.json,cross_token,8,3072,2361,3072,24576,0.7685546875,0.0960693359375,0.7685546875,0.9039306640625,0.5025667096792247,0.5564593506223272
llama4_maverick,hellaswag/test/1850.json,cross_token,1,3072,1030,3072,3072,0.3352864583333333,0.3352864583333333,0.3352864583333333,0.6647135416666667,0.4552724485072877,0.3352864583333333
llama4_maverick,hellaswag/test/1850.json,cross_token,2,3072,1327,3072,6144,0.4319661458333333,0.21598307291666666,0.4319661458333333,0.7840169270833334,0.4552724485072877,0.3962845497430738
llama4_maverick,hellaswag/test/1850.json,cross_token,4,3072,1666,3072,12288,0.5423177083333334,0.13557942708333334,0.5423177083333334,0.8644205729166666,0.4552724485072877,0.44857185424613283
llama4_maverick,hellaswag/test/1850.json,cross_token,8,3072,2055,3072,24576,0.6689453125,0.0836181640625,0.6689453125,0.9163818359375,0.4552724485072877,0.4932834082977015
llama4_maverick,hellaswag/test/1853.json,cross_token,1,3072,1151,3072,3072,0.3746744791666667,0.3746744791666667,0.3746744791666667,0.6253255208333333,0.514140658817659,0.3746744791666667
llama4_maverick,hellaswag/test/1853.json,cross_token,2,3072,1563,3072,6144,0.5087890625,0.25439453125,0.5087890625,0.74560546875,0.514140658817659,0.4592913601795073
llama4_maverick,hellaswag/test/1853.json,cross_token,4,3072,1964,3072,12288,0.6393229166666666,0.15983072916666666,0.6393229166666666,0.8401692708333334,0.514140658817659,0.5202030059178436
llama4_maverick,hellaswag/test/1853.json,cross_token,8,3072,2349,3072,24576,0.7646484375,0.0955810546875,0.7646484375,0.9044189453125,0.514140658817659,0.5649047811011095
llama4_maverick,hellaswag/test/1854.json,cross_token,1,3072,963,3072,3072,0.3134765625,0.3134765625,0.3134765625,0.6865234375,0.4501602657671733,0.3134765625
llama4_maverick,hellaswag/test/1854.json,cross_token,2,3072,1329,3072,6144,0.4326171875,0.21630859375,0.4326171875,0.78369140625,0.4501602657671733,0.3886459276715992
llama4_maverick,hellaswag/test/1854.json,cross_token,4,3072,1687,3072,12288,0.5491536458333334,0.13728841145833334,0.5491536458333334,0.8627115885416666,0.4501602657671733,0.4432132960062482
llama4_maverick,hellaswag/test/1854.json,cross_token,8,3072,2164,3072,24576,0.7044270833333334,0.08805338541666667,0.7044270833333334,0.9119466145833334,0.4501602657671733,0.49850428505184613
llama4_maverick,hellaswag/test/1864.json,cross_token,1,3072,1115,3072,3072,0.3629557291666667,0.3629557291666667,0.3629557291666667,0.6370442708333333,0.4981048181948659,0.3629557291666667
llama4_maverick,hellaswag/test/1864.json,cross_token,2,3072,1491,3072,6144,0.4853515625,0.24267578125,0.4853515625,0.75732421875,0.4981048181948659,0.4401789021298412
llama4_maverick,hellaswag/test/1864.json,cross_token,4,3072,1858,3072,12288,0.6048177083333334,0.15120442708333334,0.6048177083333334,0.8487955729166666,0.4981048181948659,0.49623368043907484
llama4_maverick,hellaswag/test/1864.json,cross_token,8,3072,2322,3072,24576,0.755859375,0.094482421875,0.755859375,0.905517578125,0.4981048181948659,0.5499297504727559
llama4_maverick,hellaswag/test/1865.json,cross_token,1,3072,1140,3072,3072,0.37109375,0.37109375,0.37109375,0.62890625,0.5070744173327436,0.37109375
llama4_maverick,hellaswag/test/1865.json,cross_token,2,3072,1516,3072,6144,0.4934895833333333,0.24674479166666666,0.4934895833333333,0.7532552083333334,0.5070744173327436,0.4483169229631747
llama4_maverick,hellaswag/test/1865.json,cross_token,4,3072,1926,3072,12288,0.626953125,0.15673828125,0.626953125,0.84326171875,0.5070744173327436,0.5108965084727805
llama4_maverick,hellaswag/test/1865.json,cross_token,8,3072,2314,3072,24576,0.7532552083333334,0.09415690104166667,0.7532552083333334,0.9058430989583334,0.5070744173327436,0.5555304712320214
llama4_maverick,hellaswag/test/1866.json,cross_token,1,3072,985,3072,3072,0.3206380208333333,0.3206380208333333,0.3206380208333333,0.6793619791666667,0.4509276452894612,0.3206380208333333
llama4_maverick,hellaswag/test/1866.json,cross_token,2,3072,1331,3072,6144,0.4332682291666667,0.21663411458333334,0.4332682291666667,0.7833658854166666,0.4509276452894612,0.39169977042178566
llama4_maverick,hellaswag/test/1866.json,cross_token,4,3072,1710,3072,12288,0.556640625,0.13916015625,0.556640625,0.86083984375,0.4509276452894612,0.4498205048539472
llama4_maverick,hellaswag/test/1866.json,cross_token,8,3072,2093,3072,24576,0.6813151041666666,0.08516438802083333,0.6813151041666666,0.9148356119791666,0.4509276452894612,0.49385050862015484
llama4_maverick,hellaswag/test/1875.json,cross_token,1,3072,987,3072,3072,0.3212890625,0.3212890625,0.3212890625,0.6787109375,0.4535291656273262,0.3212890625
llama4_maverick,hellaswag/test/1875.json,cross_token,2,3072,1319,3072,6144,0.4293619791666667,0.21468098958333334,0.4293619791666667,0.7853190104166666,0.4535291656273262,0.38947548118024905
llama4_maverick,hellaswag/test/1875.json,cross_token,4,3072,1695,3072,12288,0.5517578125,0.137939453125,0.5517578125,0.862060546875,0.4535291656273262,0.4473561628328508
llama4_maverick,hellaswag/test/1875.json,cross_token,8,3072,2132,3072,24576,0.6940104166666666,0.08675130208333333,0.6940104166666666,0.9132486979166666,0.4535291656273262,0.4976527023077668
llama4_maverick,hellaswag/test/1878.json,cross_token,1,3072,1150,3072,3072,0.3743489583333333,0.3743489583333333,0.3743489583333333,0.6256510416666667,0.4980380953745683,0.3743489583333333
llama4_maverick,hellaswag/test/1878.json,cross_token,2,3072,1477,3072,6144,0.4807942708333333,0.24039713541666666,0.4807942708333333,0.7596028645833334,0.4980380953745683,0.4415084731177961
llama4_maverick,hellaswag/test/1878.json,cross_token,4,3072,1843,3072,12288,0.5999348958333334,0.14998372395833334,0.5999348958333334,0.8500162760416666,0.4980380953745683,0.4976035870316328
llama4_maverick,hellaswag/test/1878.json,cross_token,8,3072,2216,3072,24576,0.7213541666666666,0.09016927083333333,0.7213541666666666,0.9098307291666666,0.4980380953745683,0.5404029736001167
llama4_maverick,hellaswag/test/1885.json,cross_token,1,3072,988,3072,3072,0.3216145833333333,0.3216145833333333,0.3216145833333333,0.6783854166666667,0.4417979317033218,0.3216145833333333
llama4_maverick,hellaswag/test/1885.json,cross_token,2,3072,1292,3072,6144,0.4205729166666667,0.21028645833333334,0.4205729166666667,0.7897135416666666,0.4417979317033218,0.38405034019717554
llama4_maverick,hellaswag/test/1885.json,cross_token,4,3072,1604,3072,12288,0.5221354166666666,0.13053385416666666,0.5221354166666666,0.8694661458333334,0.4417979317033218,0.4318754147764779
llama4_maverick,hellaswag/test/1885.json,cross_token,8,3072,2001,3072,24576,0.6513671875,0.0814208984375,0.6513671875,0.9185791015625,0.4417979317033218,0.4776461338958331
llama4_maverick,hellaswag/test/1891.json,cross_token,1,3072,963,3072,3072,0.3134765625,0.3134765625,0.3134765625,0.6865234375,0.4403688574538551,0.3134765625
llama4_maverick,hellaswag/test/1891.json,cross_token,2,3072,1295,3072,6144,0.4215494791666667,0.21077473958333334,0.4215494791666667,0.7892252604166666,0.4403688574538551,0.38166298118024855
llama4_maverick,hellaswag/test/1891.json,cross_token,4,3072,1636,3072,12288,0.5325520833333334,0.13313802083333334,0.5325520833333334,0.8668619791666666,0.4403688574538551,0.43350855488073475
llama4_maverick,hellaswag/test/1891.json,cross_token,8,3072,2030,3072,24576,0.6608072916666666,0.08260091145833333,0.6608072916666666,0.9173990885416666,0.4403688574538551,0.4788144113930277
llama4_maverick,hellaswag/test/1894.json,cross_token,1,3072,1078,3072,3072,0.3509114583333333,0.3509114583333333,0.3509114583333333,0.6490885416666667,0.4781264836959669,0.3509114583333333
llama4_maverick,hellaswag/test/1894.json,cross_token,2,3072,1414,3072,6144,0.4602864583333333,0.23014322916666666,0.4602864583333333,0.7698567708333334,0.4781264836959669,0.41991940013021223
llama4_maverick,hellaswag/test/1894.json,cross_token,4,3072,1779,3072,12288,0.5791015625,0.144775390625,0.5791015625,0.855224609375,0.4781264836959669,0.4756712238306986
llama4_maverick,hellaswag/test/1894.json,cross_token,8,3072,2183,3072,24576,0.7106119791666666,0.08882649739583333,0.7106119791666666,0.9111735026041666,0.4781264836959669,0.5226070190134285
llama4_maverick,hellaswag/test/10.json,cross_layer,1,2944,619,2944,2944,0.21025815217391305,0.21025815217391305,0.21025815217391305,0.7897418478260869,0.33747430392267236,0.21025815217391305
llama4_maverick,hellaswag/test/10.json,cross_layer,2,2944,885,2944,5888,0.30061141304347827,0.15030570652173914,0.30061141304347827,0.8496942934782609,0.33747430392267236,0.26726471278872493
llama4_maverick,hellaswag/test/10.json,cross_layer,4,2944,1293,2944,11776,0.4391983695652174,0.10979959239130435,0.4391983695652174,0.8902004076086957,0.33747430392267236,0.33255513903616946
llama4_maverick,hellaswag/test/10.json,cross_layer,8,2944,1633,2944,23552,0.5546875,0.0693359375,0.5546875,0.9306640625,0.33747430392267236,0.37326769376704527
llama4_maverick,hellaswag/test/10000.json,cross_layer,1,2944,719,2944,2944,0.24422554347826086,0.24422554347826086,0.24422554347826086,0.7557744565217391,0.3773673373758067,0.24422554347826086
llama4_maverick,hellaswag/test/10000.json,cross_layer,2,2944,1011,2944,5888,0.34341032608695654,0.17170516304347827,0.34341032608695654,0.8282948369565217,0.3773673373758067,0.3068041739276028
llama4_maverick,hellaswag/test/10000.json,cross_layer,4,2944,1458,2944,11776,0.4952445652173913,0.12381114130434782,0.4952445652173913,0.8761888586956522,0.3773673373758067,0.3778705363471414
llama4_maverick,hellaswag/test/10000.json,cross_layer,8,2944,1800,2944,23552,0.6114130434782609,0.07642663043478261,0.6114130434782609,0.9235733695652174,0.3773673373758067,0.41938586245966375
llama4_maverick,hellaswag/test/1004.json,cross_layer,1,2944,868,2944,2944,0.29483695652173914,0.29483695652173914,0.29483695652173914,0.7051630434782609,0.43116355766295417,0.29483695652173914
llama4_maverick,hellaswag/test/1004.json,cross_layer,2,2944,1232,2944,5888,0.41847826086956524,0.20923913043478262,0.41847826086956524,0.7907608695652174,0.43116355766295417,0.37284593420516565
llama4_maverick,hellaswag/test/1004.json,cross_layer,4,2944,1548,2944,11776,0.5258152173913043,0.13145380434782608,0.5258152173913043,0.868546195652174,0.43116355766295417,0.4236180865975005
llama4_maverick,hellaswag/test/1004.json,cross_layer,8,2944,1985,2944,23552,0.6742527173913043,0.08428158967391304,0.6742527173913043,0.9157184103260869,0.43116355766295417,0.4760346308964244
llama4_maverick,hellaswag/test/1015.json,cross_layer,1,2944,1011,2944,2944,0.34341032608695654,0.34341032608695654,0.34341032608695654,0.6565896739130435,0.4884858388963637,0.34341032608695654
llama4_maverick,hellaswag/test/1015.json,cross_layer,2,2944,1426,2944,5888,0.484375,0.2421875,0.484375,0.7578125,0.4884858388963637,0.43234913306119443
llama4_maverick,hellaswag/test/1015.json,cross_layer,4,2944,1813,2944,11776,0.615828804347826,0.1539572010869565,0.615828804347826,0.8460427989130435,0.4884858388963637,0.49447328842302674
llama4_maverick,hellaswag/test/1015.json,cross_layer,8,2944,2190,2944,23552,0.7438858695652174,0.09298573369565218,0.7438858695652174,0.9070142663043478,0.4884858388963637,0.539692014318116
llama4_maverick,hellaswag/test/102.json,cross_layer,1,2944,846,2944,2944,0.2873641304347826,0.2873641304347826,0.2873641304347826,0.7126358695652174,0.42329536768219905,0.2873641304347826
llama4_maverick,hellaswag/test/102.json,cross_layer,2,2944,1185,2944,5888,0.40251358695652173,0.20125679347826086,0.40251358695652173,0.7987432065217391,0.42329536768219905,0.3600153486619292
llama4_maverick,hellaswag/test/102.json,cross_layer,4,2944,1542,2944,11776,0.5237771739130435,0.13094429347826086,0.5237771739130435,0.8690557065217391,0.42329536768219905,0.4174211531646668
llama4_maverick,hellaswag/test/102.json,cross_layer,8,2944,1952,2944,23552,0.6630434782608695,0.08288043478260869,0.6630434782608695,0.9171195652173914,0.42329536768219905,0.46694360767252585
llama4_maverick,hellaswag/test/1022.json,cross_layer,1,2944,746,2944,2944,0.25339673913043476,0.25339673913043476,0.25339673913043476,0.7466032608695652,0.3939795291566135,0.25339673913043476
llama4_maverick,hellaswag/test/1022.json,cross_layer,2,2944,1058,2944,5888,0.359375,0.1796875,0.359375,0.8203125,0.3939795291566135,0.3202615771448002
llama4_maverick,hellaswag/test/1022.json,cross_layer,4,2944,1484,2944,11776,0.5040760869565217,0.12601902173913043,0.5040760869565217,0.8739809782608696,0.3939795291566135,0.3891506579996885
llama4_maverick,hellaswag/test/1022.json,cross_layer,8,2944,1943,2944,23552,0.6599864130434783,0.08249830163043478,0.6599864130434783,0.9175016983695652,0.3939795291566135,0.44334974627667284
llama4_maverick,hellaswag/test/1044.json,cross_layer,1,2944,856,2944,2944,0.2907608695652174,0.2907608695652174,0.2907608695652174,0.7092391304347826,0.42875203612980145,0.2907608695652174
llama4_maverick,hellaswag/test/1044.json,cross_layer,2,2944,1183,2944,5888,0.40183423913043476,0.20091711956521738,0.40183423913043476,0.7990828804347826,0.42875203612980145,0.3608403632533501
llama4_maverick,hellaswag/test/1044.json,cross_layer,4,2944,1576,2944,11776,0.5353260869565217,0.13383152173913043,0.5353260869565217,0.8661684782608696,0.42875203612980145,0.4245251297443642
llama4_maverick,hellaswag/test/1044.json,cross_layer,8,2944,2003,2944,23552,0.6803668478260869,0.08504585597826086,0.6803668478260869,0.9149541440217391,0.42875203612980145,0.47594463062575204
llama4_maverick,hellaswag/test/106.json,cross_layer,1,2944,814,2944,2944,0.2764945652173913,0.2764945652173913,0.2764945652173913,0.7235054347826086,0.4083435228777269,0.2764945652173913
llama4_maverick,hellaswag/test/106.json,cross_layer,2,2944,1152,2944,5888,0.391304347826087,0.1956521739130435,0.391304347826087,0.8043478260869565,0.4083435228777269,0.34893147306628675
llama4_maverick,hellaswag/test/106.json,cross_layer,4,2944,1474,2944,11776,0.5006793478260869,0.12516983695652173,0.5006793478260869,0.8748301630434783,0.4083435228777269,0.400510720914688
llama4_maverick,hellaswag/test/106.json,cross_layer,8,2944,1874,2944,23552,0.6365489130434783,0.07956861413043478,0.6365489130434783,0.9204313858695652,0.4083435228777269,0.4480718728292549
llama4_maverick,hellaswag/test/1067.json,cross_layer,1,2944,938,2944,2944,0.3186141304347826,0.3186141304347826,0.3186141304347826,0.6813858695652174,0.46814926667524903,0.3186141304347826
llama4_maverick,hellaswag/test/1067.json,cross_layer,2,2944,1342,2944,5888,0.45584239130434784,0.22792119565217392,0.45584239130434784,0.772078804347826,0.46814926667524903,0.4051955232482572
llama4_maverick,hellaswag/test/1067.json,cross_layer,4,2944,1773,2944,11776,0.6022418478260869,0.15056046195652173,0.6022418478260869,0.8494395380434783,0.46814926667524903,0.474321557401349
llama4_maverick,hellaswag/test/1067.json,cross_layer,8,2944,2164,2944,23552,0.7350543478260869,0.09188179347826086,0.7350543478260869,0.9081182065217391,0.46814926667524903,0.5210869633266726
llama4_maverick,hellaswag/test/1070.json,cross_layer,1,2944,882,2944,2944,0.29959239130434784,0.29959239130434784,0.29959239130434784,0.7004076086956521,0.4370552878424386,0.29959239130434784
llama4_maverick,hellaswag/test/1070.json,cross_layer,2,2944,1238,2944,5888,0.4205163043478261,0.21025815217391305,0.4205163043478261,0.7897418478260869,0.4370552878424386,0.3758868859617651
llama4_maverick,hellaswag/test/1070.json,cross_layer,4,2944,1595,2944,11776,0.5417798913043478,0.13544497282608695,0.5417798913043478,0.8645550271739131,0.4370552878424386,0.43277464843923596
llama4_maverick,hellaswag/test/1070.json,cross_layer,8,2944,2028,2944,23552,0.688858695652174,0.08610733695652174,0.688858695652174,0.9138926630434783,0.4370552878424386,0.4844952665739406
llama4_maverick,hellaswag/test/1078.json,cross_layer,1,2944,873,2944,2944,0.29653532608695654,0.29653532608695654,0.29653532608695654,0.7034646739130435,0.4442168608880235,0.29653532608695654
llama4_maverick,hellaswag/test/1078.json,cross_layer,2,2944,1257,2944,5888,0.42697010869565216,0.21348505434782608,0.42697010869565216,0.786514945652174,0.4442168608880235,0.37883051133540663
llama4_maverick,hellaswag/test/1078.json,cross_layer,4,2944,1675,2944,11776,0.568953804347826,0.1422384510869565,0.568953804347826,0.8577615489130435,0.4442168608880235,0.4463373491733377
llama4_maverick,hellaswag/test/1078.json,cross_layer,8,2944,2055,2944,23552,0.6980298913043478,0.08725373641304347,0.6980298913043478,0.9127462635869565,0.4442168608880235,0.49254920723356327
llama4_maverick,hellaswag/test/1084.json,cross_layer,1,2944,813,2944,2944,0.27615489130434784,0.27615489130434784,0.27615489130434784,0.7238451086956521,0.41765697659895396,0.27615489130434784
llama4_maverick,hellaswag/test/1084.json,cross_layer,2,2944,1144,2944,5888,0.38858695652173914,0.19429347826086957,0.38858695652173914,0.8057065217391304,0.41765697659895396,0.34709162650548475
llama4_maverick,hellaswag/test/1084.json,cross_layer,4,2944,1544,2944,11776,0.5244565217391305,0.13111413043478262,0.5244565217391305,0.8688858695652174,0.41765697659895396,0.41095271500640335
llama4_maverick,hellaswag/test/1084.json,cross_layer,8,2944,2019,2944,23552,0.6858016304347826,0.08572520380434782,0.6858016304347826,0.9142747961956522,0.41765697659895396,0.46766753275281875
llama4_maverick,hellaswag/test/1085.json,cross_layer,1,2944,861,2944,2944,0.29245923913043476,0.29245923913043476,0.29245923913043476,0.7075407608695652,0.43727829557727643,0.29245923913043476
llama4_maverick,hellaswag/test/1085.json,cross_layer,2,2944,1219,2944,5888,0.4140625,0.20703125,0.4140625,0.79296875,0.43727829557727643,0.3691823545443543
llama4_maverick,hellaswag/test/1085.json,cross_layer,4,2944,1638,2944,11776,0.5563858695652174,0.13909646739130435,0.5563858695652174,0.8609035326086957,0.43727829557727643,0.4360348715713369
llama4_maverick,hellaswag/test/1085.json,cross_layer,8,2944,2080,2944,23552,0.7065217391304348,0.08831521739130435,0.7065217391304348,0.9116847826086957,0.43727829557727643,0.4886564204832172
llama4_maverick,hellaswag/test/1096.json,cross_layer,1,2944,933,2944,2944,0.31691576086956524,0.31691576086956524,0.31691576086956524,0.6830842391304348,0.4727467336417671,0.31691576086956524
llama4_maverick,hellaswag/test/1096.json,cross_layer,2,2944,1371,2944,5888,0.4656929347826087,0.23284646739130435,0.4656929347826087,0.7671535326086957,0.4727467336417671,0.4107837065435797
llama4_maverick,hellaswag/test/1096.json,cross_layer,4,2944,1831,2944,11776,0.6219429347826086,0.15548573369565216,0.6219429347826086,0.8445142663043479,0.4727467336417671,0.4841521388570417
llama4_maverick,hellaswag/test/1096.json,cross_layer,8,2944,2214,2944,23552,0.7520380434782609,0.09400475543478261,0.7520380434782609,0.9059952445652174,0.4727467336417671,0.5300272618719412
llama4_maverick,hellaswag/test/1098.json,cross_layer,1,2944,932,2944,2944,0.31657608695652173,0.31657608695652173,0.31657608695652173,0.6834239130434783,0.46219358597633886,0.31657608695652173
llama4_maverick,hellaswag/test/1098.json,cross_layer,2,2944,1298,2944,5888,0.44089673913043476,0.22044836956521738,0.44089673913043476,0.7795516304347826,0.46219358597633886,0.3950136853964508
llama4_maverick,hellaswag/test/1098.json,cross_layer,4,2944,1697,2944,11776,0.5764266304347826,0.14410665760869565,0.5764266304347826,0.8558933423913043,0.46219358597633886,0.45863429484649254
llama4_maverick,hellaswag/test/1098.json,cross_layer,8,2944,2213,2944,23552,0.7516983695652174,0.09396229619565218,0.7516983695652174,0.9060377038043478,0.46219358597633886,0.5202254076241449
llama4_maverick,hellaswag/test/1106.json,cross_layer,1,2944,910,2944,2944,0.30910326086956524,0.30910326086956524,0.30910326086956524,0.6908967391304348,0.45874562055903,0.30910326086956524
llama4_maverick,hellaswag/test/1106.json,cross_layer,2,2944,1287,2944,5888,0.43716032608695654,0.21858016304347827,0.43716032608695654,0.7814198369565217,0.45874562055903,0.38989827347025746
llama4_maverick,hellaswag/test/1106.json,cross_layer,4,2944,1728,2944,11776,0.5869565217391305,0.14673913043478262,0.5869565217391305,0.8532608695652174,0.45874562055903,0.46015754043373075
llama4_maverick,hellaswag/test/1106.json,cross_layer,8,2944,2186,2944,23552,0.7425271739130435,0.09281589673913043,0.7425271739130435,0.9071841032608696,0.45874562055903,0.5150725661934771
llama4_maverick,hellaswag/test/1109.json,cross_layer,1,2944,923,2944,2944,0.31351902173913043,0.31351902173913043,0.31351902173913043,0.6864809782608696,0.4656728503605928,0.31351902173913043
llama4_maverick,hellaswag/test/1109.json,cross_layer,2,2944,1311,2944,5888,0.4453125,0.22265625,0.4453125,0.77734375,0.4656728503605928,0.3966714485005859
llama4_maverick,hellaswag/test/1109.json,cross_layer,4,2944,1762,2944,11776,0.5985054347826086,0.14962635869565216,0.5985054347826086,0.8503736413043479,0.4656728503605928,0.46832296928707356
llama4_maverick,hellaswag/test/1109.json,cross_layer,8,2944,2206,2944,23552,0.7493206521739131,0.09366508152173914,0.7493206521739131,0.9063349184782609,0.4656728503605928,0.5222674723084836
llama4_maverick,hellaswag/test/1115.json,cross_layer,1,2944,706,2944,2944,0.23980978260869565,0.23980978260869565,0.23980978260869565,0.7601902173913043,0.3785774451053857,0.23980978260869565
llama4_maverick,hellaswag/test/1115.json,cross_layer,2,2944,1029,2944,5888,0.34952445652173914,0.17476222826086957,0.34952445652173914,0.8252377717391304,0.3785774451053857,0.3090320347838239
llama4_maverick,hellaswag/test/1115.json,cross_layer,4,2944,1398,2944,11776,0.4748641304347826,0.11871603260869565,0.4748641304347826,0.8812839673913043,0.3785774451053857,0.3687584511422394
llama4_maverick,hellaswag/test/1115.json,cross_layer,8,2944,1837,2944,23552,0.6239809782608695,0.07799762228260869,0.6239809782608695,0.9220023777173914,0.3785774451053857,0.42145006678752
llama4_maverick,hellaswag/test/1116.json,cross_layer,1,2944,948,2944,2944,0.3220108695652174,0.3220108695652174,0.3220108695652174,0.6779891304347826,0.4717074593438157,0.3220108695652174
llama4_maverick,hellaswag/test/1116.json,cross_layer,2,2944,1319,2944,5888,0.44802989130434784,0.22401494565217392,0.44802989130434784,0.775985054347826,0.4717074593438157,0.40152001989640274
llama4_maverick,hellaswag/test/1116.json,cross_layer,4,2944,1786,2944,11776,0.6066576086956522,0.15166440217391305,0.6066576086956522,0.8483355978260869,0.4717074593438157,0.47591247935202313
llama4_maverick,hellaswag/test/1116.json,cross_layer,8,2944,2243,2944,23552,0.7618885869565217,0.09523607336956522,0.7618885869565217,0.9047639266304348,0.4717074593438157,0.5304250888591556
llama4_maverick,hellaswag/test/1118.json,cross_layer,1,2944,911,2944,2944,0.3094429347826087,0.3094429347826087,0.3094429347826087,0.6905570652173914,0.46023359428687566,0.3094429347826087
llama4_maverick,hellaswag/test/1118.json,cross_layer,2,2944,1303,2944,5888,0.44259510869565216,0.22129755434782608,0.44259510869565216,0.778702445652174,0.46023359428687566,0.39345260305706864
llama4_maverick,hellaswag/test/1118.json,cross_layer,4,2944,1743,2944,11776,0.5920516304347826,0.14801290760869565,0.5920516304347826,0.8519870923913043,0.46023359428687566,0.46349493833445027
llama4_maverick,hellaswag/test/1118.json,cross_layer,8,2944,2191,2944,23552,0.7442255434782609,0.09302819293478261,0.7442255434782609,0.9069718070652174,0.46023359428687566,0.5171741931535649
llama4_maverick,hellaswag/test/1125.json,cross_layer,1,2944,873,2944,2944,0.29653532608695654,0.29653532608695654,0.29653532608695654,0.7034646739130435,0.44422068069311355,0.29653532608695654
llama4_maverick,hellaswag/test/1125.json,cross_layer,2,2944,1253,2944,5888,0.42561141304347827,0.21280570652173914,0.42561141304347827,0.7871942934782609,0.44422068069311355,0.3779732698224021
llama4_maverick,hellaswag/test/1125.json,cross_layer,4,2944,1644,2944,11776,0.5584239130434783,0.13960597826086957,0.5584239130434783,0.8603940217391304,0.44422068069311355,0.440588394092042
llama4_maverick,hellaswag/test/1125.json,cross_layer,8,2944,2119,2944,23552,0.7197690217391305,0.08997112771739131,0.7197690217391305,0.9100288722826086,0.44422068069311355,0.4973080017499458
llama4_maverick,hellaswag/test/1128.json,cross_layer,1,2944,1117,2944,2944,0.37941576086956524,0.37941576086956524,0.37941576086956524,0.6205842391304348,0.5243742105275299,0.37941576086956524
llama4_maverick,hellaswag/test/1128.json,cross_layer,2,2944,1525,2944,5888,0.5180027173913043,0.25900135869565216,0.5180027173913043,0.7409986413043479,0.5243742105275299,0.4668543951960455
llama4_maverick,hellaswag/test/1128.json,cross_layer,4,2944,1918,2944,11776,0.6514945652173914,0.16287364130434784,0.6514945652173914,0.8371263586956521,0.5243742105275299,0.5303272354039958
llama4_maverick,hellaswag/test/1128.json,cross_layer,8,2944,2292,2944,23552,0.7785326086956522,0.09731657608695653,0.7785326086956522,0.9026834239130435,0.5243742105275299,0.5755558085010788
llama4_maverick,hellaswag/test/1129.json,cross_layer,1,2944,935,2944,2944,0.31759510869565216,0.31759510869565216,0.31759510869565216,0.6824048913043479,0.46573585887917085,0.31759510869565216
llama4_maverick,hellaswag/test/1129.json,cross_layer,2,2944,1313,2944,5888,0.445991847826087,0.2229959239130435,0.445991847826087,0.7770040760869565,0.46573585887917085,0.3986044316745959
llama4_maverick,hellaswag/test/1129.json,cross_layer,4,2944,1733,2944,11776,0.5886548913043478,0.14716372282608695,0.5886548913043478,0.8528362771739131,0.46573585887917085,0.46539131201025163
llama4_maverick,hellaswag/test/1129.json,cross_layer,8,2944,2205,2944,23552,0.7489809782608695,0.09362262228260869,0.7489809782608695,0.9063773777173914,0.46573585887917085,0.5220632604250531
llama4_maverick,hellaswag/test/1130.json,cross_layer,1,2944,869,2944,2944,0.2951766304347826,0.2951766304347826,0.2951766304347826,0.7048233695652174,0.4446337288650734,0.2951766304347826
llama4_maverick,hellaswag/test/1130.json,cross_layer,2,2944,1274,2944,5888,0.4327445652173913,0.21637228260869565,0.4327445652173913,0.7836277173913043,0.4446337288650734,0.38197233362650723
llama4_maverick,hellaswag/test/1130.json,cross_layer,4,2944,1680,2944,11776,0.5706521739130435,0.14266304347826086,0.5706521739130435,0.8573369565217391,0.4446337288650734,0.4466405175834928
llama4_maverick,hellaswag/test/1130.json,cross_layer,8,2944,2096,2944,23552,0.7119565217391305,0.08899456521739131,0.7119565217391305,0.9110054347826086,0.4446337288650734,0.4963362694469454
llama4_maverick,hellaswag/test/1133.json,cross_layer,1,2944,851,2944,2944,0.2890625,0.2890625,0.2890625,0.7109375,0.4413275957105368,0.2890625
llama4_maverick,hellaswag/test/1133.json,cross_layer,2,2944,1256,2944,5888,0.4266304347826087,0.21331521739130435,0.4266304347826087,0.7866847826086957,0.4413275957105368,0.3758582031917251
llama4_maverick,hellaswag/test/1133.json,cross_layer,4,2944,1685,2944,11776,0.5723505434782609,0.14308763586956522,0.5723505434782609,0.8569123641304348,0.4413275957105368,0.4445032792430646
llama4_maverick,hellaswag/test/1133.json,cross_layer,8,2944,2105,2944,23552,0.7150135869565217,0.08937669836956522,0.7150135869565217,0.9106233016304348,0.4413275957105368,0.49537649246993154
llama4_maverick,hellaswag/test/1139.json,cross_layer,1,2944,985,2944,2944,0.3345788043478261,0.3345788043478261,0.3345788043478261,0.6654211956521738,0.4865710053801688,0.3345788043478261
llama4_maverick,hellaswag/test/1139.json,cross_layer,2,2944,1391,2944,5888,0.47248641304347827,0.23624320652173914,0.47248641304347827,0.7637567934782609,0.4865710053801688,0.4215888179178033
llama4_maverick,hellaswag/test/1139.json,cross_layer,4,2944,1854,2944,11776,0.6297554347826086,0.15743885869565216,0.6297554347826086,0.8425611413043479,0.4865710053801688,0.4952312874529817
llama4_maverick,hellaswag/test/1139.json,cross_layer,8,2944,2250,2944,23552,0.764266304347826,0.09553328804347826,0.764266304347826,0.9044667119565217,0.4865710053801688,0.5429638227865009
llama4_maverick,hellaswag/test/1144.json,cross_layer,1,2944,869,2944,2944,0.2951766304347826,0.2951766304347826,0.2951766304347826,0.7048233695652174,0.4418254782925313,0.2951766304347826
llama4_maverick,hellaswag/test/1144.json,cross_layer,2,2944,1252,2944,5888,0.42527173913043476,0.21263586956521738,0.42527173913043476,0.7873641304347826,0.4418254782925313,0.37725750530498187
llama4_maverick,hellaswag/test/1144.json,cross_layer,4,2944,1630,2944,11776,0.5536684782608695,0.13841711956521738,0.5536684782608695,0.8615828804347826,0.4418254782925313,0.43785312805811855
llama4_maverick,hellaswag/test/1144.json,cross_layer,8,2944,2090,2944,23552,0.7099184782608695,0.08873980978260869,0.7099184782608695,0.9112601902173914,0.4418254782925313,0.4930382120852622
llama4_maverick,hellaswag/test/1148.json,cross_layer,1,2944,812,2944,2944,0.2758152173913043,0.2758152173913043,0.2758152173913043,0.7241847826086957,0.4138940417528659,0.2758152173913043
llama4_maverick,hellaswag/test/1148.json,cross_layer,2,2944,1135,2944,5888,0.38552989130434784,0.19276494565217392,0.38552989130434784,0.807235054347826,0.4138940417528659,0.34503746956643216
llama4_maverick,hellaswag/test/1148.json,cross_layer,4,2944,1563,2944,11776,0.5309103260869565,0.13272758152173914,0.5309103260869565,0.8672724184782609,0.4138940417528659,0.41346561393168
llama4_maverick,hellaswag/test/1148.json,cross_layer,8,2944,1940,2944,23552,0.6589673913043478,0.08237092391304347,0.6589673913043478,0.9176290760869565,0.4138940417528659,0.45879780919901664
llama4_maverick,hellaswag/test/1161.json,cross_layer,1,2944,919,2944,2944,0.31216032608695654,0.31216032608695654,0.31216032608695654,0.6878396739130435,0.46984658672407065,0.31216032608695654
llama4_maverick,hellaswag/test/1161.json,cross_layer,2,2944,1360,2944,5888,0.46195652173913043,0.23097826086956522,0.46195652173913043,0.7690217391304348,0.46984658672407065,0.406671202895725
llama4_maverick,hellaswag/test/1161.json,cross_layer,4,2944,1817,2944,11776,0.6171875,0.154296875,0.6171875,0.845703125,0.46984658672407065,0.47938884015091215
llama4_maverick,hellaswag/test/1161.json,cross_layer,8,2944,2215,2944,23552,0.7523777173913043,0.09404721467391304,0.7523777173913043,0.9059527853260869,0.46984658672407065,0.5272300655420156
llama4_maverick,hellaswag/test/1164.json,cross_layer,1,2944,898,2944,2944,0.30502717391304346,0.30502717391304346,0.30502717391304346,0.6949728260869565,0.448552923967244,0.30502717391304346
llama4_maverick,hellaswag/test/1164.json,cross_layer,2,2944,1247,2944,5888,0.4235733695652174,0.2117866847826087,0.4235733695652174,0.7882133152173914,0.448552923967244,0.37982149592270237
llama4_maverick,hellaswag/test/1164.json,cross_layer,4,2944,1660,2944,11776,0.563858695652174,0.1409646739130435,0.563858695652174,0.8590353260869565,0.448552923967244,0.4459846543175421
llama4_maverick,hellaswag/test/1164.json,cross_layer,8,2944,2119,2944,23552,0.7197690217391305,0.08997112771739131,0.7197690217391305,0.9100288722826086,0.448552923967244,0.5012450146153357
llama4_maverick,hellaswag/test/1167.json,cross_layer,1,2944,868,2944,2944,0.29483695652173914,0.29483695652173914,0.29483695652173914,0.7051630434782609,0.4436783936085757,0.29483695652173914
llama4_maverick,hellaswag/test/1167.json,cross_layer,2,2944,1234,2944,5888,0.41915760869565216,0.20957880434782608,0.41915760869565216,0.790421195652174,0.4436783936085757,0.3732745549616685
llama4_maverick,hellaswag/test/1167.json,cross_layer,4,2944,1680,2944,11776,0.5706521739130435,0.14266304347826086,0.5706521739130435,0.8573369565217391,0.4436783936085757,0.4441004383303321
llama4_maverick,hellaswag/test/1167.json,cross_layer,8,2944,2141,2944,23552,0.7272418478260869,0.09090523097826086,0.7272418478260869,0.9090947690217391,0.4436783936085757,0.49918360994687266
llama4_maverick,hellaswag/test/1190.json,cross_layer,1,2944,941,2944,2944,0.319633152173913,0.319633152173913,0.319633152173913,0.6803668478260869,0.46969963968299766,0.319633152173913
llama4_maverick,hellaswag/test/1190.json,cross_layer,2,2944,1365,2944,5888,0.46365489130434784,0.23182744565217392,0.46365489130434784,0.768172554347826,0.46969963968299766,0.4105007525524111
llama4_maverick,hellaswag/test/1190.json,cross_layer,4,2944,1752,2944,11776,0.595108695652174,0.1487771739130435,0.595108695652174,0.8512228260869565,0.46969963968299766,0.4724836237255343
llama4_maverick,hellaswag/test/1190.json,cross_layer,8,2944,2146,2944,23552,0.7289402173913043,0.09111752717391304,0.7289402173913043,0.9088824728260869,0.46969963968299766,0.5202708650935897
llama4_maverick,hellaswag/test/1193.json,cross_layer,1,2944,616,2944,2944,0.20923913043478262,0.20923913043478262,0.20923913043478262,0.7907608695652174,0.3187174780999835,0.20923913043478262
llama4_maverick,hellaswag/test/1193.json,cross_layer,2,2944,874,2944,5888,0.296875,0.1484375,0.296875,0.8515625,0.3187174780999835,0.2645312080235846
llama4_maverick,hellaswag/test/1193.json,cross_layer,4,2944,1146,2944,11776,0.3892663043478261,0.09731657608695653,0.3892663043478261,0.9026834239130435,0.3187174780999835,0.30823083953030317
llama4_maverick,hellaswag/test/1193.json,cross_layer,8,2944,1471,2944,23552,0.49966032608695654,0.06245754076086957,0.49966032608695654,0.9375424592391304,0.3187174780999835,0.34730189810999607
llama4_maverick,hellaswag/test/1198.json,cross_layer,1,2944,804,2944,2944,0.27309782608695654,0.27309782608695654,0.27309782608695654,0.7269021739130435,0.4175840022000714,0.27309782608695654
llama4_maverick,hellaswag/test/1198.json,cross_layer,2,2944,1138,2944,5888,0.38654891304347827,0.19327445652173914,0.38654891304347827,0.8067255434782609,0.4175840022000714,0.3446774924228471
llama4_maverick,hellaswag/test/1198.json,cross_layer,4,2944,1571,2944,11776,0.5336277173913043,0.13340692934782608,0.5336277173913043,0.866593070652174,0.4175840022000714,0.4144728635959706
llama4_maverick,hellaswag/test/1198.json,cross_layer,8,2944,2013,2944,23552,0.6837635869565217,0.08547044836956522,0.6837635869565217,0.9145295516304348,0.4175840022000714,0.4673348694103512
llama4_maverick,hellaswag/test/120.json,cross_layer,1,2944,1049,2944,2944,0.3563179347826087,0.3563179347826087,0.3563179347826087,0.6436820652173914,0.5136055464332142,0.3563179347826087
llama4_maverick,hellaswag/test/120.json,cross_layer,2,2944,1531,2944,5888,0.5200407608695652,0.2600203804347826,0.5200407608695652,0.7399796195652174,0.5136055464332142,0.4596155370996766
llama4_maverick,hellaswag/test/120.json,cross_layer,4,2944,1936,2944,11776,0.657608695652174,0.1644021739130435,0.657608695652174,0.8355978260869565,0.5136055464332142,0.5246319261254064
llama4_maverick,hellaswag/test/120.json,cross_layer,8,2944,2321,2944,23552,0.7883831521739131,0.09854789402173914,0.7883831521739131,0.9014521059782609,0.5136055464332142,0.5711194653985809
llama4_maverick,hellaswag/test/1202.json,cross_layer,1,2944,730,2944,2944,0.24796195652173914,0.24796195652173914,0.24796195652173914,0.7520380434782609,0.39034487207561197,0.24796195652173914
llama4_maverick,hellaswag/test/1202.json,cross_layer,2,2944,1074,2944,5888,0.3648097826086957,0.18240489130434784,0.3648097826086957,0.8175951086956521,0.39034487207561197,0.3216847266401414
llama4_maverick,hellaswag/test/1202.json,cross_layer,4,2944,1471,2944,11776,0.49966032608695654,0.12491508152173914,0.49966032608695654,0.8750849184782609,0.39034487207561197,0.3853659673784819
llama4_maverick,hellaswag/test/1202.json,cross_layer,8,2944,1909,2944,23552,0.6484375,0.0810546875,0.6484375,0.9189453125,0.39034487207561197,0.4373883071410383
llama4_maverick,hellaswag/test/1203.json,cross_layer,1,2944,830,2944,2944,0.281929347826087,0.281929347826087,0.281929347826087,0.7180706521739131,0.4358517830397075,0.281929347826087
llama4_maverick,hellaswag/test/1203.json,cross_layer,2,2944,1208,2944,5888,0.41032608695652173,0.20516304347826086,0.41032608695652173,0.7948369565217391,0.4358517830397075,0.3629386708050298
llama4_maverick,hellaswag/test/1203.json,cross_layer,4,2944,1656,2944,11776,0.5625,0.140625,0.5625,0.859375,0.4358517830397075,0.43431615436980037
llama4_maverick,hellaswag/test/1203.json,cross_layer,8,2944,2167,2944,23552,0.7360733695652174,0.09200917119565218,0.7360733695652174,0.9079908288043478,0.4358517830397075,0.49569142828626256
llama4_maverick,hellaswag/test/1206.json,cross_layer,1,2944,927,2944,2944,0.3148777173913043,0.3148777173913043,0.3148777173913043,0.6851222826086957,0.46014325452300203,0.3148777173913043
llama4_maverick,hellaswag/test/1206.json,cross_layer,2,2944,1297,2944,5888,0.4405570652173913,0.22027853260869565,0.4405570652173913,0.7797214673913043,0.46014325452300203,0.394172557344239
llama4_maverick,hellaswag/test/1206.json,cross_layer,4,2944,1717,2944,11776,0.5832201086956522,0.14580502717391305,0.5832201086956522,0.8541949728260869,0.46014325452300203,0.46133619551645244
llama4_maverick,hellaswag/test/1206.json,cross_layer,8,2944,2131,2944,23552,0.7238451086956522,0.09048063858695653,0.7238451086956522,0.9095193614130435,0.46014325452300203,0.5115067452255035
llama4_maverick,hellaswag/test/1207.json,cross_layer,1,2944,894,2944,2944,0.30366847826086957,0.30366847826086957,0.30366847826086957,0.6963315217391304,0.44449458858151797,0.30366847826086957
llama4_maverick,hellaswag/test/1207.json,cross_layer,2,2944,1226,2944,5888,0.4164402173913043,0.20822010869565216,0.4164402173913043,0.7917798913043479,0.44449458858151797,0.3748195238402586
llama4_maverick,hellaswag/test/1207.json,cross_layer,4,2944,1641,2944,11776,0.5574048913043478,0.13935122282608695,0.5574048913043478,0.8606487771739131,0.44449458858151797,0.44167556661991453
llama4_maverick,hellaswag/test/1207.json,cross_layer,8,2944,2083,2944,23552,0.7075407608695652,0.08844259510869565,0.7075407608695652,0.9115574048913043,0.44449458858151797,0.49479526884249286
llama4_maverick,hellaswag/test/1215.json,cross_layer,1,2944,1051,2944,2944,0.3569972826086957,0.3569972826086957,0.3569972826086957,0.6430027173913043,0.5265919828265307,0.3569972826086957
llama4_maverick,hellaswag/test/1215.json,cross_layer,2,2944,1664,2944,5888,0.5652173913043478,0.2826086956521739,0.5652173913043478,0.7173913043478262,0.5265919828265307,0.48836954447666875
llama4_maverick,hellaswag/test/1215.json,cross_layer,4,2944,2016,2944,11776,0.6847826086956522,0.17119565217391305,0.6847826086956522,0.8288043478260869,0.5265919828265307,0.5451616378446461
llama4_maverick,hellaswag/test/1215.json,cross_layer,8,2944,2312,2944,23552,0.7853260869565217,0.09816576086956522,0.7853260869565217,0.9018342391304348,0.5265919828265307,0.5809403078023587
llama4_maverick,hellaswag/test/1225.json,cross_layer,1,2944,792,2944,2944,0.26902173913043476,0.26902173913043476,0.26902173913043476,0.7309782608695652,0.4168743866565152,0.26902173913043476
llama4_maverick,hellaswag/test/1225.json,cross_layer,2,2944,1150,2944,5888,0.390625,0.1953125,0.390625,0.8046875,0.4168743866565152,0.3457448545443532
llama4_maverick,hellaswag/test/1225.json,cross_layer,4,2944,1573,2944,11776,0.5343070652173914,0.13357676630434784,0.5343070652173914,0.8664232336956521,0.4168743866565152,0.41334736149177786
llama4_maverick,hellaswag/test/1225.json,cross_layer,8,2944,2050,2944,23552,0.6963315217391305,0.08704144021739131,0.6963315217391305,0.9129585597826086,0.4168743866565152,0.46978628508115444
llama4_maverick,hellaswag/test/1231.json,cross_layer,1,2944,719,2944,2944,0.24422554347826086,0.24422554347826086,0.24422554347826086,0.7557744565217391,0.39527155935690517,0.24422554347826086
llama4_maverick,hellaswag/test/1231.json,cross_layer,2,2944,1097,2944,5888,0.3726222826086957,0.18631114130434784,0.3726222826086957,0.8136888586956521,0.39527155935690517,0.32523486645720306
llama4_maverick,hellaswag/test/1231.json,cross_layer,4,2944,1526,2944,11776,0.5183423913043478,0.12958559782608695,0.5183423913043478,0.8704144021739131,0.39527155935690517,0.39460991081687274
llama4_maverick,hellaswag/test/1231.json,cross_layer,8,2944,1934,2944,23552,0.6569293478260869,0.08211616847826086,0.6569293478260869,0.9178838315217391,0.39527155935690517,0.44351593133126477
llama4_maverick,hellaswag/test/1237.json,cross_layer,1,2944,962,2944,2944,0.3267663043478261,0.3267663043478261,0.3267663043478261,0.6732336956521738,0.479013518072514,0.3267663043478261
llama4_maverick,hellaswag/test/1237.json,cross_layer,2,2944,1400,2944,5888,0.47554347826086957,0.23777173913043478,0.47554347826086957,0.7622282608695652,0.479013518072514,0.4206342500218406
llama4_maverick,hellaswag/test/1237.json,cross_layer,4,2944,1794,2944,11776,0.609375,0.15234375,0.609375,0.84765625,0.479013518072514,0.4834527694188435
llama4_maverick,hellaswag/test/1237.json,cross_layer,8,2944,2204,2944,23552,0.748641304347826,0.09358016304347826,0.748641304347826,0.9064198369565217,0.479013518072514,0.5332346945924399
llama4_maverick,hellaswag/test/1238.json,cross_layer,1,2944,800,2944,2944,0.2717391304347826,0.2717391304347826,0.2717391304347826,0.7282608695652174,0.42335424334726884,0.2717391304347826
llama4_maverick,hellaswag/test/1238.json,cross_layer,2,2944,1152,2944,5888,0.391304347826087,0.1956521739130435,0.391304347826087,0.8043478260869565,0.42335424334726884,0.3471763835791944
llama4_maverick,hellaswag/test/1238.json,cross_layer,4,2944,1640,2944,11776,0.5570652173913043,0.13926630434782608,0.5570652173913043,0.860733695652174,0.42335424334726884,0.42447609290779537
llama4_maverick,hellaswag/test/1238.json,cross_layer,8,2944,2112,2944,23552,0.717391304347826,0.08967391304347826,0.717391304347826,0.9103260869565217,0.42335424334726884,0.48123620570756903
llama4_maverick,hellaswag/test/124.json,cross_layer,1,2944,1035,2944,2944,0.3515625,0.3515625,0.3515625,0.6484375,0.509919848767662,0.3515625
llama4_maverick,hellaswag/test/124.json,cross_layer,2,2944,1519,2944,5888,0.5159646739130435,0.25798233695652173,0.5159646739130435,0.7420176630434783,0.509919848767662,0.4552887230735701
llama4_maverick,hellaswag/test/124.json,cross_layer,4,2944,1885,2944,11776,0.6402853260869565,0.16007133152173914,0.6402853260869565,0.8399286684782609,0.509919848767662,0.5145998180215607
llama4_maverick,hellaswag/test/124.json,cross_layer,8,2944,2321,2944,23552,0.7883831521739131,0.09854789402173914,0.7883831521739131,0.9014521059782609,0.509919848767662,0.5675690868998479
llama4_maverick,hellaswag/test/1243.json,cross_layer,1,2070,779,2070,2070,0.37632850241545895,0.37632850241545895,0.37632850241545895,0.623671497584541,0.5189066409368583,0.37632850241545895
llama4_maverick,hellaswag/test/1243.json,cross_layer,2,2070,1043,2070,4140,0.503864734299517,0.2519323671497585,0.503864734299517,0.7480676328502416,0.5189066409368583,0.45679490576949816
llama4_maverick,hellaswag/test/1243.json,cross_layer,4,2070,1363,2070,8280,0.6584541062801932,0.1646135265700483,0.6584541062801932,0.8353864734299516,0.5189066409368583,0.5295015185502018
llama4_maverick,hellaswag/test/1243.json,cross_layer,8,2070,1624,2070,16560,0.7845410628019324,0.09806763285024155,0.7845410628019324,0.9019323671497584,0.5189066409368583,0.5739140315436705
llama4_maverick,hellaswag/test/1249.json,cross_layer,1,2944,862,2944,2944,0.29279891304347827,0.29279891304347827,0.29279891304347827,0.7072010869565217,0.4307890610231687,0.29279891304347827
llama4_maverick,hellaswag/test/1249.json,cross_layer,2,2944,1180,2944,5888,0.4008152173913043,0.20040760869565216,0.4008152173913043,0.7995923913043479,0.4307890610231687,0.36094961332735087
llama4_maverick,hellaswag/test/1249.json,cross_layer,4,2944,1592,2944,11776,0.5407608695652174,0.13519021739130435,0.5407608695652174,0.8648097826086957,0.4307890610231687,0.42675455584739036
llama4_maverick,hellaswag/test/1249.json,cross_layer,8,2944,2032,2944,23552,0.6902173913043478,0.08627717391304347,0.6902173913043478,0.9137228260869565,0.4307890610231687,0.48007681822104603
llama4_maverick,hellaswag/test/1255.json,cross_layer,1,2944,711,2944,2944,0.24150815217391305,0.24150815217391305,0.24150815217391305,0.7584918478260869,0.3813846874197245,0.24150815217391305
llama4_maverick,hellaswag/test/1255.json,cross_layer,2,2944,1035,2944,5888,0.3515625,0.17578125,0.3515625,0.82421875,0.3813846874197245,0.31094471472729224
llama4_maverick,hellaswag/test/1255.json,cross_layer,4,2944,1415,2944,11776,0.48063858695652173,0.12015964673913043,0.48063858695652173,0.8798403532608696,0.3813846874197245,0.372091937676535
llama4_maverick,hellaswag/test/1255.json,cross_layer,8,2944,1864,2944,23552,0.6331521739130435,0.07914402173913043,0.6331521739130435,0.9208559782608696,0.3813846874197245,0.4254321360586456
llama4_maverick,hellaswag/test/1259.json,cross_layer,1,2944,753,2944,2944,0.25577445652173914,0.25577445652173914,0.25577445652173914,0.7442255434782609,0.3988617087755826,0.25577445652173914
llama4_maverick,hellaswag/test/1259.json,cross_layer,2,2944,1111,2944,5888,0.3773777173913043,0.18868885869565216,0.3773777173913043,0.8113111413043479,0.3988617087755826,0.332497571935658
llama4_maverick,hellaswag/test/1259.json,cross_layer,4,2944,1490,2944,11776,0.5061141304347826,0.12652853260869565,0.5061141304347826,0.8734714673913043,0.3988617087755826,0.3934043158340257
llama4_maverick,hellaswag/test/1259.json,cross_layer,8,2944,1926,2944,23552,0.6542119565217391,0.08177649456521739,0.6542119565217391,0.9182235054347826,0.3988617087755826,0.4455466960807154
llama4_maverick,hellaswag/test/1274.json,cross_layer,1,2944,807,2944,2944,0.274116847826087,0.274116847826087,0.274116847826087,0.7258831521739131,0.4151841181484663,0.274116847826087
llama4_maverick,hellaswag/test/1274.json,cross_layer,2,2944,1159,2944,5888,0.3936820652173913,0.19684103260869565,0.3936820652173913,0.8031589673913043,0.4151841181484663,0.34955410097049844
llama4_maverick,hellaswag/test/1274.json,cross_layer,4,2944,1528,2944,11776,0.5190217391304348,0.1297554347826087,0.5190217391304348,0.8702445652173914,0.4151841181484663,0.4086447384797245
llama4_maverick,hellaswag/test/1274.json,cross_layer,8,2944,1968,2944,23552,0.6684782608695652,0.08355978260869565,0.6684782608695652,0.9164402173913043,0.4151841181484663,0.46171209019418313
llama4_maverick,hellaswag/test/128.json,cross_layer,1,2944,794,2944,2944,0.26970108695652173,0.26970108695652173,0.26970108695652173,0.7302989130434783,0.4158279683838829,0.26970108695652173
llama4_maverick,hellaswag/test/128.json,cross_layer,2,2944,1155,2944,5888,0.3923233695652174,0.1961616847826087,0.3923233695652174,0.8038383152173914,0.4158279683838829,0.34706713350519414
llama4_maverick,hellaswag/test/128.json,cross_layer,4,2944,1551,2944,11776,0.5268342391304348,0.1317085597826087,0.5268342391304348,0.8682914402173914,0.4158279683838829,0.41020177945045583
llama4_maverick,hellaswag/test/128.json,cross_layer,8,2944,2028,2944,23552,0.688858695652174,0.08610733695652174,0.688858695652174,0.9138926630434783,0.4158279683838829,0.4671057336036197
llama4_maverick,hellaswag/test/1283.json,cross_layer,1,2944,667,2944,2944,0.2265625,0.2265625,0.2265625,0.7734375,0.34821289604094374,0.2265625
llama4_maverick,hellaswag/test/1283.json,cross_layer,2,2944,943,2944,5888,0.3203125,0.16015625,0.3203125,0.83984375,0.34821289604094374,0.28571216439732294
llama4_maverick,hellaswag/test/1283.json,cross_layer,4,2944,1285,2944,11776,0.43648097826086957,0.10912024456521739,0.43648097826086957,0.8908797554347826,0.34821289604094374,0.34047622509309344
llama4_maverick,hellaswag/test/1283.json,cross_layer,8,2944,1658,2944,23552,0.5631793478260869,0.07039741847826086,0.5631793478260869,0.9296025815217391,0.34821289604094374,0.38502883820217154
llama4_maverick,hellaswag/test/1285.json,cross_layer,1,2944,948,2944,2944,0.3220108695652174,0.3220108695652174,0.3220108695652174,0.6779891304347826,0.47141386525221957,0.3220108695652174
llama4_maverick,hellaswag/test/1285.json,cross_layer,2,2944,1351,2944,5888,0.45889945652173914,0.22944972826086957,0.45889945652173914,0.7705502717391304,0.47141386525221957,0.4083779520004409
llama4_maverick,hellaswag/test/1285.json,cross_layer,4,2944,1744,2944,11776,0.592391304347826,0.1480978260869565,0.592391304347826,0.8519021739130435,0.47141386525221957,0.47126210808877006
llama4_maverick,hellaswag/test/1285.json,cross_layer,8,2944,2201,2944,23552,0.7476222826086957,0.09345278532608696,0.7476222826086957,0.9065472146739131,0.47141386525221957,0.527201689803117
llama4_maverick,hellaswag/test/1287.json,cross_layer,1,2944,851,2944,2944,0.2890625,0.2890625,0.2890625,0.7109375,0.4379559621549163,0.2890625
llama4_maverick,hellaswag/test/1287.json,cross_layer,2,2944,1219,2944,5888,0.4140625,0.20703125,0.4140625,0.79296875,0.4379559621549163,0.36792871919643133
llama4_maverick,hellaswag/test/1287.json,cross_layer,4,2944,1642,2944,11776,0.5577445652173914,0.13943614130434784,0.5577445652173914,0.8605638586956521,0.4379559621549163,0.4355076787790703
llama4_maverick,hellaswag/test/1287.json,cross_layer,8,2944,2123,2944,23552,0.7211277173913043,0.09014096467391304,0.7211277173913043,0.9098590353260869,0.4379559621549163,0.4932367407153882
llama4_maverick,hellaswag/test/1310.json,cross_layer,1,2944,902,2944,2944,0.3063858695652174,0.3063858695652174,0.3063858695652174,0.6936141304347826,0.44701607609115945,0.3063858695652174
llama4_maverick,hellaswag/test/1310.json,cross_layer,2,2944,1281,2944,5888,0.4351222826086957,0.21756114130434784,0.4351222826086957,0.7824388586956521,0.44701607609115945,0.3876095029224121
llama4_maverick,hellaswag/test/1310.json,cross_layer,4,2944,1645,2944,11776,0.5587635869565217,0.13969089673913043,0.5587635869565217,0.8603091032608696,0.44701607609115945,0.44540355571811696
llama4_maverick,hellaswag/test/1310.json,cross_layer,8,2944,2051,2944,23552,0.696671195652174,0.08708389945652174,0.696671195652174,0.9129161005434783,0.44701607609115945,0.4939375036779585
llama4_maverick,hellaswag/test/1311.json,cross_layer,1,2944,876,2944,2944,0.297554347826087,0.297554347826087,0.297554347826087,0.7024456521739131,0.43503381951491127,0.297554347826087
llama4_maverick,hellaswag/test/1311.json,cross_layer,2,2944,1220,2944,5888,0.41440217391304346,0.20720108695652173,0.41440217391304346,0.7927989130434783,0.43503381951491127,0.3712771179444899
llama4_maverick,hellaswag/test/1311.json,cross_layer,4,2944,1636,2944,11776,0.5557065217391305,0.13892663043478262,0.5557065217391305,0.8610733695652174,0.43503381951491127,0.43703143998228616
llama4_maverick,hellaswag/test/1311.json,cross_layer,8,2944,1994,2944,23552,0.6773097826086957,0.08466372282608696,0.6773097826086957,0.9153362771739131,0.43503381951491127,0.4801561877765321
llama4_maverick,hellaswag/test/1312.json,cross_layer,1,2944,783,2944,2944,0.26596467391304346,0.26596467391304346,0.26596467391304346,0.7340353260869565,0.4020814819931382,0.26596467391304346
llama4_maverick,hellaswag/test/1312.json,cross_layer,2,2944,1107,2944,5888,0.37601902173913043,0.18800951086956522,0.37601902173913043,0.8119904891304348,0.4020814819931382,0.33540123646642245
llama4_maverick,hellaswag/test/1312.json,cross_layer,4,2944,1477,2944,11776,0.5016983695652174,0.12542459239130435,0.5016983695652174,0.8745754076086957,0.4020814819931382,0.39470880566173994
llama4_maverick,hellaswag/test/1312.json,cross_layer,8,2944,1917,2944,23552,0.6511548913043478,0.08139436141304347,0.6511548913043478,0.9186056385869565,0.4020814819931382,0.4474050750606489
llama4_maverick,hellaswag/test/1313.json,cross_layer,1,2944,976,2944,2944,0.33152173913043476,0.33152173913043476,0.33152173913043476,0.6684782608695652,0.4736152957393564,0.33152173913043476
llama4_maverick,hellaswag/test/1313.json,cross_layer,2,2944,1369,2944,5888,0.46501358695652173,0.23250679347826086,0.46501358695652173,0.7674932065217391,0.4736152957393564,0.41574571778314645
llama4_maverick,hellaswag/test/1313.json,cross_layer,4,2944,1772,2944,11776,0.6019021739130435,0.15047554347826086,0.6019021739130435,0.8495244565217391,0.4736152957393564,0.48051662235497217
llama4_maverick,hellaswag/test/1313.json,cross_layer,8,2944,2098,2944,23552,0.7126358695652174,0.08907948369565218,0.7126358695652174,0.9109205163043478,0.4736152957393564,0.5199142548881418
llama4_maverick,hellaswag/test/1331.json,cross_layer,1,2944,871,2944,2944,0.29585597826086957,0.29585597826086957,0.29585597826086957,0.7041440217391304,0.425451522329708,0.29585597826086957
llama4_maverick,hellaswag/test/1331.json,cross_layer,2,2944,1198,2944,5888,0.406929347826087,0.2034646739130435,0.406929347826087,0.7965353260869565,0.425451522329708,0.36593547194900244
llama4_maverick,hellaswag/test/1331.json,cross_layer,4,2944,1561,2944,11776,0.5302309782608695,0.13255774456521738,0.5302309782608695,0.8674422554347826,0.425451522329708,0.42403063508388267
llama4_maverick,hellaswag/test/1331.json,cross_layer,8,2944,1924,2944,23552,0.6535326086956522,0.08169157608695653,0.6535326086956522,0.9183084239130435,0.425451522329708,0.4675869069617757
llama4_maverick,hellaswag/test/1332.json,cross_layer,1,2944,927,2944,2944,0.3148777173913043,0.3148777173913043,0.3148777173913043,0.6851222826086957,0.46404147595580564,0.3148777173913043
llama4_maverick,hellaswag/test/1332.json,cross_layer,2,2944,1306,2944,5888,0.4436141304347826,0.2218070652173913,0.4436141304347826,0.7781929347826086,0.46404147595580564,0.39610135074849934
llama4_maverick,hellaswag/test/1332.json,cross_layer,4,2944,1730,2944,11776,0.5876358695652174,0.14690896739130435,0.5876358695652174,0.8530910326086957,0.46404147595580564,0.4634969368158874
llama4_maverick,hellaswag/test/1332.json,cross_layer,8,2944,2212,2944,23552,0.751358695652174,0.09391983695652174,0.751358695652174,0.9060801630434783,0.46404147595580564,0.5206653586387117
llama4_maverick,hellaswag/test/1344.json,cross_layer,1,2944,923,2944,2944,0.31351902173913043,0.31351902173913043,0.31351902173913043,0.6864809782608696,0.4673428782225489,0.31351902173913043
llama4_maverick,hellaswag/test/1344.json,cross_layer,2,2944,1359,2944,5888,0.461616847826087,0.2308084239130435,0.461616847826087,0.7691915760869565,0.4673428782225489,0.40695834665664227
llama4_maverick,hellaswag/test/1344.json,cross_layer,4,2944,1747,2944,11776,0.5934103260869565,0.14835258152173914,0.5934103260869565,0.8516474184782609,0.4673428782225489,0.46969973890590827
llama4_maverick,hellaswag/test/1344.json,cross_layer,8,2944,2174,2944,23552,0.7384510869565217,0.09230638586956522,0.7384510869565217,0.9076936141304348,0.4673428782225489,0.5208764828921497
llama4_maverick,hellaswag/test/1347.json,cross_layer,1,2944,894,2944,2944,0.30366847826086957,0.30366847826086957,0.30366847826086957,0.6963315217391304,0.458741745390317,0.30366847826086957
llama4_maverick,hellaswag/test/1347.json,cross_layer,2,2944,1322,2944,5888,0.44904891304347827,0.22452445652173914,0.44904891304347827,0.7754755434782609,0.458741745390317,0.39539332015237244
llama4_maverick,hellaswag/test/1347.json,cross_layer,4,2944,1740,2944,11776,0.5910326086956522,0.14775815217391305,0.5910326086956522,0.8522418478260869,0.458741745390317,0.4619582633989097
llama4_maverick,hellaswag/test/1347.json,cross_layer,8,2944,2217,2944,23552,0.7530570652173914,0.09413213315217392,0.7530570652173914,0.905867866847826,0.458741745390317,0.5186667223987034
llama4_maverick,hellaswag/test/1365.json,cross_layer,1,2944,836,2944,2944,0.28396739130434784,0.28396739130434784,0.28396739130434784,0.7160326086956521,0.4361710083697814,0.28396739130434784
llama4_maverick,hellaswag/test/1365.json,cross_layer,2,2944,1240,2944,5888,0.421195652173913,0.2105978260869565,0.421195652173913,0.7894021739130435,0.4361710083697814,0.370548784117821
llama4_maverick,hellaswag/test/1365.json,cross_layer,4,2944,1637,2944,11776,0.556046195652174,0.1390115489130435,0.556046195652174,0.8609884510869565,0.4361710083697814,0.4343477616800864
llama4_maverick,hellaswag/test/1365.json,cross_layer,8,2944,2113,2944,23552,0.7177309782608695,0.08971637228260869,0.7177309782608695,0.9102836277173914,0.4361710083697814,0.4913513031393967
llama4_maverick,hellaswag/test/1380.json,cross_layer,1,2944,678,2944,2944,0.23029891304347827,0.23029891304347827,0.23029891304347827,0.7697010869565217,0.38675026116407624,0.23029891304347827
llama4_maverick,hellaswag/test/1380.json,cross_layer,2,2944,1059,2944,5888,0.35971467391304346,0.17985733695652173,0.35971467391304346,0.8201426630434783,0.38675026116407624,0.3119511671571743
llama4_maverick,hellaswag/test/1380.json,cross_layer,4,2944,1527,2944,11776,0.5186820652173914,0.12967051630434784,0.5186820652173914,0.8703294836956521,0.38675026116407624,0.3867253898523786
llama4_maverick,hellaswag/test/1380.json,cross_layer,8,2944,2001,2944,23552,0.6796875,0.0849609375,0.6796875,0.9150390625,0.38675026116407624,0.4434420542043873
llama4_maverick,hellaswag/test/1387.json,cross_layer,1,2944,843,2944,2944,0.28634510869565216,0.28634510869565216,0.28634510869565216,0.7136548913043479,0.4308492414724105,0.28634510869565216
llama4_maverick,hellaswag/test/1387.json,cross_layer,2,2944,1193,2944,5888,0.40523097826086957,0.20261548913043478,0.40523097826086957,0.7973845108695652,0.4308492414724105,0.3613537410835621
llama4_maverick,hellaswag/test/1387.json,cross_layer,4,2944,1632,2944,11776,0.5543478260869565,0.13858695652173914,0.5543478260869565,0.8614130434782609,0.4308492414724105,0.4314146183227012
llama4_maverick,hellaswag/test/1387.json,cross_layer,8,2944,2064,2944,23552,0.7010869565217391,0.08763586956521739,0.7010869565217391,0.9123641304347826,0.4308492414724105,0.48318591343452527
llama4_maverick,hellaswag/test/1392.json,cross_layer,1,2944,800,2944,2944,0.2717391304347826,0.2717391304347826,0.2717391304347826,0.7282608695652174,0.42452714638125383,0.2717391304347826
llama4_maverick,hellaswag/test/1392.json,cross_layer,2,2944,1203,2944,5888,0.4086277173913043,0.20431385869565216,0.4086277173913043,0.7956861413043479,0.42452714638125383,0.35810621287000444
llama4_maverick,hellaswag/test/1392.json,cross_layer,4,2944,1622,2944,11776,0.5509510869565217,0.13773777173913043,0.5509510869565217,0.8622622282608696,0.42452714638125383,0.4247938983434931
llama4_maverick,hellaswag/test/1392.json,cross_layer,8,2944,2052,2944,23552,0.6970108695652174,0.08712635869565218,0.6970108695652174,0.9128736413043478,0.42452714638125383,0.47725303665708707
llama4_maverick,hellaswag/test/1397.json,cross_layer,1,2944,694,2944,2944,0.23573369565217392,0.23573369565217392,0.23573369565217392,0.764266304347826,0.3797463991915926,0.23573369565217392
llama4_maverick,hellaswag/test/1397.json,cross_layer,2,2944,1043,2944,5888,0.35427989130434784,0.17713994565217392,0.35427989130434784,0.822860054347826,0.3797463991915926,0.3105280176618323
llama4_maverick,hellaswag/test/1397.json,cross_layer,4,2944,1426,2944,11776,0.484375,0.12109375,0.484375,0.87890625,0.3797463991915926,0.3720905620215012
llama4_maverick,hellaswag/test/1397.json,cross_layer,8,2944,1882,2944,23552,0.639266304347826,0.07990828804347826,0.639266304347826,0.9200917119565217,0.3797463991915926,0.42627385937703616
llama4_maverick,hellaswag/test/1419.json,cross_layer,1,2944,781,2944,2944,0.26528532608695654,0.26528532608695654,0.26528532608695654,0.7347146739130435,0.41356577720378324,0.26528532608695654
llama4_maverick,hellaswag/test/1419.json,cross_layer,2,2944,1152,2944,5888,0.391304347826087,0.1956521739130435,0.391304347826087,0.8043478260869565,0.41356577720378324,0.3447944764181406
llama4_maverick,hellaswag/test/1419.json,cross_layer,4,2944,1579,2944,11776,0.5363451086956522,0.13408627717391305,0.5363451086956522,0.8659137228260869,0.41356577720378324,0.4127466680846635
llama4_maverick,hellaswag/test/1419.json,cross_layer,8,2944,2016,2944,23552,0.6847826086956522,0.08559782608695653,0.6847826086956522,0.9144021739130435,0.41356577720378324,0.4646507117774938
llama4_maverick,hellaswag/test/1433.json,cross_layer,1,2944,881,2944,2944,0.2992527173913043,0.2992527173913043,0.2992527173913043,0.7007472826086957,0.4443255459294212,0.2992527173913043
llama4_maverick,hellaswag/test/1433.json,cross_layer,2,2944,1212,2944,5888,0.4116847826086957,0.20584239130434784,0.4116847826086957,0.7941576086956521,0.4443255459294212,0.37018945259244207
llama4_maverick,hellaswag/test/1433.json,cross_layer,4,2944,1665,2944,11776,0.5655570652173914,0.14138926630434784,0.5655570652173914,0.8586107336956521,0.4443255459294212,0.44229838411589734
llama4_maverick,hellaswag/test/1433.json,cross_layer,8,2944,2156,2944,23552,0.7323369565217391,0.09154211956521739,0.7323369565217391,0.9084578804347826,0.4443255459294212,0.5012316404366218
llama4_maverick,hellaswag/test/1436.json,cross_layer,1,2944,892,2944,2944,0.3029891304347826,0.3029891304347826,0.3029891304347826,0.6970108695652174,0.4380474751624033,0.3029891304347826
llama4_maverick,hellaswag/test/1436.json,cross_layer,2,2944,1197,2944,5888,0.40658967391304346,0.20329483695652173,0.40658967391304346,0.7967051630434783,0.4380474751624033,0.36835379580138966
llama4_maverick,hellaswag/test/1436.json,cross_layer,4,2944,1596,2944,11776,0.5421195652173914,0.13552989130434784,0.5421195652173914,0.8644701086956521,0.4380474751624033,0.432351163087989
llama4_maverick,hellaswag/test/1436.json,cross_layer,8,2944,2016,2944,23552,0.6847826086956522,0.08559782608695653,0.6847826086956522,0.9144021739130435,0.4380474751624033,0.4827047350236714
llama4_maverick,hellaswag/test/1438.json,cross_layer,1,2944,843,2944,2944,0.28634510869565216,0.28634510869565216,0.28634510869565216,0.7136548913043479,0.4377436556445434,0.28634510869565216
llama4_maverick,hellaswag/test/1438.json,cross_layer,2,2944,1268,2944,5888,0.43070652173913043,0.21535326086956522,0.43070652173913043,0.7846467391304348,0.4377436556445434,0.3774270194524007
llama4_maverick,hellaswag/test/1438.json,cross_layer,4,2944,1643,2944,11776,0.5580842391304348,0.1395210597826087,0.5580842391304348,0.8604789402173914,0.4377436556445434,0.43774860498382123
llama4_maverick,hellaswag/test/1438.json,cross_layer,8,2944,2061,2944,23552,0.7000679347826086,0.08750849184782608,0.7000679347826086,0.912491508152174,0.4377436556445434,0.4877984625979636
llama4_maverick,hellaswag/test/1460.json,cross_layer,1,2944,836,2944,2944,0.28396739130434784,0.28396739130434784,0.28396739130434784,0.7160326086956521,0.4473748268903613,0.28396739130434784
llama4_maverick,hellaswag/test/1460.json,cross_layer,2,2944,1344,2944,5888,0.45652173913043476,0.22826086956521738,0.45652173913043476,0.7717391304347826,0.4473748268903613,0.39283706345594377
llama4_maverick,hellaswag/test/1460.json,cross_layer,4,2944,1761,2944,11776,0.5981657608695652,0.1495414402173913,0.5981657608695652,0.8504585597826086,0.4473748268903613,0.4589496013685408
llama4_maverick,hellaswag/test/1460.json,cross_layer,8,2944,2102,2944,23552,0.7139945652173914,0.08924932065217392,0.7139945652173914,0.910750679347826,0.4473748268903613,0.5000405069230729
llama4_maverick,hellaswag/test/1462.json,cross_layer,1,2944,933,2944,2944,0.31691576086956524,0.31691576086956524,0.31691576086956524,0.6830842391304348,0.4811518755791404,0.31691576086956524
llama4_maverick,hellaswag/test/1462.json,cross_layer,2,2944,1437,2944,5888,0.48811141304347827,0.24405570652173914,0.48811141304347827,0.7559442934782609,0.4811518755791404,0.42492819150815775
llama4_maverick,hellaswag/test/1462.json,cross_layer,4,2944,1897,2944,11776,0.6443614130434783,0.16109035326086957,0.6443614130434783,0.8389096467391304,0.4811518755791404,0.4983437185511896
llama4_maverick,hellaswag/test/1462.json,cross_layer,8,2944,2197,2944,23552,0.7462635869565217,0.09328294836956522,0.7462635869565217,0.9067170516304348,0.4811518755791404,0.5340355688981304
llama4_maverick,hellaswag/test/1469.json,cross_layer,1,2944,798,2944,2944,0.2710597826086957,0.2710597826086957,0.2710597826086957,0.7289402173913043,0.41699229941515603,0.2710597826086957
llama4_maverick,hellaswag/test/1469.json,cross_layer,2,2944,1131,2944,5888,0.3841711956521739,0.19208559782608695,0.3841711956521739,0.8079144021739131,0.41699229941515603,0.3424251385663353
llama4_maverick,hellaswag/test/1469.json,cross_layer,4,2944,1576,2944,11776,0.5353260869565217,0.13383152173913043,0.5353260869565217,0.8661684782608696,0.41699229941515603,0.41390534274594687
llama4_maverick,hellaswag/test/1469.json,cross_layer,8,2944,2037,2944,23552,0.6919157608695652,0.08648947010869565,0.6919157608695652,0.9135105298913043,0.41699229941515603,0.46940960012533123
llama4_maverick,hellaswag/test/1477.json,cross_layer,1,2944,778,2944,2944,0.2642663043478261,0.2642663043478261,0.2642663043478261,0.7357336956521738,0.39417524250087277,0.2642663043478261
llama4_maverick,hellaswag/test/1477.json,cross_layer,2,2944,1050,2944,5888,0.35665760869565216,0.17832880434782608,0.35665760869565216,0.821671195652174,0.39417524250087277,0.32255872723214435
llama4_maverick,hellaswag/test/1477.json,cross_layer,4,2944,1406,2944,11776,0.47758152173913043,0.11939538043478261,0.47758152173913043,0.8806046195652174,0.39417524250087277,0.3789234422813202
llama4_maverick,hellaswag/test/1477.json,cross_layer,8,2944,1888,2944,23552,0.6413043478260869,0.08016304347826086,0.6413043478260869,0.9198369565217391,0.39417524250087277,0.4373881776570323
llama4_maverick,hellaswag/test/1480.json,cross_layer,1,2944,835,2944,2944,0.2836277173913043,0.2836277173913043,0.2836277173913043,0.7163722826086957,0.43382145345722023,0.2836277173913043
llama4_maverick,hellaswag/test/1480.json,cross_layer,2,2944,1209,2944,5888,0.41066576086956524,0.20533288043478262,0.41066576086956524,0.7946671195652174,0.43382145345722023,0.36377979885724243
llama4_maverick,hellaswag/test/1480.json,cross_layer,4,2944,1646,2944,11776,0.5591032608695652,0.1397758152173913,0.5591032608695652,0.8602241847826086,0.43382145345722023,0.43366583373683165
llama4_maverick,hellaswag/test/1480.json,cross_layer,8,2944,2103,2944,23552,0.7143342391304348,0.08929177989130435,0.7143342391304348,0.9107082201086957,0.43382145345722023,0.48821610355834727
llama4_maverick,hellaswag/test/1485.json,cross_layer,1,2944,829,2944,2944,0.28158967391304346,0.28158967391304346,0.28158967391304346,0.7184103260869565,0.4401080918998451,0.28158967391304346
llama4_maverick,hellaswag/test/1485.json,cross_layer,2,2944,1234,2944,5888,0.41915760869565216,0.20957880434782608,0.41915760869565216,0.790421195652174,0.4401080918998451,0.3683853771047677
llama4_maverick,hellaswag/test/1485.json,cross_layer,4,2944,1739,2944,11776,0.5906929347826086,0.14767323369565216,0.5906929347826086,0.8523267663043479,0.4401080918998451,0.44927873563778475
llama4_maverick,hellaswag/test/1485.json,cross_layer,8,2944,2146,2944,23552,0.7289402173913043,0.09111752717391304,0.7289402173913043,0.9088824728260869,0.4401080918998451,0.49779732289876116
llama4_maverick,hellaswag/test/1490.json,cross_layer,1,2944,1007,2944,2944,0.3420516304347826,0.3420516304347826,0.3420516304347826,0.6579483695652174,0.4955293613482039,0.3420516304347826
llama4_maverick,hellaswag/test/1490.json,cross_layer,2,2944,1440,2944,5888,0.4891304347826087,0.24456521739130435,0.4891304347826087,0.7554347826086957,0.4955293613482039,0.4348480242175423
llama4_maverick,hellaswag/test/1490.json,cross_layer,4,2944,1884,2944,11776,0.6399456521739131,0.15998641304347827,0.6399456521739131,0.8400135869565217,0.4955293613482039,0.5055697073210107
llama4_maverick,hellaswag/test/1490.json,cross_layer,8,2944,2229,2944,23552,0.7571331521739131,0.09464164402173914,0.7571331521739131,0.9053583559782609,0.4955293613482039,0.5477851053613394
llama4_maverick,hellaswag/test/1493.json,cross_layer,1,2944,837,2944,2944,0.2843070652173913,0.2843070652173913,0.2843070652173913,0.7156929347826086,0.4325124149218438,0.2843070652173913
llama4_maverick,hellaswag/test/1493.json,cross_layer,2,2944,1191,2944,5888,0.4045516304347826,0.2022758152173913,0.4045516304347826,0.7977241847826086,0.4325124149218438,0.3601729391183056
llama4_maverick,hellaswag/test/1493.json,cross_layer,4,2944,1610,2944,11776,0.546875,0.13671875,0.546875,0.86328125,0.4325124149218438,0.4275905929001248
llama4_maverick,hellaswag/test/1493.json,cross_layer,8,2944,2116,2944,23552,0.71875,0.08984375,0.71875,0.91015625,0.4325124149218438,0.4885880213690403
llama4_maverick,hellaswag/test/1496.json,cross_layer,1,2944,878,2944,2944,0.2982336956521739,0.2982336956521739,0.2982336956521739,0.7017663043478262,0.4346810261428673,0.2982336956521739
llama4_maverick,hellaswag/test/1496.json,cross_layer,2,2944,1192,2944,5888,0.4048913043478261,0.20244565217391305,0.4048913043478261,0.7975543478260869,0.4346810261428673,0.3655271544230414
llama4_maverick,hellaswag/test/1496.json,cross_layer,4,2944,1616,2944,11776,0.5489130434782609,0.13722826086956522,0.5489130434782609,0.8627717391304348,0.4346810261428673,0.4337233508931148
llama4_maverick,hellaswag/test/1496.json,cross_layer,8,2944,2013,2944,23552,0.6837635869565217,0.08547044836956522,0.6837635869565217,0.9145295516304348,0.4346810261428673,0.48151579454092525
llama4_maverick,hellaswag/test/1499.json,cross_layer,1,2944,1030,2944,2944,0.3498641304347826,0.3498641304347826,0.3498641304347826,0.6501358695652174,0.47986834332843314,0.3498641304347826
llama4_maverick,hellaswag/test/1499.json,cross_layer,2,2944,1302,2944,5888,0.4422554347826087,0.22112771739130435,0.4422554347826087,0.7788722826086957,0.47986834332843314,0.4081565533191018
llama4_maverick,hellaswag/test/1499.json,cross_layer,4,2944,1727,2944,11776,0.5866168478260869,0.14665421195652173,0.5866168478260869,0.8533457880434783,0.47986834332843314,0.47619292363870847
llama4_maverick,hellaswag/test/1499.json,cross_layer,8,2944,2179,2944,23552,0.7401494565217391,0.09251868206521739,0.7401494565217391,0.9074813179347826,0.47986834332843314,0.5302149205123975
llama4_maverick,hellaswag/test/15.json,cross_layer,1,2944,842,2944,2944,0.2860054347826087,0.2860054347826087,0.2860054347826087,0.7139945652173914,0.4334423981859394,0.2860054347826087
llama4_maverick,hellaswag/test/15.json,cross_layer,2,2944,1251,2944,5888,0.4249320652173913,0.21246603260869565,0.4249320652173913,0.7875339673913043,0.4334423981859394,0.3736583794873381
llama4_maverick,hellaswag/test/15.json,cross_layer,4,2944,1623,2944,11776,0.5512907608695652,0.1378226902173913,0.5512907608695652,0.8621773097826086,0.4334423981859394,0.43264629638172325
llama4_maverick,hellaswag/test/15.json,cross_layer,8,2944,2057,2944,23552,0.6987092391304348,0.08733865489130435,0.6987092391304348,0.9126613451086957,0.4334423981859394,0.4842628053444004
llama4_maverick,hellaswag/test/152.json,cross_layer,1,2944,711,2944,2944,0.24150815217391305,0.24150815217391305,0.24150815217391305,0.7584918478260869,0.3856970487312503,0.24150815217391305
llama4_maverick,hellaswag/test/152.json,cross_layer,2,2944,1054,2944,5888,0.3580163043478261,0.17900815217391305,0.3580163043478261,0.8209918478260869,0.3856970487312503,0.3150166119140647
llama4_maverick,hellaswag/test/152.json,cross_layer,4,2944,1465,2944,11776,0.4976222826086957,0.12440557065217392,0.4976222826086957,0.875594429347826,0.3856970487312503,0.38100492794935426
llama4_maverick,hellaswag/test/152.json,cross_layer,8,2944,1886,2944,23552,0.640625,0.080078125,0.640625,0.919921875,0.3856970487312503,0.4312285151124914
llama4_maverick,hellaswag/test/1552.json,cross_layer,1,2944,748,2944,2944,0.25407608695652173,0.25407608695652173,0.25407608695652173,0.7459239130434783,0.4139316391332644,0.25407608695652173
llama4_maverick,hellaswag/test/1552.json,cross_layer,2,2944,1137,2944,5888,0.38620923913043476,0.19310461956521738,0.38620923913043476,0.8068953804347826,0.4139316391332644,0.337442824096227
llama4_maverick,hellaswag/test/1552.json,cross_layer,4,2944,1655,2944,11776,0.5621603260869565,0.14054008152173914,0.5621603260869565,0.8594599184782609,0.4139316391332644,0.4202850420513922
llama4_maverick,hellaswag/test/1552.json,cross_layer,8,2944,2101,2944,23552,0.7136548913043478,0.08920686141304347,0.7136548913043478,0.9107931385869565,0.4139316391332644,0.47356395039095867
llama4_maverick,hellaswag/test/1556.json,cross_layer,1,2944,874,2944,2944,0.296875,0.296875,0.296875,0.703125,0.4352617714510842,0.296875
llama4_maverick,hellaswag/test/1556.json,cross_layer,2,2944,1218,2944,5888,0.41372282608695654,0.20686141304347827,0.41372282608695654,0.7931385869565217,0.4352617714510842,0.3705977701184032
llama4_maverick,hellaswag/test/1556.json,cross_layer,4,2944,1588,2944,11776,0.5394021739130435,0.13485054347826086,0.5394021739130435,0.8651494565217391,0.4352617714510842,0.4297876024897963
llama4_maverick,hellaswag/test/1556.json,cross_layer,8,2944,2031,2944,23552,0.6898777173913043,0.08623471467391304,0.6898777173913043,0.9137652853260869,0.4352617714510842,0.4826883577094135
llama4_maverick,hellaswag/test/156.json,cross_layer,1,2944,908,2944,2944,0.30842391304347827,0.30842391304347827,0.30842391304347827,0.6915760869565217,0.4536458009593484,0.30842391304347827
llama4_maverick,hellaswag/test/156.json,cross_layer,2,2944,1277,2944,5888,0.43376358695652173,0.21688179347826086,0.43376358695652173,0.7831182065217391,0.4536458009593484,0.38750444261816086
llama4_maverick,hellaswag/test/156.json,cross_layer,4,2944,1689,2944,11776,0.5737092391304348,0.1434273097826087,0.5737092391304348,0.8565726902173914,0.4536458009593484,0.4534742166916947
llama4_maverick,hellaswag/test/156.json,cross_layer,8,2944,2117,2944,23552,0.7190896739130435,0.08988620923913043,0.7190896739130435,0.9101137907608696,0.4536458009593484,0.5047093479133538
llama4_maverick,hellaswag/test/1562.json,cross_layer,1,2944,806,2944,2944,0.27377717391304346,0.27377717391304346,0.27377717391304346,0.7262228260869565,0.42478760918755737,0.27377717391304346
llama4_maverick,hellaswag/test/1562.json,cross_layer,2,2944,1197,2944,5888,0.40658967391304346,0.20329483695652173,0.40658967391304346,0.7967051630434783,0.42478760918755737,0.35757253180925114
llama4_maverick,hellaswag/test/1562.json,cross_layer,4,2944,1614,2944,11776,0.548233695652174,0.1370584239130435,0.548233695652174,0.8629415760869565,0.42478760918755737,0.4244856801245329
llama4_maverick,hellaswag/test/1562.json,cross_layer,8,2944,2055,2944,23552,0.6980298913043478,0.08725373641304347,0.6980298913043478,0.9127462635869565,0.42478760918755737,0.4774428307793409
llama4_maverick,hellaswag/test/1564.json,cross_layer,1,2944,758,2944,2944,0.25747282608695654,0.25747282608695654,0.25747282608695654,0.7425271739130435,0.4013436077707002,0.25747282608695654
llama4_maverick,hellaswag/test/1564.json,cross_layer,2,2944,1089,2944,5888,0.36990489130434784,0.18495244565217392,0.36990489130434784,0.815047554347826,0.4013436077707002,0.3284095612880939
llama4_maverick,hellaswag/test/1564.json,cross_layer,4,2944,1522,2944,11776,0.516983695652174,0.1292459239130435,0.516983695652174,0.8707540760869565,0.4013436077707002,0.39690982739805
llama4_maverick,hellaswag/test/1564.json,cross_layer,8,2944,1970,2944,23552,0.6691576086956522,0.08364470108695653,0.6691576086956522,0.9163552989130435,0.4013436077707002,0.45084144053970165
llama4_maverick,hellaswag/test/1566.json,cross_layer,1,2944,987,2944,2944,0.335258152173913,0.335258152173913,0.335258152173913,0.6647418478260869,0.4862948629078291,0.335258152173913
llama4_maverick,hellaswag/test/1566.json,cross_layer,2,2944,1421,2944,5888,0.4826766304347826,0.2413383152173913,0.4826766304347826,0.7586616847826086,0.4862948629078291,0.42826885633492334
llama4_maverick,hellaswag/test/1566.json,cross_layer,4,2944,1824,2944,11776,0.6195652173913043,0.15489130434782608,0.6195652173913043,0.845108695652174,0.4862948629078291,0.4923097925984184
llama4_maverick,hellaswag/test/1566.json,cross_layer,8,2944,2217,2944,23552,0.7530570652173914,0.09413213315217392,0.7530570652173914,0.905867866847826,0.4862948629078291,0.5393706349984403
llama4_maverick,hellaswag/test/1570.json,cross_layer,1,2944,812,2944,2944,0.2758152173913043,0.2758152173913043,0.2758152173913043,0.7241847826086957,0.4283613600383265,0.2758152173913043
llama4_maverick,hellaswag/test/1570.json,cross_layer,2,2944,1209,2944,5888,0.41066576086956524,0.20533288043478262,0.41066576086956524,0.7946671195652174,0.4283613600383265,0.3608964375570193
llama4_maverick,hellaswag/test/1570.json,cross_layer,4,2944,1645,2944,11776,0.5587635869565217,0.13969089673913043,0.5587635869565217,0.8603091032608696,0.4283613600383265,0.43061263548008705
llama4_maverick,hellaswag/test/1570.json,cross_layer,8,2944,2080,2944,23552,0.7065217391304348,0.08831521739130435,0.7065217391304348,0.9116847826086957,0.4283613600383265,0.4829219043389988
llama4_maverick,hellaswag/test/1571.json,cross_layer,1,2944,789,2944,2944,0.2680027173913043,0.2680027173913043,0.2680027173913043,0.7319972826086957,0.41958860850781504,0.2680027173913043
llama4_maverick,hellaswag/test/1571.json,cross_layer,2,2944,1154,2944,5888,0.3919836956521739,0.19599184782608695,0.3919836956521739,0.8040081521739131,0.41958860850781504,0.34622600545298093
llama4_maverick,hellaswag/test/1571.json,cross_layer,4,2944,1614,2944,11776,0.548233695652174,0.1370584239130435,0.548233695652174,0.8629415760869565,0.41958860850781504,0.41978281668472234
llama4_maverick,hellaswag/test/1571.json,cross_layer,8,2944,2057,2944,23552,0.6987092391304348,0.08733865489130435,0.6987092391304348,0.9126613451086957,0.41958860850781504,0.4729041386326453
llama4_maverick,hellaswag/test/1578.json,cross_layer,1,2944,834,2944,2944,0.28328804347826086,0.28328804347826086,0.28328804347826086,0.7167119565217391,0.431076744012167,0.28328804347826086
llama4_maverick,hellaswag/test/1578.json,cross_layer,2,2944,1202,2944,5888,0.40828804347826086,0.20414402173913043,0.40828804347826086,0.7958559782608696,0.431076744012167,0.36215426267469175
llama4_maverick,hellaswag/test/1578.json,cross_layer,4,2944,1633,2944,11776,0.5546875,0.138671875,0.5546875,0.861328125,0.431076744012167,0.4307387074377321
llama4_maverick,hellaswag/test/1578.json,cross_layer,8,2944,2067,2944,23552,0.7021059782608695,0.08776324728260869,0.7021059782608695,0.9122367527173914,0.431076744012167,0.48288413761967997
llama4_maverick,hellaswag/test/1591.json,cross_layer,1,2944,995,2944,2944,0.33797554347826086,0.33797554347826086,0.33797554347826086,0.6620244565217391,0.49303669146010237,0.33797554347826086
llama4_maverick,hellaswag/test/1591.json,cross_layer,2,2944,1425,2944,5888,0.48403532608695654,0.24201766304347827,0.48403532608695654,0.7579823369565217,0.49303669146010237,0.43012900612626703
llama4_maverick,hellaswag/test/1591.json,cross_layer,4,2944,1873,2944,11776,0.6362092391304348,0.1590523097826087,0.6362092391304348,0.8409476902173914,0.49303669146010237,0.5021658159050135
llama4_maverick,hellaswag/test/1591.json,cross_layer,8,2944,2284,2944,23552,0.7758152173913043,0.09697690217391304,0.7758152173913043,0.9030230978260869,0.49303669146010237,0.5514537481930573
llama4_maverick,hellaswag/test/1593.json,cross_layer,1,2944,983,2944,2944,0.33389945652173914,0.33389945652173914,0.33389945652173914,0.6661005434782609,0.49169228226854816,0.33389945652173914
llama4_maverick,hellaswag/test/1593.json,cross_layer,2,2944,1459,2944,5888,0.49558423913043476,0.24779211956521738,0.49558423913043476,0.7522078804347826,0.49169228226854816,0.43591119656929916
llama4_maverick,hellaswag/test/1593.json,cross_layer,4,2944,1866,2944,11776,0.6338315217391305,0.15845788043478262,0.6338315217391305,0.8415421195652174,0.49169228226854816,0.5011259753193634
llama4_maverick,hellaswag/test/1593.json,cross_layer,8,2944,2234,2944,23552,0.7588315217391305,0.09485394021739131,0.7588315217391305,0.9051460597826086,0.49169228226854816,0.5455985896223176
llama4_maverick,hellaswag/test/1596.json,cross_layer,1,2944,1056,2944,2944,0.358695652173913,0.358695652173913,0.358695652173913,0.6413043478260869,0.5056759281356623,0.358695652173913
llama4_maverick,hellaswag/test/1596.json,cross_layer,2,2944,1423,2944,5888,0.48335597826086957,0.24167798913043478,0.48335597826086957,0.7583220108695652,0.5056759281356623,0.4373475609920947
llama4_maverick,hellaswag/test/1596.json,cross_layer,4,2944,1911,2944,11776,0.6491168478260869,0.16227921195652173,0.6491168478260869,0.8377207880434783,0.5056759281356623,0.5152595018051008
llama4_maverick,hellaswag/test/1596.json,cross_layer,8,2944,2327,2944,23552,0.790421195652174,0.09880264945652174,0.790421195652174,0.9011973505434783,0.5056759281356623,0.565058599108383
llama4_maverick,hellaswag/test/1598.json,cross_layer,1,2944,756,2944,2944,0.25679347826086957,0.25679347826086957,0.25679347826086957,0.7432065217391304,0.39177067824249845,0.25679347826086957
llama4_maverick,hellaswag/test/1598.json,cross_layer,2,2944,1054,2944,5888,0.3580163043478261,0.17900815217391305,0.3580163043478261,0.8209918478260869,0.39177067824249845,0.3206579709797183
llama4_maverick,hellaswag/test/1598.json,cross_layer,4,2944,1447,2944,11776,0.491508152173913,0.12287703804347826,0.491508152173913,0.8771229619565217,0.39177067824249845,0.3838246954454648
llama4_maverick,hellaswag/test/1598.json,cross_layer,8,2944,1881,2944,23552,0.6389266304347826,0.07986582880434782,0.6389266304347826,0.9201341711956522,0.39177067824249845,0.43610000130323373
llama4_maverick,hellaswag/test/160.json,cross_layer,1,2944,740,2944,2944,0.2513586956521739,0.2513586956521739,0.2513586956521739,0.7486413043478262,0.4053893332525836,0.2513586956521739
llama4_maverick,hellaswag/test/160.json,cross_layer,2,2944,1114,2944,5888,0.37839673913043476,0.18919836956521738,0.37839673913043476,0.8108016304347826,0.4053893332525836,0.3315107771181115
llama4_maverick,hellaswag/test/160.json,cross_layer,4,2944,1594,2944,11776,0.5414402173913043,0.13536005434782608,0.5414402173913043,0.864639945652174,0.4053893332525836,0.40721631714668943
llama4_maverick,hellaswag/test/160.json,cross_layer,8,2944,2058,2944,23552,0.6990489130434783,0.08738111413043478,0.6990489130434783,0.9126188858695652,0.4053893332525836,0.46271144788476876
llama4_maverick,hellaswag/test/1600.json,cross_layer,1,2944,788,2944,2944,0.26766304347826086,0.26766304347826086,0.26766304347826086,0.7323369565217391,0.4113214257936772,0.26766304347826086
llama4_maverick,hellaswag/test/1600.json,cross_layer,2,2944,1152,2944,5888,0.391304347826087,0.1956521739130435,0.391304347826087,0.8043478260869565,0.4113214257936772,0.34567202116168677
llama4_maverick,hellaswag/test/1600.json,cross_layer,4,2944,1534,2944,11776,0.5210597826086957,0.13026494565217392,0.5210597826086957,0.869735054347826,0.4113214257936772,0.4067350654578467
llama4_maverick,hellaswag/test/1600.json,cross_layer,8,2944,1969,2944,23552,0.6688179347826086,0.08360224184782608,0.6688179347826086,0.916397758152174,0.4113214257936772,0.45900151504070325
llama4_maverick,hellaswag/test/1608.json,cross_layer,1,2944,883,2944,2944,0.2999320652173913,0.2999320652173913,0.2999320652173913,0.7000679347826086,0.4496442008981791,0.2999320652173913
llama4_maverick,hellaswag/test/1608.json,cross_layer,2,2944,1278,2944,5888,0.43410326086956524,0.21705163043478262,0.43410326086956524,0.7829483695652174,0.4496442008981791,0.38458466462660434
llama4_maverick,hellaswag/test/1608.json,cross_layer,4,2944,1730,2944,11776,0.5876358695652174,0.14690896739130435,0.5876358695652174,0.8530910326086957,0.4496442008981791,0.45546412777822
llama4_maverick,hellaswag/test/1608.json,cross_layer,8,2944,2143,2944,23552,0.727921195652174,0.09099014945652174,0.727921195652174,0.9090098505434783,0.4496442008981791,0.5046796687484236
llama4_maverick,hellaswag/test/161.json,cross_layer,1,2944,877,2944,2944,0.29789402173913043,0.29789402173913043,0.29789402173913043,0.7021059782608696,0.45828493242401075,0.29789402173913043
llama4_maverick,hellaswag/test/161.json,cross_layer,2,2944,1317,2944,5888,0.44735054347826086,0.22367527173913043,0.44735054347826086,0.7763247282608696,0.45828493242401075,0.3921905881696469
llama4_maverick,hellaswag/test/161.json,cross_layer,4,2944,1793,2944,11776,0.6090353260869565,0.15225883152173914,0.6090353260869565,0.8477411684782609,0.45828493242401075,0.4677583697621904
llama4_maverick,hellaswag/test/161.json,cross_layer,8,2944,2195,2944,23552,0.7455842391304348,0.09319802989130435,0.7455842391304348,0.9068019701086957,0.45828493242401075,0.5167267607466535
llama4_maverick,hellaswag/test/1612.json,cross_layer,1,2944,986,2944,2944,0.33491847826086957,0.33491847826086957,0.33491847826086957,0.6650815217391304,0.49153008459012787,0.33491847826086957
llama4_maverick,hellaswag/test/1612.json,cross_layer,2,2944,1417,2944,5888,0.4813179347826087,0.24065896739130435,0.4813179347826087,0.7593410326086957,0.49153008459012787,0.427286251287126
llama4_maverick,hellaswag/test/1612.json,cross_layer,4,2944,1863,2944,11776,0.6328125,0.158203125,0.6328125,0.841796875,0.49153008459012787,0.49907757661196883
llama4_maverick,hellaswag/test/1612.json,cross_layer,8,2944,2280,2944,23552,0.7744565217391305,0.09680706521739131,0.7744565217391305,0.9031929347826086,0.49153008459012787,0.5493772115554632
llama4_maverick,hellaswag/test/1618.json,cross_layer,1,2944,862,2944,2944,0.29279891304347827,0.29279891304347827,0.29279891304347827,0.7072010869565217,0.4322693941063709,0.29279891304347827
llama4_maverick,hellaswag/test/1618.json,cross_layer,2,2944,1208,2944,5888,0.41032608695652173,0.20516304347826086,0.41032608695652173,0.7948369565217391,0.4322693941063709,0.36695030391838357
llama4_maverick,hellaswag/test/1618.json,cross_layer,4,2944,1610,2944,11776,0.546875,0.13671875,0.546875,0.86328125,0.4322693941063709,0.4309391400492814
llama4_maverick,hellaswag/test/1618.json,cross_layer,8,2944,2030,2944,23552,0.6895380434782609,0.08619225543478261,0.6895380434782609,0.9138077445652174,0.4322693941063709,0.48127019274668903
llama4_maverick,hellaswag/test/1625.json,cross_layer,1,2944,919,2944,2944,0.31216032608695654,0.31216032608695654,0.31216032608695654,0.6878396739130435,0.4643764210338427,0.31216032608695654
llama4_maverick,hellaswag/test/1625.json,cross_layer,2,2944,1335,2944,5888,0.45346467391304346,0.22673233695652173,0.45346467391304346,0.7732676630434783,0.4643764210338427,0.4013134434394446
llama4_maverick,hellaswag/test/1625.json,cross_layer,4,2944,1741,2944,11776,0.5913722826086957,0.14784307065217392,0.5913722826086957,0.852156929347826,0.4643764210338427,0.46581679584293567
llama4_maverick,hellaswag/test/1625.json,cross_layer,8,2944,2185,2944,23552,0.7421875,0.0927734375,0.7421875,0.9072265625,0.4643764210338427,0.5198786001103212
llama4_maverick,hellaswag/test/1649.json,cross_layer,1,2944,896,2944,2944,0.30434782608695654,0.30434782608695654,0.30434782608695654,0.6956521739130435,0.4417398303759264,0.30434782608695654
llama4_maverick,hellaswag/test/1649.json,cross_layer,2,2944,1230,2944,5888,0.41779891304347827,0.20889945652173914,0.41779891304347827,0.7911005434782609,0.4417398303759264,0.37592749242284795
llama4_maverick,hellaswag/test/1649.json,cross_layer,4,2944,1626,2944,11776,0.5523097826086957,0.13807744565217392,0.5523097826086957,0.861922554347826,0.4417398303759264,0.439274064651173
llama4_maverick,hellaswag/test/1649.json,cross_layer,8,2944,2058,2944,23552,0.6990489130434783,0.08738111413043478,0.6990489130434783,0.9126188858695652,0.4417398303759264,0.49091040508300426
llama4_maverick,hellaswag/test/165.json,cross_layer,1,2944,882,2944,2944,0.29959239130434784,0.29959239130434784,0.29959239130434784,0.7004076086956521,0.44414772428251503,0.29959239130434784
llama4_maverick,hellaswag/test/165.json,cross_layer,2,2944,1247,2944,5888,0.4235733695652174,0.2117866847826087,0.4235733695652174,0.7882133152173914,0.44414772428251503,0.3778156793660252
llama4_maverick,hellaswag/test/165.json,cross_layer,4,2944,1639,2944,11776,0.5567255434782609,0.13918138586956522,0.5567255434782609,0.8608186141304348,0.44414772428251503,0.44034161957955475
llama4_maverick,hellaswag/test/165.json,cross_layer,8,2944,2144,2944,23552,0.7282608695652174,0.09103260869565218,0.7282608695652174,0.9089673913043478,0.44414772428251503,0.5013304124736698
llama4_maverick,hellaswag/test/1654.json,cross_layer,1,2944,834,2944,2944,0.28328804347826086,0.28328804347826086,0.28328804347826086,0.7167119565217391,0.4274407119869274,0.28328804347826086
llama4_maverick,hellaswag/test/1654.json,cross_layer,2,2944,1175,2944,5888,0.399116847826087,0.1995584239130435,0.399116847826087,0.8004415760869565,0.4274407119869274,0.3563678824619099
llama4_maverick,hellaswag/test/1654.json,cross_layer,4,2944,1575,2944,11776,0.5349864130434783,0.13374660326086957,0.5349864130434783,0.8662533967391304,0.4274407119869274,0.4208647498120188
llama4_maverick,hellaswag/test/1654.json,cross_layer,8,2944,2065,2944,23552,0.7014266304347826,0.08767832880434782,0.7014266304347826,0.9123216711956522,0.4274407119869274,0.47969252196993695
llama4_maverick,hellaswag/test/1659.json,cross_layer,1,2944,796,2944,2944,0.2703804347826087,0.2703804347826087,0.2703804347826087,0.7296195652173914,0.4108110321513505,0.2703804347826087
llama4_maverick,hellaswag/test/1659.json,cross_layer,2,2944,1131,2944,5888,0.3841711956521739,0.19208559782608695,0.3841711956521739,0.8079144021739131,0.4108110321513505,0.3421744114967506
llama4_maverick,hellaswag/test/1659.json,cross_layer,4,2944,1531,2944,11776,0.5200407608695652,0.1300101902173913,0.5200407608695652,0.8699898097826086,0.4108110321513505,0.4059413105385291
llama4_maverick,hellaswag/test/1659.json,cross_layer,8,2944,1983,2944,23552,0.6735733695652174,0.08419667119565218,0.6735733695652174,0.9158033288043478,0.4108110321513505,0.46009346811599117
llama4_maverick,hellaswag/test/1672.json,cross_layer,1,2944,839,2944,2944,0.28498641304347827,0.28498641304347827,0.28498641304347827,0.7150135869565217,0.4117571758051708,0.28498641304347827
llama4_maverick,hellaswag/test/1672.json,cross_layer,2,2944,1137,2944,5888,0.38620923913043476,0.19310461956521738,0.38620923913043476,0.8068953804347826,0.4117571758051708,0.34885090576232697
llama4_maverick,hellaswag/test/1672.json,cross_layer,4,2944,1484,2944,11776,0.5040760869565217,0.12601902173913043,0.5040760869565217,0.8739809782608696,0.4117571758051708,0.4049821932659751
llama4_maverick,hellaswag/test/1672.json,cross_layer,8,2944,1863,2944,23552,0.6328125,0.0791015625,0.6328125,0.9208984375,0.4117571758051708,0.45013883089963036
llama4_maverick,hellaswag/test/1673.json,cross_layer,1,2944,749,2944,2944,0.25441576086956524,0.25441576086956524,0.25441576086956524,0.7455842391304348,0.41245939683487914,0.25441576086956524
llama4_maverick,hellaswag/test/1673.json,cross_layer,2,2944,1162,2944,5888,0.39470108695652173,0.19735054347826086,0.39470108695652173,0.8026494565217391,0.41245939683487914,0.3429259470872982
llama4_maverick,hellaswag/test/1673.json,cross_layer,4,2944,1618,2944,11776,0.5495923913043478,0.13739809782608695,0.5495923913043478,0.8626019021739131,0.41245939683487914,0.4157798631281674
llama4_maverick,hellaswag/test/1673.json,cross_layer,8,2944,2089,2944,23552,0.709578804347826,0.08869735054347826,0.709578804347826,0.9113026494565217,0.41245939683487914,0.47197513916065065
llama4_maverick,hellaswag/test/1682.json,cross_layer,1,2944,870,2944,2944,0.2955163043478261,0.2955163043478261,0.2955163043478261,0.7044836956521738,0.4487294924973882,0.2955163043478261
llama4_maverick,hellaswag/test/1682.json,cross_layer,2,2944,1258,2944,5888,0.4273097826086957,0.21365489130434784,0.4273097826086957,0.7863451086956521,0.4487294924973882,0.37866873110928095
llama4_maverick,hellaswag/test/1682.json,cross_layer,4,2944,1708,2944,11776,0.5801630434782609,0.14504076086956522,0.5801630434782609,0.8549592391304348,0.4487294924973882,0.4511629516249953
llama4_maverick,hellaswag/test/1682.json,cross_layer,8,2944,2184,2944,23552,0.7418478260869565,0.09273097826086957,0.7418478260869565,0.9072690217391304,0.4487294924973882,0.5073278570448497
llama4_maverick,hellaswag/test/1687.json,cross_layer,1,2944,800,2944,2944,0.2717391304347826,0.2717391304347826,0.2717391304347826,0.7282608695652174,0.3995797434429663,0.2717391304347826
llama4_maverick,hellaswag/test/1687.json,cross_layer,2,2944,1127,2944,5888,0.3828125,0.19140625,0.3828125,0.80859375,0.3995797434429663,0.3418186241229152
llama4_maverick,hellaswag/test/1687.json,cross_layer,4,2944,1476,2944,11776,0.501358695652174,0.1253396739130435,0.501358695652174,0.8746603260869565,0.3995797434429663,0.3974654277721363
llama4_maverick,hellaswag/test/1687.json,cross_layer,8,2944,1816,2944,23552,0.6168478260869565,0.07710597826086957,0.6168478260869565,0.9228940217391304,0.3995797434429663,0.43830906043114337
llama4_maverick,hellaswag/test/1690.json,cross_layer,1,2944,952,2944,2944,0.3233695652173913,0.3233695652173913,0.3233695652173913,0.6766304347826086,0.48527849999089034,0.3233695652173913
llama4_maverick,hellaswag/test/1690.json,cross_layer,2,2944,1429,2944,5888,0.48539402173913043,0.24269701086956522,0.48539402173913043,0.7573029891304348,0.48527849999089034,0.42559561564320186
llama4_maverick,hellaswag/test/1690.json,cross_layer,4,2944,1846,2944,11776,0.6270380434782609,0.15675951086956522,0.6270380434782609,0.8432404891304348,0.48527849999089034,0.4928384270654718
llama4_maverick,hellaswag/test/1690.json,cross_layer,8,2944,2265,2944,23552,0.7693614130434783,0.09617017663043478,0.7693614130434783,0.9038298233695652,0.48527849999089034,0.5434747118239617
llama4_maverick,hellaswag/test/1692.json,cross_layer,1,2944,769,2944,2944,0.26120923913043476,0.26120923913043476,0.26120923913043476,0.7387907608695652,0.4034507043898389,0.26120923913043476
llama4_maverick,hellaswag/test/1692.json,cross_layer,2,2944,1079,2944,5888,0.366508152173913,0.1832540760869565,0.366508152173913,0.8167459239130435,0.4034507043898389,0.3276454563882975
llama4_maverick,hellaswag/test/1692.json,cross_layer,4,2944,1527,2944,11776,0.5186820652173914,0.12967051630434784,0.5186820652173914,0.8703294836956521,0.4034507043898389,0.3989052031291433
llama4_maverick,hellaswag/test/1692.json,cross_layer,8,2944,1985,2944,23552,0.6742527173913043,0.08428158967391304,0.6742527173913043,0.9157184103260869,0.4034507043898389,0.4537712167206323
llama4_maverick,hellaswag/test/1696.json,cross_layer,1,2944,951,2944,2944,0.32302989130434784,0.32302989130434784,0.32302989130434784,0.6769701086956521,0.4776997108963471,0.32302989130434784
llama4_maverick,hellaswag/test/1696.json,cross_layer,2,2944,1389,2944,5888,0.4718070652173913,0.23590353260869565,0.4718070652173913,0.7640964673913043,0.4776997108963471,0.41689783697836247
llama4_maverick,hellaswag/test/1696.json,cross_layer,4,2944,1800,2944,11776,0.6114130434782609,0.15285326086956522,0.6114130434782609,0.8471467391304348,0.4776997108963471,0.4822974688940314
llama4_maverick,hellaswag/test/1696.json,cross_layer,8,2944,2238,2944,23552,0.7601902173913043,0.09502377717391304,0.7601902173913043,0.9049762228260869,0.4776997108963471,0.5349873624173999
llama4_maverick,hellaswag/test/1702.json,cross_layer,1,2944,824,2944,2944,0.2798913043478261,0.2798913043478261,0.2798913043478261,0.7201086956521738,0.4293089299664987,0.2798913043478261
llama4_maverick,hellaswag/test/1702.json,cross_layer,2,2944,1219,2944,5888,0.4140625,0.20703125,0.4140625,0.79296875,0.4293089299664987,0.3645439037570387
llama4_maverick,hellaswag/test/1702.json,cross_layer,4,2944,1646,2944,11776,0.5591032608695652,0.1397758152173913,0.5591032608695652,0.8602241847826086,0.4293089299664987,0.43296704271925895
llama4_maverick,hellaswag/test/1702.json,cross_layer,8,2944,2034,2944,23552,0.6908967391304348,0.08636209239130435,0.6908967391304348,0.9136379076086957,0.4293089299664987,0.4792526875936715
llama4_maverick,hellaswag/test/1716.json,cross_layer,1,2944,830,2944,2944,0.281929347826087,0.281929347826087,0.281929347826087,0.7180706521739131,0.428103734406797,0.281929347826087
llama4_maverick,hellaswag/test/1716.json,cross_layer,2,2944,1219,2944,5888,0.4140625,0.20703125,0.4140625,0.79296875,0.428103734406797,0.36529608496579263
llama4_maverick,hellaswag/test/1716.json,cross_layer,4,2944,1598,2944,11776,0.5427989130434783,0.13569972826086957,0.5427989130434783,0.8643002717391304,0.428103734406797,0.4258731657571726
llama4_maverick,hellaswag/test/1716.json,cross_layer,8,2944,2020,2944,23552,0.686141304347826,0.08576766304347826,0.686141304347826,0.9142323369565217,0.428103734406797,0.4762110006863117
llama4_maverick,hellaswag/test/1717.json,cross_layer,1,2944,787,2944,2944,0.2673233695652174,0.2673233695652174,0.2673233695652174,0.7326766304347826,0.4114215820237087,0.2673233695652174
llama4_maverick,hellaswag/test/1717.json,cross_layer,2,2944,1135,2944,5888,0.38552989130434784,0.19276494565217392,0.38552989130434784,0.807235054347826,0.4114215820237087,0.3419033811966247
llama4_maverick,hellaswag/test/1717.json,cross_layer,4,2944,1516,2944,11776,0.5149456521739131,0.12873641304347827,0.5149456521739131,0.8712635869565217,0.4114215820237087,0.4029378727249721
llama4_maverick,hellaswag/test/1717.json,cross_layer,8,2944,1990,2944,23552,0.6759510869565217,0.08449388586956522,0.6759510869565217,0.9155061141304348,0.4114215820237087,0.46002139602955183
llama4_maverick,hellaswag/test/1729.json,cross_layer,1,2944,774,2944,2944,0.26290760869565216,0.26290760869565216,0.26290760869565216,0.7370923913043479,0.40719193174761453,0.26290760869565216
llama4_maverick,hellaswag/test/1729.json,cross_layer,2,2944,1102,2944,5888,0.374320652173913,0.1871603260869565,0.374320652173913,0.8128396739130435,0.40719193174761453,0.3332014127620359
llama4_maverick,hellaswag/test/1729.json,cross_layer,4,2944,1527,2944,11776,0.5186820652173914,0.12967051630434784,0.5186820652173914,0.8703294836956521,0.40719193174761453,0.4014026146351368
llama4_maverick,hellaswag/test/1729.json,cross_layer,8,2944,2010,2944,23552,0.6827445652173914,0.08534307065217392,0.6827445652173914,0.914656929347826,0.40719193174761453,0.45946950759168187
llama4_maverick,hellaswag/test/1733.json,cross_layer,1,2944,958,2944,2944,0.32540760869565216,0.32540760869565216,0.32540760869565216,0.6745923913043479,0.48089687884177323,0.32540760869565216
llama4_maverick,hellaswag/test/1733.json,cross_layer,2,2944,1402,2944,5888,0.47622282608695654,0.23811141304347827,0.47622282608695654,0.7618885869565217,0.48089687884177323,0.42056141663917385
llama4_maverick,hellaswag/test/1733.json,cross_layer,4,2944,1838,2944,11776,0.6243206521739131,0.15608016304347827,0.6243206521739131,0.8439198369565217,0.48089687884177323,0.49063082503401445
llama4_maverick,hellaswag/test/1733.json,cross_layer,8,2944,2201,2944,23552,0.7476222826086957,0.09345278532608696,0.7476222826086957,0.9065472146739131,0.48089687884177323,0.5344894546170039
llama4_maverick,hellaswag/test/1736.json,cross_layer,1,2944,825,2944,2944,0.28023097826086957,0.28023097826086957,0.28023097826086957,0.7197690217391304,0.419749499324066,0.28023097826086957
llama4_maverick,hellaswag/test/1736.json,cross_layer,2,2944,1156,2944,5888,0.39266304347826086,0.19633152173913043,0.39266304347826086,0.8036684782608696,0.419749499324066,0.3511677134620069
llama4_maverick,hellaswag/test/1736.json,cross_layer,4,2944,1558,2944,11776,0.5292119565217391,0.13230298913043478,0.5292119565217391,0.8676970108695652,0.419749499324066,0.416051349454729
llama4_maverick,hellaswag/test/1736.json,cross_layer,8,2944,1960,2944,23552,0.6657608695652174,0.08322010869565218,0.6657608695652174,0.9167798913043478,0.419749499324066,0.4643673385566953
llama4_maverick,hellaswag/test/174.json,cross_layer,1,2944,896,2944,2944,0.30434782608695654,0.30434782608695654,0.30434782608695654,0.6956521739130435,0.44729256287870556,0.30434782608695654
llama4_maverick,hellaswag/test/174.json,cross_layer,2,2944,1273,2944,5888,0.43240489130434784,0.21620244565217392,0.43240489130434784,0.783797554347826,0.44729256287870556,0.3851428386876484
llama4_maverick,hellaswag/test/174.json,cross_layer,4,2944,1650,2944,11776,0.5604619565217391,0.14011548913043478,0.5604619565217391,0.8598845108695652,0.44729256287870556,0.4453331508364151
llama4_maverick,hellaswag/test/174.json,cross_layer,8,2944,2070,2944,23552,0.703125,0.087890625,0.703125,0.912109375,0.44729256287870556,0.4964325728368745
llama4_maverick,hellaswag/test/1742.json,cross_layer,1,2944,813,2944,2944,0.27615489130434784,0.27615489130434784,0.27615489130434784,0.7238451086956521,0.42275043548231594,0.27615489130434784
llama4_maverick,hellaswag/test/1742.json,cross_layer,2,2944,1184,2944,5888,0.40217391304347827,0.20108695652173914,0.40217391304347827,0.7989130434782609,0.42275043548231594,0.3556640416355319
llama4_maverick,hellaswag/test/1742.json,cross_layer,4,2944,1627,2944,11776,0.5526494565217391,0.13816236413043478,0.5526494565217391,0.8618376358695652,0.42275043548231594,0.42619234041769366
llama4_maverick,hellaswag/test/1742.json,cross_layer,8,2944,2015,2944,23552,0.6844429347826086,0.08555536684782608,0.6844429347826086,0.914444633152174,0.42275043548231594,0.47256348063424797
llama4_maverick,hellaswag/test/1752.json,cross_layer,1,2944,824,2944,2944,0.2798913043478261,0.2798913043478261,0.2798913043478261,0.7201086956521738,0.4349813482940224,0.2798913043478261
llama4_maverick,hellaswag/test/1752.json,cross_layer,2,2944,1253,2944,5888,0.42561141304347827,0.21280570652173914,0.42561141304347827,0.7871942934782609,0.4349813482940224,0.37183045661757885
llama4_maverick,hellaswag/test/1752.json,cross_layer,4,2944,1638,2944,11776,0.5563858695652174,0.13909646739130435,0.5563858695652174,0.8609035326086957,0.4349813482940224,0.4338975064437868
llama4_maverick,hellaswag/test/1752.json,cross_layer,8,2944,2087,2944,23552,0.7088994565217391,0.08861243206521739,0.7088994565217391,0.9113875679347826,0.4349813482940224,0.48796792399347727
llama4_maverick,hellaswag/test/176.json,cross_layer,1,2944,910,2944,2944,0.30910326086956524,0.30910326086956524,0.30910326086956524,0.6908967391304348,0.45805202134101647,0.30910326086956524
llama4_maverick,hellaswag/test/176.json,cross_layer,2,2944,1334,2944,5888,0.453125,0.2265625,0.453125,0.7734375,0.45805202134101647,0.39997086124806297
llama4_maverick,hellaswag/test/176.json,cross_layer,4,2944,1733,2944,11776,0.5886548913043478,0.14716372282608695,0.5886548913043478,0.8528362771739131,0.45805202134101647,0.46377984961638374
llama4_maverick,hellaswag/test/176.json,cross_layer,8,2944,2080,2944,23552,0.7065217391304348,0.08831521739130435,0.7065217391304348,0.9116847826086957,0.45805202134101647,0.5052318728529027
llama4_maverick,hellaswag/test/1761.json,cross_layer,1,2944,896,2944,2944,0.30434782608695654,0.30434782608695654,0.30434782608695654,0.6956521739130435,0.47070189703234283,0.30434782608695654
llama4_maverick,hellaswag/test/1761.json,cross_layer,2,2944,1367,2944,5888,0.46433423913043476,0.23216711956521738,0.46433423913043476,0.7678328804347826,0.47070189703234283,0.40528801424325933
llama4_maverick,hellaswag/test/1761.json,cross_layer,4,2944,1857,2944,11776,0.6307744565217391,0.15769361413043478,0.6307744565217391,0.8423063858695652,0.47070189703234283,0.48342189214538617
llama4_maverick,hellaswag/test/1761.json,cross_layer,8,2944,2245,2944,23552,0.7625679347826086,0.09532099184782608,0.7625679347826086,0.904679008152174,0.47070189703234283,0.530333913354334
llama4_maverick,hellaswag/test/1771.json,cross_layer,1,2944,839,2944,2944,0.28498641304347827,0.28498641304347827,0.28498641304347827,0.7150135869565217,0.4305306012081154,0.28498641304347827
llama4_maverick,hellaswag/test/1771.json,cross_layer,2,2944,1222,2944,5888,0.41508152173913043,0.20754076086956522,0.41508152173913043,0.7924592391304348,0.4305306012081154,0.36706728791367693
llama4_maverick,hellaswag/test/1771.json,cross_layer,4,2944,1612,2944,11776,0.5475543478260869,0.13688858695652173,0.5475543478260869,0.8631114130434783,0.4305306012081154,0.42951257522679537
llama4_maverick,hellaswag/test/1771.json,cross_layer,8,2944,2045,2944,23552,0.6946331521739131,0.08682914402173914,0.6946331521739131,0.9131708559782609,0.4305306012081154,0.4811145793371819
llama4_maverick,hellaswag/test/1773.json,cross_layer,1,2944,1016,2944,2944,0.3451086956521739,0.3451086956521739,0.3451086956521739,0.6548913043478262,0.48740818149733794,0.3451086956521739
llama4_maverick,hellaswag/test/1773.json,cross_layer,2,2944,1377,2944,5888,0.46773097826086957,0.23386548913043478,0.46773097826086957,0.7661345108695652,0.48740818149733794,0.4224747422008484
llama4_maverick,hellaswag/test/1773.json,cross_layer,4,2944,1788,2944,11776,0.6073369565217391,0.15183423913043478,0.6073369565217391,0.8481657608695652,0.48740818149733794,0.48818048985872015
llama4_maverick,hellaswag/test/1773.json,cross_layer,8,2944,2238,2944,23552,0.7601902173913043,0.09502377717391304,0.7601902173913043,0.9049762228260869,0.48740818149733794,0.5421723474382081
llama4_maverick,hellaswag/test/1776.json,cross_layer,1,2944,835,2944,2944,0.2836277173913043,0.2836277173913043,0.2836277173913043,0.7163722826086957,0.41183062358457967,0.2836277173913043
llama4_maverick,hellaswag/test/1776.json,cross_layer,2,2944,1135,2944,5888,0.38552989130434784,0.19276494565217392,0.38552989130434784,0.807235054347826,0.41183062358457967,0.3479208308666553
llama4_maverick,hellaswag/test/1776.json,cross_layer,4,2944,1483,2944,11776,0.5037364130434783,0.12593410326086957,0.5037364130434783,0.8740658967391304,0.41183062358457967,0.40311522918193615
llama4_maverick,hellaswag/test/1776.json,cross_layer,8,2944,1896,2944,23552,0.6440217391304348,0.08050271739130435,0.6440217391304348,0.9194972826086957,0.41183062358457967,0.45271841896357934
llama4_maverick,hellaswag/test/1777.json,cross_layer,1,2944,898,2944,2944,0.30502717391304346,0.30502717391304346,0.30502717391304346,0.6949728260869565,0.4400691673427934,0.30502717391304346
llama4_maverick,hellaswag/test/1777.json,cross_layer,2,2944,1204,2944,5888,0.40896739130434784,0.20448369565217392,0.40896739130434784,0.795516304347826,0.4400691673427934,0.37060614965790195
llama4_maverick,hellaswag/test/1777.json,cross_layer,4,2944,1622,2944,11776,0.5509510869565217,0.13773777173913043,0.5509510869565217,0.8622622282608696,0.4400691673427934,0.43691207189180525
llama4_maverick,hellaswag/test/1777.json,cross_layer,8,2944,2039,2944,23552,0.6925951086956522,0.08657438858695653,0.6925951086956522,0.9134256114130435,0.4400691673427934,0.4873250635661085
llama4_maverick,hellaswag/test/1785.json,cross_layer,1,2944,923,2944,2944,0.31351902173913043,0.31351902173913043,0.31351902173913043,0.6864809782608696,0.4607984650827939,0.31351902173913043
llama4_maverick,hellaswag/test/1785.json,cross_layer,2,2944,1282,2944,5888,0.43546195652173914,0.21773097826086957,0.43546195652173914,0.7822690217391304,0.4607984650827939,0.3904564475313015
llama4_maverick,hellaswag/test/1785.json,cross_layer,4,2944,1750,2944,11776,0.5944293478260869,0.14860733695652173,0.5944293478260869,0.8513926630434783,0.4607984650827939,0.4647597229308104
llama4_maverick,hellaswag/test/1785.json,cross_layer,8,2944,2202,2944,23552,0.7479619565217391,0.09349524456521739,0.7479619565217391,0.9065047554347826,0.4607984650827939,0.5188769992054157
llama4_maverick,hellaswag/test/1787.json,cross_layer,1,2944,882,2944,2944,0.29959239130434784,0.29959239130434784,0.29959239130434784,0.7004076086956521,0.4466868087954404,0.29959239130434784
llama4_maverick,hellaswag/test/1787.json,cross_layer,2,2944,1296,2944,5888,0.44021739130434784,0.22010869565217392,0.44021739130434784,0.779891304347826,0.4466868087954404,0.38831688790033403
llama4_maverick,hellaswag/test/1787.json,cross_layer,4,2944,1623,2944,11776,0.5512907608695652,0.1378226902173913,0.5512907608695652,0.8621773097826086,0.4466868087954404,0.43999180485822814
llama4_maverick,hellaswag/test/1787.json,cross_layer,8,2944,2100,2944,23552,0.7133152173913043,0.08916440217391304,0.7133152173913043,0.9108355978260869,0.4466868087954404,0.4976806553889208
llama4_maverick,hellaswag/test/1794.json,cross_layer,1,2944,1079,2944,2944,0.366508152173913,0.366508152173913,0.366508152173913,0.6334918478260869,0.5131920913153293,0.366508152173913
llama4_maverick,hellaswag/test/1794.json,cross_layer,2,2944,1490,2944,5888,0.5061141304347826,0.2530570652173913,0.5061141304347826,0.7469429347826086,0.5131920913153293,0.45458971763514694
llama4_maverick,hellaswag/test/1794.json,cross_layer,4,2944,1888,2944,11776,0.6413043478260869,0.16032608695652173,0.6413043478260869,0.8396739130434783,0.5131920913153293,0.518275963776515
llama4_maverick,hellaswag/test/1794.json,cross_layer,8,2944,2298,2944,23552,0.7805706521739131,0.09757133152173914,0.7805706521739131,0.9024286684782609,0.5131920913153293,0.5677257572882194
llama4_maverick,hellaswag/test/1815.json,cross_layer,1,2944,958,2944,2944,0.32540760869565216,0.32540760869565216,0.32540760869565216,0.6745923913043479,0.46727519699907505,0.32540760869565216
llama4_maverick,hellaswag/test/1815.json,cross_layer,2,2944,1336,2944,5888,0.453804347826087,0.2269021739130435,0.453804347826087,0.7730978260869565,0.46727519699907505,0.40641693167459614
llama4_maverick,hellaswag/test/1815.json,cross_layer,4,2944,1698,2944,11776,0.576766304347826,0.1441915760869565,0.576766304347826,0.8558084239130435,0.46727519699907505,0.46424806839381494
llama4_maverick,hellaswag/test/1815.json,cross_layer,8,2944,2151,2944,23552,0.7306385869565217,0.09132982336956522,0.7306385869565217,0.9086701766304348,0.46727519699907505,0.518861255819539
llama4_maverick,hellaswag/test/1819.json,cross_layer,1,2944,919,2944,2944,0.31216032608695654,0.31216032608695654,0.31216032608695654,0.6878396739130435,0.46173403000817925,0.31216032608695654
llama4_maverick,hellaswag/test/1819.json,cross_layer,2,2944,1304,2944,5888,0.4429347826086957,0.22146739130434784,0.4429347826086957,0.7785326086956521,0.46173403000817925,0.3946698217136585
llama4_maverick,hellaswag/test/1819.json,cross_layer,4,2944,1725,2944,11776,0.5859375,0.146484375,0.5859375,0.853515625,0.46173403000817925,0.46212103366631857
llama4_maverick,hellaswag/test/1819.json,cross_layer,8,2944,2196,2944,23552,0.7459239130434783,0.09324048913043478,0.7459239130434783,0.9067595108695652,0.46173403000817925,0.5182605510074473
llama4_maverick,hellaswag/test/1838.json,cross_layer,1,2944,881,2944,2944,0.2992527173913043,0.2992527173913043,0.2992527173913043,0.7007472826086957,0.442432259892003,0.2992527173913043
llama4_maverick,hellaswag/test/1838.json,cross_layer,2,2944,1235,2944,5888,0.4194972826086957,0.20974864130434784,0.4194972826086957,0.7902513586956521,0.442432259892003,0.3751185912922191
llama4_maverick,hellaswag/test/1838.json,cross_layer,4,2944,1659,2944,11776,0.5635190217391305,0.14087975543478262,0.5635190217391305,0.8591202445652174,0.442432259892003,0.4425141773596073
llama4_maverick,hellaswag/test/1838.json,cross_layer,8,2944,2067,2944,23552,0.7021059782608695,0.08776324728260869,0.7021059782608695,0.9122367527173914,0.442432259892003,0.49223447616173366
llama4_maverick,hellaswag/test/1846.json,cross_layer,1,2944,1001,2944,2944,0.34001358695652173,0.34001358695652173,0.34001358695652173,0.6599864130434783,0.5004825861539112,0.34001358695652173
llama4_maverick,hellaswag/test/1846.json,cross_layer,2,2944,1443,2944,5888,0.49014945652173914,0.24507472826086957,0.49014945652173914,0.7549252717391304,0.5004825861539112,0.43473877414354123
llama4_maverick,hellaswag/test/1846.json,cross_layer,4,2944,1924,2944,11776,0.6535326086956522,0.16338315217391305,0.6535326086956522,0.8366168478260869,0.5004825861539112,0.5118150667326689
llama4_maverick,hellaswag/test/1846.json,cross_layer,8,2944,2347,2944,23552,0.7972146739130435,0.09965183423913043,0.7972146739130435,0.9003481657608696,0.5004825861539112,0.5630795089672805
llama4_maverick,hellaswag/test/1850.json,cross_layer,1,2944,744,2944,2944,0.25271739130434784,0.25271739130434784,0.25271739130434784,0.7472826086956521,0.3986932824669369,0.25271739130434784
llama4_maverick,hellaswag/test/1850.json,cross_layer,2,2944,1102,2944,5888,0.374320652173913,0.1871603260869565,0.374320652173913,0.8128396739130435,0.3986932824669369,0.32944050671826663
llama4_maverick,hellaswag/test/1850.json,cross_layer,4,2944,1522,2944,11776,0.516983695652174,0.1292459239130435,0.516983695652174,0.8707540760869565,0.3986932824669369,0.396321576513062
llama4_maverick,hellaswag/test/1850.json,cross_layer,8,2944,1978,2944,23552,0.671875,0.083984375,0.671875,0.916015625,0.3986932824669369,0.4506995649963859
llama4_maverick,hellaswag/test/1853.json,cross_layer,1,2944,1009,2944,2944,0.34273097826086957,0.34273097826086957,0.34273097826086957,0.6572690217391304,0.48919910354964635,0.34273097826086957
llama4_maverick,hellaswag/test/1853.json,cross_layer,2,2944,1391,2944,5888,0.47248641304347827,0.23624320652173914,0.47248641304347827,0.7637567934782609,0.48919910354964635,0.4245975427528188
llama4_maverick,hellaswag/test/1853.json,cross_layer,4,2944,1832,2944,11776,0.6222826086956522,0.15557065217391305,0.6222826086956522,0.8444293478260869,0.48919910354964635,0.49539839910634337
llama4_maverick,hellaswag/test/1853.json,cross_layer,8,2944,2244,2944,23552,0.7622282608695652,0.09527853260869565,0.7622282608695652,0.9047214673913043,0.48919910354964635,0.5443263602628768
llama4_maverick,hellaswag/test/1854.json,cross_layer,1,2944,955,2944,2944,0.32438858695652173,0.32438858695652173,0.32438858695652173,0.6756114130434783,0.4681369520220419,0.32438858695652173
llama4_maverick,hellaswag/test/1854.json,cross_layer,2,2944,1325,2944,5888,0.4500679347826087,0.22503396739130435,0.4500679347826087,0.7749660326086957,0.4681369520220419,0.40368342690945586
llama4_maverick,hellaswag/test/1854.json,cross_layer,4,2944,1720,2944,11776,0.5842391304347826,0.14605978260869565,0.5842391304347826,0.8539402173913043,0.4681369520220419,0.4666717832629805
llama4_maverick,hellaswag/test/1854.json,cross_layer,8,2944,2166,2944,23552,0.735733695652174,0.09196671195652174,0.735733695652174,0.9080332880434783,0.4681369520220419,0.5206958211066377
llama4_maverick,hellaswag/test/1864.json,cross_layer,1,2944,931,2944,2944,0.31623641304347827,0.31623641304347827,0.31623641304347827,0.6837635869565217,0.4669673408943772,0.31623641304347827
llama4_maverick,hellaswag/test/1864.json,cross_layer,2,2944,1340,2944,5888,0.45516304347826086,0.22758152173913043,0.45516304347826086,0.7724184782608696,0.4669673408943772,0.4038893577482082
llama4_maverick,hellaswag/test/1864.json,cross_layer,4,2944,1717,2944,11776,0.5832201086956522,0.14580502717391305,0.5832201086956522,0.8541949728260869,0.4669673408943772,0.4644093330039626
llama4_maverick,hellaswag/test/1864.json,cross_layer,8,2944,2194,2944,23552,0.7452445652173914,0.09315557065217392,0.7452445652173914,0.906844429347826,0.4669673408943772,0.5226639129345112
llama4_maverick,hellaswag/test/1865.json,cross_layer,1,2944,958,2944,2944,0.32540760869565216,0.32540760869565216,0.32540760869565216,0.6745923913043479,0.48439981544757593,0.32540760869565216
llama4_maverick,hellaswag/test/1865.json,cross_layer,2,2944,1444,2944,5888,0.4904891304347826,0.2452445652173913,0.4904891304347826,0.7547554347826086,0.48439981544757593,0.42956245252572406
llama4_maverick,hellaswag/test/1865.json,cross_layer,4,2944,1822,2944,11776,0.6188858695652174,0.15472146739130435,0.6188858695652174,0.8452785326086957,0.48439981544757593,0.48992260163101164
llama4_maverick,hellaswag/test/1865.json,cross_layer,8,2944,2238,2944,23552,0.7601902173913043,0.09502377717391304,0.7601902173913043,0.9049762228260869,0.48439981544757593,0.5401522335043396
llama4_maverick,hellaswag/test/1866.json,cross_layer,1,2944,878,2944,2944,0.2982336956521739,0.2982336956521739,0.2982336956521739,0.7017663043478262,0.45313201504365624,0.2982336956521739
llama4_maverick,hellaswag/test/1866.json,cross_layer,2,2944,1330,2944,5888,0.4517663043478261,0.22588315217391305,0.4517663043478261,0.7741168478260869,0.45313201504365624,0.39510198662170404
llama4_maverick,hellaswag/test/1866.json,cross_layer,4,2944,1727,2944,11776,0.5866168478260869,0.14665421195652173,0.5866168478260869,0.8533457880434783,0.45313201504365624,0.4585713010769818
llama4_maverick,hellaswag/test/1866.json,cross_layer,8,2944,2112,2944,23552,0.717391304347826,0.08967391304347826,0.717391304347826,0.9103260869565217,0.45313201504365624,0.5051379412370405
llama4_maverick,hellaswag/test/1875.json,cross_layer,1,2944,852,2944,2944,0.28940217391304346,0.28940217391304346,0.28940217391304346,0.7105978260869565,0.43166940353508704,0.28940217391304346
llama4_maverick,hellaswag/test/1875.json,cross_layer,2,2944,1184,2944,5888,0.40217391304347827,0.20108695652173914,0.40217391304347827,0.7989130434782609,0.43166940353508704,0.3605532194924322
llama4_maverick,hellaswag/test/1875.json,cross_layer,4,2944,1619,2944,11776,0.5499320652173914,0.13748301630434784,0.5499320652173914,0.8625169836956521,0.43166940353508704,0.4298876541759146
llama4_maverick,hellaswag/test/1875.json,cross_layer,8,2944,2063,2944,23552,0.7007472826086957,0.08759341032608696,0.7007472826086957,0.9124065896739131,0.43166940353508704,0.4830433271068383
llama4_maverick,hellaswag/test/1878.json,cross_layer,1,2944,905,2944,2944,0.30740489130434784,0.30740489130434784,0.30740489130434784,0.6925951086956521,0.44793718666520915,0.30740489130434784
llama4_maverick,hellaswag/test/1878.json,cross_layer,2,2944,1249,2944,5888,0.4242527173913043,0.21212635869565216,0.4242527173913043,0.7878736413043479,0.44793718666520915,0.38112766142275095
llama4_maverick,hellaswag/test/1878.json,cross_layer,4,2944,1648,2944,11776,0.5597826086956522,0.13994565217391305,0.5597826086956522,0.8600543478260869,0.44793718666520915,0.44486600769671664
llama4_maverick,hellaswag/test/1878.json,cross_layer,8,2944,2127,2944,23552,0.7224864130434783,0.09031080163043478,0.7224864130434783,0.9096891983695652,0.44793718666520915,0.5017302577462157
llama4_maverick,hellaswag/test/1885.json,cross_layer,1,2944,771,2944,2944,0.26188858695652173,0.26188858695652173,0.26188858695652173,0.7381114130434783,0.4072819387435707,0.26188858695652173
llama4_maverick,hellaswag/test/1885.json,cross_layer,2,2944,1101,2944,5888,0.37398097826086957,0.18699048913043478,0.37398097826086957,0.8130095108695652,0.4072819387435707,0.3326110117794079
llama4_maverick,hellaswag/test/1885.json,cross_layer,4,2944,1571,2944,11776,0.5336277173913043,0.13340692934782608,0.5336277173913043,0.866593070652174,0.4072819387435707,0.40791328730593535
llama4_maverick,hellaswag/test/1885.json,cross_layer,8,2944,1996,2944,23552,0.6779891304347826,0.08474864130434782,0.6779891304347826,0.9152513586956522,0.4072819387435707,0.4588839987607673
llama4_maverick,hellaswag/test/1891.json,cross_layer,1,2944,823,2944,2944,0.2795516304347826,0.2795516304347826,0.2795516304347826,0.7204483695652174,0.4215704274871464,0.2795516304347826
llama4_maverick,hellaswag/test/1891.json,cross_layer,2,2944,1179,2944,5888,0.40047554347826086,0.20023777173913043,0.40047554347826086,0.7997622282608696,0.4215704274871464,0.35584612509219915
llama4_maverick,hellaswag/test/1891.json,cross_layer,4,2944,1568,2944,11776,0.532608695652174,0.1331521739130435,0.532608695652174,0.8668478260869565,0.4215704274871464,0.4173445124108967
llama4_maverick,hellaswag/test/1891.json,cross_layer,8,2944,2000,2944,23552,0.6793478260869565,0.08491847826086957,0.6793478260869565,0.9150815217391304,0.4215704274871464,0.4690437014382168
llama4_maverick,hellaswag/test/1894.json,cross_layer,1,2944,937,2944,2944,0.31827445652173914,0.31827445652173914,0.31827445652173914,0.6817255434782609,0.4614545945664315,0.31827445652173914
llama4_maverick,hellaswag/test/1894.json,cross_layer,2,2944,1305,2944,5888,0.44327445652173914,0.22163722826086957,0.44327445652173914,0.7783627717391304,0.4614545945664315,0.397140675718171
llama4_maverick,hellaswag/test/1894.json,cross_layer,4,2944,1727,2944,11776,0.5866168478260869,0.14665421195652173,0.5866168478260869,0.8533457880434783,0.4614545945664315,0.46443206152036426
llama4_maverick,hellaswag/test/1894.json,cross_layer,8,2944,2116,2944,23552,0.71875,0.08984375,0.71875,0.91015625,0.4614545945664315,0.511120012678695
