model,request_file,k,examples,hits,truth,predicted,recall,precision,avg_hits,mrr,ndcg
qwen3,Chinese-SimpleQA/中华文化/1.json,8,12032,54484.0,96256.0,96256.0,0.5660322473404256,0.5660322473404256,4.5282579787234045,0.9253934254037574,0.6370211782607627
qwen3,Chinese-SimpleQA/中华文化/1.json,12,12032,65724.0,96256.0,144384.0,0.6828041888297872,0.4552027925531915,5.462433510638298,0.9253934254037574,0.7047388857983529
qwen3,Chinese-SimpleQA/中华文化/1.json,16,12032,72628.0,96256.0,192512.0,0.7545295877659575,0.37726479388297873,6.03623670212766,0.9253934254037574,0.7415947914123535
qwen3,Chinese-SimpleQA/中华文化/100.json,8,12032,55614.0,96256.0,96256.0,0.5777717752659575,0.5777717752659575,4.62217420212766,0.9135066816147338,0.6426980565202997
qwen3,Chinese-SimpleQA/中华文化/100.json,12,12032,67354.0,96256.0,144384.0,0.6997381981382979,0.4664921320921986,5.597905585106383,0.9135066816147338,0.7134253420728318
qwen3,Chinese-SimpleQA/中华文化/100.json,16,12032,74626.0,96256.0,192512.0,0.7752867353723404,0.3876433676861702,6.202293882978723,0.9135066816147338,0.75227212652247
qwen3,Chinese-SimpleQA/中华文化/101.json,8,12032,53717.0,96256.0,96256.0,0.5580639128989362,0.5580639128989362,4.46451130319149,0.9250824223173425,0.6289016972196863
qwen3,Chinese-SimpleQA/中华文化/101.json,12,12032,65773.0,96256.0,144384.0,0.6833132480053191,0.4555421653368794,5.466505984042553,0.9250824223173425,0.7014862425783848
qwen3,Chinese-SimpleQA/中华文化/101.json,16,12032,73409.0,96256.0,192512.0,0.7626433676861702,0.3813216838430851,6.101146941489362,0.9250824223173425,0.742265819235051
qwen3,Chinese-SimpleQA/中华文化/102.json,8,10998,50870.0,87984.0,87984.0,0.578173304237134,0.578173304237134,4.625386433897072,0.9141254900238431,0.6437444088566973
qwen3,Chinese-SimpleQA/中华文化/102.json,12,10998,61046.0,87984.0,131976.0,0.693830696490271,0.4625537976601806,5.550645571922168,0.9141254900238431,0.7108526020011895
qwen3,Chinese-SimpleQA/中华文化/102.json,16,10998,67462.0,87984.0,175968.0,0.7667530460083651,0.38337652300418257,6.134024368066921,0.9141254900238431,0.748327560827155
qwen3,Chinese-SimpleQA/中华文化/113.json,8,12032,53105.0,96256.0,96256.0,0.5517058676861702,0.5517058676861702,4.413646941489362,0.9010476901176128,0.6174123889588295
qwen3,Chinese-SimpleQA/中华文化/113.json,12,12032,64274.0,96256.0,144384.0,0.667740192819149,0.44516012854609927,5.341921542553192,0.9010476901176128,0.6846529143921872
qwen3,Chinese-SimpleQA/中华文化/113.json,16,12032,71311.0,96256.0,192512.0,0.7408473238031915,0.37042366190159576,5.926778590425532,0.9010476901176128,0.7222558786260321
qwen3,Chinese-SimpleQA/中华文化/114.json,8,12032,53079.0,96256.0,96256.0,0.5514357546542553,0.5514357546542553,4.4114860372340425,0.9092347089280474,0.6182458996772766
qwen3,Chinese-SimpleQA/中华文化/114.json,12,12032,66070.0,96256.0,144384.0,0.6863987699468085,0.457599179964539,5.491190159574468,0.9092347089280474,0.6964349366248922
qwen3,Chinese-SimpleQA/中华文化/114.json,16,12032,74637.0,96256.0,192512.0,0.775401013962766,0.387700506981383,6.203208111702128,0.9092347089280474,0.7421896698627066
qwen3,Chinese-SimpleQA/中华文化/119.json,8,12032,52826.0,96256.0,96256.0,0.5488073470744681,0.5488073470744681,4.390458776595745,0.909315824508667,0.6170472458321997
qwen3,Chinese-SimpleQA/中华文化/119.json,12,12032,64647.0,96256.0,144384.0,0.671615275930851,0.44774351728723405,5.372922207446808,0.909315824508667,0.6882432572385098
qwen3,Chinese-SimpleQA/中华文化/119.json,16,12032,72094.0,96256.0,192512.0,0.7489818816489362,0.3744909408244681,5.99185505319149,0.909315824508667,0.7280177930568127
qwen3,Chinese-SimpleQA/中华文化/121.json,8,12032,51501.0,96256.0,96256.0,0.5350419714095744,0.5350419714095744,4.2803357712765955,0.8823075662267968,0.5955477141319437
qwen3,Chinese-SimpleQA/中华文化/121.json,12,12032,64176.0,96256.0,144384.0,0.6667220744680851,0.4444813829787234,5.3337765957446805,0.8823075662267968,0.671818512551328
qwen3,Chinese-SimpleQA/中华文化/121.json,16,12032,72436.0,96256.0,192512.0,0.7525349069148937,0.37626745345744683,6.020279255319149,0.8823075662267968,0.7159227475206903
qwen3,Chinese-SimpleQA/中华文化/143.json,8,12032,55207.0,96256.0,96256.0,0.5735434674202128,0.5735434674202128,4.588347739361702,0.9293785665897613,0.6438947383393633
qwen3,Chinese-SimpleQA/中华文化/143.json,12,12032,66962.0,96256.0,144384.0,0.6956657247340425,0.463777149822695,5.56532579787234,0.9293785665897613,0.71476837295167
qwen3,Chinese-SimpleQA/中华文化/143.json,16,12032,74031.0,96256.0,192512.0,0.7691053025265957,0.38455265126329785,6.152842420212766,0.9293785665897613,0.75254307021486
qwen3,Chinese-SimpleQA/中华文化/145.json,8,12032,56243.0,96256.0,96256.0,0.5843064328457447,0.5843064328457447,4.6744514627659575,0.9081513894365189,0.6478530777261612
qwen3,Chinese-SimpleQA/中华文化/145.json,12,12032,67211.0,96256.0,144384.0,0.698252576462766,0.46550171764184395,5.586020611702128,0.9081513894365189,0.7139555304608447
qwen3,Chinese-SimpleQA/中华文化/145.json,16,12032,74101.0,96256.0,192512.0,0.7698325299202128,0.3849162649601064,6.158660239361702,0.9081513894365189,0.750766508122708
qwen3,Chinese-SimpleQA/中华文化/150.json,8,12032,53524.0,96256.0,96256.0,0.5560588430851063,0.5560588430851063,4.448470744680851,0.8850256432878211,0.6140599377611851
qwen3,Chinese-SimpleQA/中华文化/150.json,12,12032,66026.0,96256.0,144384.0,0.6859416555851063,0.4572944370567376,5.487533244680851,0.8850256432878211,0.689326561511831
qwen3,Chinese-SimpleQA/中华文化/150.json,16,12032,74046.0,96256.0,192512.0,0.7692611369680851,0.38463056848404253,6.1540890957446805,0.8850256432878211,0.7321582094151923
qwen3,Chinese-SimpleQA/中华文化/151.json,8,12032,50458.0,96256.0,96256.0,0.5242062832446809,0.5242062832446809,4.193650265957447,0.8812803803606236,0.5842903757348974
qwen3,Chinese-SimpleQA/中华文化/151.json,12,12032,63176.0,96256.0,144384.0,0.6563331117021277,0.43755540780141844,5.250664893617022,0.8812803803606236,0.6608288072525187
qwen3,Chinese-SimpleQA/中华文化/151.json,16,12032,71801.0,96256.0,192512.0,0.7459379155585106,0.3729689577792553,5.967503324468085,0.8812803803606236,0.7068718316707205
qwen3,Chinese-SimpleQA/中华文化/156.json,8,12032,56127.0,96256.0,96256.0,0.5831013131648937,0.5831013131648937,4.664810505319149,0.9297241441746975,0.6525633626795829
qwen3,Chinese-SimpleQA/中华文化/156.json,12,12032,67652.0,96256.0,144384.0,0.7028341090425532,0.46855607269503546,5.622672872340425,0.9297241441746975,0.722008616366285
qwen3,Chinese-SimpleQA/中华文化/156.json,16,12032,74706.0,96256.0,192512.0,0.776117852393617,0.3880589261968085,6.208942819148936,0.9297241441746975,0.7596594196684817
qwen3,Chinese-SimpleQA/中华文化/167.json,8,12032,55567.0,96256.0,96256.0,0.5772834940159575,0.5772834940159575,4.61826795212766,0.9178528443295905,0.642664926483276
qwen3,Chinese-SimpleQA/中华文化/167.json,12,12032,67390.0,96256.0,144384.0,0.7001122007978723,0.46674146719858156,5.600897606382978,0.9178528443295905,0.7139307640968485
qwen3,Chinese-SimpleQA/中华文化/167.json,16,12032,74364.0,96256.0,192512.0,0.7725648271276596,0.3862824135638298,6.180518617021277,0.9178528443295905,0.7511924099414906
qwen3,Chinese-SimpleQA/中华文化/168.json,8,12032,48549.0,96256.0,96256.0,0.5043737533244681,0.5043737533244681,4.034990026595745,0.8646678239741223,0.5655653717670035
qwen3,Chinese-SimpleQA/中华文化/168.json,12,12032,59529.0,96256.0,144384.0,0.6184445644946809,0.4122963763297872,4.947556515957447,0.8646678239741223,0.6316222066574908
qwen3,Chinese-SimpleQA/中华文化/168.json,16,12032,67132.0,96256.0,192512.0,0.6974318484042553,0.34871592420212766,5.5794547872340425,0.8646678239741223,0.672213631741544
qwen3,Chinese-SimpleQA/中华文化/179.json,8,12032,50062.0,96256.0,96256.0,0.5200922539893617,0.5200922539893617,4.160738031914893,0.8732255950887152,0.5800105079691461
qwen3,Chinese-SimpleQA/中华文化/179.json,12,12032,63013.0,96256.0,144384.0,0.6546397107712766,0.4364264738475177,5.237117686170213,0.8732255950887152,0.657911830760063
qwen3,Chinese-SimpleQA/中华文化/179.json,16,12032,71567.0,96256.0,192512.0,0.7435068982712766,0.3717534491356383,5.948055186170213,0.8732255950887152,0.7035685245026934
qwen3,Chinese-SimpleQA/中华文化/185.json,8,12032,55338.0,96256.0,96256.0,0.5749044215425532,0.5749044215425532,4.599235372340425,0.921287050906648,0.6434649913869006
qwen3,Chinese-SimpleQA/中华文化/185.json,12,12032,66544.0,96256.0,144384.0,0.6913231382978723,0.46088209219858156,5.530585106382978,0.921287050906648,0.71095339668558
qwen3,Chinese-SimpleQA/中华文化/185.json,16,12032,73489.0,96256.0,192512.0,0.7634744847074468,0.3817372423537234,6.107795877659575,0.921287050906648,0.7480562722429316
qwen3,Chinese-SimpleQA/中华文化/203.json,8,12032,57049.0,96256.0,96256.0,0.5926799368351063,0.5926799368351063,4.741439494680851,0.9365047368597477,0.6649668749342573
qwen3,Chinese-SimpleQA/中华文化/203.json,12,12032,67397.0,96256.0,144384.0,0.700184923537234,0.4667899490248227,5.601479388297872,0.9365047368597477,0.7273980607377722
qwen3,Chinese-SimpleQA/中华文化/203.json,16,12032,73733.0,96256.0,192512.0,0.7660093916223404,0.3830046958111702,6.128075132978723,0.9365047368597477,0.7612224170502196
qwen3,Chinese-SimpleQA/中华文化/212.json,8,12032,52408.0,96256.0,96256.0,0.5444647606382979,0.5444647606382979,4.355718085106383,0.8903003334999084,0.607007771096331
qwen3,Chinese-SimpleQA/中华文化/212.json,12,12032,65338.0,96256.0,144384.0,0.6787940492021277,0.45252936613475175,5.430352393617022,0.8903003334999084,0.684829795614202
qwen3,Chinese-SimpleQA/中华文化/212.json,16,12032,73725.0,96256.0,192512.0,0.7659262799202128,0.3829631399601064,6.127410239361702,0.8903003334999084,0.7296270956384375
qwen3,Chinese-SimpleQA/中华文化/216.json,8,12032,52930.0,96256.0,96256.0,0.5498877992021277,0.5498877992021277,4.399102393617022,0.8880195110402209,0.6098487459598704
qwen3,Chinese-SimpleQA/中华文化/216.json,12,12032,64707.0,96256.0,144384.0,0.6722386136968085,0.44815907579787234,5.377908909574468,0.8880195110402209,0.6807667486211086
qwen3,Chinese-SimpleQA/中华文化/216.json,16,12032,71905.0,96256.0,192512.0,0.7470183676861702,0.3735091838430851,5.976146941489362,0.8880195110402209,0.7192219787455619
qwen3,Chinese-SimpleQA/中华文化/218.json,8,12032,52932.0,96256.0,96256.0,0.5499085771276596,0.5499085771276596,4.399268617021277,0.904764157660464,0.617347982335598
qwen3,Chinese-SimpleQA/中华文化/218.json,12,12032,63836.0,96256.0,144384.0,0.6631898271276596,0.4421265514184397,5.305518617021277,0.904764157660464,0.6830582327031075
qwen3,Chinese-SimpleQA/中华文化/218.json,16,12032,70675.0,96256.0,192512.0,0.7342399434840425,0.36711997174202127,5.87391954787234,0.904764157660464,0.7195620143667181
qwen3,Chinese-SimpleQA/中华文化/225.json,8,12032,51745.0,96256.0,96256.0,0.5375768783244681,0.5375768783244681,4.300615026595745,0.8792732345296982,0.5963069974107945
qwen3,Chinese-SimpleQA/中华文化/225.json,12,12032,64717.0,96256.0,144384.0,0.6723425033244681,0.44822833554964536,5.378740026595745,0.8792732345296982,0.6743295205400345
qwen3,Chinese-SimpleQA/中华文化/225.json,16,12032,73292.0,96256.0,192512.0,0.7614278590425532,0.3807139295212766,6.091422872340425,0.8792732345296982,0.7201212720668062
qwen3,Chinese-SimpleQA/中华文化/229.json,8,12032,52171.0,96256.0,96256.0,0.542002576462766,0.542002576462766,4.336020611702128,0.8907424160774718,0.6048437242812299
qwen3,Chinese-SimpleQA/中华文化/229.json,12,12032,63879.0,96256.0,144384.0,0.6636365525265957,0.44242436835106386,5.309092420212766,0.8907424160774718,0.6753264196375584
qwen3,Chinese-SimpleQA/中华文化/229.json,16,12032,71000.0,96256.0,192512.0,0.7376163563829787,0.36880817819148937,5.90093085106383,0.8907424160774718,0.7133438219415381
qwen3,Chinese-SimpleQA/中华文化/2302.json,8,12032,52560.0,96256.0,96256.0,0.5460438829787234,0.5460438829787234,4.368351063829787,0.8915589109380194,0.6101728519226642
qwen3,Chinese-SimpleQA/中华文化/2302.json,12,12032,64086.0,96256.0,144384.0,0.665787067819149,0.44385804521276595,5.326296542553192,0.8915589109380194,0.679604080763269
qwen3,Chinese-SimpleQA/中华文化/2302.json,16,12032,71356.0,96256.0,192512.0,0.7413148271276596,0.3706574135638298,5.930518617021277,0.8915589109380194,0.7184303453628053
qwen3,Chinese-SimpleQA/中华文化/2308.json,8,12032,57411.0,96256.0,96256.0,0.596440741356383,0.596440741356383,4.771525930851064,0.9351225533383958,0.6664275958182964
qwen3,Chinese-SimpleQA/中华文化/2308.json,12,12032,68341.0,96256.0,144384.0,0.7099921043882979,0.4733280695921986,5.679936835106383,0.9351225533383958,0.7323030880156983
qwen3,Chinese-SimpleQA/中华文化/2308.json,16,12032,75045.0,96256.0,192512.0,0.7796397107712766,0.3898198553856383,6.237117686170213,0.9351225533383958,0.7681389920254971
qwen3,Chinese-SimpleQA/中华文化/231.json,8,12032,52390.0,96256.0,96256.0,0.5442777593085106,0.5442777593085106,4.354222074468085,0.8994941457788995,0.6091961721156506
qwen3,Chinese-SimpleQA/中华文化/231.json,12,12032,65282.0,96256.0,144384.0,0.678212267287234,0.4521415115248227,5.425698138297872,0.8994941457788995,0.6867916863015358
qwen3,Chinese-SimpleQA/中华文化/231.json,16,12032,73691.0,96256.0,192512.0,0.7655730551861702,0.3827865275930851,6.124584441489362,0.8994941457788995,0.7317113064705058
qwen3,Chinese-SimpleQA/中华文化/2312.json,8,12032,52972.0,96256.0,96256.0,0.5503241356382979,0.5503241356382979,4.402593085106383,0.9123834574476202,0.619279923591208
qwen3,Chinese-SimpleQA/中华文化/2312.json,12,12032,64149.0,96256.0,144384.0,0.6664415724734043,0.44429438164893614,5.331532579787234,0.9123834574476202,0.6866013014570196
qwen3,Chinese-SimpleQA/中华文化/2312.json,16,12032,71405.0,96256.0,192512.0,0.7418238863031915,0.37091194315159576,5.934591090425532,0.9123834574476202,0.7253494262695312
qwen3,Chinese-SimpleQA/中华文化/2314.json,8,12032,51006.0,96256.0,96256.0,0.5298994348404256,0.5298994348404256,4.2391954787234045,0.8707734980481736,0.5896422444505894
qwen3,Chinese-SimpleQA/中华文化/2314.json,12,12032,62094.0,96256.0,144384.0,0.6450922539893617,0.4300615026595745,5.160738031914893,0.8707734980481736,0.6564170204578562
qwen3,Chinese-SimpleQA/中华文化/2314.json,16,12032,69248.0,96256.0,192512.0,0.7194148936170213,0.35970744680851063,5.75531914893617,0.8707734980481736,0.694620225023716
qwen3,Chinese-SimpleQA/中华文化/2319.json,8,12032,56660.0,96256.0,96256.0,0.588638630319149,0.588638630319149,4.709109042553192,0.9306527743948266,0.6591277642452971
qwen3,Chinese-SimpleQA/中华文化/2319.json,12,12032,68023.0,96256.0,144384.0,0.7066884142287234,0.4711256094858156,5.653507313829787,0.9306527743948266,0.7275716231224385
qwen3,Chinese-SimpleQA/中华文化/2319.json,16,12032,75123.0,96256.0,192512.0,0.7804500498670213,0.39022502493351063,6.24360039893617,0.9306527743948266,0.7655051933958176
qwen3,Chinese-SimpleQA/中华文化/2323.json,8,12032,55262.0,96256.0,96256.0,0.5741148603723404,0.5741148603723404,4.592918882978723,0.9127336372720435,0.6406857542535092
qwen3,Chinese-SimpleQA/中华文化/2323.json,12,12032,65711.0,96256.0,144384.0,0.6826691323138298,0.45511275487588654,5.461353058510638,0.9127336372720435,0.7036984087304866
qwen3,Chinese-SimpleQA/中华文化/2323.json,16,12032,72052.0,96256.0,192512.0,0.748545545212766,0.374272772606383,5.988364361702128,0.9127336372720435,0.7375623634520997
qwen3,Chinese-SimpleQA/中华文化/234.json,8,12032,56416.0,96256.0,96256.0,0.5861037234042553,0.5861037234042553,4.6888297872340425,0.9275378546816238,0.6541573341856611
qwen3,Chinese-SimpleQA/中华文化/234.json,12,12032,68007.0,96256.0,144384.0,0.7065221908244681,0.47101479388297873,5.652177526595745,0.9275378546816238,0.7240436584391492
qwen3,Chinese-SimpleQA/中华文化/234.json,16,12032,75063.0,96256.0,192512.0,0.7798267121010638,0.3899133560505319,6.23861369680851,0.9275378546816238,0.7617577644104653
qwen3,Chinese-SimpleQA/中华文化/2341.json,8,12032,54446.0,96256.0,96256.0,0.5656374667553191,0.5656374667553191,4.525099734042553,0.9190838971036546,0.6345948779836614
qwen3,Chinese-SimpleQA/中华文化/2341.json,12,12032,66232.0,96256.0,144384.0,0.6880817819148937,0.4587211879432624,5.504654255319149,0.9190838971036546,0.7055876610126901
qwen3,Chinese-SimpleQA/中华文化/2341.json,16,12032,73631.0,96256.0,192512.0,0.7649497174202128,0.3824748587101064,6.119597739361702,0.9190838971036546,0.7451149174507629
qwen3,Chinese-SimpleQA/中华文化/235.json,8,12032,54437.0,96256.0,96256.0,0.5655439660904256,0.5655439660904256,4.5243517287234045,0.9279723002555522,0.6365580533413177
qwen3,Chinese-SimpleQA/中华文化/235.json,12,12032,66553.0,96256.0,144384.0,0.691416638962766,0.4609444259751773,5.531333111702128,0.9279723002555522,0.7095172709607064
qwen3,Chinese-SimpleQA/中华文化/235.json,16,12032,74151.0,96256.0,192512.0,0.7703519780585106,0.3851759890292553,6.162815824468085,0.9279723002555522,0.7501182048878772
qwen3,Chinese-SimpleQA/中华文化/2369.json,8,12032,56478.0,96256.0,96256.0,0.5867478390957447,0.5867478390957447,4.6939827127659575,0.928328682767584,0.65496648752943
qwen3,Chinese-SimpleQA/中华文化/2369.json,12,12032,67888.0,96256.0,144384.0,0.7052859042553191,0.4701906028368794,5.642287234042553,0.928328682767584,0.7237658487989548
qwen3,Chinese-SimpleQA/中华文化/2369.json,16,12032,74811.0,96256.0,192512.0,0.7772086934840425,0.38860434674202127,6.21766954787234,0.928328682767584,0.7607554641175778
qwen3,Chinese-SimpleQA/中华文化/239.json,8,12032,57940.0,96256.0,96256.0,0.6019365026595744,0.6019365026595744,4.8154920212765955,0.9378910280288534,0.6715186200243362
qwen3,Chinese-SimpleQA/中华文化/239.json,12,12032,68938.0,96256.0,144384.0,0.7161943151595744,0.47746287677304966,5.7295545212765955,0.9378910280288534,0.7378322570881946
qwen3,Chinese-SimpleQA/中华文化/239.json,16,12032,75452.0,96256.0,192512.0,0.7838680186170213,0.39193400930851063,6.27094414893617,0.9378910280288534,0.7726247488184178
qwen3,Chinese-SimpleQA/中华文化/247.json,8,12032,55708.0,96256.0,96256.0,0.5787483377659575,0.5787483377659575,4.62998670212766,0.9342489546917855,0.6508898107295341
qwen3,Chinese-SimpleQA/中华文化/247.json,12,12032,67251.0,96256.0,144384.0,0.6986681349734043,0.46577875664893614,5.589345079787234,0.9342489546917855,0.7204253457962199
qwen3,Chinese-SimpleQA/中华文化/247.json,16,12032,74227.0,96256.0,192512.0,0.7711415392287234,0.3855707696143617,6.169132313829787,0.9342489546917855,0.7576872769822466
qwen3,Chinese-SimpleQA/中华文化/257.json,8,12032,56880.0,96256.0,96256.0,0.5909242021276596,0.5909242021276596,4.727393617021277,0.9417630573536487,0.6627205483456875
qwen3,Chinese-SimpleQA/中华文化/257.json,12,12032,68613.0,96256.0,144384.0,0.7128179022606383,0.4752119348404255,5.702543218085107,0.9417630573536487,0.7334210707786235
qwen3,Chinese-SimpleQA/中华文化/257.json,16,12032,75610.0,96256.0,192512.0,0.7855094747340425,0.39275473736702127,6.28407579787234,0.9417630573536487,0.7708151606803245
qwen3,Chinese-SimpleQA/中华文化/262.json,8,12032,57848.0,96256.0,96256.0,0.6009807180851063,0.6009807180851063,4.807845744680851,0.9407464658960383,0.6722981853688017
qwen3,Chinese-SimpleQA/中华文化/262.json,12,12032,69556.0,96256.0,144384.0,0.7226146941489362,0.4817431294326241,5.78091755319149,0.9407464658960383,0.7428093032634004
qwen3,Chinese-SimpleQA/中华文化/262.json,16,12032,76482.0,96256.0,192512.0,0.7945686502659575,0.39728432513297873,6.35654920212766,0.9407464658960383,0.7798224116893525
qwen3,Chinese-SimpleQA/中华文化/263.json,8,12032,53445.0,96256.0,96256.0,0.5552381150265957,0.5552381150265957,4.441904920212766,0.8929355461546715,0.6169899391367081
qwen3,Chinese-SimpleQA/中华文化/263.json,12,12032,64107.0,96256.0,144384.0,0.666005236037234,0.44400349069148937,5.328041888297872,0.8929355461546715,0.6812254279217822
qwen3,Chinese-SimpleQA/中华文化/263.json,16,12032,70814.0,96256.0,192512.0,0.7356840093085106,0.3678420046542553,5.885472074468085,0.8929355461546715,0.717045748487432
qwen3,Chinese-SimpleQA/中华文化/277.json,8,12032,56565.0,96256.0,96256.0,0.587651678856383,0.587651678856383,4.701213430851064,0.9344377860109857,0.6586869295607222
qwen3,Chinese-SimpleQA/中华文化/277.json,12,12032,67831.0,96256.0,144384.0,0.7046937333776596,0.4697958222517731,5.637549867021277,0.9344377860109857,0.7265517572139172
qwen3,Chinese-SimpleQA/中华文化/277.json,16,12032,74710.0,96256.0,192512.0,0.7761594082446809,0.38807970412234044,6.209275265957447,0.9344377860109857,0.7632952332496643
qwen3,Chinese-SimpleQA/中华文化/39.json,8,12032,53347.0,96256.0,96256.0,0.5542199966755319,0.5542199966755319,4.433759973404255,0.9190457640810216,0.6251736448166219
qwen3,Chinese-SimpleQA/中华文化/39.json,12,12032,64484.0,96256.0,144384.0,0.669921875,0.4466145833333333,5.359375,0.9190457640810216,0.6922576433800637
qwen3,Chinese-SimpleQA/中华文化/39.json,16,12032,71631.0,96256.0,192512.0,0.7441717918882979,0.3720858959441489,5.953374335106383,0.9190457640810216,0.7304292600205604
qwen3,Chinese-SimpleQA/中华文化/42.json,8,12032,54993.0,96256.0,96256.0,0.5713202293882979,0.5713202293882979,4.570561835106383,0.9161919507574527,0.6379277452509454
qwen3,Chinese-SimpleQA/中华文化/42.json,12,12032,66626.0,96256.0,144384.0,0.6921750332446809,0.4614500221631206,5.537400265957447,0.9161919507574527,0.7080362274291667
qwen3,Chinese-SimpleQA/中华文化/42.json,16,12032,73536.0,96256.0,192512.0,0.7639627659574468,0.3819813829787234,6.111702127659575,0.9161919507574527,0.7449652679423069
qwen3,Chinese-SimpleQA/中华文化/45.json,8,12032,56840.0,96256.0,96256.0,0.5905086436170213,0.5905086436170213,4.72406914893617,0.9284770970648908,0.6586380359974313
qwen3,Chinese-SimpleQA/中华文化/45.json,12,12032,67875.0,96256.0,144384.0,0.7051508477393617,0.4701005651595745,5.641206781914893,0.9284770970648908,0.7251527867418655
qwen3,Chinese-SimpleQA/中华文化/45.json,16,12032,74473.0,96256.0,192512.0,0.773697224069149,0.3868486120345745,6.189577792553192,0.9284770970648908,0.7603949067440439
qwen3,Chinese-SimpleQA/中华文化/48.json,8,12032,56312.0,96256.0,96256.0,0.5850232712765957,0.5850232712765957,4.680186170212766,0.9181293274493928,0.6525987868613385
qwen3,Chinese-SimpleQA/中华文化/48.json,12,12032,67825.0,96256.0,144384.0,0.7046313996010638,0.4697542664007092,5.63705119680851,0.9181293274493928,0.7219262110426071
qwen3,Chinese-SimpleQA/中华文化/48.json,16,12032,74737.0,96256.0,192512.0,0.7764399102393617,0.3882199551196808,6.211519281914893,0.9181293274493928,0.7588611828519943
qwen3,Chinese-SimpleQA/中华文化/54.json,8,12032,55939.0,96256.0,96256.0,0.5811481881648937,0.5811481881648937,4.649185505319149,0.9287644003299956,0.6526623298513129
qwen3,Chinese-SimpleQA/中华文化/54.json,12,12032,66304.0,96256.0,144384.0,0.6888297872340425,0.4592198581560284,5.51063829787234,0.9287644003299956,0.7151040409473662
qwen3,Chinese-SimpleQA/中华文化/54.json,16,12032,72769.0,96256.0,192512.0,0.7559944315159575,0.37799721575797873,6.04795545212766,0.9287644003299956,0.749625065225236
qwen3,Chinese-SimpleQA/中华文化/55.json,8,12032,55597.0,96256.0,96256.0,0.5775951628989362,0.5775951628989362,4.62076130319149,0.9241956408987654,0.6460324031241397
qwen3,Chinese-SimpleQA/中华文化/55.json,12,12032,67464.0,96256.0,144384.0,0.7008809840425532,0.46725398936170215,5.607047872340425,0.9241956408987654,0.7175095956376258
qwen3,Chinese-SimpleQA/中华文化/55.json,16,12032,74601.0,96256.0,192512.0,0.7750270113031915,0.38751350565159576,6.200216090425532,0.9241956408987654,0.7556263715662854
qwen3,Chinese-SimpleQA/中华文化/56.json,8,12032,56597.0,96256.0,96256.0,0.5879841256648937,0.5879841256648937,4.703873005319149,0.9298060790021369,0.6559962427362482
qwen3,Chinese-SimpleQA/中华文化/56.json,12,12032,68567.0,96256.0,144384.0,0.7123400099734043,0.4748933399822695,5.698720079787234,0.9298060790021369,0.7280988984919609
qwen3,Chinese-SimpleQA/中华文化/56.json,16,12032,75809.0,96256.0,192512.0,0.7875768783244681,0.39378843916223405,6.300615026595745,0.9298060790021369,0.7668009996414185
qwen3,Chinese-SimpleQA/中华文化/59.json,8,12032,56174.0,96256.0,96256.0,0.5835895944148937,0.5835895944148937,4.668716755319149,0.9370597017572281,0.6551435767336095
qwen3,Chinese-SimpleQA/中华文化/59.json,12,12032,67796.0,96256.0,144384.0,0.704330119680851,0.46955341312056736,5.634640957446808,0.9370597017572281,0.7252013683319092
qwen3,Chinese-SimpleQA/中华文化/59.json,16,12032,74936.0,96256.0,192512.0,0.7785073138297872,0.3892536569148936,6.228058510638298,0.9370597017572281,0.7633432225978121
qwen3,Chinese-SimpleQA/中华文化/8.json,8,12032,55453.0,96256.0,96256.0,0.5760991522606383,0.5760991522606383,4.608793218085107,0.9211050348078951,0.644350972581417
qwen3,Chinese-SimpleQA/中华文化/8.json,12,12032,66576.0,96256.0,144384.0,0.691655585106383,0.4611037234042553,5.533244680851064,0.9211050348078951,0.71138256534617
qwen3,Chinese-SimpleQA/中华文化/8.json,16,12032,73508.0,96256.0,192512.0,0.763671875,0.3818359375,6.109375,0.9211050348078951,0.7484109832885417
qwen3,Chinese-SimpleQA/中华文化/80.json,8,12032,54550.0,96256.0,96256.0,0.5667179188829787,0.5667179188829787,4.53374335106383,0.9337779828842651,0.639115461643706
qwen3,Chinese-SimpleQA/中华文化/80.json,12,12032,66096.0,96256.0,144384.0,0.6866688829787234,0.4577792553191489,5.493351063829787,0.9337779828842651,0.7086384220326201
qwen3,Chinese-SimpleQA/中华文化/80.json,16,12032,73166.0,96256.0,192512.0,0.7601188497340425,0.38005942486702127,6.08095079787234,0.9337779828842651,0.7464039985169756
qwen3,Chinese-SimpleQA/中华文化/84.json,8,12032,53001.0,96256.0,96256.0,0.5506254155585106,0.5506254155585106,4.405003324468085,0.9099886810525935,0.6193856761810628
qwen3,Chinese-SimpleQA/中华文化/84.json,12,12032,63977.0,96256.0,144384.0,0.6646546708776596,0.4431031139184397,5.317237367021277,0.9099886810525935,0.6855046482796364
qwen3,Chinese-SimpleQA/中华文化/84.json,16,12032,70846.0,96256.0,192512.0,0.7360164561170213,0.36800822805851063,5.88813164893617,0.9099886810525935,0.7221801699476039
qwen3,Chinese-SimpleQA/中华文化/92.json,8,12032,52987.0,96256.0,96256.0,0.5504799700797872,0.5504799700797872,4.403839760638298,0.8933966210547913,0.6130295782647235
qwen3,Chinese-SimpleQA/中华文化/92.json,12,12032,65871.0,96256.0,144384.0,0.684331366356383,0.4562209109042553,5.474650930851064,0.8933966210547913,0.6906319374733783
qwen3,Chinese-SimpleQA/中华文化/92.json,16,12032,74075.0,96256.0,192512.0,0.7695624168882979,0.3847812084441489,6.156499335106383,0.8933966210547913,0.7344745892159482
qwen3,Chinese-SimpleQA/中华文化/95.json,8,12032,55672.0,96256.0,96256.0,0.578374335106383,0.578374335106383,4.626994680851064,0.9206882753270738,0.6452381877188987
qwen3,Chinese-SimpleQA/中华文化/95.json,12,12032,67161.0,96256.0,144384.0,0.6977331283244681,0.46515541888297873,5.581865026595745,0.9206882753270738,0.7144691722190126
qwen3,Chinese-SimpleQA/中华文化/95.json,16,12032,74166.0,96256.0,192512.0,0.7705078125,0.38525390625,6.1640625,0.9206882753270738,0.751875286406659
qwen3,Chinese-SimpleQA/人文与社会科学/2345.json,8,12032,52508.0,96256.0,96256.0,0.5455036569148937,0.5455036569148937,4.364029255319149,0.8857869252245477,0.6066181513857334
qwen3,Chinese-SimpleQA/人文与社会科学/2345.json,12,12032,63920.0,96256.0,144384.0,0.6640625,0.4427083333333333,5.3125,0.8857869252245477,0.6753573817141513
qwen3,Chinese-SimpleQA/人文与社会科学/2345.json,16,12032,70939.0,96256.0,192512.0,0.7369826296542553,0.36849131482712766,5.8958610372340425,0.8857869252245477,0.712847500405413
qwen3,Chinese-SimpleQA/人文与社会科学/2350.json,8,12032,53465.0,96256.0,96256.0,0.5554458942819149,0.5554458942819149,4.4435671542553195,0.9007641115087144,0.6204053721529372
qwen3,Chinese-SimpleQA/人文与社会科学/2350.json,12,12032,64424.0,96256.0,144384.0,0.6692985372340425,0.446199024822695,5.35438829787234,0.9007641115087144,0.6864156298180843
qwen3,Chinese-SimpleQA/人文与社会科学/2350.json,16,12032,71284.0,96256.0,192512.0,0.7405668218085106,0.3702834109042553,5.924534574468085,0.9007641115087144,0.7230567589719245
qwen3,Chinese-SimpleQA/人文与社会科学/2353.json,8,12032,51377.0,96256.0,96256.0,0.5337537400265957,0.5337537400265957,4.270029920212766,0.8772125028549357,0.5984687703721067
qwen3,Chinese-SimpleQA/人文与社会科学/2353.json,12,12032,62344.0,96256.0,144384.0,0.647689494680851,0.43179299645390073,5.181515957446808,0.8772125028549357,0.6645178110041516
qwen3,Chinese-SimpleQA/人文与社会科学/2353.json,16,12032,69387.0,96256.0,192512.0,0.7208589594414894,0.3604294797207447,5.766871675531915,0.8772125028549357,0.7021364392118251
qwen3,Chinese-SimpleQA/人文与社会科学/2357.json,8,10434,45742.0,83472.0,83472.0,0.5479921410772475,0.5479921410772475,4.38393712861798,0.894062423194211,0.6111908726749782
qwen3,Chinese-SimpleQA/人文与社会科学/2357.json,12,10434,55581.0,83472.0,125208.0,0.6658640023001725,0.4439093348667817,5.32691201840138,0.894062423194211,0.6794830630834198
qwen3,Chinese-SimpleQA/人文与社会科学/2357.json,16,10434,61687.0,83472.0,166944.0,0.7390142802376845,0.3695071401188422,5.912114241901476,0.894062423194211,0.7170957931275794
qwen3,Chinese-SimpleQA/人文与社会科学/2374.json,8,12032,55609.0,96256.0,96256.0,0.5777198304521277,0.5777198304521277,4.621758643617022,0.9271013318224156,0.6481417011707387
qwen3,Chinese-SimpleQA/人文与社会科学/2374.json,12,12032,67123.0,96256.0,144384.0,0.6973383477393617,0.4648922318262411,5.578706781914893,0.9271013318224156,0.7175004279359858
qwen3,Chinese-SimpleQA/人文与社会科学/2374.json,16,12032,74135.0,96256.0,192512.0,0.7701857546542553,0.38509287732712766,6.1614860372340425,0.9271013318224156,0.7549637847758354
qwen3,Chinese-SimpleQA/人文与社会科学/2377.json,8,12032,51981.0,96256.0,96256.0,0.540028673537234,0.540028673537234,4.320229388297872,0.8941633739369981,0.6057991176209552
qwen3,Chinese-SimpleQA/人文与社会科学/2377.json,12,12032,62792.0,96256.0,144384.0,0.65234375,0.4348958333333333,5.21875,0.8941633739369981,0.6709496556444371
qwen3,Chinese-SimpleQA/人文与社会科学/2377.json,16,12032,69632.0,96256.0,192512.0,0.723404255319149,0.3617021276595745,5.787234042553192,0.8941633739369981,0.7074981052824791
qwen3,Chinese-SimpleQA/人文与社会科学/2391.json,8,12032,50044.0,96256.0,96256.0,0.5199052526595744,0.5199052526595744,4.1592420212765955,0.8755325611601484,0.582223228951718
qwen3,Chinese-SimpleQA/人文与社会科学/2391.json,12,12032,61371.0,96256.0,144384.0,0.6375810339095744,0.425054022606383,5.1006482712765955,0.8755325611601484,0.6503696986969482
qwen3,Chinese-SimpleQA/人文与社会科学/2391.json,16,12032,68760.0,96256.0,192512.0,0.714345079787234,0.357172539893617,5.714760638297872,0.8755325611601484,0.6898427263219306
qwen3,Chinese-SimpleQA/人文与社会科学/2400.json,8,12032,53212.0,96256.0,96256.0,0.5528174867021277,0.5528174867021277,4.422539893617022,0.8967908100878939,0.6169138354189853
qwen3,Chinese-SimpleQA/人文与社会科学/2400.json,12,12032,64519.0,96256.0,144384.0,0.6702854886968085,0.446856992464539,5.362283909574468,0.8967908100878939,0.6850247192890087
qwen3,Chinese-SimpleQA/人文与社会科学/2400.json,16,12032,71434.0,96256.0,192512.0,0.7421251662234043,0.37106258311170215,5.937001329787234,0.8967908100878939,0.7219709005761654
qwen3,Chinese-SimpleQA/人文与社会科学/2412.json,8,12032,57772.0,96256.0,96256.0,0.6001911569148937,0.6001911569148937,4.801529255319149,0.9218907242125653,0.6639457230872297
qwen3,Chinese-SimpleQA/人文与社会科学/2412.json,12,12032,68566.0,96256.0,144384.0,0.7123296210106383,0.4748864140070922,5.698636968085107,0.9218907242125653,0.729074867481881
qwen3,Chinese-SimpleQA/人文与社会科学/2412.json,16,12032,75081.0,96256.0,192512.0,0.780013713430851,0.3900068567154255,6.240109707446808,0.9218907242125653,0.7638905910735435
qwen3,Chinese-SimpleQA/人文与社会科学/2415.json,8,12032,53918.0,96256.0,96256.0,0.5601520944148937,0.5601520944148937,4.481216755319149,0.9093837966310218,0.6280993812895835
qwen3,Chinese-SimpleQA/人文与社会科学/2415.json,12,12032,65009.0,96256.0,144384.0,0.6753760804521277,0.45025072030141844,5.403008643617022,0.9093837966310218,0.6949024187757614
qwen3,Chinese-SimpleQA/人文与社会科学/2415.json,16,12032,71968.0,96256.0,192512.0,0.7476728723404256,0.3738364361702128,5.9813829787234045,0.9093837966310218,0.7320838798867896
qwen3,Chinese-SimpleQA/人文与社会科学/2416.json,8,12032,52348.0,96256.0,96256.0,0.5438414228723404,0.5438414228723404,4.350731382978723,0.8979469068506931,0.6088408986304669
qwen3,Chinese-SimpleQA/人文与社会科学/2416.json,12,12032,65232.0,96256.0,144384.0,0.6776928191489362,0.45179521276595747,5.42154255319149,0.8979469068506931,0.6864401025975004
qwen3,Chinese-SimpleQA/人文与社会科学/2416.json,16,12032,73644.0,96256.0,192512.0,0.7650847739361702,0.3825423869680851,6.120678191489362,0.8979469068506931,0.7313676958388471
qwen3,Chinese-SimpleQA/人文与社会科学/2417.json,8,12032,57188.0,96256.0,96256.0,0.5941240026595744,0.5941240026595744,4.7529920212765955,0.9165655805709514,0.6588647048524086
qwen3,Chinese-SimpleQA/人文与社会科学/2417.json,12,12032,68018.0,96256.0,144384.0,0.7066364694148937,0.4710909796099291,5.653091755319149,0.9165655805709514,0.7241449888716353
qwen3,Chinese-SimpleQA/人文与社会科学/2417.json,16,12032,74339.0,96256.0,192512.0,0.7723051030585106,0.3861525515292553,6.178440824468085,0.9165655805709514,0.7579119966385213
qwen3,Chinese-SimpleQA/人文与社会科学/2418.json,8,12032,52159.0,96256.0,96256.0,0.5418779089095744,0.5418779089095744,4.3350232712765955,0.8936267685382924,0.6058551428165841
qwen3,Chinese-SimpleQA/人文与社会科学/2418.json,12,12032,65178.0,96256.0,144384.0,0.6771318151595744,0.451421210106383,5.4170545212765955,0.8936267685382924,0.6842380305554004
qwen3,Chinese-SimpleQA/人文与社会科学/2418.json,16,12032,73784.0,96256.0,192512.0,0.7665392287234043,0.38326961436170215,6.132313829787234,0.8936267685382924,0.7302012760588463
qwen3,Chinese-SimpleQA/人文与社会科学/2428.json,8,12032,54918.0,96256.0,96256.0,0.570541057180851,0.570541057180851,4.564328457446808,0.9130440227528835,0.6375567076054025
qwen3,Chinese-SimpleQA/人文与社会科学/2428.json,12,12032,65687.0,96256.0,144384.0,0.6824197972074468,0.4549465314716312,5.459358377659575,0.9130440227528835,0.7024352068596698
qwen3,Chinese-SimpleQA/人文与社会科学/2428.json,16,12032,72314.0,96256.0,192512.0,0.7512674534574468,0.3756337267287234,6.010139627659575,0.9130440227528835,0.7378157301152006
qwen3,Chinese-SimpleQA/人文与社会科学/2434.json,8,12032,50792.0,96256.0,96256.0,0.5276761968085106,0.5276761968085106,4.221409574468085,0.8660076564930855,0.5844693849695489
qwen3,Chinese-SimpleQA/人文与社会科学/2434.json,12,12032,63466.0,96256.0,144384.0,0.6593459109042553,0.4395639406028369,5.2747672872340425,0.8660076564930855,0.6607403260596255
qwen3,Chinese-SimpleQA/人文与社会科学/2434.json,16,12032,71828.0,96256.0,192512.0,0.7462184175531915,0.37310920877659576,5.969747340425532,0.8660076564930855,0.705415557039545
qwen3,Chinese-SimpleQA/人文与社会科学/2439.json,8,12032,52137.0,96256.0,96256.0,0.5416493517287234,0.5416493517287234,4.333194813829787,0.8901828502086883,0.6042131331372769
qwen3,Chinese-SimpleQA/人文与社会科学/2439.json,12,12032,64742.0,96256.0,144384.0,0.672602227393617,0.448401484929078,5.380817819148936,0.8901828502086883,0.6801043520582483
qwen3,Chinese-SimpleQA/人文与社会科学/2439.json,16,12032,73055.0,96256.0,192512.0,0.7589656748670213,0.37948283743351063,6.07172539893617,0.8901828502086883,0.7245108256948755
qwen3,Chinese-SimpleQA/人文与社会科学/2456.json,8,12032,55083.0,96256.0,96256.0,0.572255236037234,0.572255236037234,4.578041888297872,0.913731668857818,0.6391395374815515
qwen3,Chinese-SimpleQA/人文与社会科学/2456.json,12,12032,65877.0,96256.0,144384.0,0.6843937001329787,0.4562624667553192,5.47514960106383,0.913731668857818,0.7041612368948916
qwen3,Chinese-SimpleQA/人文与社会科学/2456.json,16,12032,72601.0,96256.0,192512.0,0.7542490857712766,0.3771245428856383,6.033992686170213,0.913731668857818,0.7400772482790845
qwen3,Chinese-SimpleQA/人文与社会科学/2457.json,8,12032,53663.0,96256.0,96256.0,0.5575029089095744,0.5575029089095744,4.4600232712765955,0.9039657014481565,0.6241142369331197
qwen3,Chinese-SimpleQA/人文与社会科学/2457.json,12,12032,64643.0,96256.0,144384.0,0.6715737200797872,0.44771581338652483,5.372589760638298,0.9039657014481565,0.6902746253825248
qwen3,Chinese-SimpleQA/人文与社会科学/2457.json,16,12032,71625.0,96256.0,192512.0,0.7441094581117021,0.3720547290558511,5.952875664893617,0.9039657014481565,0.7275648066338073
qwen3,Chinese-SimpleQA/人文与社会科学/2459.json,8,12032,56009.0,96256.0,96256.0,0.5818754155585106,0.5818754155585106,4.655003324468085,0.9204671091221749,0.6483087159217672
qwen3,Chinese-SimpleQA/人文与社会科学/2459.json,12,12032,67778.0,96256.0,144384.0,0.7041431183510638,0.4694287455673759,5.63314494680851,0.9204671091221749,0.719222699074035
qwen3,Chinese-SimpleQA/人文与社会科学/2459.json,16,12032,74896.0,96256.0,192512.0,0.778091755319149,0.3890458776595745,6.224734042553192,0.9204671091221749,0.7572595210785561
qwen3,Chinese-SimpleQA/人文与社会科学/2461.json,8,12032,52450.0,96256.0,96256.0,0.5449010970744681,0.5449010970744681,4.359208776595745,0.8946679018913432,0.6108373581094945
qwen3,Chinese-SimpleQA/人文与社会科学/2461.json,12,12032,63381.0,96256.0,144384.0,0.658462849069149,0.43897523271276595,5.267702792553192,0.8946679018913432,0.6766399576308879
qwen3,Chinese-SimpleQA/人文与社会科学/2461.json,16,12032,70439.0,96256.0,192512.0,0.7317881482712766,0.3658940741356383,5.854305186170213,0.8946679018913432,0.7143462579301063
qwen3,Chinese-SimpleQA/人文与社会科学/2477.json,8,12032,56493.0,96256.0,96256.0,0.586903673537234,0.586903673537234,4.695229388297872,0.9159637093544006,0.6532227973988716
qwen3,Chinese-SimpleQA/人文与社会科学/2477.json,12,12032,67223.0,96256.0,144384.0,0.6983772440159575,0.4655848293439716,5.58701795212766,0.9159637093544006,0.7179053362379683
qwen3,Chinese-SimpleQA/人文与社会科学/2477.json,16,12032,73535.0,96256.0,192512.0,0.7639523769946809,0.38197618849734044,6.111619015957447,0.9159637093544006,0.7516274452209473
qwen3,Chinese-SimpleQA/人文与社会科学/2486.json,8,12032,51573.0,96256.0,96256.0,0.5357899767287234,0.5357899767287234,4.286319813829787,0.8847301754545658,0.5977123563594007
qwen3,Chinese-SimpleQA/人文与社会科学/2486.json,12,12032,63878.0,96256.0,144384.0,0.6636261635638298,0.44241744237588654,5.309009308510638,0.8847301754545658,0.6718099586507107
qwen3,Chinese-SimpleQA/人文与社会科学/2486.json,16,12032,71919.0,96256.0,192512.0,0.7471638131648937,0.37358190658244683,5.977310505319149,0.8847301754545658,0.7147621436321989
qwen3,Chinese-SimpleQA/人文与社会科学/2492.json,8,12032,50741.0,96256.0,96256.0,0.5271463597074468,0.5271463597074468,4.217170877659575,0.8855692198935975,0.593501996486745
qwen3,Chinese-SimpleQA/人文与社会科学/2492.json,12,12032,61734.0,96256.0,144384.0,0.641352227393617,0.4275681515957447,5.130817819148936,0.8855692198935975,0.6596586678890471
qwen3,Chinese-SimpleQA/人文与社会科学/2492.json,16,12032,69148.0,96256.0,192512.0,0.7183759973404256,0.3591879986702128,5.7470079787234045,0.8855692198935975,0.6992491686597784
qwen3,Chinese-SimpleQA/人文与社会科学/2499.json,8,12032,53575.0,96256.0,96256.0,0.5565886801861702,0.5565886801861702,4.452709441489362,0.898463597957124,0.6200776639136862
qwen3,Chinese-SimpleQA/人文与社会科学/2499.json,12,12032,64809.0,96256.0,144384.0,0.6732982878989362,0.44886552526595747,5.38638630319149,0.898463597957124,0.6877411274199791
qwen3,Chinese-SimpleQA/人文与社会科学/2499.json,16,12032,71944.0,96256.0,192512.0,0.7474235372340425,0.37371176861702127,5.97938829787234,0.898463597957124,0.7258387448939871
qwen3,Chinese-SimpleQA/人文与社会科学/2503.json,8,12032,54012.0,96256.0,96256.0,0.5611286569148937,0.5611286569148937,4.489029255319149,0.9068880994269188,0.6248825014905727
qwen3,Chinese-SimpleQA/人文与社会科学/2503.json,12,12032,66602.0,96256.0,144384.0,0.6919256981382979,0.46128379875886527,5.535405585106383,0.9068880994269188,0.7006916188179179
qwen3,Chinese-SimpleQA/人文与社会科学/2503.json,16,12032,74539.0,96256.0,192512.0,0.7743828956117021,0.3871914478058511,6.195063164893617,0.9068880994269188,0.743093211600121
qwen3,Chinese-SimpleQA/人文与社会科学/2512.json,8,12032,53384.0,96256.0,96256.0,0.5546043882978723,0.5546043882978723,4.436835106382978,0.9019246519880092,0.6197825606833113
qwen3,Chinese-SimpleQA/人文与社会科学/2512.json,12,12032,64799.0,96256.0,144384.0,0.6731943982712766,0.4487962655141844,5.385555186170213,0.9019246519880092,0.6885298008614398
qwen3,Chinese-SimpleQA/人文与社会科学/2512.json,16,12032,72011.0,96256.0,192512.0,0.7481195977393617,0.3740597988696808,5.984956781914893,0.9019246519880092,0.72704420064358
qwen3,Chinese-SimpleQA/人文与社会科学/2519.json,8,12032,51421.0,96256.0,96256.0,0.5342108543882979,0.5342108543882979,4.273686835106383,0.8688521841739086,0.5924941434505138
qwen3,Chinese-SimpleQA/人文与社会科学/2519.json,12,12032,63111.0,96256.0,144384.0,0.6556578291223404,0.4371052194148936,5.245262632978723,0.8688521841739086,0.6628961005109422
qwen3,Chinese-SimpleQA/人文与社会科学/2519.json,16,12032,70285.0,96256.0,192512.0,0.7301882480053191,0.36509412400265956,5.841505984042553,0.8688521841739086,0.7012069732584851
qwen3,Chinese-SimpleQA/人文与社会科学/2526.json,8,12032,54624.0,96256.0,96256.0,0.5674867021276596,0.5674867021276596,4.539893617021277,0.9104587524495227,0.6333324655573419
qwen3,Chinese-SimpleQA/人文与社会科学/2526.json,12,12032,66074.0,96256.0,144384.0,0.6864403257978723,0.45762688386524825,5.491522606382978,0.9104587524495227,0.7023084696303022
qwen3,Chinese-SimpleQA/人文与社会科学/2526.json,16,12032,72984.0,96256.0,192512.0,0.7582280585106383,0.3791140292553192,6.065824468085107,0.9104587524495227,0.7392242005530824
qwen3,Chinese-SimpleQA/人文与社会科学/292.json,8,12032,47393.0,96256.0,96256.0,0.49236411236702127,0.49236411236702127,3.93891289893617,0.8402373080557966,0.5505372108297145
qwen3,Chinese-SimpleQA/人文与社会科学/292.json,12,12032,58726.0,96256.0,144384.0,0.610102227393617,0.40673481826241137,4.880817819148936,0.8402373080557966,0.6187205282931633
qwen3,Chinese-SimpleQA/人文与社会科学/292.json,16,12032,66246.0,96256.0,192512.0,0.688227227393617,0.3441136136968085,5.505817819148936,0.8402373080557966,0.6588791875129051
qwen3,Chinese-SimpleQA/人文与社会科学/294.json,8,12032,56947.0,96256.0,96256.0,0.5916202626329787,0.5916202626329787,4.73296210106383,0.9333631941612731,0.6610232769174779
qwen3,Chinese-SimpleQA/人文与社会科学/294.json,12,12032,68893.0,96256.0,144384.0,0.7157268118351063,0.4771512078900709,5.725814494680851,0.9333631941612731,0.7329695440353231
qwen3,Chinese-SimpleQA/人文与社会科学/294.json,16,12032,76183.0,96256.0,192512.0,0.7914623503989362,0.3957311751994681,6.33169880319149,0.9333631941612731,0.7719213962554932
qwen3,Chinese-SimpleQA/人文与社会科学/298.json,8,12032,54839.0,96256.0,96256.0,0.5697203291223404,0.5697203291223404,4.557762632978723,0.9168243991567734,0.638046108027722
qwen3,Chinese-SimpleQA/人文与社会科学/298.json,12,12032,66088.0,96256.0,144384.0,0.6865857712765957,0.4577238475177305,5.492686170212766,0.9168243991567734,0.705811877199944
qwen3,Chinese-SimpleQA/人文与社会科学/298.json,16,12032,73148.0,96256.0,192512.0,0.7599318484042553,0.37996592420212766,6.0794547872340425,0.9168243991567734,0.743539332075322
qwen3,Chinese-SimpleQA/人文与社会科学/301.json,8,12032,55556.0,96256.0,96256.0,0.5771692154255319,0.5771692154255319,4.617353723404255,0.9178514163544838,0.6445291942738473
qwen3,Chinese-SimpleQA/人文与社会科学/301.json,12,12032,67321.0,96256.0,144384.0,0.6993953623670213,0.4662635749113475,5.59516289893617,0.9178514163544838,0.7153573708331331
qwen3,Chinese-SimpleQA/人文与社会科学/301.json,16,12032,74759.0,96256.0,192512.0,0.7766684674202128,0.3883342337101064,6.213347739361702,0.9178514163544838,0.755081758854237
qwen3,Chinese-SimpleQA/人文与社会科学/308.json,8,12032,48550.0,96256.0,96256.0,0.504384142287234,0.504384142287234,4.035073138297872,0.8621731831672343,0.566141093030889
qwen3,Chinese-SimpleQA/人文与社会科学/308.json,12,12032,59490.0,96256.0,144384.0,0.6180393949468085,0.41202626329787234,4.944315159574468,0.8621731831672343,0.631992702788495
qwen3,Chinese-SimpleQA/人文与社会科学/308.json,16,12032,66748.0,96256.0,192512.0,0.6934424867021277,0.34672124335106386,5.547539893617022,0.8621731831672343,0.6707563596837064
qwen3,Chinese-SimpleQA/人文与社会科学/314.json,8,12032,51815.0,96256.0,96256.0,0.5383041057180851,0.5383041057180851,4.3064328457446805,0.8853132800852999,0.6014472353965679
qwen3,Chinese-SimpleQA/人文与社会科学/314.json,12,12032,63173.0,96256.0,144384.0,0.6563019448138298,0.43753462987588654,5.250415558510638,0.8853132800852999,0.6698202725420607
qwen3,Chinese-SimpleQA/人文与社会科学/314.json,16,12032,70459.0,96256.0,192512.0,0.7319959275265957,0.36599796376329785,5.855967420212766,0.8853132800852999,0.7087382103534455
qwen3,Chinese-SimpleQA/人文与社会科学/323.json,8,12032,55613.0,96256.0,96256.0,0.5777613863031915,0.5777613863031915,4.622091090425532,0.929726889792909,0.6498216872519635
qwen3,Chinese-SimpleQA/人文与社会科学/323.json,12,12032,66385.0,96256.0,144384.0,0.6896712932180851,0.45978086214539005,5.5173703457446805,0.929726889792909,0.714709000384554
qwen3,Chinese-SimpleQA/人文与社会科学/323.json,16,12032,73218.0,96256.0,192512.0,0.7606590757978723,0.38032953789893614,6.085272606382978,0.929726889792909,0.751202773540578
qwen3,Chinese-SimpleQA/人文与社会科学/327.json,8,12032,52975.0,96256.0,96256.0,0.5503553025265957,0.5503553025265957,4.402842420212766,0.8938173791195484,0.613529569291054
qwen3,Chinese-SimpleQA/人文与社会科学/327.json,12,12032,64233.0,96256.0,144384.0,0.6673142453457447,0.4448761635638298,5.3385139627659575,0.8938173791195484,0.6813343674578565
qwen3,Chinese-SimpleQA/人文与社会科学/327.json,16,12032,71327.0,96256.0,192512.0,0.7410135472074468,0.3705067736037234,5.928108377659575,0.8938173791195484,0.7192288979570917
qwen3,Chinese-SimpleQA/人文与社会科学/330.json,8,12032,54400.0,96256.0,96256.0,0.5651595744680851,0.5651595744680851,4.5212765957446805,0.9047335094593941,0.6310156285762787
qwen3,Chinese-SimpleQA/人文与社会科学/330.json,12,12032,65196.0,96256.0,144384.0,0.6773188164893617,0.4515458776595745,5.418550531914893,0.9047335094593941,0.6960572188204908
qwen3,Chinese-SimpleQA/人文与社会科学/330.json,16,12032,71871.0,96256.0,192512.0,0.7466651429521277,0.37333257147606386,5.973321143617022,0.9047335094593941,0.7317135359378572
qwen3,Chinese-SimpleQA/人文与社会科学/333.json,8,12032,51819.0,96256.0,96256.0,0.538345661569149,0.538345661569149,4.306765292553192,0.8780347869751302,0.6007722812764188
qwen3,Chinese-SimpleQA/人文与社会科学/333.json,12,12032,62489.0,96256.0,144384.0,0.6491958942819149,0.43279726285460995,5.1935671542553195,0.8780347869751302,0.6650473006228184
qwen3,Chinese-SimpleQA/人文与社会科学/333.json,16,12032,69395.0,96256.0,192512.0,0.720942071143617,0.3604710355718085,5.767536569148936,0.8780347869751302,0.701909231378677
qwen3,Chinese-SimpleQA/人文与社会科学/337.json,8,12032,52880.0,96256.0,96256.0,0.5493683510638298,0.5493683510638298,4.394946808510638,0.9071530610957044,0.6163904647877876
qwen3,Chinese-SimpleQA/人文与社会科学/337.json,12,12032,65849.0,96256.0,144384.0,0.6841028091755319,0.45606853945035464,5.472822473404255,0.9071530610957044,0.6944156682237665
qwen3,Chinese-SimpleQA/人文与社会科学/337.json,16,12032,74286.0,96256.0,192512.0,0.7717544880319149,0.38587724401595747,6.1740359042553195,0.9071530610957044,0.7394754506172018
qwen3,Chinese-SimpleQA/人文与社会科学/340.json,8,12032,49483.0,96256.0,96256.0,0.5140770445478723,0.5140770445478723,4.112616356382978,0.8626710138422378,0.5719723251271756
qwen3,Chinese-SimpleQA/人文与社会科学/340.json,12,12032,62217.0,96256.0,144384.0,0.6463700964095744,0.430913397606383,5.1709607712765955,0.8626710138422378,0.6485924936355428
qwen3,Chinese-SimpleQA/人文与社会科学/340.json,16,12032,70781.0,96256.0,192512.0,0.735341173537234,0.367670586768617,5.882729388297872,0.8626710138422378,0.6943296650622753
qwen3,Chinese-SimpleQA/人文与社会科学/341.json,8,12032,51596.0,96256.0,96256.0,0.5360289228723404,0.5360289228723404,4.288231382978723,0.8816443630989562,0.5984940167437208
qwen3,Chinese-SimpleQA/人文与社会科学/341.json,12,12032,62686.0,96256.0,144384.0,0.6512425199468085,0.434161679964539,5.209940159574468,0.8816443630989562,0.6652933967874405
qwen3,Chinese-SimpleQA/人文与社会科学/341.json,16,12032,69923.0,96256.0,192512.0,0.7264274434840425,0.36321372174202127,5.81141954787234,0.8816443630989562,0.7039315586394452
qwen3,Chinese-SimpleQA/人文与社会科学/344.json,8,12032,56663.0,96256.0,96256.0,0.5886697972074468,0.5886697972074468,4.709358377659575,0.9296109169087512,0.6584827937978379
qwen3,Chinese-SimpleQA/人文与社会科学/344.json,12,12032,68011.0,96256.0,144384.0,0.7065637466755319,0.47104249778368795,5.652509973404255,0.9296109169087512,0.7268785694812206
qwen3,Chinese-SimpleQA/人文与社会科学/344.json,16,12032,75036.0,96256.0,192512.0,0.779546210106383,0.3897731050531915,6.236369680851064,0.9296109169087512,0.7644054674087687
qwen3,Chinese-SimpleQA/人文与社会科学/353.json,8,12032,52347.0,96256.0,96256.0,0.5438310339095744,0.5438310339095744,4.3506482712765955,0.8936061427948323,0.6102292423552655
qwen3,Chinese-SimpleQA/人文与社会科学/353.json,12,12032,62911.0,96256.0,144384.0,0.653580036569149,0.43572002437943264,5.228640292553192,0.8936061427948323,0.6738248327945141
qwen3,Chinese-SimpleQA/人文与社会科学/353.json,16,12032,69626.0,96256.0,192512.0,0.7233419215425532,0.3616709607712766,5.786735372340425,0.8936061427948323,0.7096801552366703
qwen3,Chinese-SimpleQA/人文与社会科学/355.json,8,12032,54245.0,96256.0,96256.0,0.5635492852393617,0.5635492852393617,4.508394281914893,0.9103379389072986,0.6314141756676613
qwen3,Chinese-SimpleQA/人文与社会科学/355.json,12,12032,65760.0,96256.0,144384.0,0.6831781914893617,0.4554521276595745,5.465425531914893,0.9103379389072986,0.7007266638126779
qwen3,Chinese-SimpleQA/人文与社会科学/355.json,16,12032,72998.0,96256.0,192512.0,0.7583735039893617,0.3791867519946808,6.066988031914893,0.9103379389072986,0.7393715178712885
qwen3,Chinese-SimpleQA/人文与社会科学/356.json,8,12032,56581.0,96256.0,96256.0,0.5878179022606383,0.5878179022606383,4.702543218085107,0.9311443351684733,0.6566076456232274
qwen3,Chinese-SimpleQA/人文与社会科学/356.json,12,12032,67998.0,96256.0,144384.0,0.7064286901595744,0.470952460106383,5.6514295212765955,0.9311443351684733,0.7254878815184248
qwen3,Chinese-SimpleQA/人文与社会科学/356.json,16,12032,74802.0,96256.0,192512.0,0.777115192819149,0.3885575964095745,6.216921542553192,0.9311443351684733,0.7618380949852315
qwen3,Chinese-SimpleQA/人文与社会科学/374.json,8,12032,53034.0,96256.0,96256.0,0.5509682513297872,0.5509682513297872,4.407746010638298,0.9067439107184715,0.617455170509663
qwen3,Chinese-SimpleQA/人文与社会科学/374.json,12,12032,65966.0,96256.0,144384.0,0.685318317819149,0.45687887854609927,5.482546542553192,0.9067439107184715,0.6952991650459615
qwen3,Chinese-SimpleQA/人文与社会科学/374.json,16,12032,74526.0,96256.0,192512.0,0.7742478390957447,0.38712391954787234,6.1939827127659575,0.9067439107184715,0.7410392596366557
qwen3,Chinese-SimpleQA/人文与社会科学/382.json,8,12032,78271.0,96256.0,96256.0,0.8131545046542553,0.8131545046542553,6.5052360372340425,0.9774802910520676,0.8537438904985468
qwen3,Chinese-SimpleQA/人文与社会科学/382.json,12,12032,84730.0,96256.0,144384.0,0.8802568151595744,0.5868378767730497,7.0420545212765955,0.9774802910520676,0.89310189637732
qwen3,Chinese-SimpleQA/人文与社会科学/382.json,16,12032,87321.0,96256.0,192512.0,0.9071746176861702,0.4535873088430851,7.257396941489362,0.9774802910520676,0.9069614816219249
qwen3,Chinese-SimpleQA/人文与社会科学/392.json,8,12032,53959.0,96256.0,96256.0,0.5605780418882979,0.5605780418882979,4.484624335106383,0.9108910776199178,0.6285439108280425
qwen3,Chinese-SimpleQA/人文与社会科学/392.json,12,12032,64728.0,96256.0,144384.0,0.6724567819148937,0.44830452127659576,5.379654255319149,0.9108910776199178,0.6934221412273164
qwen3,Chinese-SimpleQA/人文与社会科学/392.json,16,12032,71808.0,96256.0,192512.0,0.7460106382978723,0.37300531914893614,5.968085106382978,0.9108910776199178,0.731218122421427
qwen3,Chinese-SimpleQA/人文与社会科学/405.json,8,12032,52429.0,96256.0,96256.0,0.544682928856383,0.544682928856383,4.357463430851064,0.9040805811577655,0.6111914109676442
qwen3,Chinese-SimpleQA/人文与社会科学/405.json,12,12032,65384.0,96256.0,144384.0,0.6792719414893617,0.4528479609929078,5.434175531914893,0.9040805811577655,0.689158170781237
qwen3,Chinese-SimpleQA/人文与社会科学/405.json,16,12032,73970.0,96256.0,192512.0,0.7684715757978723,0.38423578789893614,6.147772606382978,0.9040805811577655,0.7350183420992912
qwen3,Chinese-SimpleQA/人文与社会科学/406.json,8,12032,51474.0,96256.0,96256.0,0.5347614694148937,0.5347614694148937,4.278091755319149,0.874640074182064,0.5928784038158174
qwen3,Chinese-SimpleQA/人文与社会科学/406.json,12,12032,63958.0,96256.0,144384.0,0.6644572805851063,0.4429715203900709,5.315658244680851,0.874640074182064,0.668003537553422
qwen3,Chinese-SimpleQA/人文与社会科学/406.json,16,12032,72455.0,96256.0,192512.0,0.7527322972074468,0.3763661486037234,6.021858377659575,0.874640074182064,0.7133750890163665
qwen3,Chinese-SimpleQA/人文与社会科学/410.json,8,12032,49130.0,96256.0,96256.0,0.5104097406914894,0.5104097406914894,4.083277925531915,0.8636569735851694,0.5701812201357902
qwen3,Chinese-SimpleQA/人文与社会科学/410.json,12,12032,60625.0,96256.0,144384.0,0.6298308676861702,0.41988724512411346,5.038646941489362,0.8636569735851694,0.6393914970945804
qwen3,Chinese-SimpleQA/人文与社会科学/410.json,16,12032,67990.0,96256.0,192512.0,0.7063455784574468,0.3531727892287234,5.650764627659575,0.8636569735851694,0.678721602926863
qwen3,Chinese-SimpleQA/人文与社会科学/419.json,8,10810,46624.0,86480.0,86480.0,0.5391304347826087,0.5391304347826087,4.3130434782608695,0.8895789450787484,0.6018777654967189
qwen3,Chinese-SimpleQA/人文与社会科学/419.json,12,10810,56572.0,86480.0,129720.0,0.6541628122109158,0.4361085414739439,5.233302497687326,0.8895789450787484,0.6685466655198343
qwen3,Chinese-SimpleQA/人文与社会科学/419.json,16,10810,62927.0,86480.0,172960.0,0.7276480111008325,0.3638240055504163,5.82118408880666,0.8895789450787484,0.706339501761155
qwen3,Chinese-SimpleQA/人文与社会科学/421.json,8,12032,52077.0,96256.0,96256.0,0.541026013962766,0.541026013962766,4.328208111702128,0.9002006332925026,0.6067455506071131
qwen3,Chinese-SimpleQA/人文与社会科学/421.json,12,12032,65010.0,96256.0,144384.0,0.6753864694148937,0.45025764627659576,5.403091755319149,0.9002006332925026,0.6845735032507714
qwen3,Chinese-SimpleQA/人文与社会科学/421.json,16,12032,73697.0,96256.0,192512.0,0.765635388962766,0.382817694481383,6.125083111702128,0.9002006332925026,0.7309915854575786
qwen3,Chinese-SimpleQA/人文与社会科学/423.json,8,12032,54064.0,96256.0,96256.0,0.5616688829787234,0.5616688829787234,4.493351063829787,0.9094414457361749,0.6278379369289318
qwen3,Chinese-SimpleQA/人文与社会科学/423.json,12,12032,65793.0,96256.0,144384.0,0.6835210272606383,0.4556806848404255,5.468168218085107,0.9094414457361749,0.6984743349095608
qwen3,Chinese-SimpleQA/人文与社会科学/423.json,16,12032,73221.0,96256.0,192512.0,0.7606902426861702,0.3803451213430851,6.085521941489362,0.9094414457361749,0.7381584060953018
qwen3,Chinese-SimpleQA/人文与社会科学/429.json,8,12032,52694.0,96256.0,96256.0,0.5474360039893617,0.5474360039893617,4.379488031914893,0.8949617984447074,0.6144702631108304
qwen3,Chinese-SimpleQA/人文与社会科学/429.json,12,12032,63569.0,96256.0,144384.0,0.660415974069149,0.44027731604609927,5.283327792553192,0.8949617984447074,0.6799695669336522
qwen3,Chinese-SimpleQA/人文与社会科学/429.json,16,12032,70570.0,96256.0,192512.0,0.733149102393617,0.3665745511968085,5.865192819148936,0.8949617984447074,0.7173828203627404
qwen3,Chinese-SimpleQA/人文与社会科学/432.json,8,12032,53960.0,96256.0,96256.0,0.5605884308510638,0.5605884308510638,4.48470744680851,0.9175421062936174,0.6309842410239768
qwen3,Chinese-SimpleQA/人文与社会科学/432.json,12,12032,65685.0,96256.0,144384.0,0.6823990192819149,0.4549326795212766,5.4591921542553195,0.9175421062936174,0.7016064651468967
qwen3,Chinese-SimpleQA/人文与社会科学/432.json,16,12032,73168.0,96256.0,192512.0,0.7601396276595744,0.3800698138297872,6.0811170212765955,0.9175421062936174,0.7415933063689698
qwen3,Chinese-SimpleQA/人文与社会科学/435.json,8,12032,51862.0,96256.0,96256.0,0.5387923869680851,0.5387923869680851,4.3103390957446805,0.8923224667285351,0.602014662737542
qwen3,Chinese-SimpleQA/人文与社会科学/435.json,12,12032,64893.0,96256.0,144384.0,0.6741709607712766,0.4494473071808511,5.393367686170213,0.8923224667285351,0.6804100148221279
qwen3,Chinese-SimpleQA/人文与社会科学/435.json,16,12032,73448.0,96256.0,192512.0,0.7630485372340425,0.38152426861702127,6.10438829787234,0.8923224667285351,0.7261103011192159
qwen3,Chinese-SimpleQA/人文与社会科学/440.json,8,12032,50853.0,96256.0,96256.0,0.528309923537234,0.528309923537234,4.226479388297872,0.8689470988638858,0.5856387088907525
qwen3,Chinese-SimpleQA/人文与社会科学/440.json,12,12032,63780.0,96256.0,144384.0,0.662608045212766,0.44173869680851063,5.300864361702128,0.8689470988638858,0.6633683075296118
qwen3,Chinese-SimpleQA/人文与社会科学/440.json,16,12032,72190.0,96256.0,192512.0,0.7499792220744681,0.37498961103723405,5.999833776595745,0.8689470988638858,0.708302490254666
qwen3,Chinese-SimpleQA/人文与社会科学/441.json,8,12032,55311.0,96256.0,96256.0,0.5746239195478723,0.5746239195478723,4.596991356382978,0.9277527902988677,0.646428127872183
qwen3,Chinese-SimpleQA/人文与社会科学/441.json,12,12032,66579.0,96256.0,144384.0,0.6916867519946809,0.4611245013297872,5.533494015957447,0.9277527902988677,0.7142897590677789
qwen3,Chinese-SimpleQA/人文与社会科学/441.json,16,12032,73629.0,96256.0,192512.0,0.7649289394946809,0.38246446974734044,6.119431515957447,0.9277527902988677,0.751943495679409
qwen3,Chinese-SimpleQA/人文与社会科学/460.json,8,12032,52670.0,96256.0,96256.0,0.5471866688829787,0.5471866688829787,4.37749335106383,0.9084579335882309,0.6159320245397851
qwen3,Chinese-SimpleQA/人文与社会科学/460.json,12,12032,63086.0,96256.0,144384.0,0.6553981050531915,0.436932070035461,5.243184840425532,0.9084579335882309,0.6786837451001431
qwen3,Chinese-SimpleQA/人文与社会科学/460.json,16,12032,69478.0,96256.0,192512.0,0.7218043550531915,0.36090217752659576,5.774434840425532,0.9084579335882309,0.7128303596313964
qwen3,Chinese-SimpleQA/人文与社会科学/466.json,8,12032,47109.0,96256.0,96256.0,0.48941364694148937,0.48941364694148937,3.915309175531915,0.8398580868193444,0.548302246535078
qwen3,Chinese-SimpleQA/人文与社会科学/466.json,12,12032,57559.0,96256.0,144384.0,0.5979783078457447,0.39865220523049644,4.7838264627659575,0.8398580868193444,0.6111667701538573
qwen3,Chinese-SimpleQA/人文与社会科学/466.json,16,12032,64815.0,96256.0,192512.0,0.6733606216755319,0.33668031083776595,5.386884973404255,0.8398580868193444,0.6498887253568527
qwen3,Chinese-SimpleQA/人文与社会科学/473.json,8,12032,52482.0,96256.0,96256.0,0.5452335438829787,0.5452335438829787,4.36186835106383,0.9165089916675648,0.6164569892781846
qwen3,Chinese-SimpleQA/人文与社会科学/473.json,12,12032,64409.0,96256.0,144384.0,0.6691427027925532,0.44609513519503546,5.353141622340425,0.9165089916675648,0.6882628823848481
qwen3,Chinese-SimpleQA/人文与社会科学/473.json,16,12032,71946.0,96256.0,192512.0,0.7474443151595744,0.3737221575797872,5.9795545212765955,0.9165089916675648,0.7285039095168419
qwen3,Chinese-SimpleQA/人文与社会科学/487.json,8,12032,51988.0,96256.0,96256.0,0.5401013962765957,0.5401013962765957,4.320811170212766,0.8928575426974195,0.6046118419221107
qwen3,Chinese-SimpleQA/人文与社会科学/487.json,12,12032,63011.0,96256.0,144384.0,0.6546189328457447,0.4364126218971631,5.2369514627659575,0.8928575426974195,0.6709817127978548
qwen3,Chinese-SimpleQA/人文与社会科学/487.json,16,12032,70179.0,96256.0,192512.0,0.7290870179521277,0.36454350897606386,5.832696143617022,0.8928575426974195,0.7092772392516441
qwen3,Chinese-SimpleQA/人文与社会科学/493.json,8,12032,53429.0,96256.0,96256.0,0.5550718916223404,0.5550718916223404,4.440575132978723,0.8999800098703262,0.6197478809255235
qwen3,Chinese-SimpleQA/人文与社会科学/493.json,12,12032,65008.0,96256.0,144384.0,0.6753656914893617,0.4502437943262411,5.402925531914893,0.8999800098703262,0.6894427975441547
qwen3,Chinese-SimpleQA/人文与社会科学/493.json,16,12032,72145.0,96256.0,192512.0,0.74951171875,0.374755859375,5.99609375,0.8999800098703262,0.7275846695646326
qwen3,Chinese-SimpleQA/人文与社会科学/505.json,8,12032,51418.0,96256.0,96256.0,0.5341796875,0.5341796875,4.2734375,0.879208339021561,0.5927906778264553
qwen3,Chinese-SimpleQA/人文与社会科学/505.json,12,12032,64082.0,96256.0,144384.0,0.6657455119680851,0.44383034131205673,5.3259640957446805,0.879208339021561,0.6689832971451131
qwen3,Chinese-SimpleQA/人文与社会科学/505.json,16,12032,72406.0,96256.0,192512.0,0.7522232380319149,0.37611161901595747,6.0177859042553195,0.879208339021561,0.7134751880422552
qwen3,Chinese-SimpleQA/人文与社会科学/513.json,8,12032,55076.0,96256.0,96256.0,0.5721825132978723,0.5721825132978723,4.577460106382978,0.9099214964724601,0.636595052607516
qwen3,Chinese-SimpleQA/人文与社会科学/513.json,12,12032,66423.0,96256.0,144384.0,0.6900660738031915,0.46004404920212766,5.520528590425532,0.9099214964724601,0.7049927381758995
qwen3,Chinese-SimpleQA/人文与社会科学/513.json,16,12032,73236.0,96256.0,192512.0,0.7608460771276596,0.3804230385638298,6.086768617021277,0.9099214964724601,0.7413810707153158
qwen3,Chinese-SimpleQA/人文与社会科学/539.json,8,12032,44912.0,96256.0,96256.0,0.4665890957446808,0.4665890957446808,3.7327127659574466,0.8147939151905953,0.5215302426764306
qwen3,Chinese-SimpleQA/人文与社会科学/539.json,12,12032,55375.0,96256.0,144384.0,0.5752888131648937,0.3835258754432624,4.602310505319149,0.8147939151905953,0.5844723962722941
qwen3,Chinese-SimpleQA/人文与社会科学/539.json,16,12032,62575.0,96256.0,192512.0,0.6500893450797872,0.3250446725398936,5.200714760638298,0.8147939151905953,0.6229090430635087
qwen3,Chinese-SimpleQA/人文与社会科学/556.json,8,12032,55008.0,96256.0,96256.0,0.5714760638297872,0.5714760638297872,4.571808510638298,0.8929308805059879,0.6309013322312781
qwen3,Chinese-SimpleQA/人文与社会科学/556.json,12,12032,66772.0,96256.0,144384.0,0.6936918218085106,0.46246121453900707,5.549534574468085,0.8929308805059879,0.7017841440566043
qwen3,Chinese-SimpleQA/人文与社会科学/556.json,16,12032,74012.0,96256.0,192512.0,0.7689079122340425,0.38445395611702127,6.15126329787234,0.8929308805059879,0.7404525432180851
qwen3,Chinese-SimpleQA/人文与社会科学/557.json,8,12032,54130.0,96256.0,96256.0,0.5623545545212766,0.5623545545212766,4.498836436170213,0.8891048063623145,0.6208034373344259
qwen3,Chinese-SimpleQA/人文与社会科学/557.json,12,12032,65725.0,96256.0,144384.0,0.6828145777925532,0.4552097185283688,5.462516622340425,0.8891048063623145,0.6906506837682521
qwen3,Chinese-SimpleQA/人文与社会科学/557.json,16,12032,73074.0,96256.0,192512.0,0.7591630651595744,0.3795815325797872,6.0733045212765955,0.8891048063623145,0.729892279239411
qwen3,Chinese-SimpleQA/人文与社会科学/564.json,8,12032,52405.0,96256.0,96256.0,0.54443359375,0.54443359375,4.35546875,0.9031995978761227,0.6109404151744031
qwen3,Chinese-SimpleQA/人文与社会科学/564.json,12,12032,65347.0,96256.0,144384.0,0.6788875498670213,0.4525916999113475,5.43110039893617,0.9031995978761227,0.688802403338412
qwen3,Chinese-SimpleQA/人文与社会科学/564.json,16,12032,73722.0,96256.0,192512.0,0.7658951130319149,0.38294755651595747,6.1271609042553195,0.9031995978761227,0.7335260751399588
qwen3,Chinese-SimpleQA/人文与社会科学/570.json,8,12032,56869.0,96256.0,96256.0,0.590809923537234,0.590809923537234,4.726479388297872,0.9230826306850353,0.6590225309767621
qwen3,Chinese-SimpleQA/人文与社会科学/570.json,12,12032,67654.0,96256.0,144384.0,0.7028548869680851,0.46856992464539005,5.6228390957446805,0.9230826306850353,0.7240146220998561
qwen3,Chinese-SimpleQA/人文与社会科学/570.json,16,12032,74362.0,96256.0,192512.0,0.7725440492021277,0.38627202460106386,6.180352393617022,0.9230826306850353,0.7598281914883471
qwen3,Chinese-SimpleQA/人文与社会科学/575.json,8,12032,56601.0,96256.0,96256.0,0.5880256815159575,0.5880256815159575,4.70420545212766,0.9210672137585092,0.6550320234704525
qwen3,Chinese-SimpleQA/人文与社会科学/575.json,12,12032,68194.0,96256.0,144384.0,0.7084649268617021,0.47230995124113473,5.667719414893617,0.9210672137585092,0.7248902130634227
qwen3,Chinese-SimpleQA/人文与社会科学/575.json,16,12032,75197.0,96256.0,192512.0,0.7812188331117021,0.3906094165558511,6.249750664893617,0.9210672137585092,0.7622913870405643
qwen3,Chinese-SimpleQA/人文与社会科学/577.json,8,12032,57123.0,96256.0,96256.0,0.5934487200797872,0.5934487200797872,4.747589760638298,0.9276566746387076,0.662790779103624
qwen3,Chinese-SimpleQA/人文与社会科学/577.json,12,12032,68206.0,96256.0,144384.0,0.7085895944148937,0.4723930629432624,5.668716755319149,0.9276566746387076,0.729545220415643
qwen3,Chinese-SimpleQA/人文与社会科学/577.json,16,12032,75047.0,96256.0,192512.0,0.7796604886968085,0.38983024434840424,6.237283909574468,0.9276566746387076,0.766081063037223
qwen3,Chinese-SimpleQA/人文与社会科学/580.json,8,12032,53555.0,96256.0,96256.0,0.556380900930851,0.556380900930851,4.451047207446808,0.8929103130989886,0.6196492288975005
qwen3,Chinese-SimpleQA/人文与社会科学/580.json,12,12032,64578.0,96256.0,144384.0,0.6708984375,0.447265625,5.3671875,0.8929103130989886,0.6860298406570515
qwen3,Chinese-SimpleQA/人文与社会科学/580.json,16,12032,71393.0,96256.0,192512.0,0.74169921875,0.370849609375,5.93359375,0.8929103130989886,0.7224364001700219
qwen3,Chinese-SimpleQA/人文与社会科学/587.json,8,12032,52867.0,96256.0,96256.0,0.5492332945478723,0.5492332945478723,4.393866356382978,0.9034893855135492,0.6159015989049952
qwen3,Chinese-SimpleQA/人文与社会科学/587.json,12,12032,64340.0,96256.0,144384.0,0.6684258643617021,0.4456172429078014,5.347406914893617,0.9034893855135492,0.6849645858115339
qwen3,Chinese-SimpleQA/人文与社会科学/587.json,16,12032,71728.0,96256.0,192512.0,0.7451795212765957,0.37258976063829785,5.961436170212766,0.9034893855135492,0.7244360320111538
qwen3,Chinese-SimpleQA/人文与社会科学/592.json,8,12032,56188.0,96256.0,96256.0,0.583735039893617,0.583735039893617,4.669880319148936,0.9096469498695211,0.6459297385621579
qwen3,Chinese-SimpleQA/人文与社会科学/592.json,12,12032,67170.0,96256.0,144384.0,0.6978266289893617,0.4652177526595745,5.582613031914893,0.9096469498695211,0.7121069152304467
qwen3,Chinese-SimpleQA/人文与社会科学/592.json,16,12032,73624.0,96256.0,192512.0,0.764876994680851,0.3824384973404255,6.119015957446808,0.9096469498695211,0.7465709498588075
qwen3,Chinese-SimpleQA/人文与社会科学/598.json,8,12032,50194.0,96256.0,96256.0,0.5214635970744681,0.5214635970744681,4.171708776595745,0.8689143163092593,0.5797916397135309
qwen3,Chinese-SimpleQA/人文与社会科学/598.json,12,12032,62935.0,96256.0,144384.0,0.6538293716755319,0.43588624778368795,5.230634973404255,0.8689143163092593,0.6564436783181861
qwen3,Chinese-SimpleQA/人文与社会科学/598.json,16,12032,71301.0,96256.0,192512.0,0.7407434341755319,0.37037171708776595,5.925947473404255,0.8689143163092593,0.7011256091138149
qwen3,Chinese-SimpleQA/人文与社会科学/599.json,8,12032,52010.0,96256.0,96256.0,0.5403299534574468,0.5403299534574468,4.322639627659575,0.8944959982912591,0.6071906578033528
qwen3,Chinese-SimpleQA/人文与社会科学/599.json,12,12032,62315.0,96256.0,144384.0,0.6473882147606383,0.4315921431737589,5.179105718085107,0.8944959982912591,0.6692422514266156
qwen3,Chinese-SimpleQA/人文与社会科学/599.json,16,12032,69267.0,96256.0,192512.0,0.7196122839095744,0.3598061419547872,5.7568982712765955,0.8944959982912591,0.7063528673445925
qwen3,Chinese-SimpleQA/人文与社会科学/600.json,8,12032,55727.0,96256.0,96256.0,0.5789457280585106,0.5789457280585106,4.631565824468085,0.9140018858808152,0.6476006824919518
qwen3,Chinese-SimpleQA/人文与社会科学/600.json,12,12032,67075.0,96256.0,144384.0,0.6968396775265957,0.4645597850177305,5.574717420212766,0.9140018858808152,0.715996819607755
qwen3,Chinese-SimpleQA/人文与社会科学/600.json,16,12032,73871.0,96256.0,192512.0,0.7674430684840425,0.38372153424202127,6.13954454787234,0.9140018858808152,0.7522841539788754
qwen3,Chinese-SimpleQA/人文与社会科学/604.json,8,12032,51227.0,96256.0,96256.0,0.5321953956117021,0.5321953956117021,4.257563164893617,0.8862636355643577,0.5970649275373905
qwen3,Chinese-SimpleQA/人文与社会科学/604.json,12,12032,62323.0,96256.0,144384.0,0.647471326462766,0.4316475509751773,5.179770611702128,0.8862636355643577,0.6638200663505717
qwen3,Chinese-SimpleQA/人文与社会科学/604.json,16,12032,69691.0,96256.0,192512.0,0.7240172041223404,0.3620086020611702,5.792137632978723,0.8862636355643577,0.7031527351825795
qwen3,Chinese-SimpleQA/人文与社会科学/605.json,8,12032,51637.0,96256.0,96256.0,0.5364548703457447,0.5364548703457447,4.2916389627659575,0.8744109374411563,0.5937221963354882
qwen3,Chinese-SimpleQA/人文与社会科学/605.json,12,12032,64270.0,96256.0,144384.0,0.6676986369680851,0.44513242464539005,5.3415890957446805,0.8744109374411563,0.6697099361013858
qwen3,Chinese-SimpleQA/人文与社会科学/605.json,16,12032,72648.0,96256.0,192512.0,0.7547373670212766,0.3773686835106383,6.037898936170213,0.8744109374411563,0.7144348913050712
qwen3,Chinese-SimpleQA/人文与社会科学/610.json,8,12032,52181.0,96256.0,96256.0,0.5421064660904256,0.5421064660904256,4.3368517287234045,0.8948929931255097,0.6069322615227801
qwen3,Chinese-SimpleQA/人文与社会科学/610.json,12,12032,63211.0,96256.0,144384.0,0.6566967253989362,0.4377978169326241,5.25357380319149,0.8948929931255097,0.673336480526214
qwen3,Chinese-SimpleQA/人文与社会科学/610.json,16,12032,70376.0,96256.0,192512.0,0.7311336436170213,0.36556682180851063,5.84906914893617,0.8948929931255097,0.7116074397208842
qwen3,Chinese-SimpleQA/人文与社会科学/628.json,8,12032,50745.0,96256.0,96256.0,0.5271879155585106,0.5271879155585106,4.217503324468085,0.8729787177227913,0.5864844423659304
qwen3,Chinese-SimpleQA/人文与社会科学/628.json,12,12032,63184.0,96256.0,144384.0,0.6564162234042553,0.4376108156028369,5.2513297872340425,0.8729787177227913,0.6613475325259757
qwen3,Chinese-SimpleQA/人文与社会科学/628.json,16,12032,71280.0,96256.0,192512.0,0.7405252659574468,0.3702626329787234,5.924202127659575,0.8729787177227913,0.7045792391959657
qwen3,Chinese-SimpleQA/人文与社会科学/632.json,8,12032,51687.0,96256.0,96256.0,0.5369743184840425,0.5369743184840425,4.29579454787234,0.8874946731202146,0.6012744015835702
qwen3,Chinese-SimpleQA/人文与社会科学/632.json,12,12032,63080.0,96256.0,144384.0,0.6553357712765957,0.43689051418439717,5.242686170212766,0.8874946731202146,0.6698768823704822
qwen3,Chinese-SimpleQA/人文与社会科学/632.json,16,12032,70346.0,96256.0,192512.0,0.7308219747340425,0.36541098736702127,5.84657579787234,0.8874946731202146,0.7086944516668928
qwen3,Chinese-SimpleQA/人文与社会科学/640.json,8,12032,52289.0,96256.0,96256.0,0.543228474069149,0.543228474069149,4.345827792553192,0.8839354819439827,0.6045486762168559
qwen3,Chinese-SimpleQA/人文与社会科学/640.json,12,12032,64697.0,96256.0,144384.0,0.672134724069149,0.44808981604609927,5.377077792553192,0.8839354819439827,0.6792585799034606
qwen3,Chinese-SimpleQA/人文与社会科学/640.json,16,12032,72861.0,96256.0,192512.0,0.7569502160904256,0.3784751080452128,6.0556017287234045,0.8839354819439827,0.7228622677478385
qwen3,Chinese-SimpleQA/人文与社会科学/644.json,8,12032,50091.0,96256.0,96256.0,0.5203935339095744,0.5203935339095744,4.1631482712765955,0.868360921423486,0.5793680491599631
qwen3,Chinese-SimpleQA/人文与社会科学/644.json,12,12032,62738.0,96256.0,144384.0,0.6517827460106383,0.4345218306737589,5.214261968085107,0.868360921423486,0.655464805187063
qwen3,Chinese-SimpleQA/人文与社会科学/644.json,16,12032,71221.0,96256.0,192512.0,0.7399123171542553,0.36995615857712766,5.9192985372340425,0.868360921423486,0.7007637379017282
qwen3,Chinese-SimpleQA/人文与社会科学/666.json,8,12032,56230.0,96256.0,96256.0,0.5841713763297872,0.5841713763297872,4.673371010638298,0.916559876279628,0.6497181349612297
qwen3,Chinese-SimpleQA/人文与社会科学/666.json,12,12032,67746.0,96256.0,144384.0,0.7038106715425532,0.46920711436170215,5.630485372340425,0.916559876279628,0.7191200243665817
qwen3,Chinese-SimpleQA/人文与社会科学/666.json,16,12032,74677.0,96256.0,192512.0,0.7758165724734043,0.38790828623670215,6.206532579787234,0.916559876279628,0.7561643808446032
qwen3,Chinese-SimpleQA/人文与社会科学/677.json,8,12032,51267.0,96256.0,96256.0,0.5326109541223404,0.5326109541223404,4.260887632978723,0.8740959370389898,0.5904999248524929
qwen3,Chinese-SimpleQA/人文与社会科学/677.json,12,12032,64255.0,96256.0,144384.0,0.6675428025265957,0.4450285350177305,5.340342420212766,0.8740959370389898,0.6686151750544285
qwen3,Chinese-SimpleQA/人文与社会科学/677.json,16,12032,72807.0,96256.0,192512.0,0.7563892121010638,0.3781946060505319,6.05111369680851,0.8740959370389898,0.7142939719747989
qwen3,Chinese-SimpleQA/人文与社会科学/679.json,8,12032,55709.0,96256.0,96256.0,0.5787587267287234,0.5787587267287234,4.630069813829787,0.9218325285201378,0.6475108303922288
qwen3,Chinese-SimpleQA/人文与社会科学/679.json,12,12032,66083.0,96256.0,144384.0,0.686533826462766,0.45768921764184395,5.492270611702128,0.9218325285201378,0.7100400214499616
qwen3,Chinese-SimpleQA/人文与社会科学/679.json,16,12032,72243.0,96256.0,192512.0,0.7505298371010638,0.3752649185505319,6.00423869680851,0.9218325285201378,0.742926725681792
qwen3,Chinese-SimpleQA/人文与社会科学/680.json,8,12032,52689.0,96256.0,96256.0,0.5473840591755319,0.5473840591755319,4.379072473404255,0.8856793007952102,0.6082920222840411
qwen3,Chinese-SimpleQA/人文与社会科学/680.json,12,12032,64558.0,96256.0,144384.0,0.6706906582446809,0.4471271054964539,5.365525265957447,0.8856793007952102,0.6797700258011513
qwen3,Chinese-SimpleQA/人文与社会科学/680.json,16,12032,72147.0,96256.0,192512.0,0.7495324966755319,0.37476624833776595,5.996259973404255,0.8856793007952102,0.7202943157642445
qwen3,Chinese-SimpleQA/人文与社会科学/695.json,8,12032,52278.0,96256.0,96256.0,0.5431141954787234,0.5431141954787234,4.344913563829787,0.900422178684397,0.6085634440817731
qwen3,Chinese-SimpleQA/人文与社会科学/695.json,12,12032,65155.0,96256.0,144384.0,0.6768928690159575,0.451261912677305,5.41514295212766,0.900422178684397,0.6860801114680919
qwen3,Chinese-SimpleQA/人文与社会科学/695.json,16,12032,73703.0,96256.0,192512.0,0.7656977227393617,0.3828488613696808,6.125581781914893,0.900422178684397,0.7317352979741198
qwen3,Chinese-SimpleQA/人文与社会科学/698.json,8,12032,50612.0,96256.0,96256.0,0.5258061835106383,0.5258061835106383,4.206449468085107,0.9022109077331868,0.595610794868875
qwen3,Chinese-SimpleQA/人文与社会科学/698.json,12,12032,62038.0,96256.0,144384.0,0.6445104720744681,0.42967364804964536,5.156083776595745,0.9022109077331868,0.6643735715683471
qwen3,Chinese-SimpleQA/人文与社会科学/698.json,16,12032,69417.0,96256.0,192512.0,0.7211706283244681,0.36058531416223405,5.769365026595745,0.9022109077331868,0.7037635128548805
qwen3,Chinese-SimpleQA/工程、技术与应用科学/1003.json,8,12032,55757.0,96256.0,96256.0,0.5792573969414894,0.5792573969414894,4.634059175531915,0.9195634228117923,0.6480023340975984
qwen3,Chinese-SimpleQA/工程、技术与应用科学/1003.json,12,12032,66716.0,96256.0,144384.0,0.693110039893617,0.462073359929078,5.544880319148936,0.9195634228117923,0.7140701514609317
qwen3,Chinese-SimpleQA/工程、技术与应用科学/1003.json,16,12032,73407.0,96256.0,192512.0,0.7626225897606383,0.3813112948803192,6.100980718085107,0.9195634228117923,0.7497944755757109
qwen3,Chinese-SimpleQA/工程、技术与应用科学/1012.json,8,12032,48975.0,96256.0,96256.0,0.508799451462766,0.508799451462766,4.070395611702128,0.8613628123668914,0.5702190164555895
qwen3,Chinese-SimpleQA/工程、技术与应用科学/1012.json,12,12032,59720.0,96256.0,144384.0,0.6204288563829787,0.4136192375886525,4.96343085106383,0.8613628123668914,0.6348616772509635
qwen3,Chinese-SimpleQA/工程、技术与应用科学/1012.json,16,12032,66837.0,96256.0,192512.0,0.6943671043882979,0.3471835521941489,5.554936835106383,0.8613628123668914,0.6728630389304872
qwen3,Chinese-SimpleQA/工程、技术与应用科学/1024.json,8,12032,53039.0,96256.0,96256.0,0.551020196143617,0.551020196143617,4.408161569148936,0.895005871640875,0.6152431178600231
qwen3,Chinese-SimpleQA/工程、技术与应用科学/1024.json,12,12032,64192.0,96256.0,144384.0,0.6668882978723404,0.4445921985815603,5.335106382978723,0.895005871640875,0.682379239417137
qwen3,Chinese-SimpleQA/工程、技术与应用科学/1024.json,16,12032,71254.0,96256.0,192512.0,0.7402551529255319,0.37012757646276595,5.922041223404255,0.895005871640875,0.7200863234540249
qwen3,Chinese-SimpleQA/工程、技术与应用科学/1025.json,8,12032,51039.0,96256.0,96256.0,0.5302422706117021,0.5302422706117021,4.241938164893617,0.8768690887917864,0.5893621571520542
qwen3,Chinese-SimpleQA/工程、技术与应用科学/1025.json,12,12032,63502.0,96256.0,144384.0,0.6597199135638298,0.43981327570921985,5.277759308510638,0.8768690887917864,0.664357952615048
qwen3,Chinese-SimpleQA/工程、技术与应用科学/1025.json,16,12032,71631.0,96256.0,192512.0,0.7441717918882979,0.3720858959441489,5.953374335106383,0.8768690887917864,0.7077655335690113
qwen3,Chinese-SimpleQA/工程、技术与应用科学/1027.json,8,12032,46717.0,96256.0,96256.0,0.48534117353723405,0.48534117353723405,3.8827293882978724,0.8670617215176846,0.5533475387603679
qwen3,Chinese-SimpleQA/工程、技术与应用科学/1027.json,12,12032,56623.0,96256.0,144384.0,0.5882542386968085,0.392169492464539,4.706033909574468,0.8670617215176846,0.6129305888997748
qwen3,Chinese-SimpleQA/工程、技术与应用科学/1027.json,16,12032,63759.0,96256.0,192512.0,0.6623898769946809,0.33119493849734044,5.299119015957447,0.8670617215176846,0.6510202390082339
qwen3,Chinese-SimpleQA/工程、技术与应用科学/1028.json,8,12032,49875.0,96256.0,96256.0,0.5181495179521277,0.5181495179521277,4.145196143617022,0.8781218465338362,0.5838920683302777
qwen3,Chinese-SimpleQA/工程、技术与应用科学/1028.json,12,12032,60318.0,96256.0,144384.0,0.6266414561170213,0.4177609707446808,5.01313164893617,0.8781218465338362,0.6467601542777204
qwen3,Chinese-SimpleQA/工程、技术与应用科学/1028.json,16,12032,67330.0,96256.0,192512.0,0.6994888630319149,0.34974443151595747,5.5959109042553195,0.8781218465338362,0.6841857293818859
qwen3,Chinese-SimpleQA/工程、技术与应用科学/1035.json,8,12032,47525.0,96256.0,96256.0,0.49373545545212766,0.49373545545212766,3.9498836436170213,0.8380488284090732,0.5504809573609778
qwen3,Chinese-SimpleQA/工程、技术与应用科学/1035.json,12,12032,58515.0,96256.0,144384.0,0.60791015625,0.4052734375,4.86328125,0.8380488284090732,0.6166853530609862
qwen3,Chinese-SimpleQA/工程、技术与应用科学/1035.json,16,12032,65650.0,96256.0,192512.0,0.6820354055851063,0.34101770279255317,5.456283244680851,0.8380488284090732,0.6547785084298317
qwen3,Chinese-SimpleQA/工程、技术与应用科学/1047.json,8,12032,51071.0,96256.0,96256.0,0.5305747174202128,0.5305747174202128,4.244597739361702,0.8770953632415609,0.5934158614341248
qwen3,Chinese-SimpleQA/工程、技术与应用科学/1047.json,12,12032,61779.0,96256.0,144384.0,0.6418197307180851,0.4278798204787234,5.1345578457446805,0.8770953632415609,0.6578684563332415
qwen3,Chinese-SimpleQA/工程、技术与应用科学/1047.json,16,12032,68728.0,96256.0,192512.0,0.7140126329787234,0.3570063164893617,5.712101063829787,0.8770953632415609,0.6949916152243919
qwen3,Chinese-SimpleQA/工程、技术与应用科学/1053.json,8,12032,55302.0,96256.0,96256.0,0.5745304188829787,0.5745304188829787,4.59624335106383,0.9084362235475094,0.6386021052269225
qwen3,Chinese-SimpleQA/工程、技术与应用科学/1053.json,12,12032,66635.0,96256.0,144384.0,0.6922685339095744,0.4615123559397163,5.5381482712765955,0.9084362235475094,0.7068938118346194
qwen3,Chinese-SimpleQA/工程、技术与应用科学/1053.json,16,12032,73582.0,96256.0,192512.0,0.7644406582446809,0.38222032912234044,6.115525265957447,0.9084362235475094,0.744014597953634
qwen3,Chinese-SimpleQA/工程、技术与应用科学/1054.json,8,12032,51196.0,96256.0,96256.0,0.5318733377659575,0.5318733377659575,4.25498670212766,0.8796790369013523,0.5919927219127087
qwen3,Chinese-SimpleQA/工程、技术与应用科学/1054.json,12,12032,63623.0,96256.0,144384.0,0.6609769780585106,0.44065131870567376,5.287815824468085,0.8796790369013523,0.6667757478166134
qwen3,Chinese-SimpleQA/工程、技术与应用科学/1054.json,16,12032,71515.0,96256.0,192512.0,0.7429666722074468,0.3714833361037234,5.943733377659575,0.8796790369013523,0.7089327510367048
qwen3,Chinese-SimpleQA/工程、技术与应用科学/1061.json,8,12032,51810.0,96256.0,96256.0,0.5382521609042553,0.5382521609042553,4.3060172872340425,0.8798792552440724,0.5999705372972691
qwen3,Chinese-SimpleQA/工程、技术与应用科学/1061.json,12,12032,62219.0,96256.0,144384.0,0.6463908743351063,0.4309272495567376,5.171126994680851,0.8798792552440724,0.6626683460905197
qwen3,Chinese-SimpleQA/工程、技术与应用科学/1061.json,16,12032,69012.0,96256.0,192512.0,0.7169630984042553,0.35848154920212766,5.7357047872340425,0.8798792552440724,0.6989487891501569
qwen3,Chinese-SimpleQA/工程、技术与应用科学/1062.json,8,12032,51030.0,96256.0,96256.0,0.5301487699468085,0.5301487699468085,4.241190159574468,0.8697827115971991,0.5919350969030502
qwen3,Chinese-SimpleQA/工程、技术与应用科学/1062.json,12,12032,62047.0,96256.0,144384.0,0.6446039727393617,0.4297359818262411,5.156831781914893,0.8697827115971991,0.6582847300996172
qwen3,Chinese-SimpleQA/工程、技术与应用科学/1062.json,16,12032,68892.0,96256.0,192512.0,0.7157164228723404,0.3578582114361702,5.725731382978723,0.8697827115971991,0.6948474962660607
deepseek_r1,Chinese-SimpleQA/中华文化/1.json,8,7424,19483.0,59392.0,59392.0,0.3280408135775862,0.3280408135775862,2.6243265086206895,0.7299003292774332,0.38669706624129724
deepseek_r1,Chinese-SimpleQA/中华文化/1.json,12,7424,23270.0,59392.0,89088.0,0.3918036099137931,0.2612024066091954,3.1344288793103448,0.7299003292774332,0.4236787228748716
deepseek_r1,Chinese-SimpleQA/中华文化/1.json,16,7424,25800.0,59392.0,118784.0,0.43440193965517243,0.21720096982758622,3.4752155172413794,0.7299003292774332,0.4455635681234557
deepseek_r1,Chinese-SimpleQA/中华文化/100.json,8,7424,16893.0,59392.0,59392.0,0.2844322467672414,0.2844322467672414,2.275457974137931,0.6997184835631272,0.34542080760002136
deepseek_r1,Chinese-SimpleQA/中华文化/100.json,12,7424,19697.0,59392.0,89088.0,0.3316439924568966,0.22109599497126436,2.6531519396551726,0.6997184835631272,0.3727612526252352
deepseek_r1,Chinese-SimpleQA/中华文化/100.json,16,7424,21549.0,59392.0,118784.0,0.3628266433189655,0.18141332165948276,2.902613146551724,0.6997184835631272,0.3887828141450882
deepseek_r1,Chinese-SimpleQA/中华文化/101.json,8,7424,16124.0,59392.0,59392.0,0.271484375,0.271484375,2.171875,0.6419364614733334,0.31928078316409014
deepseek_r1,Chinese-SimpleQA/中华文化/101.json,12,7424,19627.0,59392.0,89088.0,0.3304653825431034,0.22031025502873564,2.6437230603448274,0.6419364614733334,0.3534744633682843
deepseek_r1,Chinese-SimpleQA/中华文化/101.json,16,7424,22167.0,59392.0,118784.0,0.37323208512931033,0.18661604256465517,2.9858566810344827,0.6419364614733334,0.3754312827669341
deepseek_r1,Chinese-SimpleQA/中华文化/102.json,8,7424,18328.0,59392.0,59392.0,0.30859375,0.30859375,2.46875,0.7687695704657456,0.3810618756146267
deepseek_r1,Chinese-SimpleQA/中华文化/102.json,12,7424,20992.0,59392.0,89088.0,0.35344827586206895,0.23563218390804597,2.8275862068965516,0.7687695704657456,0.4070812011587209
deepseek_r1,Chinese-SimpleQA/中华文化/102.json,16,7424,22813.0,59392.0,118784.0,0.38410897090517243,0.19205448545258622,3.0728717672413794,0.7687695704657456,0.4228323841917104
deepseek_r1,Chinese-SimpleQA/中华文化/113.json,8,7424,17582.0,59392.0,59392.0,0.29603313577586204,0.29603313577586204,2.3682650862068964,0.7248000605352993,0.36113493144512177
deepseek_r1,Chinese-SimpleQA/中华文化/113.json,12,7424,20266.0,59392.0,89088.0,0.3412244073275862,0.2274829382183908,2.7297952586206895,0.7248000605352993,0.3873335462192009
deepseek_r1,Chinese-SimpleQA/中华文化/113.json,16,7424,22097.0,59392.0,118784.0,0.37205347521551724,0.18602673760775862,2.976427801724138,0.7248000605352993,0.4031784010344538
deepseek_r1,Chinese-SimpleQA/中华文化/114.json,8,7424,19380.0,59392.0,59392.0,0.32630657327586204,0.32630657327586204,2.6104525862068964,0.7292737056469095,0.38669683758554785
deepseek_r1,Chinese-SimpleQA/中华文化/114.json,12,7424,23182.0,59392.0,89088.0,0.39032192887931033,0.26021461925287354,3.1225754310344827,0.7292737056469095,0.4238213012958395
deepseek_r1,Chinese-SimpleQA/中华文化/114.json,16,7424,25673.0,59392.0,118784.0,0.43226360452586204,0.21613180226293102,3.4581088362068964,0.7292737056469095,0.44537845356711026
deepseek_r1,Chinese-SimpleQA/中华文化/119.json,8,7422,21727.0,59376.0,59376.0,0.36592225815144164,0.36592225815144164,2.927378065211533,0.7401659674350222,0.41994613240395423
deepseek_r1,Chinese-SimpleQA/中华文化/119.json,12,7422,26419.0,59376.0,89064.0,0.4449440851522501,0.2966293901015,3.5595526812180007,0.7401659674350222,0.4657284040972731
deepseek_r1,Chinese-SimpleQA/中华文化/119.json,16,7422,29568.0,59376.0,118752.0,0.49797898140662894,0.24898949070331447,3.9838318512530315,0.7401659674350222,0.4929746331246
deepseek_r1,Chinese-SimpleQA/中华文化/121.json,8,5742,12522.0,45936.0,45936.0,0.27259665621734586,0.27259665621734586,2.180773249738767,0.6638166214355979,0.32688133494856464
deepseek_r1,Chinese-SimpleQA/中华文化/121.json,12,5742,14879.0,45936.0,68904.0,0.3239071752002787,0.21593811680018576,2.5912574016022294,0.6638166214355979,0.3565919099473571
deepseek_r1,Chinese-SimpleQA/中华文化/121.json,16,5742,16554.0,45936.0,91872.0,0.36037095088819227,0.18018547544409613,2.882967607105538,0.6638166214355979,0.37531402558659227
deepseek_r1,Chinese-SimpleQA/中华文化/143.json,8,7424,17265.0,59392.0,59392.0,0.29069571659482757,0.29069571659482757,2.3255657327586206,0.7078412791778301,0.35078958087954026
deepseek_r1,Chinese-SimpleQA/中华文化/143.json,12,7424,20429.0,59392.0,89088.0,0.34396888469827586,0.22931258979885058,2.751751077586207,0.7078412791778301,0.38163838509855597
deepseek_r1,Chinese-SimpleQA/中华文化/143.json,16,7424,22583.0,59392.0,118784.0,0.38023639547413796,0.19011819773706898,3.0418911637931036,0.7078412791778301,0.4002730332571885
deepseek_r1,Chinese-SimpleQA/中华文化/145.json,8,7424,17815.0,59392.0,59392.0,0.2999562230603448,0.2999562230603448,2.3996497844827585,0.7004748582839966,0.3596295354695156
deepseek_r1,Chinese-SimpleQA/中华文化/145.json,12,7424,20932.0,59392.0,89088.0,0.3524380387931034,0.23495869252873564,2.8195043103448274,0.7004748582839966,0.39005031770673293
deepseek_r1,Chinese-SimpleQA/中华文化/145.json,16,7424,23049.0,59392.0,118784.0,0.3880825700431034,0.1940412850215517,3.1046605603448274,0.7004748582839966,0.40838259972375013
deepseek_r1,Chinese-SimpleQA/中华文化/150.json,8,7424,17823.0,59392.0,59392.0,0.3000909213362069,0.3000909213362069,2.4007273706896552,0.7077374232226404,0.3600597833764964
deepseek_r1,Chinese-SimpleQA/中华文化/150.json,12,7424,21346.0,59392.0,89088.0,0.3594086745689655,0.23960578304597702,2.875269396551724,0.7077374232226404,0.39442268630553934
deepseek_r1,Chinese-SimpleQA/中华文化/150.json,16,7424,23597.0,59392.0,118784.0,0.3973094019396552,0.1986547009698276,3.1784752155172415,0.7077374232226404,0.41390673148220986
deepseek_r1,Chinese-SimpleQA/中华文化/151.json,8,7424,17690.0,59392.0,59392.0,0.2978515625,0.2978515625,2.3828125,0.7224612369619566,0.3616297861625408
deepseek_r1,Chinese-SimpleQA/中华文化/151.json,12,7424,20435.0,59392.0,89088.0,0.34406990840517243,0.2293799389367816,2.7525592672413794,0.7224612369619566,0.38846339747823516
deepseek_r1,Chinese-SimpleQA/中华文化/151.json,16,7424,22245.0,59392.0,118784.0,0.3745453933189655,0.18727269665948276,2.996363146551724,0.7224612369619566,0.4041252701446928
deepseek_r1,Chinese-SimpleQA/中华文化/156.json,8,7424,19486.0,59392.0,59392.0,0.3280913254310345,0.3280913254310345,2.624730603448276,0.7577751114450652,0.3968402208953068
deepseek_r1,Chinese-SimpleQA/中华文化/156.json,12,7424,22848.0,59392.0,89088.0,0.38469827586206895,0.25646551724137934,3.0775862068965516,0.7577751114450652,0.42965353049080945
deepseek_r1,Chinese-SimpleQA/中华文化/156.json,16,7424,24972.0,59392.0,118784.0,0.4204606681034483,0.21023033405172414,3.3636853448275863,0.7577751114450652,0.44804109889885474
deepseek_r1,Chinese-SimpleQA/中华文化/167.json,8,7424,19087.0,59392.0,59392.0,0.3213732489224138,0.3213732489224138,2.5709859913793105,0.714363772293617,0.37933384447262203
deepseek_r1,Chinese-SimpleQA/中华文化/167.json,12,7424,22692.0,59392.0,89088.0,0.3820716594827586,0.25471443965517243,3.056573275862069,0.714363772293617,0.41448061733410274
deepseek_r1,Chinese-SimpleQA/中华文化/167.json,16,7424,25012.0,59392.0,118784.0,0.4211341594827586,0.2105670797413793,3.369073275862069,0.714363772293617,0.4345520693680336
deepseek_r1,Chinese-SimpleQA/中华文化/168.json,8,7424,14705.0,59392.0,59392.0,0.24759226831896552,0.24759226831896552,1.9807381465517242,0.6394154943268875,0.30214642347960635
deepseek_r1,Chinese-SimpleQA/中华文化/168.json,12,7424,17248.0,59392.0,89088.0,0.29040948275862066,0.19360632183908047,2.3232758620689653,0.6394154943268875,0.3269859624320063
deepseek_r1,Chinese-SimpleQA/中华文化/168.json,16,7424,18969.0,59392.0,118784.0,0.3193864493534483,0.15969322467672414,2.5550915948275863,0.6394154943268875,0.34186439627203447
deepseek_r1,Chinese-SimpleQA/中华文化/179.json,8,7405,15646.0,59240.0,59240.0,0.26411208642808914,0.26411208642808914,2.112896691424713,0.6798964269252986,0.3207052979092595
deepseek_r1,Chinese-SimpleQA/中华文化/179.json,12,7405,18608.0,59240.0,88860.0,0.31411208642808913,0.20940805761872608,2.512896691424713,0.6798964269252986,0.3496270931225866
deepseek_r1,Chinese-SimpleQA/中华文化/179.json,16,7405,20708.0,59240.0,118480.0,0.349561107359892,0.174780553679946,2.796488858879136,0.6798964269252986,0.36782568314041664
deepseek_r1,Chinese-SimpleQA/中华文化/185.json,8,7424,17798.0,59392.0,59392.0,0.29966998922413796,0.29966998922413796,2.3973599137931036,0.700276230943614,0.3575712288248128
deepseek_r1,Chinese-SimpleQA/中华文化/185.json,12,7424,21245.0,59392.0,89088.0,0.3577081088362069,0.23847207255747127,2.8616648706896552,0.700276230943614,0.39119870395495976
deepseek_r1,Chinese-SimpleQA/中华文化/185.json,16,7424,23403.0,59392.0,118784.0,0.39404296875,0.197021484375,3.15234375,0.700276230943614,0.4098803575696616
deepseek_r1,Chinese-SimpleQA/中华文化/203.json,8,7424,19133.0,59392.0,59392.0,0.32214776400862066,0.32214776400862066,2.5771821120689653,0.7328788864201513,0.3843748816128435
deepseek_r1,Chinese-SimpleQA/中华文化/203.json,12,7424,22778.0,59392.0,89088.0,0.38351966594827586,0.25567977729885055,3.068157327586207,0.7328788864201513,0.4199417305403742
deepseek_r1,Chinese-SimpleQA/中华文化/203.json,16,7424,25138.0,59392.0,118784.0,0.4232556573275862,0.2116278286637931,3.3860452586206895,0.7328788864201513,0.4403935557809369
deepseek_r1,Chinese-SimpleQA/中华文化/212.json,8,7424,16013.0,59392.0,59392.0,0.2696154364224138,0.2696154364224138,2.1569234913793105,0.6826229300992243,0.3262413899446356
deepseek_r1,Chinese-SimpleQA/中华文化/212.json,12,7424,19122.0,59392.0,89088.0,0.32196255387931033,0.2146417025862069,2.5757004310344827,0.6826229300992243,0.3565534445746192
deepseek_r1,Chinese-SimpleQA/中华文化/212.json,16,7424,21164.0,59392.0,118784.0,0.3563442887931034,0.1781721443965517,2.8507543103448274,0.6826229300992243,0.37421355062517625
deepseek_r1,Chinese-SimpleQA/中华文化/216.json,8,7424,18064.0,59392.0,59392.0,0.3041487068965517,0.3041487068965517,2.4331896551724137,0.678630747671785,0.35452082239348315
deepseek_r1,Chinese-SimpleQA/中华文化/216.json,12,7424,21860.0,59392.0,89088.0,0.3680630387931034,0.2453753591954023,2.9445043103448274,0.678630747671785,0.39155591253576605
deepseek_r1,Chinese-SimpleQA/中华文化/216.json,16,7424,24429.0,59392.0,118784.0,0.41131802262931033,0.20565901131465517,3.2905441810344827,0.678630747671785,0.4137817528741113
deepseek_r1,Chinese-SimpleQA/中华文化/218.json,8,7424,17125.0,59392.0,59392.0,0.2883384967672414,0.2883384967672414,2.306707974137931,0.6930999406452837,0.3445515041721278
deepseek_r1,Chinese-SimpleQA/中华文化/218.json,12,7424,20426.0,59392.0,89088.0,0.34391837284482757,0.22927891522988506,2.7513469827586206,0.6930999406452837,0.3767532875825619
deepseek_r1,Chinese-SimpleQA/中华文化/218.json,16,7424,22819.0,59392.0,118784.0,0.38420999461206895,0.19210499730603448,3.0736799568965516,0.6930999406452837,0.39745551347732544
deepseek_r1,Chinese-SimpleQA/中华文化/225.json,8,7424,18086.0,59392.0,59392.0,0.30451912715517243,0.30451912715517243,2.4361530172413794,0.6874032709105261,0.35581624405137424
deepseek_r1,Chinese-SimpleQA/中华文化/225.json,12,7424,22121.0,59392.0,89088.0,0.3724575700431034,0.2483050466954023,2.9796605603448274,0.6874032709105261,0.3951082507084156
deepseek_r1,Chinese-SimpleQA/中华文化/225.json,16,7424,24952.0,59392.0,118784.0,0.4201239224137931,0.21006196120689655,3.3609913793103448,0.6874032709105261,0.4195825683659521
deepseek_r1,Chinese-SimpleQA/中华文化/229.json,8,7424,20981.0,59392.0,59392.0,0.3532630657327586,0.3532630657327586,2.826104525862069,0.7407987867963726,0.4114050027625314
deepseek_r1,Chinese-SimpleQA/中华文化/229.json,12,7424,25012.0,59392.0,89088.0,0.4211341594827586,0.28075610632183906,3.369073275862069,0.7407987867963726,0.45071473871839457
deepseek_r1,Chinese-SimpleQA/中华文化/229.json,16,7424,27595.0,59392.0,118784.0,0.46462486530172414,0.23231243265086207,3.716998922413793,0.7407987867963726,0.47306925161131497
deepseek_r1,Chinese-SimpleQA/中华文化/231.json,8,7424,16022.0,59392.0,59392.0,0.2697669719827586,0.2697669719827586,2.158135775862069,0.6680657267570496,0.3238130160446825
deepseek_r1,Chinese-SimpleQA/中华文化/231.json,12,7424,18968.0,59392.0,89088.0,0.3193696120689655,0.21291307471264367,2.554956896551724,0.6680657267570496,0.35256699703890704
deepseek_r1,Chinese-SimpleQA/中华文化/231.json,16,7424,21065.0,59392.0,118784.0,0.35467739762931033,0.17733869881465517,2.8374191810344827,0.6680657267570496,0.3707139317331643
deepseek_r1,Chinese-SimpleQA/中华文化/234.json,8,7424,19993.0,59392.0,59392.0,0.3366278286637931,0.3366278286637931,2.6930226293103448,0.7039674797962452,0.38894126692722586
deepseek_r1,Chinese-SimpleQA/中华文化/234.json,12,7424,24199.0,59392.0,89088.0,0.40744544719827586,0.2716302981321839,3.259563577586207,0.7039674797962452,0.4299229059753747
deepseek_r1,Chinese-SimpleQA/中华文化/234.json,16,7424,27019.0,59392.0,118784.0,0.4549265894396552,0.2274632947198276,3.6394127155172415,0.7039674797962452,0.4543375902134797
deepseek_r1,Chinese-SimpleQA/中华文化/235.json,8,7424,19393.0,59392.0,59392.0,0.32652545797413796,0.32652545797413796,2.6122036637931036,0.7680126171687554,0.3964673773995761
deepseek_r1,Chinese-SimpleQA/中华文化/235.json,12,7424,22604.0,59392.0,89088.0,0.38058997844827586,0.25372665229885055,3.044719827586207,0.7680126171687554,0.4278014209763757
deepseek_r1,Chinese-SimpleQA/中华文化/235.json,16,7424,24601.0,59392.0,118784.0,0.4142140355603448,0.2071070177801724,3.3137122844827585,0.7680126171687554,0.4450827806160368
deepseek_r1,Chinese-SimpleQA/中华文化/239.json,8,7370,15685.0,58960.0,58960.0,0.266027815468114,0.266027815468114,2.128222523744912,0.6676365390399741,0.3197425599014096
deepseek_r1,Chinese-SimpleQA/中华文化/239.json,12,7370,18690.0,58960.0,88440.0,0.31699457259158753,0.21132971506105835,2.5359565807327002,0.6676365390399741,0.3492844290455128
deepseek_r1,Chinese-SimpleQA/中华文化/239.json,16,7370,20673.0,58960.0,117920.0,0.35062754409769337,0.17531377204884668,2.805020352781547,0.6676365390399741,0.3665515180196982
deepseek_r1,Chinese-SimpleQA/中华文化/247.json,8,7424,13400.0,59392.0,59392.0,0.22561961206896552,0.22561961206896552,1.8049568965517242,0.6017518577904537,0.2764046346319133
deepseek_r1,Chinese-SimpleQA/中华文化/247.json,12,7424,15921.0,59392.0,89088.0,0.26806640625,0.1787109375,2.14453125,0.6017518577904537,0.30101435657205255
deepseek_r1,Chinese-SimpleQA/中华文化/247.json,16,7424,17775.0,59392.0,118784.0,0.2992827316810345,0.14964136584051724,2.394261853448276,0.6017518577904537,0.31704984913612233
deepseek_r1,Chinese-SimpleQA/中华文化/257.json,8,7424,19519.0,59392.0,59392.0,0.3286469558189655,0.3286469558189655,2.629175646551724,0.740273050193129,0.3923852392311754
deepseek_r1,Chinese-SimpleQA/中华文化/257.json,12,7424,22954.0,59392.0,89088.0,0.3864830280172414,0.25765535201149425,3.091864224137931,0.740273050193129,0.42592400158273763
deepseek_r1,Chinese-SimpleQA/中华文化/257.json,16,7424,25149.0,59392.0,118784.0,0.4234408674568966,0.2117204337284483,3.3875269396551726,0.740273050193129,0.444916517570101
deepseek_r1,Chinese-SimpleQA/中华文化/262.json,8,7424,18266.0,59392.0,59392.0,0.30754983836206895,0.30754983836206895,2.4603987068965516,0.6551668705611393,0.34963355907078447
deepseek_r1,Chinese-SimpleQA/中华文化/262.json,12,7424,22866.0,59392.0,89088.0,0.3850013469827586,0.25666756465517243,3.080010775862069,0.6551668705611393,0.3943667144610964
deepseek_r1,Chinese-SimpleQA/中华文化/262.json,16,7424,26424.0,59392.0,118784.0,0.4449084051724138,0.2224542025862069,3.5592672413793105,0.6551668705611393,0.4251384390839215
deepseek_r1,Chinese-SimpleQA/中华文化/263.json,8,7424,17599.0,59392.0,59392.0,0.29631936961206895,0.29631936961206895,2.3705549568965516,0.6903342296337259,0.3518199910377634
deepseek_r1,Chinese-SimpleQA/中华文化/263.json,12,7424,21039.0,59392.0,89088.0,0.3542396282327586,0.2361597521551724,2.833917025862069,0.6903342296337259,0.38537491395555695
deepseek_r1,Chinese-SimpleQA/中华文化/263.json,16,7424,23289.0,59392.0,118784.0,0.3921235183189655,0.19606175915948276,3.136988146551724,0.6903342296337259,0.40481920077882966
deepseek_r1,Chinese-SimpleQA/中华文化/277.json,8,7424,15752.0,59392.0,59392.0,0.2652209051724138,0.2652209051724138,2.1217672413793105,0.6347334991241323,0.3130460885064355
deepseek_r1,Chinese-SimpleQA/中华文化/277.json,12,7424,19139.0,59392.0,89088.0,0.32224878771551724,0.21483252514367815,2.577990301724138,0.6347334991241323,0.34604815008311435
deepseek_r1,Chinese-SimpleQA/中华文化/277.json,16,7424,21563.0,59392.0,118784.0,0.36306236530172414,0.18153118265086207,2.904498922413793,0.6347334991241323,0.3670198167192525
deepseek_r1,Chinese-SimpleQA/中华文化/39.json,8,7327,25098.0,58616.0,58616.0,0.42817660706974203,0.42817660706974203,3.4254128565579363,0.7922002678599513,0.48304258304646447
deepseek_r1,Chinese-SimpleQA/中华文化/39.json,12,7327,30832.0,58616.0,87924.0,0.5259997270369865,0.35066648469132433,4.207997816295892,0.7922002678599513,0.5396762252813865
deepseek_r1,Chinese-SimpleQA/中华文化/39.json,16,7327,34688.0,58616.0,117232.0,0.5917838132932988,0.2958919066466494,4.73427050634639,0.7922002678599513,0.5734906566896331
deepseek_r1,Chinese-SimpleQA/中华文化/42.json,8,7424,19029.0,59392.0,59392.0,0.3203966864224138,0.3203966864224138,2.5631734913793105,0.7316042082063083,0.3842979022141161
deepseek_r1,Chinese-SimpleQA/中华文化/42.json,12,7424,22392.0,59392.0,89088.0,0.37702047413793105,0.25134698275862066,3.0161637931034484,0.7316042082063083,0.4171332223662015
deepseek_r1,Chinese-SimpleQA/中华文化/42.json,16,7424,24474.0,59392.0,118784.0,0.4120757004310345,0.20603785021551724,3.296605603448276,0.7316042082063083,0.43515114948667327
deepseek_r1,Chinese-SimpleQA/中华文化/45.json,8,7424,18448.0,59392.0,59392.0,0.31061422413793105,0.31061422413793105,2.4849137931034484,0.7304983735084534,0.37636678486034786
deepseek_r1,Chinese-SimpleQA/中华文化/45.json,12,7424,21394.0,59392.0,89088.0,0.36021686422413796,0.24014457614942528,2.8817349137931036,0.7304983735084534,0.4050915128198163
deepseek_r1,Chinese-SimpleQA/中华文化/45.json,16,7424,23474.0,59392.0,118784.0,0.39523841594827586,0.19761920797413793,3.161907327586207,0.7304983735084534,0.42308218725796404
deepseek_r1,Chinese-SimpleQA/中华文化/48.json,8,7424,22449.0,59392.0,59392.0,0.3779801993534483,0.3779801993534483,3.0238415948275863,0.7282250503013874,0.42437100410461426
deepseek_r1,Chinese-SimpleQA/中华文化/48.json,12,7424,28314.0,59392.0,89088.0,0.47673087284482757,0.3178205818965517,3.8138469827586206,0.7282250503013874,0.48146877206605054
deepseek_r1,Chinese-SimpleQA/中华文化/48.json,16,7424,32681.0,59392.0,118784.0,0.5502592941810345,0.27512964709051724,4.402074353448276,0.7282250503013874,0.5192449986934662
deepseek_r1,Chinese-SimpleQA/中华文化/54.json,8,7424,19423.0,59392.0,59392.0,0.32703057650862066,0.32703057650862066,2.6162446120689653,0.7690568607428978,0.3982526022812416
deepseek_r1,Chinese-SimpleQA/中华文化/54.json,12,7424,22532.0,59392.0,89088.0,0.37937769396551724,0.2529184626436782,3.035021551724138,0.7690568607428978,0.4285889535114683
deepseek_r1,Chinese-SimpleQA/中华文化/54.json,16,7424,24459.0,59392.0,118784.0,0.4118231411637931,0.20591157058189655,3.2945851293103448,0.7690568607428978,0.44525764111814825
deepseek_r1,Chinese-SimpleQA/中华文化/55.json,8,7424,16845.0,59392.0,59392.0,0.28362405711206895,0.28362405711206895,2.2689924568965516,0.6914970237633278,0.34156242578194057
deepseek_r1,Chinese-SimpleQA/中华文化/55.json,12,7424,19962.0,59392.0,89088.0,0.33610587284482757,0.2240705818965517,2.6888469827586206,0.6914970237633278,0.37196329081880636
deepseek_r1,Chinese-SimpleQA/中华文化/55.json,16,7424,22044.0,59392.0,118784.0,0.37116109913793105,0.18558054956896552,2.9692887931034484,0.6914970237633278,0.3899802575851309
deepseek_r1,Chinese-SimpleQA/中华文化/56.json,8,7424,17177.0,59392.0,59392.0,0.2892140355603448,0.2892140355603448,2.3137122844827585,0.7097087934099394,0.35135901385340196
deepseek_r1,Chinese-SimpleQA/中华文化/56.json,12,7424,20396.0,59392.0,89088.0,0.3434132543103448,0.2289421695402299,2.7473060344827585,0.7097087934099394,0.3827469379737459
deepseek_r1,Chinese-SimpleQA/中华文化/56.json,16,7424,22477.0,59392.0,118784.0,0.3784516433189655,0.18922582165948276,3.027613146551724,0.7097087934099394,0.40076616406440735
deepseek_r1,Chinese-SimpleQA/中华文化/59.json,8,7330,16909.0,58640.0,58640.0,0.2883526603001364,0.2883526603001364,2.306821282401091,0.6995238612488542,0.3479607830594051
deepseek_r1,Chinese-SimpleQA/中华文化/59.json,12,7330,20218.0,58640.0,87960.0,0.34478171896316506,0.22985447930877673,2.7582537517053205,0.6995238612488542,0.3806554984265753
deepseek_r1,Chinese-SimpleQA/中华文化/59.json,16,7330,22305.0,58640.0,117280.0,0.3803717598908595,0.19018587994542974,3.042974079126876,0.6995238612488542,0.39894822447231654
deepseek_r1,Chinese-SimpleQA/中华文化/8.json,8,7424,18426.0,59392.0,59392.0,0.31024380387931033,0.31024380387931033,2.4819504310344827,0.7096537731844803,0.3674328301487298
deepseek_r1,Chinese-SimpleQA/中华文化/8.json,12,7424,22198.0,59392.0,89088.0,0.37375404094827586,0.2491693606321839,2.990032327586207,0.7096537731844803,0.4042333806383199
deepseek_r1,Chinese-SimpleQA/中华文化/8.json,16,7424,24853.0,59392.0,118784.0,0.41845703125,0.209228515625,3.34765625,0.7096537731844803,0.42719296648584565
deepseek_r1,Chinese-SimpleQA/中华文化/80.json,8,7424,20716.0,59392.0,59392.0,0.34880118534482757,0.34880118534482757,2.7904094827586206,0.7122221568535114,0.39773233594565555
deepseek_r1,Chinese-SimpleQA/中华文化/80.json,12,7424,25875.0,59392.0,89088.0,0.43566473599137934,0.2904431573275862,3.4853178879310347,0.7122221568535114,0.44795173303834324
deepseek_r1,Chinese-SimpleQA/中华文化/80.json,16,7424,29694.0,59392.0,118784.0,0.4999663254310345,0.24998316271551724,3.999730603448276,0.7122221568535114,0.4810021190807737
deepseek_r1,Chinese-SimpleQA/中华文化/84.json,8,7424,14240.0,59392.0,59392.0,0.23976293103448276,0.23976293103448276,1.918103448275862,0.6286465237880575,0.29041634654176646
deepseek_r1,Chinese-SimpleQA/中华文化/84.json,12,7424,17148.0,59392.0,89088.0,0.2887257543103448,0.19248383620689655,2.3098060344827585,0.6286465237880575,0.3187499251858941
deepseek_r1,Chinese-SimpleQA/中华文化/84.json,16,7424,19307.0,59392.0,118784.0,0.32507745150862066,0.16253872575431033,2.6006196120689653,0.6286465237880575,0.33741358950220307
deepseek_r1,Chinese-SimpleQA/中华文化/92.json,8,7424,22455.0,59392.0,59392.0,0.3780812230603448,0.3780812230603448,3.0246497844827585,0.7830310093945471,0.44178301609795667
deepseek_r1,Chinese-SimpleQA/中华文化/92.json,12,7424,26784.0,59392.0,89088.0,0.4509698275862069,0.30064655172413796,3.6077586206896552,0.7830310093945471,0.48402072335111684
deepseek_r1,Chinese-SimpleQA/中华文化/92.json,16,7424,29643.0,59392.0,118784.0,0.4991076239224138,0.2495538119612069,3.9928609913793105,0.7830310093945471,0.5087661249884243
deepseek_r1,Chinese-SimpleQA/中华文化/95.json,8,7424,21770.0,59392.0,59392.0,0.3665476831896552,0.3665476831896552,2.9323814655172415,0.7486355058078108,0.4215462639414031
deepseek_r1,Chinese-SimpleQA/中华文化/95.json,12,7424,26679.0,59392.0,89088.0,0.44920191271551724,0.2994679418103448,3.593615301724138,0.7486355058078108,0.46935050651944915
deepseek_r1,Chinese-SimpleQA/中华文化/95.json,16,7424,30247.0,59392.0,118784.0,0.50927734375,0.254638671875,4.07421875,0.7486355058078108,0.500218533236405
deepseek_r1,Chinese-SimpleQA/人文与社会科学/292.json,8,7424,17724.0,59392.0,59392.0,0.2984240301724138,0.2984240301724138,2.3873922413793105,0.7150447533048433,0.3600509413357439
deepseek_r1,Chinese-SimpleQA/人文与社会科学/292.json,12,7424,21028.0,59392.0,89088.0,0.3540544181034483,0.23603627873563218,2.8324353448275863,0.7150447533048433,0.3923319722044057
deepseek_r1,Chinese-SimpleQA/人文与社会科学/292.json,16,7424,23200.0,59392.0,118784.0,0.390625,0.1953125,3.125,0.7150447533048433,0.4111305156658436
deepseek_r1,Chinese-SimpleQA/人文与社会科学/294.json,8,7424,19465.0,59392.0,59392.0,0.3277377424568966,0.3277377424568966,2.6219019396551726,0.7353565117408489,0.3891478006182046
deepseek_r1,Chinese-SimpleQA/人文与社会科学/294.json,12,7424,23280.0,59392.0,89088.0,0.39197198275862066,0.2613146551724138,3.1357758620689653,0.7353565117408489,0.42639965127254353
deepseek_r1,Chinese-SimpleQA/人文与社会科学/294.json,16,7424,25752.0,59392.0,118784.0,0.43359375,0.216796875,3.46875,0.7353565117408489,0.4477723703302186
deepseek_r1,Chinese-SimpleQA/人文与社会科学/298.json,8,7424,16600.0,59392.0,59392.0,0.2794989224137931,0.2794989224137931,2.2359913793103448,0.6940899573523422,0.3376105047505477
deepseek_r1,Chinese-SimpleQA/人文与社会科学/298.json,12,7424,19647.0,59392.0,89088.0,0.3308021282327586,0.2205347521551724,2.646417025862069,0.6940899573523422,0.3673220441259187
deepseek_r1,Chinese-SimpleQA/人文与社会科学/298.json,16,7424,21757.0,59392.0,118784.0,0.36632879849137934,0.18316439924568967,2.9306303879310347,0.6940899573523422,0.3855762594732745
deepseek_r1,Chinese-SimpleQA/人文与社会科学/301.json,8,7424,17133.0,59392.0,59392.0,0.2884731950431034,0.2884731950431034,2.3077855603448274,0.6776972577489656,0.34314592593702775
deepseek_r1,Chinese-SimpleQA/人文与社会科学/301.json,12,7424,20534.0,59392.0,89088.0,0.3457367995689655,0.23049119971264367,2.765894396551724,0.6776972577489656,0.3763234903072489
deepseek_r1,Chinese-SimpleQA/人文与社会科学/301.json,16,7424,22776.0,59392.0,118784.0,0.38348599137931033,0.19174299568965517,3.0678879310344827,0.6776972577489656,0.3957431799378888
deepseek_r1,Chinese-SimpleQA/人文与社会科学/308.json,8,7424,20340.0,59392.0,59392.0,0.34247036637931033,0.34247036637931033,2.7397629310344827,0.738417202028735,0.40256254220830984
deepseek_r1,Chinese-SimpleQA/人文与社会科学/308.json,12,7424,24243.0,59392.0,89088.0,0.40818628771551724,0.2721241918103448,3.265490301724138,0.738417202028735,0.44064206501533243
deepseek_r1,Chinese-SimpleQA/人文与社会科学/308.json,16,7424,26789.0,59392.0,118784.0,0.45105401400862066,0.22552700700431033,3.6084321120689653,0.738417202028735,0.46268683466418037
deepseek_r1,Chinese-SimpleQA/人文与社会科学/314.json,8,7424,20948.0,59392.0,59392.0,0.35270743534482757,0.35270743534482757,2.8216594827586206,0.7374158655775005,0.41199462218531246
deepseek_r1,Chinese-SimpleQA/人文与社会科学/314.json,12,7424,24691.0,59392.0,89088.0,0.4157293911637931,0.27715292744252873,3.3258351293103448,0.7374158655775005,0.44855293837086907
deepseek_r1,Chinese-SimpleQA/人文与社会科学/314.json,16,7424,27034.0,59392.0,118784.0,0.4551791487068966,0.2275895743534483,3.6414331896551726,0.7374158655775005,0.4688152434497044
deepseek_r1,Chinese-SimpleQA/人文与社会科学/323.json,8,7424,19345.0,59392.0,59392.0,0.3257172683189655,0.3257172683189655,2.605738146551724,0.7048754188521155,0.37890344087419836
deepseek_r1,Chinese-SimpleQA/人文与社会科学/323.json,12,7424,23329.0,59392.0,89088.0,0.39279700969827586,0.2618646731321839,3.142376077586207,0.7048754188521155,0.41779041444433146
deepseek_r1,Chinese-SimpleQA/人文与社会科学/323.json,16,7424,26023.0,59392.0,118784.0,0.43815665409482757,0.21907832704741378,3.5052532327586206,0.7048754188521155,0.4411000506631259
deepseek_r1,Chinese-SimpleQA/人文与社会科学/327.json,8,7424,16041.0,59392.0,59392.0,0.27008688038793105,0.27008688038793105,2.1606950431034484,0.6762214035823427,0.3248567550346769
deepseek_r1,Chinese-SimpleQA/人文与社会科学/327.json,12,7424,19132.0,59392.0,89088.0,0.32213092672413796,0.21475395114942528,2.5770474137931036,0.6762214035823427,0.35499776745664663
deepseek_r1,Chinese-SimpleQA/人文与社会科学/327.json,16,7424,21250.0,59392.0,118784.0,0.35779229525862066,0.17889614762931033,2.8623383620689653,0.6762214035823427,0.3733153199327403
deepseek_r1,Chinese-SimpleQA/人文与社会科学/330.json,8,7424,23525.0,59392.0,59392.0,0.3960971174568966,0.3960971174568966,3.1687769396551726,0.766748323522765,0.4498217773848566
deepseek_r1,Chinese-SimpleQA/人文与社会科学/330.json,12,7424,28908.0,59392.0,89088.0,0.4867322198275862,0.32448814655172414,3.8938577586206895,0.766748323522765,0.5023026075856439
deepseek_r1,Chinese-SimpleQA/人文与社会科学/330.json,16,7424,32473.0,59392.0,118784.0,0.5467571390086207,0.27337856950431033,4.374057112068965,0.766748323522765,0.5331667877476791
deepseek_r1,Chinese-SimpleQA/人文与社会科学/333.json,8,7424,18190.0,59392.0,59392.0,0.30627020474137934,0.30627020474137934,2.4501616379310347,0.6622485539008831,0.3510044987859397
deepseek_r1,Chinese-SimpleQA/人文与社会科学/333.json,12,7424,22714.0,59392.0,89088.0,0.38244207974137934,0.2549613864942529,3.0595366379310347,0.6622485539008831,0.39504343065722236
deepseek_r1,Chinese-SimpleQA/人文与社会科学/333.json,16,7424,26019.0,59392.0,118784.0,0.4380893049568966,0.2190446524784483,3.5047144396551726,0.6622485539008831,0.4236402342031742
deepseek_r1,Chinese-SimpleQA/人文与社会科学/337.json,8,7424,16184.0,59392.0,59392.0,0.2724946120689655,0.2724946120689655,2.179956896551724,0.6598503651290104,0.32453307560805617
deepseek_r1,Chinese-SimpleQA/人文与社会科学/337.json,12,7424,19392.0,59392.0,89088.0,0.3265086206896552,0.21767241379310345,2.6120689655172415,0.6598503651290104,0.3558114592371316
deepseek_r1,Chinese-SimpleQA/人文与社会科学/337.json,16,7424,21550.0,59392.0,118784.0,0.3628434806034483,0.18142174030172414,2.9027478448275863,0.6598503651290104,0.3744800203833087
deepseek_r1,Chinese-SimpleQA/人文与社会科学/340.json,8,7424,19531.0,59392.0,59392.0,0.3288490032327586,0.3288490032327586,2.630792025862069,0.7085160140333504,0.38243384659290314
deepseek_r1,Chinese-SimpleQA/人文与社会科学/340.json,12,7424,23830.0,59392.0,89088.0,0.40123248922413796,0.2674883261494253,3.2098599137931036,0.7085160140333504,0.4243572297795066
deepseek_r1,Chinese-SimpleQA/人文与社会科学/340.json,16,7424,26697.0,59392.0,118784.0,0.4495049838362069,0.22475249191810345,3.5960398706896552,0.7085160140333504,0.449172243475914
deepseek_r1,Chinese-SimpleQA/人文与社会科学/341.json,8,7424,18087.0,59392.0,59392.0,0.3045359644396552,0.3045359644396552,2.4362877155172415,0.6553163703145652,0.3479318454347808
deepseek_r1,Chinese-SimpleQA/人文与社会科学/341.json,12,7424,22719.0,59392.0,89088.0,0.3825262661637931,0.25501751077586204,3.0602101293103448,0.6553163703145652,0.39303834479430627
deepseek_r1,Chinese-SimpleQA/人文与社会科学/341.json,16,7424,26182.0,59392.0,118784.0,0.4408337823275862,0.2204168911637931,3.5266702586206895,0.6553163703145652,0.42298651974776696
deepseek_r1,Chinese-SimpleQA/人文与社会科学/344.json,8,7424,18261.0,59392.0,59392.0,0.3074656519396552,0.3074656519396552,2.4597252155172415,0.7037277077806408,0.36706015570410366
deepseek_r1,Chinese-SimpleQA/人文与社会科学/344.json,12,7424,21263.0,59392.0,89088.0,0.3580111799568966,0.23867411997126436,2.8640894396551726,0.7037277077806408,0.3963913629794943
deepseek_r1,Chinese-SimpleQA/人文与社会科学/344.json,16,7424,23244.0,59392.0,118784.0,0.3913658405172414,0.1956829202586207,3.130926724137931,0.7037277077806408,0.4135237490308696
deepseek_r1,Chinese-SimpleQA/人文与社会科学/353.json,8,7424,25045.0,59392.0,59392.0,0.42168978987068967,0.42168978987068967,3.3735183189655173,0.7819319778475268,0.4750632458719714
deepseek_r1,Chinese-SimpleQA/人文与社会科学/353.json,12,7424,30792.0,59392.0,89088.0,0.5184536637931034,0.34563577586206895,4.147629310344827,0.7819319778475268,0.5311206157865196
deepseek_r1,Chinese-SimpleQA/人文与社会科学/353.json,16,7424,34545.0,59392.0,118784.0,0.5816439924568966,0.2908219962284483,4.653151939655173,0.7819319778475268,0.5636167341265185
deepseek_r1,Chinese-SimpleQA/人文与社会科学/355.json,8,7424,17911.0,59392.0,59392.0,0.30157260237068967,0.30157260237068967,2.4125808189655173,0.7224032426702565,0.3649217774128092
deepseek_r1,Chinese-SimpleQA/人文与社会科学/355.json,12,7424,21387.0,59392.0,89088.0,0.3600990032327586,0.2400660021551724,2.880792025862069,0.7224032426702565,0.3988450149009968
deepseek_r1,Chinese-SimpleQA/人文与社会科学/355.json,16,7424,23461.0,59392.0,118784.0,0.39501953125,0.197509765625,3.16015625,0.7224032426702565,0.41677932903684417
deepseek_r1,Chinese-SimpleQA/人文与社会科学/356.json,8,7424,19043.0,59392.0,59392.0,0.32063240840517243,0.32063240840517243,2.5650592672413794,0.7145771055385984,0.37801572423556756
deepseek_r1,Chinese-SimpleQA/人文与社会科学/356.json,12,7424,22736.0,59392.0,89088.0,0.3828125,0.2552083333333333,3.0625,0.7145771055385984,0.4141117149385913
deepseek_r1,Chinese-SimpleQA/人文与社会科学/356.json,16,7424,24995.0,59392.0,118784.0,0.4208479256465517,0.21042396282327586,3.3667834051724137,0.7145771055385984,0.4336482286453247
deepseek_r1,Chinese-SimpleQA/人文与社会科学/374.json,8,7424,19835.0,59392.0,59392.0,0.33396753771551724,0.33396753771551724,2.671740301724138,0.7224865905169783,0.3885315790258605
deepseek_r1,Chinese-SimpleQA/人文与社会科学/374.json,12,7424,24335.0,59392.0,89088.0,0.40973531788793105,0.27315687859195403,3.2778825431034484,0.7224865905169783,0.4324297195878522
deepseek_r1,Chinese-SimpleQA/人文与社会科学/374.json,16,7424,27335.0,59392.0,118784.0,0.4602471713362069,0.23012358566810345,3.6819773706896552,0.7224865905169783,0.4583727902379529
deepseek_r1,Chinese-SimpleQA/人文与社会科学/382.json,8,7424,19458.0,59392.0,59392.0,0.32761988146551724,0.32761988146551724,2.620959051724138,0.6815605040254265,0.3722636740783165
deepseek_r1,Chinese-SimpleQA/人文与社会科学/382.json,12,7424,24402.0,59392.0,89088.0,0.41086341594827586,0.27390894396551724,3.286907327586207,0.6815605040254265,0.42037770717308437
deepseek_r1,Chinese-SimpleQA/人文与社会科学/382.json,16,7424,28116.0,59392.0,118784.0,0.4733970905172414,0.2366985452586207,3.787176724137931,0.6815605040254265,0.4525024700781395
deepseek_r1,Chinese-SimpleQA/人文与社会科学/392.json,8,7424,17239.0,59392.0,59392.0,0.29025794719827586,0.29025794719827586,2.322063577586207,0.7081894278526306,0.35065223430765086
deepseek_r1,Chinese-SimpleQA/人文与社会科学/392.json,12,7424,20397.0,59392.0,89088.0,0.34343009159482757,0.2289533943965517,2.7474407327586206,0.7081894278526306,0.38145189758004816
deepseek_r1,Chinese-SimpleQA/人文与社会科学/392.json,16,7424,22572.0,59392.0,118784.0,0.38005118534482757,0.19002559267241378,3.0404094827586206,0.7081894278526306,0.40024737140228006
deepseek_r1,Chinese-SimpleQA/人文与社会科学/405.json,8,7424,19300.0,59392.0,59392.0,0.3249595905172414,0.3249595905172414,2.599676724137931,0.7371585471876736,0.3870761687385625
deepseek_r1,Chinese-SimpleQA/人文与社会科学/405.json,12,7424,22684.0,59392.0,89088.0,0.3819369612068966,0.2546246408045977,3.0554956896551726,0.7371585471876736,0.4201142592676755
deepseek_r1,Chinese-SimpleQA/人文与社会科学/405.json,16,7424,24992.0,59392.0,118784.0,0.4207974137931034,0.2103987068965517,3.3663793103448274,0.7371585471876736,0.44007390583383627
deepseek_r1,Chinese-SimpleQA/人文与社会科学/406.json,8,7424,19054.0,59392.0,59392.0,0.32081761853448276,0.32081761853448276,2.566540948275862,0.720970840289675,0.3782424546521285
deepseek_r1,Chinese-SimpleQA/人文与社会科学/406.json,12,7424,22909.0,59392.0,89088.0,0.38572535021551724,0.2571502334770115,3.085802801724138,0.720970840289675,0.41586363932182047
deepseek_r1,Chinese-SimpleQA/人文与社会科学/406.json,16,7424,25477.0,59392.0,118784.0,0.4289634967672414,0.2144817483836207,3.431707974137931,0.720970840289675,0.43808962147811364
deepseek_r1,Chinese-SimpleQA/人文与社会科学/410.json,8,7424,20999.0,59392.0,59392.0,0.3535661368534483,0.3535661368534483,2.8285290948275863,0.776604555804154,0.4205281487826643
deepseek_r1,Chinese-SimpleQA/人文与社会科学/410.json,12,7424,24551.0,59392.0,89088.0,0.4133721713362069,0.27558144755747127,3.3069773706896552,0.776604555804154,0.4552217300595908
deepseek_r1,Chinese-SimpleQA/人文与社会科学/410.json,16,7424,26819.0,59392.0,118784.0,0.4515591325431034,0.2257795662715517,3.6124730603448274,0.776604555804154,0.47484466330758457
deepseek_r1,Chinese-SimpleQA/人文与社会科学/419.json,8,7338,17136.0,58704.0,58704.0,0.2919051512673753,0.2919051512673753,2.3352412101390025,0.693041974304482,0.34858391336278327
deepseek_r1,Chinese-SimpleQA/人文与社会科学/419.json,12,7338,20367.0,58704.0,88056.0,0.34694399018806216,0.2312959934587081,2.7755519215044973,0.693041974304482,0.38048548684129274
deepseek_r1,Chinese-SimpleQA/人文与社会科学/419.json,16,7338,22457.0,58704.0,117408.0,0.3825463341509948,0.1912731670754974,3.0603706732079585,0.693041974304482,0.3987903194682219
deepseek_r1,Chinese-SimpleQA/人文与社会科学/421.json,8,7424,19110.0,59392.0,59392.0,0.32176050646551724,0.32176050646551724,2.574084051724138,0.717469622348917,0.38034316691859016
deepseek_r1,Chinese-SimpleQA/人文与社会科学/421.json,12,7424,22662.0,59392.0,89088.0,0.38156654094827586,0.25437769396551724,3.052532327586207,0.717469622348917,0.4150159266488305
deepseek_r1,Chinese-SimpleQA/人文与社会科学/421.json,16,7424,24928.0,59392.0,118784.0,0.4197198275862069,0.20985991379310345,3.3577586206896552,0.717469622348917,0.43462817113975
deepseek_r1,Chinese-SimpleQA/人文与社会科学/423.json,8,7424,18750.0,59392.0,59392.0,0.31569908405172414,0.31569908405172414,2.525592672413793,0.6559711509737475,0.35626707919712725
deepseek_r1,Chinese-SimpleQA/人文与社会科学/423.json,12,7424,23512.0,59392.0,89088.0,0.39587823275862066,0.26391882183908044,3.1670258620689653,0.6559711509737475,0.40262352238441335
deepseek_r1,Chinese-SimpleQA/人文与社会科学/423.json,16,7424,26992.0,59392.0,118784.0,0.45447198275862066,0.22723599137931033,3.6357758620689653,0.6559711509737475,0.4327244532519373
deepseek_r1,Chinese-SimpleQA/人文与社会科学/429.json,8,7424,18100.0,59392.0,59392.0,0.30475484913793105,0.30475484913793105,2.4380387931034484,0.7219751878031369,0.36688701654302663
deepseek_r1,Chinese-SimpleQA/人文与社会科学/429.json,12,7424,21313.0,59392.0,89088.0,0.3588530441810345,0.23923536278735633,2.870824353448276,0.7219751878031369,0.3982565587964551
deepseek_r1,Chinese-SimpleQA/人文与社会科学/429.json,16,7424,23393.0,59392.0,118784.0,0.39387459590517243,0.19693729795258622,3.1509967672413794,0.7219751878031369,0.4162449800762637
deepseek_r1,Chinese-SimpleQA/人文与社会科学/432.json,8,7424,17599.0,59392.0,59392.0,0.29631936961206895,0.29631936961206895,2.3705549568965516,0.6733164807845806,0.34875690577359036
deepseek_r1,Chinese-SimpleQA/人文与社会科学/432.json,12,7424,21210.0,59392.0,89088.0,0.35711880387931033,0.2380792025862069,2.8569504310344827,0.6733164807845806,0.38396424003716173
deepseek_r1,Chinese-SimpleQA/人文与社会科学/432.json,16,7424,23671.0,59392.0,118784.0,0.39855536099137934,0.19927768049568967,3.1884428879310347,0.6733164807845806,0.40524964188707285
deepseek_r1,Chinese-SimpleQA/人文与社会科学/435.json,8,7424,22669.0,59392.0,59392.0,0.3816844019396552,0.3816844019396552,3.0534752155172415,0.7723902700276211,0.4404350200603748
deepseek_r1,Chinese-SimpleQA/人文与社会科学/435.json,12,7424,27547.0,59392.0,89088.0,0.4638166756465517,0.30921111709770116,3.7105334051724137,0.7723902700276211,0.4880199237116452
deepseek_r1,Chinese-SimpleQA/人文与社会科学/435.json,16,7424,31020.0,59392.0,118784.0,0.5222925646551724,0.2611462823275862,4.178340517241379,0.7723902700276211,0.5180530219242491
deepseek_r1,Chinese-SimpleQA/人文与社会科学/440.json,8,7424,19236.0,59392.0,59392.0,0.3238820043103448,0.3238820043103448,2.5910560344827585,0.7351561085931186,0.3850667029619217
deepseek_r1,Chinese-SimpleQA/人文与社会科学/440.json,12,7424,22868.0,59392.0,89088.0,0.38503502155172414,0.2566900143678161,3.080280172413793,0.7351561085931186,0.42053634236598836
deepseek_r1,Chinese-SimpleQA/人文与社会科学/440.json,16,7424,25129.0,59392.0,118784.0,0.4231041217672414,0.2115520608836207,3.384832974137931,0.7351561085931186,0.44010546803474426
deepseek_r1,Chinese-SimpleQA/人文与社会科学/441.json,8,7424,17241.0,59392.0,59392.0,0.2902916217672414,0.2902916217672414,2.322332974137931,0.7163896375689013,0.35181581665729655
deepseek_r1,Chinese-SimpleQA/人文与社会科学/441.json,12,7424,20531.0,59392.0,89088.0,0.34568628771551724,0.23045752514367815,2.765490301724138,0.7163896375689013,0.3839170727236518
deepseek_r1,Chinese-SimpleQA/人文与社会科学/441.json,16,7424,22655.0,59392.0,118784.0,0.3814486799568966,0.1907243399784483,3.0515894396551726,0.7163896375689013,0.4022994113379511
deepseek_r1,Chinese-SimpleQA/人文与社会科学/460.json,8,7424,18699.0,59392.0,59392.0,0.3148403825431034,0.3148403825431034,2.5187230603448274,0.7329064669280216,0.3774843092622428
deepseek_r1,Chinese-SimpleQA/人文与社会科学/460.json,12,7424,21710.0,59392.0,89088.0,0.36553744612068967,0.24369163074712644,2.9242995689655173,0.7329064669280216,0.406880678801701
deepseek_r1,Chinese-SimpleQA/人文与社会科学/460.json,16,7424,23685.0,59392.0,118784.0,0.39879108297413796,0.19939554148706898,3.1903286637931036,0.7329064669280216,0.4239669740200043
deepseek_r1,Chinese-SimpleQA/人文与社会科学/466.json,8,7424,16799.0,59392.0,59392.0,0.28284954202586204,0.28284954202586204,2.2627963362068964,0.6559750232203253,0.3311312506938803
deepseek_r1,Chinese-SimpleQA/人文与社会科学/466.json,12,7424,20600.0,59392.0,89088.0,0.34684806034482757,0.23123204022988506,2.7747844827586206,0.6559750232203253,0.36820637974245796
deepseek_r1,Chinese-SimpleQA/人文与社会科学/466.json,16,7424,23287.0,59392.0,118784.0,0.39208984375,0.196044921875,3.13671875,0.6559750232203253,0.39146399703519097
deepseek_r1,Chinese-SimpleQA/人文与社会科学/473.json,8,7424,18748.0,59392.0,59392.0,0.3156654094827586,0.3156654094827586,2.525323275862069,0.7302059870341728,0.37827375531196594
deepseek_r1,Chinese-SimpleQA/人文与社会科学/473.json,12,7424,22152.0,59392.0,89088.0,0.37297952586206895,0.2486530172413793,2.9838362068965516,0.7302059870341728,0.41147408300432664
deepseek_r1,Chinese-SimpleQA/人文与社会科学/473.json,16,7424,24331.0,59392.0,118784.0,0.40966796875,0.204833984375,3.27734375,0.7302059870341728,0.43034237520448093
deepseek_r1,Chinese-SimpleQA/人文与社会科学/487.json,8,7424,22567.0,59392.0,59392.0,0.3799669989224138,0.3799669989224138,3.0397359913793105,0.7323078574805424,0.4273753150783736
deepseek_r1,Chinese-SimpleQA/人文与社会科学/487.json,12,7424,28283.0,59392.0,89088.0,0.47620891702586204,0.3174726113505747,3.8096713362068964,0.7323078574805424,0.48310279229591635
deepseek_r1,Chinese-SimpleQA/人文与社会科学/487.json,16,7424,32346.0,59392.0,118784.0,0.5446188038793104,0.2723094019396552,4.356950431034483,0.7323078574805424,0.5182866731594349
deepseek_r1,Chinese-SimpleQA/人文与社会科学/493.json,8,7424,19079.0,59392.0,59392.0,0.3212385506465517,0.3212385506465517,2.5699084051724137,0.7097306909232304,0.37503359081416293
deepseek_r1,Chinese-SimpleQA/人文与社会科学/493.json,12,7424,23472.0,59392.0,89088.0,0.39520474137931033,0.2634698275862069,3.1616379310344827,0.7097306909232304,0.41785471706554805
deepseek_r1,Chinese-SimpleQA/人文与社会科学/493.json,16,7424,26641.0,59392.0,118784.0,0.44856209590517243,0.22428104795258622,3.5884967672413794,0.7097306909232304,0.4452761637753454
deepseek_r1,Chinese-SimpleQA/人文与社会科学/505.json,8,7424,15922.0,59392.0,59392.0,0.26808324353448276,0.26808324353448276,2.144665948275862,0.6650732920087618,0.32162902684047306
deepseek_r1,Chinese-SimpleQA/人文与社会科学/505.json,12,7424,19187.0,59392.0,89088.0,0.32305697737068967,0.21537131824712644,2.5844558189655173,0.6650732920087618,0.3534390833871118
deepseek_r1,Chinese-SimpleQA/人文与社会科学/505.json,16,7424,21388.0,59392.0,118784.0,0.3601158405172414,0.1800579202586207,2.880926724137931,0.6650732920087618,0.37246181841554316
deepseek_r1,Chinese-SimpleQA/人文与社会科学/513.json,8,7424,18167.0,59392.0,59392.0,0.30588294719827586,0.30588294719827586,2.447063577586207,0.7390891560192766,0.37355286191249715
deepseek_r1,Chinese-SimpleQA/人文与社会科学/513.json,12,7424,21210.0,59392.0,89088.0,0.35711880387931033,0.2380792025862069,2.8569504310344827,0.7390891560192766,0.40323454963749855
deepseek_r1,Chinese-SimpleQA/人文与社会科学/513.json,16,7424,23241.0,59392.0,118784.0,0.3913153286637931,0.19565766433189655,3.1305226293103448,0.7390891560192766,0.42080142477463034
deepseek_r1,Chinese-SimpleQA/人文与社会科学/539.json,8,7420,16778.0,59360.0,59360.0,0.2826482479784367,0.2826482479784367,2.2611859838274935,0.6694819015955347,0.3354304485886566
deepseek_r1,Chinese-SimpleQA/人文与社会科学/539.json,12,7420,19984.0,59360.0,89040.0,0.3366576819407008,0.22443845462713388,2.6932614555256063,0.6694819015955347,0.3667499660481661
deepseek_r1,Chinese-SimpleQA/人文与社会科学/539.json,16,7420,22165.0,59360.0,118720.0,0.37339959568733155,0.18669979784366578,2.9871967654986524,0.6694819015955347,0.38565622108644554
deepseek_r1,Chinese-SimpleQA/人文与社会科学/556.json,8,7424,18402.0,59392.0,59392.0,0.30983970905172414,0.30983970905172414,2.478717672413793,0.734800768309626,0.3749953734463659
deepseek_r1,Chinese-SimpleQA/人文与社会科学/556.json,12,7424,21548.0,59392.0,89088.0,0.36280980603448276,0.2418732040229885,2.902478448275862,0.734800768309626,0.40569519277276667
deepseek_r1,Chinese-SimpleQA/人文与社会科学/556.json,16,7424,23651.0,59392.0,118784.0,0.39821861530172414,0.19910930765086207,3.185748922413793,0.734800768309626,0.423896298326295
deepseek_r1,Chinese-SimpleQA/人文与社会科学/557.json,8,7424,22044.0,59392.0,59392.0,0.37116109913793105,0.37116109913793105,2.9692887931034484,0.7320025892093264,0.4218278619749793
deepseek_r1,Chinese-SimpleQA/人文与社会科学/557.json,12,7424,27401.0,59392.0,89088.0,0.46135843211206895,0.30757228807471265,3.6908674568965516,0.7320025892093264,0.4740417568848051
deepseek_r1,Chinese-SimpleQA/人文与社会科学/557.json,16,7424,31273.0,59392.0,118784.0,0.5265523976293104,0.2632761988146552,4.212419181034483,0.7320025892093264,0.5075335471794523
deepseek_r1,Chinese-SimpleQA/人文与社会科学/564.json,8,7424,17330.0,59392.0,59392.0,0.2917901400862069,0.2917901400862069,2.3343211206896552,0.6872416899122041,0.34923196866594514
deepseek_r1,Chinese-SimpleQA/人文与社会科学/564.json,12,7424,20357.0,59392.0,89088.0,0.34275660021551724,0.22850440014367815,2.742052801724138,0.6872416899122041,0.37877983163143025
deepseek_r1,Chinese-SimpleQA/人文与社会科学/564.json,16,7424,22357.0,59392.0,118784.0,0.3764311691810345,0.18821558459051724,3.011449353448276,0.6872416899122041,0.3960832182703347
deepseek_r1,Chinese-SimpleQA/人文与社会科学/570.json,8,7424,24745.0,59392.0,59392.0,0.41663860452586204,0.41663860452586204,3.3331088362068964,0.7775423115697401,0.469468731818528
deepseek_r1,Chinese-SimpleQA/人文与社会科学/570.json,12,7424,30423.0,59392.0,89088.0,0.5122407058189655,0.34149380387931033,4.097925646551724,0.7775423115697401,0.5248348651261165
deepseek_r1,Chinese-SimpleQA/人文与社会科学/570.json,16,7424,34279.0,59392.0,118784.0,0.5771652747844828,0.2885826373922414,4.617322198275862,0.7775423115697401,0.5581710718829056
deepseek_r1,Chinese-SimpleQA/人文与社会科学/575.json,8,7424,20516.0,59392.0,59392.0,0.34543372844827586,0.34543372844827586,2.763469827586207,0.7637617094763394,0.40947798922144135
deepseek_r1,Chinese-SimpleQA/人文与社会科学/575.json,12,7424,24538.0,59392.0,89088.0,0.41315328663793105,0.27543552442528735,3.3052262931034484,0.7637617094763394,0.44868459167151614
deepseek_r1,Chinese-SimpleQA/人文与社会科学/575.json,16,7424,27244.0,59392.0,118784.0,0.45871497844827586,0.22935748922413793,3.669719827586207,0.7637617094763394,0.4720875918865204
deepseek_r1,Chinese-SimpleQA/人文与社会科学/577.json,8,7424,18612.0,59392.0,59392.0,0.3133755387931034,0.3133755387931034,2.5070043103448274,0.697337557529581,0.3678225016799466
deepseek_r1,Chinese-SimpleQA/人文与社会科学/577.json,12,7424,22540.0,59392.0,89088.0,0.37951239224137934,0.2530082614942529,3.0360991379310347,0.697337557529581,0.40614724416157294
deepseek_r1,Chinese-SimpleQA/人文与社会科学/577.json,16,7424,25383.0,59392.0,118784.0,0.42738079202586204,0.21369039601293102,3.4190463362068964,0.697337557529581,0.43072415066176445
deepseek_r1,Chinese-SimpleQA/人文与社会科学/580.json,8,7424,17282.0,59392.0,59392.0,0.2909819504310345,0.2909819504310345,2.327855603448276,0.6894723361936109,0.34636417031288147
deepseek_r1,Chinese-SimpleQA/人文与社会科学/580.json,12,7424,20457.0,59392.0,89088.0,0.3444403286637931,0.22962688577586207,2.7555226293103448,0.6894723361936109,0.377330830384945
deepseek_r1,Chinese-SimpleQA/人文与社会科学/580.json,16,7424,22477.0,59392.0,118784.0,0.3784516433189655,0.18922582165948276,3.027613146551724,0.6894723361936109,0.39480711571101484
deepseek_r1,Chinese-SimpleQA/人文与社会科学/587.json,8,7424,17256.0,59392.0,59392.0,0.29054418103448276,0.29054418103448276,2.324353448275862,0.7011070148698215,0.34954593407696694
deepseek_r1,Chinese-SimpleQA/人文与社会科学/587.json,12,7424,20377.0,59392.0,89088.0,0.34309334590517243,0.22872889727011494,2.7447467672413794,0.7011070148698215,0.3799509534548069
deepseek_r1,Chinese-SimpleQA/人文与社会科学/587.json,16,7424,22554.0,59392.0,118784.0,0.37974811422413796,0.18987405711206898,3.0379849137931036,0.7011070148698215,0.3987932590575054
deepseek_r1,Chinese-SimpleQA/人文与社会科学/592.json,8,7424,18920.0,59392.0,59392.0,0.3185614224137931,0.3185614224137931,2.5484913793103448,0.660880002482184,0.36019694034395544
deepseek_r1,Chinese-SimpleQA/人文与社会科学/592.json,12,7424,23764.0,59392.0,89088.0,0.40012122844827586,0.2667474856321839,3.200969827586207,0.660880002482184,0.407417317916607
deepseek_r1,Chinese-SimpleQA/人文与社会科学/592.json,16,7424,27379.0,59392.0,118784.0,0.4609880118534483,0.23049400592672414,3.6879040948275863,0.660880002482184,0.4386866796633293
deepseek_r1,Chinese-SimpleQA/人文与社会科学/598.json,8,7424,19607.0,59392.0,59392.0,0.3301286368534483,0.3301286368534483,2.6410290948275863,0.7144209578119475,0.3849300351636163
deepseek_r1,Chinese-SimpleQA/人文与社会科学/598.json,12,7424,23551.0,59392.0,89088.0,0.3965348868534483,0.2643565912356322,3.1722790948275863,0.7144209578119475,0.42341955674105675
deepseek_r1,Chinese-SimpleQA/人文与社会科学/598.json,16,7424,26149.0,59392.0,118784.0,0.4402781519396552,0.2201390759698276,3.5222252155172415,0.7144209578119475,0.4459116582212777
deepseek_r1,Chinese-SimpleQA/人文与社会科学/599.json,8,7323,16990.0,58584.0,58584.0,0.2900109244845009,0.2900109244845009,2.320087395876007,0.7147979767583326,0.35285762384194064
deepseek_r1,Chinese-SimpleQA/人文与社会科学/599.json,12,7323,19984.0,58584.0,87876.0,0.34111702854021575,0.22741135236014384,2.728936228321726,0.7147979767583326,0.38247077855421807
deepseek_r1,Chinese-SimpleQA/人文与社会科学/599.json,16,7323,22004.0,58584.0,117168.0,0.37559743274614227,0.18779871637307113,3.004779461969138,0.7147979767583326,0.40017980658648267
deepseek_r1,Chinese-SimpleQA/人文与社会科学/600.json,8,7424,24791.0,59392.0,59392.0,0.41741311961206895,0.41741311961206895,3.3393049568965516,0.7925732094666054,0.47433112510319414
deepseek_r1,Chinese-SimpleQA/人文与社会科学/600.json,12,7424,30296.0,59392.0,89088.0,0.5101023706896551,0.3400682471264368,4.080818965517241,0.7925732094666054,0.5280427552502731
deepseek_r1,Chinese-SimpleQA/人文与社会科学/600.json,16,7424,34008.0,59392.0,118784.0,0.5726023706896551,0.28630118534482757,4.580818965517241,0.7925732094666054,0.5601704655022457
deepseek_r1,Chinese-SimpleQA/人文与社会科学/604.json,8,7424,19927.0,59392.0,59392.0,0.33551656788793105,0.33551656788793105,2.6841325431034484,0.7311276176880146,0.3964860429023874
deepseek_r1,Chinese-SimpleQA/人文与社会科学/604.json,12,7424,23454.0,59392.0,89088.0,0.39490167025862066,0.2632677801724138,3.1592133620689653,0.7311276176880146,0.4309099244660345
deepseek_r1,Chinese-SimpleQA/人文与社会科学/604.json,16,7424,25648.0,59392.0,118784.0,0.4318426724137931,0.21592133620689655,3.4547413793103448,0.7311276176880146,0.4499056215943961
deepseek_r1,Chinese-SimpleQA/人文与社会科学/605.json,8,7424,23666.0,59392.0,59392.0,0.3984711745689655,0.3984711745689655,3.187769396551724,0.7696687291408407,0.45270883831484565
deepseek_r1,Chinese-SimpleQA/人文与社会科学/605.json,12,7424,29347.0,59392.0,89088.0,0.49412378771551724,0.3294158584770115,3.952990301724138,0.7696687291408407,0.5080631981635916
deepseek_r1,Chinese-SimpleQA/人文与社会科学/605.json,16,7424,33405.0,59392.0,118784.0,0.5624494881465517,0.28122474407327586,4.499595905172414,0.7696687291408407,0.5431615227255328
deepseek_r1,Chinese-SimpleQA/人文与社会科学/610.json,8,7424,14625.0,59392.0,59392.0,0.24624528556034483,0.24624528556034483,1.9699622844827587,0.6024740071132265,0.29036559626973907
deepseek_r1,Chinese-SimpleQA/人文与社会科学/610.json,12,7424,17786.0,59392.0,89088.0,0.2994679418103448,0.1996452945402299,2.3957435344827585,0.6024740071132265,0.3211615851213192
deepseek_r1,Chinese-SimpleQA/人文与社会科学/610.json,16,7424,19974.0,59392.0,118784.0,0.33630792025862066,0.16815396012931033,2.6904633620689653,0.6024740071132265,0.34007007140537787
deepseek_r1,Chinese-SimpleQA/人文与社会科学/628.json,8,7424,17747.0,59392.0,59392.0,0.29881128771551724,0.29881128771551724,2.390490301724138,0.7097431400726582,0.35885176576417066
deepseek_r1,Chinese-SimpleQA/人文与社会科学/628.json,12,7424,20997.0,59392.0,89088.0,0.35353246228448276,0.23568830818965517,2.828259698275862,0.7097431400726582,0.390570061987844
deepseek_r1,Chinese-SimpleQA/人文与社会科学/628.json,16,7424,23044.0,59392.0,118784.0,0.38799838362068967,0.19399919181034483,3.1039870689655173,0.7097431400726582,0.4082849107939622
deepseek_r1,Chinese-SimpleQA/人文与社会科学/632.json,8,7424,19534.0,59392.0,59392.0,0.3288995150862069,0.3288995150862069,2.6311961206896552,0.7042108661141889,0.3829584722888881
deepseek_r1,Chinese-SimpleQA/人文与社会科学/632.json,12,7424,23693.0,59392.0,89088.0,0.39892578125,0.2659505208333333,3.19140625,0.7042108661141889,0.4234838752911009
deepseek_r1,Chinese-SimpleQA/人文与社会科学/632.json,16,7424,26638.0,59392.0,118784.0,0.44851158405172414,0.22425579202586207,3.588092672413793,0.7042108661141889,0.44895269336371585
deepseek_r1,Chinese-SimpleQA/人文与社会科学/640.json,8,7424,20074.0,59392.0,59392.0,0.3379916487068966,0.3379916487068966,2.7039331896551726,0.7304456912238022,0.39539046688326474
deepseek_r1,Chinese-SimpleQA/人文与社会科学/640.json,12,7424,24175.0,59392.0,89088.0,0.40704135237068967,0.2713609015804598,3.2563308189655173,0.7304456912238022,0.4353922888122756
deepseek_r1,Chinese-SimpleQA/人文与社会科学/640.json,16,7424,26800.0,59392.0,118784.0,0.45123922413793105,0.22561961206896552,3.6099137931034484,0.7304456912238022,0.4580933801059065
deepseek_r1,Chinese-SimpleQA/人文与社会科学/644.json,8,7424,18671.0,59392.0,59392.0,0.3143689385775862,0.3143689385775862,2.5149515086206895,0.7164846206533497,0.3737786391685749
deepseek_r1,Chinese-SimpleQA/人文与社会科学/644.json,12,7424,22097.0,59392.0,89088.0,0.37205347521551724,0.24803565014367815,2.976427801724138,0.7164846206533497,0.4072243972071286
deepseek_r1,Chinese-SimpleQA/人文与社会科学/644.json,16,7424,24345.0,59392.0,118784.0,0.4099036907327586,0.2049518453663793,3.279229525862069,0.7164846206533497,0.4266741892387127
deepseek_r1,Chinese-SimpleQA/人文与社会科学/666.json,8,7424,17502.0,59392.0,59392.0,0.2946861530172414,0.2946861530172414,2.357489224137931,0.7095632614760563,0.35469211175523957
deepseek_r1,Chinese-SimpleQA/人文与社会科学/666.json,12,7424,20576.0,59392.0,89088.0,0.3464439655172414,0.2309626436781609,2.771551724137931,0.7095632614760563,0.3846570607917062
deepseek_r1,Chinese-SimpleQA/人文与社会科学/666.json,16,7424,22648.0,59392.0,118784.0,0.38133081896551724,0.19066540948275862,3.050646551724138,0.7095632614760563,0.402572619503942
deepseek_r1,Chinese-SimpleQA/人文与社会科学/677.json,8,7424,18964.0,59392.0,59392.0,0.3193022629310345,0.3193022629310345,2.554418103448276,0.7537360253005192,0.38763025403022766
deepseek_r1,Chinese-SimpleQA/人文与社会科学/677.json,12,7424,22497.0,59392.0,89088.0,0.37878838900862066,0.2525255926724138,3.0303071120689653,0.7537360253005192,0.42211271565535974
deepseek_r1,Chinese-SimpleQA/人文与社会科学/677.json,16,7424,24730.0,59392.0,118784.0,0.41638604525862066,0.20819302262931033,3.3310883620689653,0.7537360253005192,0.441432674383295
deepseek_r1,Chinese-SimpleQA/人文与社会科学/679.json,8,7322,19265.0,58576.0,58576.0,0.32888896476372576,0.32888896476372576,2.631111718109806,0.7031051012636761,0.38041450012840555
deepseek_r1,Chinese-SimpleQA/人文与社会科学/679.json,12,7322,23650.0,58576.0,87864.0,0.40374897568970225,0.26916598379313483,3.229991805517618,0.7031051012636761,0.4237636137907377
deepseek_r1,Chinese-SimpleQA/人文与社会科学/679.json,16,7322,26558.0,58576.0,117152.0,0.4533938814531549,0.22669694072657745,3.627151051625239,0.7031051012636761,0.4492793485656588
deepseek_r1,Chinese-SimpleQA/人文与社会科学/680.json,8,7424,17546.0,59392.0,59392.0,0.29542699353448276,0.29542699353448276,2.363415948275862,0.732407062218107,0.35971376454008036
deepseek_r1,Chinese-SimpleQA/人文与社会科学/680.json,12,7424,21326.0,59392.0,89088.0,0.35907192887931033,0.23938128591954022,2.8725754310344827,0.732407062218107,0.39659856722272674
deepseek_r1,Chinese-SimpleQA/人文与社会科学/680.json,16,7424,23769.0,59392.0,118784.0,0.40020541487068967,0.20010270743534483,3.2016433189655173,0.732407062218107,0.41771898701273164
deepseek_r1,Chinese-SimpleQA/人文与社会科学/695.json,8,7424,16881.0,59392.0,59392.0,0.2842301993534483,0.2842301993534483,2.2738415948275863,0.7113445267595094,0.34648725647350836
deepseek_r1,Chinese-SimpleQA/人文与社会科学/695.json,12,7424,19777.0,59392.0,89088.0,0.33299097521551724,0.2219939834770115,2.663927801724138,0.7113445267595094,0.37475122460003557
deepseek_r1,Chinese-SimpleQA/人文与社会科学/695.json,16,7424,21745.0,59392.0,118784.0,0.3661267510775862,0.1830633755387931,2.9290140086206895,0.7113445267595094,0.3917673959814269
deepseek_r1,Chinese-SimpleQA/人文与社会科学/698.json,8,7424,24819.0,59392.0,59392.0,0.4178845635775862,0.4178845635775862,3.3430765086206895,0.7858164207688694,0.47268315327578575
deepseek_r1,Chinese-SimpleQA/人文与社会科学/698.json,12,7424,30823.0,59392.0,89088.0,0.518975619612069,0.34598374640804597,4.151804956896552,0.7858164207688694,0.5311855920429888
deepseek_r1,Chinese-SimpleQA/人文与社会科学/698.json,16,7424,34982.0,59392.0,118784.0,0.5890018857758621,0.29450094288793105,4.712015086206897,0.7858164207688694,0.5671430014330765
deepseek_r1,Chinese-SimpleQA/工程、技术与应用科学/1003.json,8,7424,20719.0,59392.0,59392.0,0.34885169719827586,0.34885169719827586,2.790813577586207,0.7342670251583231,0.40428760545007114
deepseek_r1,Chinese-SimpleQA/工程、技术与应用科学/1003.json,12,7424,25364.0,59392.0,89088.0,0.42706088362068967,0.28470725574712646,3.4164870689655173,0.7342670251583231,0.4495368764318269
deepseek_r1,Chinese-SimpleQA/工程、技术与应用科学/1003.json,16,7424,28659.0,59392.0,118784.0,0.48253973599137934,0.24126986799568967,3.8603178879310347,0.7342670251583231,0.47806986447038324
deepseek_r1,Chinese-SimpleQA/工程、技术与应用科学/1012.json,8,7424,20431.0,59392.0,59392.0,0.3440025592672414,0.3440025592672414,2.752020474137931,0.7477157064552965,0.4057821590324928
deepseek_r1,Chinese-SimpleQA/工程、技术与应用科学/1012.json,12,7424,24222.0,59392.0,89088.0,0.40783270474137934,0.2718884698275862,3.2626616379310347,0.7477157064552965,0.44273909104281456
deepseek_r1,Chinese-SimpleQA/工程、技术与应用科学/1012.json,16,7424,26752.0,59392.0,118784.0,0.4504310344827586,0.2252155172413793,3.603448275862069,0.7477157064552965,0.46465055850045434
deepseek_r1,Chinese-SimpleQA/工程、技术与应用科学/1024.json,8,7424,18762.0,59392.0,59392.0,0.31590113146551724,0.31590113146551724,2.527209051724138,0.6755861855786423,0.36377362855549517
deepseek_r1,Chinese-SimpleQA/工程、技术与应用科学/1024.json,12,7424,23099.0,59392.0,89088.0,0.3889244342672414,0.25928295617816094,3.111395474137931,0.6755861855786423,0.4060253583151719
deepseek_r1,Chinese-SimpleQA/工程、技术与应用科学/1024.json,16,7424,26272.0,59392.0,118784.0,0.4423491379310345,0.22117456896551724,3.538793103448276,0.6755861855786423,0.43348881037070836
deepseek_r1,Chinese-SimpleQA/工程、技术与应用科学/1025.json,8,7424,17026.0,59392.0,59392.0,0.2866716056034483,0.2866716056034483,2.2933728448275863,0.7047986172396561,0.3491562070517704
deepseek_r1,Chinese-SimpleQA/工程、技术与应用科学/1025.json,12,7424,19726.0,59392.0,89088.0,0.3321322737068966,0.2214215158045977,2.6570581896551726,0.7047986172396561,0.3754961182331217
deepseek_r1,Chinese-SimpleQA/工程、技术与应用科学/1025.json,16,7424,21443.0,59392.0,118784.0,0.3610418911637931,0.18052094558189655,2.8883351293103448,0.7047986172396561,0.3903318201673442
deepseek_r1,Chinese-SimpleQA/工程、技术与应用科学/1027.json,8,7424,16432.0,59392.0,59392.0,0.27667025862068967,0.27667025862068967,2.2133620689655173,0.6948019923834965,0.33653334605282753
deepseek_r1,Chinese-SimpleQA/工程、技术与应用科学/1027.json,12,7424,19341.0,59392.0,89088.0,0.3256499191810345,0.21709994612068967,2.605199353448276,0.6948019923834965,0.36487843558706085
deepseek_r1,Chinese-SimpleQA/工程、技术与应用科学/1027.json,16,7424,21312.0,59392.0,118784.0,0.3588362068965517,0.17941810344827586,2.8706896551724137,0.6948019923834965,0.38191921443774784
deepseek_r1,Chinese-SimpleQA/工程、技术与应用科学/1028.json,8,7424,21213.0,59392.0,59392.0,0.3571693157327586,0.3571693157327586,2.857354525862069,0.739824510853866,0.41377564391185495
deepseek_r1,Chinese-SimpleQA/工程、技术与应用科学/1028.json,12,7424,25816.0,59392.0,89088.0,0.4346713362068966,0.2897808908045977,3.4773706896551726,0.739824510853866,0.45864081279984836
deepseek_r1,Chinese-SimpleQA/工程、技术与应用科学/1028.json,16,7424,29014.0,59392.0,118784.0,0.4885169719827586,0.2442584859913793,3.908135775862069,0.739824510853866,0.4863101069269509
deepseek_r1,Chinese-SimpleQA/工程、技术与应用科学/1035.json,8,4756,12772.0,38048.0,38048.0,0.33568124474348193,0.33568124474348193,2.6854499579478555,0.7152252149140764,0.3892476167670812
deepseek_r1,Chinese-SimpleQA/工程、技术与应用科学/1035.json,12,4756,15650.0,38048.0,57072.0,0.41132253994953744,0.27421502663302494,3.2905803195962995,0.7152252149140764,0.4330223980222659
deepseek_r1,Chinese-SimpleQA/工程、技术与应用科学/1035.json,16,4756,17597.0,38048.0,76096.0,0.4624947434819176,0.2312473717409588,3.699957947855341,0.7152252149140764,0.4593324452713821
deepseek_r1,Chinese-SimpleQA/工程、技术与应用科学/1047.json,8,7424,20174.0,59392.0,59392.0,0.33967537715517243,0.33967537715517243,2.7174030172413794,0.7135847025904162,0.3931113424999961
deepseek_r1,Chinese-SimpleQA/工程、技术与应用科学/1047.json,12,7424,24399.0,59392.0,89088.0,0.41081290409482757,0.2738752693965517,3.2865032327586206,0.7135847025904162,0.4343312418666379
deepseek_r1,Chinese-SimpleQA/工程、技术与应用科学/1047.json,16,7424,27063.0,59392.0,118784.0,0.4556674299568966,0.2278337149784483,3.6453394396551726,0.7135847025904162,0.45738049519473106
deepseek_r1,Chinese-SimpleQA/工程、技术与应用科学/1053.json,8,7424,18960.0,59392.0,59392.0,0.3192349137931034,0.3192349137931034,2.5538793103448274,0.779792475289312,0.39292396759164744
deepseek_r1,Chinese-SimpleQA/工程、技术与应用科学/1053.json,12,7424,22046.0,59392.0,89088.0,0.3711947737068966,0.24746318247126436,2.9695581896551726,0.779792475289312,0.4230013284189948
deepseek_r1,Chinese-SimpleQA/工程、技术与应用科学/1053.json,16,7424,24051.0,59392.0,118784.0,0.40495352909482757,0.20247676454741378,3.2396282327586206,0.779792475289312,0.44034546819226494
deepseek_r1,Chinese-SimpleQA/工程、技术与应用科学/1054.json,8,7424,20560.0,59392.0,59392.0,0.34617456896551724,0.34617456896551724,2.769396551724138,0.6989473741630028,0.3923894166946411
deepseek_r1,Chinese-SimpleQA/工程、技术与应用科学/1054.json,12,7424,25634.0,59392.0,89088.0,0.4316069504310345,0.287737966954023,3.452855603448276,0.6989473741630028,0.4418508924286941
deepseek_r1,Chinese-SimpleQA/工程、技术与应用科学/1054.json,16,7424,29239.0,59392.0,118784.0,0.49230536099137934,0.24615268049568967,3.9384428879310347,0.6989473741630028,0.47305417985751713
deepseek_r1,Chinese-SimpleQA/工程、技术与应用科学/1061.json,8,7424,17571.0,59392.0,59392.0,0.2958479256465517,0.2958479256465517,2.3667834051724137,0.6771152266140642,0.3482280841161465
deepseek_r1,Chinese-SimpleQA/工程、技术与应用科学/1061.json,12,7424,21137.0,59392.0,89088.0,0.35588968211206895,0.23725978807471265,2.8471174568965516,0.6771152266140642,0.38303364659177846
deepseek_r1,Chinese-SimpleQA/工程、技术与应用科学/1061.json,16,7424,23479.0,59392.0,118784.0,0.39532260237068967,0.19766130118534483,3.1625808189655173,0.6771152266140642,0.4032797638712258
deepseek_r1,Chinese-SimpleQA/工程、技术与应用科学/1062.json,8,7424,16747.0,59392.0,59392.0,0.2819740032327586,0.2819740032327586,2.255792025862069,0.6927957020956894,0.3398572463413765
deepseek_r1,Chinese-SimpleQA/工程、技术与应用科学/1062.json,12,7424,19853.0,59392.0,89088.0,0.3342706088362069,0.22284707255747127,2.6741648706896552,0.6927957020956894,0.37014104168990564
deepseek_r1,Chinese-SimpleQA/工程、技术与应用科学/1062.json,16,7424,22045.0,59392.0,118784.0,0.3711779364224138,0.1855889682112069,2.9694234913793105,0.6927957020956894,0.38908065187519997
deepseek_r1,Chinese-SimpleQA/工程、技术与应用科学/1072.json,8,4002,9746.0,32016.0,32016.0,0.3044102948525737,0.3044102948525737,2.4352823588205896,0.7044955153038716,0.3607879650110248
deepseek_r1,Chinese-SimpleQA/工程、技术与应用科学/1072.json,12,4002,11729.0,32016.0,48024.0,0.366348075962019,0.24423205064134598,2.930784607696152,0.7044955153038716,0.3966217975149388
deepseek_r1,Chinese-SimpleQA/工程、技术与应用科学/1072.json,16,4002,12992.0,32016.0,64032.0,0.4057971014492754,0.2028985507246377,3.246376811594203,0.7044955153038716,0.41692194254740306
deepseek_r1,Chinese-SimpleQA/工程、技术与应用科学/712.json,8,7424,20282.0,59392.0,59392.0,0.34149380387931033,0.34149380387931033,2.7319504310344827,0.7394652705768059,0.4001867591307081
deepseek_r1,Chinese-SimpleQA/工程、技术与应用科学/712.json,12,7424,24480.0,59392.0,89088.0,0.41217672413793105,0.27478448275862066,3.2974137931034484,0.7394652705768059,0.44116139617459527
deepseek_r1,Chinese-SimpleQA/工程、技术与应用科学/712.json,16,7424,27321.0,59392.0,118784.0,0.4600114493534483,0.23000572467672414,3.6800915948275863,0.7394652705768059,0.4657126485273756
deepseek_r1,Chinese-SimpleQA/工程、技术与应用科学/718.json,8,7424,20854.0,59392.0,59392.0,0.3511247306034483,0.3511247306034483,2.8089978448275863,0.7418945513922592,0.41285572689155053
deepseek_r1,Chinese-SimpleQA/工程、技术与应用科学/718.json,12,7424,24492.0,59392.0,89088.0,0.41237877155172414,0.27491918103448276,3.299030172413793,0.7418945513922592,0.4483839345389399
deepseek_r1,Chinese-SimpleQA/工程、技术与应用科学/718.json,16,7424,26710.0,59392.0,118784.0,0.44972386853448276,0.22486193426724138,3.597790948275862,0.7418945513922592,0.4675879118771389
deepseek_r1,Chinese-SimpleQA/工程、技术与应用科学/724.json,8,7424,18131.0,59392.0,59392.0,0.3052768049568966,0.3052768049568966,2.4422144396551726,0.6744769297797104,0.3543540907317194
deepseek_r1,Chinese-SimpleQA/工程、技术与应用科学/724.json,12,7424,22429.0,59392.0,89088.0,0.3776434536637931,0.25176230244252873,3.0211476293103448,0.6744769297797104,0.3962283869241846
deepseek_r1,Chinese-SimpleQA/工程、技术与应用科学/724.json,16,7424,25562.0,59392.0,118784.0,0.43039466594827586,0.21519733297413793,3.443157327586207,0.6744769297797104,0.42332680985845367
deepseek_r1,Chinese-SimpleQA/工程、技术与应用科学/731.json,8,7424,17674.0,59392.0,59392.0,0.29758216594827586,0.29758216594827586,2.380657327586207,0.7065362478124684,0.3572208259640069
deepseek_r1,Chinese-SimpleQA/工程、技术与应用科学/731.json,12,7424,20821.0,59392.0,89088.0,0.35056910021551724,0.2337127334770115,2.804552801724138,0.7065362478124684,0.387983913051671
deepseek_r1,Chinese-SimpleQA/工程、技术与应用科学/731.json,16,7424,22873.0,59392.0,118784.0,0.38511920797413796,0.19255960398706898,3.0809536637931036,0.7065362478124684,0.4057283288445966
deepseek_r1,Chinese-SimpleQA/工程、技术与应用科学/732.json,8,7424,17297.0,59392.0,59392.0,0.29123450969827586,0.29123450969827586,2.329876077586207,0.695563437609837,0.34750887391896085
deepseek_r1,Chinese-SimpleQA/工程、技术与应用科学/732.json,12,7424,20498.0,59392.0,89088.0,0.3451306573275862,0.23008710488505746,2.7610452586206895,0.695563437609837,0.3787301306066842
deepseek_r1,Chinese-SimpleQA/工程、技术与应用科学/732.json,16,7424,22533.0,59392.0,118784.0,0.37939453125,0.189697265625,3.03515625,0.695563437609837,0.3963192454699812
deepseek_r1,Chinese-SimpleQA/工程、技术与应用科学/759.json,8,7349,23022.0,58792.0,58792.0,0.391583888964485,0.391583888964485,3.13267111171588,0.7501670722167237,0.4414661535682735
deepseek_r1,Chinese-SimpleQA/工程、技术与应用科学/759.json,12,7349,28738.0,58792.0,88188.0,0.48880800108858347,0.3258720007257223,3.9104640087086677,0.7501670722167237,0.49774752949221407
deepseek_r1,Chinese-SimpleQA/工程、技术与应用科学/759.json,16,7349,32595.0,58792.0,117584.0,0.5544121649203974,0.2772060824601987,4.435297319363179,0.7501670722167237,0.531473310062846
deepseek_r1,Chinese-SimpleQA/工程、技术与应用科学/762.json,8,7424,19504.0,59392.0,59392.0,0.32839439655172414,0.32839439655172414,2.627155172413793,0.7708297022457781,0.40118188590838993
deepseek_r1,Chinese-SimpleQA/工程、技术与应用科学/762.json,12,7424,22184.0,59392.0,89088.0,0.37351831896551724,0.24901221264367815,2.988146551724138,0.7708297022457781,0.4273526966571808
deepseek_r1,Chinese-SimpleQA/工程、技术与应用科学/762.json,16,7424,23908.0,59392.0,118784.0,0.4025457974137931,0.20127289870689655,3.2203663793103448,0.7708297022457781,0.4422556685990301
deepseek_r1,Chinese-SimpleQA/工程、技术与应用科学/772.json,8,7424,17281.0,59392.0,59392.0,0.2909651131465517,0.2909651131465517,2.3277209051724137,0.6932729215457522,0.34740125876048517
deepseek_r1,Chinese-SimpleQA/工程、技术与应用科学/772.json,12,7424,20686.0,59392.0,89088.0,0.3482960668103448,0.23219737787356323,2.7863685344827585,0.6932729215457522,0.38058347126533243
deepseek_r1,Chinese-SimpleQA/工程、技术与应用科学/772.json,16,7424,22885.0,59392.0,118784.0,0.38532125538793105,0.19266062769396552,3.0825700431034484,0.6932729215457522,0.3996192977346223
deepseek_r1,Chinese-SimpleQA/工程、技术与应用科学/773.json,8,7424,19196.0,59392.0,59392.0,0.3232085129310345,0.3232085129310345,2.585668103448276,0.6639231494788466,0.36400351750439613
deepseek_r1,Chinese-SimpleQA/工程、技术与应用科学/773.json,12,7424,24348.0,59392.0,89088.0,0.4099542025862069,0.27330280172413796,3.2796336206896552,0.6639231494788466,0.41416590069902354
deepseek_r1,Chinese-SimpleQA/工程、技术与应用科学/773.json,16,7424,28077.0,59392.0,118784.0,0.4727404364224138,0.2363702182112069,3.7819234913793105,0.6639231494788466,0.44644343698846883
deepseek_r1,Chinese-SimpleQA/工程、技术与应用科学/777.json,8,7424,24314.0,59392.0,59392.0,0.4093817349137931,0.4093817349137931,3.2750538793103448,0.7810523715512506,0.46459116915176657
deepseek_r1,Chinese-SimpleQA/工程、技术与应用科学/777.json,12,7424,30055.0,59392.0,89088.0,0.5060445851293104,0.33736305675287354,4.048356681034483,0.7810523715512506,0.5205749180810205
deepseek_r1,Chinese-SimpleQA/工程、技术与应用科学/777.json,16,7424,34040.0,59392.0,118784.0,0.5731411637931034,0.2865705818965517,4.585129310344827,0.7810523715512506,0.5550425473986
deepseek_r1,Chinese-SimpleQA/工程、技术与应用科学/783.json,8,7424,18835.0,59392.0,59392.0,0.3171302532327586,0.3171302532327586,2.537042025862069,0.7068576093377739,0.37317307498948327
deepseek_r1,Chinese-SimpleQA/工程、技术与应用科学/783.json,12,7424,22525.0,59392.0,89088.0,0.37925983297413796,0.2528398886494253,3.0340786637931036,0.7068576093377739,0.40916662997212905
deepseek_r1,Chinese-SimpleQA/工程、技术与应用科学/783.json,16,7424,25159.0,59392.0,118784.0,0.42360924030172414,0.21180462015086207,3.388873922413793,0.7068576093377739,0.43195273752870234
deepseek_r1,Chinese-SimpleQA/工程、技术与应用科学/785.json,8,7424,18472.0,59392.0,59392.0,0.31101831896551724,0.31101831896551724,2.488146551724138,0.7013466707591353,0.36592421038397427
deepseek_r1,Chinese-SimpleQA/工程、技术与应用科学/785.json,12,7424,22161.0,59392.0,89088.0,0.3731310614224138,0.24875404094827586,2.9850484913793105,0.7013466707591353,0.4019330930093239
deepseek_r1,Chinese-SimpleQA/工程、技术与应用科学/785.json,16,7424,24697.0,59392.0,118784.0,0.41583041487068967,0.20791520743534483,3.3266433189655173,0.7013466707591353,0.42387889120085487
deepseek_r1,Chinese-SimpleQA/工程、技术与应用科学/796.json,8,7424,17335.0,59392.0,59392.0,0.29187432650862066,0.29187432650862066,2.3349946120689653,0.7041329638711338,0.35070611382352895
deepseek_r1,Chinese-SimpleQA/工程、技术与应用科学/796.json,12,7424,20510.0,59392.0,89088.0,0.34533270474137934,0.23022180316091953,2.7626616379310347,0.7041329638711338,0.3817288865303171
deepseek_r1,Chinese-SimpleQA/工程、技术与应用科学/796.json,16,7424,22653.0,59392.0,118784.0,0.38141500538793105,0.19070750269396552,3.0513200431034484,0.7041329638711338,0.40025467399893133
deepseek_r1,Chinese-SimpleQA/工程、技术与应用科学/802.json,8,7424,21530.0,59392.0,59392.0,0.3625067349137931,0.3625067349137931,2.9000538793103448,0.7410509545227577,0.4174503257562374
deepseek_r1,Chinese-SimpleQA/工程、技术与应用科学/802.json,12,7424,26469.0,59392.0,89088.0,0.44566608297413796,0.2971107219827586,3.5653286637931036,0.7410509545227577,0.4656244732182601
deepseek_r1,Chinese-SimpleQA/工程、技术与应用科学/802.json,16,7424,29847.0,59392.0,118784.0,0.5025424299568966,0.2512712149784483,4.020339439655173,0.7410509545227577,0.49485823923143846
deepseek_r1,Chinese-SimpleQA/工程、技术与应用科学/806.json,8,7424,23966.0,59392.0,59392.0,0.4035223599137931,0.4035223599137931,3.2281788793103448,0.7794078115759224,0.4603579743155118
deepseek_r1,Chinese-SimpleQA/工程、技术与应用科学/806.json,12,7424,29070.0,59392.0,89088.0,0.4894598599137931,0.32630657327586204,3.9156788793103448,0.7794078115759224,0.5101607647435419
deepseek_r1,Chinese-SimpleQA/工程、技术与应用科学/806.json,16,7424,32369.0,59392.0,118784.0,0.5450060614224138,0.2725030307112069,4.3600484913793105,0.7794078115759224,0.5387148980436653
deepseek_r1,Chinese-SimpleQA/工程、技术与应用科学/815.json,8,7424,21890.0,59392.0,59392.0,0.3685681573275862,0.3685681573275862,2.9485452586206895,0.7537418727217049,0.4253745675086975
deepseek_r1,Chinese-SimpleQA/工程、技术与应用科学/815.json,12,7424,26587.0,59392.0,89088.0,0.4476528825431034,0.29843525502873564,3.5812230603448274,0.7537418727217049,0.4712398925731922
deepseek_r1,Chinese-SimpleQA/工程、技术与应用科学/815.json,16,7424,29821.0,59392.0,118784.0,0.5021046605603449,0.25105233028017243,4.016837284482759,0.7537418727217049,0.4992269339232609
deepseek_r1,Chinese-SimpleQA/工程、技术与应用科学/816.json,8,3596,8667.0,28768.0,28768.0,0.3012722469410456,0.3012722469410456,2.4101779755283648,0.6912581250983165,0.3552695814109883
deepseek_r1,Chinese-SimpleQA/工程、技术与应用科学/816.json,12,3596,10652.0,28768.0,43152.0,0.37027252502780866,0.2468483500185391,2.9621802002224693,0.6912581250983165,0.39515833767157904
deepseek_r1,Chinese-SimpleQA/工程、技术与应用科学/816.json,16,3596,12035.0,28768.0,57536.0,0.4183467741935484,0.2091733870967742,3.346774193548387,0.6912581250983165,0.4198486560974291
deepseek_r1,Chinese-SimpleQA/工程、技术与应用科学/817.json,8,7424,16928.0,59392.0,59392.0,0.28502155172413796,0.28502155172413796,2.2801724137931036,0.6836550132981662,0.3421488681743885
deepseek_r1,Chinese-SimpleQA/工程、技术与应用科学/817.json,12,7424,19966.0,59392.0,89088.0,0.3361732219827586,0.2241154813218391,2.689385775862069,0.6836550132981662,0.37182776886841346
deepseek_r1,Chinese-SimpleQA/工程、技术与应用科学/817.json,16,7424,21936.0,59392.0,118784.0,0.3693426724137931,0.18467133620689655,2.9547413793103448,0.6836550132981662,0.3888719667648447
deepseek_r1,Chinese-SimpleQA/工程、技术与应用科学/832.json,8,7424,17537.0,59392.0,59392.0,0.29527545797413796,0.29527545797413796,2.3622036637931036,0.7015861231705238,0.3530332076138464
deepseek_r1,Chinese-SimpleQA/工程、技术与应用科学/832.json,12,7424,20769.0,59392.0,89088.0,0.3496935614224138,0.23312904094827586,2.7975484913793105,0.7015861231705238,0.3845376783403857
deepseek_r1,Chinese-SimpleQA/工程、技术与应用科学/832.json,16,7424,22922.0,59392.0,118784.0,0.3859442349137931,0.19297211745689655,3.0875538793103448,0.7015861231705238,0.40317099053284217
deepseek_r1,Chinese-SimpleQA/工程、技术与应用科学/837.json,8,7424,18224.0,59392.0,59392.0,0.3068426724137931,0.3068426724137931,2.4547413793103448,0.7100622468981249,0.3670052927115868
deepseek_r1,Chinese-SimpleQA/工程、技术与应用科学/837.json,12,7424,21449.0,59392.0,89088.0,0.36114291487068967,0.24076194324712644,2.8891433189655173,0.7100622468981249,0.39851903196038874
deepseek_r1,Chinese-SimpleQA/工程、技术与应用科学/837.json,16,7424,23514.0,59392.0,118784.0,0.3959119073275862,0.1979559536637931,3.1672952586206895,0.7100622468981249,0.4163782093031653
deepseek_r1,Chinese-SimpleQA/工程、技术与应用科学/843.json,8,7424,20513.0,59392.0,59392.0,0.34538321659482757,0.34538321659482757,2.7630657327586206,0.7712386558795797,0.4147360037113058
deepseek_r1,Chinese-SimpleQA/工程、技术与应用科学/843.json,12,7424,23754.0,59392.0,89088.0,0.3999528556034483,0.2666352370689655,3.1996228448275863,0.7712386558795797,0.4464211165904999
deepseek_r1,Chinese-SimpleQA/工程、技术与应用科学/843.json,16,7424,25672.0,59392.0,118784.0,0.43224676724137934,0.21612338362068967,3.4579741379310347,0.7712386558795797,0.46301466534877644
deepseek_r1,Chinese-SimpleQA/工程、技术与应用科学/847.json,8,7424,15686.0,59392.0,59392.0,0.2641096443965517,0.2641096443965517,2.1128771551724137,0.6569382404458934,0.31742737108263475
deepseek_r1,Chinese-SimpleQA/工程、技术与应用科学/847.json,12,7424,18635.0,59392.0,89088.0,0.3137627963362069,0.20917519755747127,2.5101023706896552,0.6569382404458934,0.34616195538948324
deepseek_r1,Chinese-SimpleQA/工程、技术与应用科学/847.json,16,7424,20627.0,59392.0,118784.0,0.34730266702586204,0.17365133351293102,2.7784213362068964,0.6569382404458934,0.3633918371693841
deepseek_r1,Chinese-SimpleQA/工程、技术与应用科学/848.json,8,7424,17279.0,59392.0,59392.0,0.2909314385775862,0.2909314385775862,2.3274515086206895,0.7185744499338085,0.3550914341005786
deepseek_r1,Chinese-SimpleQA/工程、技术与应用科学/848.json,12,7424,20042.0,59392.0,89088.0,0.3374528556034483,0.22496857040229884,2.6996228448275863,0.7185744499338085,0.38206656739629546
deepseek_r1,Chinese-SimpleQA/工程、技术与应用科学/848.json,16,7424,21890.0,59392.0,118784.0,0.3685681573275862,0.1842840786637931,2.9485452586206895,0.7185744499338085,0.3980552471917251
deepseek_r1,Chinese-SimpleQA/工程、技术与应用科学/862.json,8,7424,16127.0,59392.0,59392.0,0.2715348868534483,0.2715348868534483,2.1722790948275863,0.6769914462648589,0.32714779777773495
deepseek_r1,Chinese-SimpleQA/工程、技术与应用科学/862.json,12,7424,19005.0,59392.0,89088.0,0.31999259159482757,0.2133283943965517,2.5599407327586206,0.6769914462648589,0.3552618293926634
deepseek_r1,Chinese-SimpleQA/工程、技术与应用科学/862.json,16,7424,20934.0,59392.0,118784.0,0.35247171336206895,0.17623585668103448,2.8197737068965516,0.6769914462648589,0.37194692882998237
deepseek_r1,Chinese-SimpleQA/工程、技术与应用科学/880.json,8,7424,18261.0,59392.0,59392.0,0.3074656519396552,0.3074656519396552,2.4597252155172415,0.7331698680746144,0.37283324630096043
deepseek_r1,Chinese-SimpleQA/工程、技术与应用科学/880.json,12,7424,21176.0,59392.0,89088.0,0.3565463362068966,0.23769755747126436,2.8523706896551726,0.7331698680746144,0.4012776926673692
deepseek_r1,Chinese-SimpleQA/工程、技术与应用科学/880.json,16,7424,23087.0,59392.0,118784.0,0.3887223868534483,0.19436119342672414,3.1097790948275863,0.7331698680746144,0.41781594527178795
deepseek_r1,Chinese-SimpleQA/工程、技术与应用科学/884.json,8,7424,17754.0,59392.0,59392.0,0.2989291487068966,0.2989291487068966,2.3914331896551726,0.7093659557145218,0.36035211949512874
deepseek_r1,Chinese-SimpleQA/工程、技术与应用科学/884.json,12,7424,20710.0,59392.0,89088.0,0.34870016163793105,0.23246677442528735,2.7896012931034484,0.7093659557145218,0.38922569875059454
deepseek_r1,Chinese-SimpleQA/工程、技术与应用科学/884.json,16,7424,22768.0,59392.0,118784.0,0.3833512931034483,0.19167564655172414,3.0668103448275863,0.7093659557145218,0.4070187139100042
deepseek_r1,Chinese-SimpleQA/工程、技术与应用科学/894.json,8,7424,21195.0,59392.0,59392.0,0.35686624461206895,0.35686624461206895,2.8549299568965516,0.7072126300170504,0.4012645303175367
deepseek_r1,Chinese-SimpleQA/工程、技术与应用科学/894.json,12,7424,26704.0,59392.0,89088.0,0.4496228448275862,0.29974856321839083,3.5969827586206895,0.7072126300170504,0.4549633542011524
deepseek_r1,Chinese-SimpleQA/工程、技术与应用科学/894.json,16,7424,30709.0,59392.0,118784.0,0.5170561691810345,0.25852808459051724,4.136449353448276,0.7072126300170504,0.4896052150890745
deepseek_r1,Chinese-SimpleQA/工程、技术与应用科学/902.json,8,7424,19429.0,59392.0,59392.0,0.32713160021551724,0.32713160021551724,2.617052801724138,0.7175892632583092,0.38341024518013
deepseek_r1,Chinese-SimpleQA/工程、技术与应用科学/902.json,12,7424,23348.0,59392.0,89088.0,0.3931169181034483,0.26207794540229884,3.1449353448275863,0.7175892632583092,0.42160846652655765
deepseek_r1,Chinese-SimpleQA/工程、技术与应用科学/902.json,16,7424,26014.0,59392.0,118784.0,0.43800511853448276,0.21900255926724138,3.504040948275862,0.7175892632583092,0.44466564162024136
deepseek_r1,Chinese-SimpleQA/工程、技术与应用科学/909.json,8,7424,17537.0,59392.0,59392.0,0.29527545797413796,0.29527545797413796,2.3622036637931036,0.7226409336616253,0.3603952732579461
deepseek_r1,Chinese-SimpleQA/工程、技术与应用科学/909.json,12,7424,20257.0,59392.0,89088.0,0.3410728717672414,0.22738191451149425,2.728582974137931,0.7226409336616253,0.38693361549541866
deepseek_r1,Chinese-SimpleQA/工程、技术与应用科学/909.json,16,7424,22012.0,59392.0,118784.0,0.37062230603448276,0.18531115301724138,2.964978448275862,0.7226409336616253,0.40211766855470066
deepseek_r1,Chinese-SimpleQA/工程、技术与应用科学/911.json,8,7424,18927.0,59392.0,59392.0,0.31867928340517243,0.31867928340517243,2.5494342672413794,0.7271287811213526,0.37858845344905195
deepseek_r1,Chinese-SimpleQA/工程、技术与应用科学/911.json,12,7424,22595.0,59392.0,89088.0,0.38043844288793105,0.25362562859195403,3.0435075431034484,0.7271287811213526,0.414397664111236
deepseek_r1,Chinese-SimpleQA/工程、技术与应用科学/911.json,16,7424,24858.0,59392.0,118784.0,0.4185412176724138,0.2092706088362069,3.3483297413793105,0.7271287811213526,0.43399401163232737
deepseek_r1,Chinese-SimpleQA/工程、技术与应用科学/927.json,8,7424,17888.0,59392.0,59392.0,0.3011853448275862,0.3011853448275862,2.4094827586206895,0.7106368480057552,0.3611152470111847
deepseek_r1,Chinese-SimpleQA/工程、技术与应用科学/927.json,12,7424,21057.0,59392.0,89088.0,0.3545426993534483,0.23636179956896552,2.8363415948275863,0.7106368480057552,0.39205915968993615
deepseek_r1,Chinese-SimpleQA/工程、技术与应用科学/927.json,16,7424,23002.0,59392.0,118784.0,0.3872912176724138,0.1936456088362069,3.0983297413793105,0.7106368480057552,0.4088915278171671
llama4_maverick,hellaswag/test/10.json,1,3072,1162.0,3072.0,3072.0,0.3782552083333333,0.3782552083333333,0.3782552083333333,0.48678607245286304,0.3782552083333333
llama4_maverick,hellaswag/test/10.json,2,3072,1456.0,3072.0,6144.0,0.4739583333333333,0.23697916666666666,0.4739583333333333,0.48678607245286304,0.4386371696988742
llama4_maverick,hellaswag/test/10.json,4,3072,1731.0,3072.0,12288.0,0.5634765625,0.140869140625,0.5634765625,0.48678607245286304,0.48071089138587314
llama4_maverick,hellaswag/test/10.json,8,3072,2092.0,3072.0,24576.0,0.6809895833333334,0.08512369791666667,0.6809895833333334,0.48678607245286304,0.5220936884482702
llama4_maverick,hellaswag/test/10000.json,1,3072,930.0,3072.0,3072.0,0.302734375,0.302734375,0.302734375,0.43701037516196567,0.302734375
llama4_maverick,hellaswag/test/10000.json,2,3072,1310.0,3072.0,6144.0,0.4264322916666667,0.21321614583333334,0.4264322916666667,0.43701037516196567,0.38077907264232635
llama4_maverick,hellaswag/test/10000.json,4,3072,1682.0,3072.0,12288.0,0.5475260416666666,0.13688151041666666,0.5475260416666666,0.43701037516196567,0.4379635751247406
llama4_maverick,hellaswag/test/10000.json,8,3072,2053.0,3072.0,24576.0,0.6682942708333334,0.08353678385416667,0.6682942708333334,0.43701037516196567,0.48056407769521076
llama4_maverick,hellaswag/test/1004.json,1,3072,1002.0,3072.0,3072.0,0.326171875,0.326171875,0.326171875,0.4520036031802495,0.326171875
llama4_maverick,hellaswag/test/1004.json,2,3072,1325.0,3072.0,6144.0,0.4313151041666667,0.21565755208333334,0.4313151041666667,0.4520036031802495,0.39250987271467846
llama4_maverick,hellaswag/test/1004.json,4,3072,1683.0,3072.0,12288.0,0.5478515625,0.136962890625,0.5478515625,0.4520036031802495,0.4474157417813937
llama4_maverick,hellaswag/test/1004.json,8,3072,2068.0,3072.0,24576.0,0.6731770833333334,0.08414713541666667,0.6731770833333334,0.4520036031802495,0.49151689062515896
llama4_maverick,hellaswag/test/1015.json,1,3072,1231.0,3072.0,3072.0,0.4007161458333333,0.4007161458333333,0.4007161458333333,0.5391148502628008,0.4007161458333333
llama4_maverick,hellaswag/test/1015.json,2,3072,1661.0,3072.0,6144.0,0.5406901041666666,0.2703450520833333,0.5406901041666666,0.5391148502628008,0.4890298843383789
llama4_maverick,hellaswag/test/1015.json,4,3072,2056.0,3072.0,12288.0,0.6692708333333334,0.16731770833333334,0.6692708333333334,0.5391148502628008,0.5501158411304156
llama4_maverick,hellaswag/test/1015.json,8,3072,2360.0,3072.0,24576.0,0.7682291666666666,0.09602864583333333,0.7682291666666666,0.5391148502628008,0.585309644540151
llama4_maverick,hellaswag/test/102.json,1,3072,1162.0,3072.0,3072.0,0.3782552083333333,0.3782552083333333,0.3782552083333333,0.5018774941563606,0.3782552083333333
llama4_maverick,hellaswag/test/102.json,2,3072,1510.0,3072.0,6144.0,0.4915364583333333,0.24576822916666666,0.4915364583333333,0.5018774941563606,0.44972772151231766
llama4_maverick,hellaswag/test/102.json,4,3072,1869.0,3072.0,12288.0,0.6083984375,0.152099609375,0.6083984375,0.5018774941563606,0.5048188964525858
llama4_maverick,hellaswag/test/102.json,8,3072,2207.0,3072.0,24576.0,0.7184244791666666,0.08980305989583333,0.7184244791666666,0.5018774941563606,0.5436985666553179
llama4_maverick,hellaswag/test/1022.json,1,3072,1010.0,3072.0,3072.0,0.3287760416666667,0.3287760416666667,0.3287760416666667,0.46789267162481946,0.3287760416666667
llama4_maverick,hellaswag/test/1022.json,2,3072,1424.0,3072.0,6144.0,0.4635416666666667,0.23177083333333334,0.4635416666666667,0.46789267162481946,0.4138036866982778
llama4_maverick,hellaswag/test/1022.json,4,3072,1793.0,3072.0,12288.0,0.5836588541666666,0.14591471354166666,0.5836588541666666,0.46789267162481946,0.47043221443891525
llama4_maverick,hellaswag/test/1022.json,8,3072,2172.0,3072.0,24576.0,0.70703125,0.08837890625,0.70703125,0.46789267162481946,0.5140107274055481
llama4_maverick,hellaswag/test/1044.json,1,3072,1011.0,3072.0,3072.0,0.3291015625,0.3291015625,0.3291015625,0.46411702781915665,0.3291015625
llama4_maverick,hellaswag/test/1044.json,2,3072,1391.0,3072.0,6144.0,0.4527994791666667,0.22639973958333334,0.4527994791666667,0.46411702781915665,0.40714625765879947
llama4_maverick,hellaswag/test/1044.json,4,3072,1768.0,3072.0,12288.0,0.5755208333333334,0.14388020833333334,0.5755208333333334,0.46411702781915665,0.46471580614646274
llama4_maverick,hellaswag/test/1044.json,8,3072,2159.0,3072.0,24576.0,0.7027994791666666,0.08784993489583333,0.7027994791666666,0.46411702781915665,0.5094975059231123
llama4_maverick,hellaswag/test/106.json,1,3072,1085.0,3072.0,3072.0,0.3531901041666667,0.3531901041666667,0.3531901041666667,0.48570118347803753,0.3531901041666667
llama4_maverick,hellaswag/test/106.json,2,3072,1496.0,3072.0,6144.0,0.4869791666666667,0.24348958333333334,0.4869791666666667,0.48570118347803753,0.43760161101818085
llama4_maverick,hellaswag/test/106.json,4,3072,1816.0,3072.0,12288.0,0.5911458333333334,0.14778645833333334,0.5911458333333334,0.48570118347803753,0.4865482474366824
llama4_maverick,hellaswag/test/106.json,8,3072,2191.0,3072.0,24576.0,0.7132161458333334,0.08915201822916667,0.7132161458333334,0.48570118347803753,0.5296898111701012
llama4_maverick,hellaswag/test/1067.json,1,3072,1023.0,3072.0,3072.0,0.3330078125,0.3330078125,0.3330078125,0.47158915052811307,0.3330078125
llama4_maverick,hellaswag/test/1067.json,2,3072,1398.0,3072.0,6144.0,0.455078125,0.2275390625,0.455078125,0.47158915052811307,0.41002560903628665
llama4_maverick,hellaswag/test/1067.json,4,3072,1787.0,3072.0,12288.0,0.5817057291666666,0.14542643229166666,0.5817057291666666,0.47158915052811307,0.4699319154024124
llama4_maverick,hellaswag/test/1067.json,8,3072,2232.0,3072.0,24576.0,0.7265625,0.0908203125,0.7265625,0.47158915052811307,0.5215465252598127
llama4_maverick,hellaswag/test/1070.json,1,3072,955.0,3072.0,3072.0,0.3108723958333333,0.3108723958333333,0.3108723958333333,0.45303792754809064,0.3108723958333333
llama4_maverick,hellaswag/test/1070.json,2,3072,1361.0,3072.0,6144.0,0.4430338541666667,0.22151692708333334,0.4430338541666667,0.45303792754809064,0.39425699909528095
llama4_maverick,hellaswag/test/1070.json,4,3072,1746.0,3072.0,12288.0,0.568359375,0.14208984375,0.568359375,0.45303792754809064,0.45342199007670086
llama4_maverick,hellaswag/test/1070.json,8,3072,2175.0,3072.0,24576.0,0.7080078125,0.0885009765625,0.7080078125,0.45303792754809064,0.5023375352223715
llama4_maverick,hellaswag/test/1078.json,1,3072,1083.0,3072.0,3072.0,0.3525390625,0.3525390625,0.3525390625,0.4919100080927213,0.3525390625
llama4_maverick,hellaswag/test/1078.json,2,3072,1459.0,3072.0,6144.0,0.4749348958333333,0.23746744791666666,0.4749348958333333,0.4919100080927213,0.42976224422454834
llama4_maverick,hellaswag/test/1078.json,4,3072,1901.0,3072.0,12288.0,0.6188151041666666,0.15470377604166666,0.6188151041666666,0.4919100080927213,0.49759528785943985
llama4_maverick,hellaswag/test/1078.json,8,3072,2296.0,3072.0,24576.0,0.7473958333333334,0.09342447916666667,0.7473958333333334,0.4919100080927213,0.5431972493728002
llama4_maverick,hellaswag/test/1084.json,1,3072,1106.0,3072.0,3072.0,0.3600260416666667,0.3600260416666667,0.3600260416666667,0.4937798430522283,0.3600260416666667
llama4_maverick,hellaswag/test/1084.json,2,3072,1482.0,3072.0,6144.0,0.482421875,0.2412109375,0.482421875,0.4937798430522283,0.43724921345710754
llama4_maverick,hellaswag/test/1084.json,4,3072,1872.0,3072.0,12288.0,0.609375,0.15234375,0.609375,0.4937798430522283,0.4968218132853508
llama4_maverick,hellaswag/test/1084.json,8,3072,2257.0,3072.0,24576.0,0.7347005208333334,0.09183756510416667,0.7347005208333334,0.4937798430522283,0.5413708661993345
llama4_maverick,hellaswag/test/1085.json,1,3072,1137.0,3072.0,3072.0,0.3701171875,0.3701171875,0.3701171875,0.5132910336057345,0.3701171875
llama4_maverick,hellaswag/test/1085.json,2,3072,1552.0,3072.0,6144.0,0.5052083333333334,0.2526041666666667,0.5052083333333334,0.5132910336057345,0.45535021523634595
llama4_maverick,hellaswag/test/1085.json,4,3072,1993.0,3072.0,12288.0,0.6487630208333334,0.16219075520833334,0.6487630208333334,0.5132910336057345,0.5227948427200317
llama4_maverick,hellaswag/test/1085.json,8,3072,2366.0,3072.0,24576.0,0.7701822916666666,0.09627278645833333,0.7701822916666666,0.5132910336057345,0.5659206658601761
llama4_maverick,hellaswag/test/1096.json,1,3072,1239.0,3072.0,3072.0,0.4033203125,0.4033203125,0.4033203125,0.5411389817794164,0.4033203125
llama4_maverick,hellaswag/test/1096.json,2,3072,1681.0,3072.0,6144.0,0.5472005208333334,0.2736002604166667,0.5472005208333334,0.5411389817794164,0.49409862607717514
llama4_maverick,hellaswag/test/1096.json,4,3072,2064.0,3072.0,12288.0,0.671875,0.16796875,0.671875,0.5411389817794164,0.5524416317542394
llama4_maverick,hellaswag/test/1096.json,8,3072,2379.0,3072.0,24576.0,0.7744140625,0.0968017578125,0.7744140625,0.5411389817794164,0.5886447528998057
llama4_maverick,hellaswag/test/1098.json,1,3072,1108.0,3072.0,3072.0,0.3606770833333333,0.3606770833333333,0.3606770833333333,0.5100622624158859,0.3606770833333333
llama4_maverick,hellaswag/test/1098.json,2,3072,1539.0,3072.0,6144.0,0.5009765625,0.25048828125,0.5009765625,0.5100622624158859,0.4491961970925331
llama4_maverick,hellaswag/test/1098.json,4,3072,2003.0,3072.0,12288.0,0.6520182291666666,0.16300455729166666,0.6520182291666666,0.5100622624158859,0.5208130727211634
llama4_maverick,hellaswag/test/1098.json,8,3072,2394.0,3072.0,24576.0,0.779296875,0.097412109375,0.779296875,0.5100622624158859,0.5659590239326159
llama4_maverick,hellaswag/test/1106.json,1,3072,1177.0,3072.0,3072.0,0.3831380208333333,0.3831380208333333,0.3831380208333333,0.5281381433208784,0.3831380208333333
llama4_maverick,hellaswag/test/1106.json,2,3072,1616.0,3072.0,6144.0,0.5260416666666666,0.2630208333333333,0.5260416666666666,0.5281381433208784,0.47330018877983093
llama4_maverick,hellaswag/test/1106.json,4,3072,2026.0,3072.0,12288.0,0.6595052083333334,0.16487630208333334,0.6595052083333334,0.5281381433208784,0.5366695895791054
llama4_maverick,hellaswag/test/1106.json,8,3072,2392.0,3072.0,24576.0,0.7786458333333334,0.09733072916666667,0.7786458333333334,0.5281381433208784,0.578971599539121
llama4_maverick,hellaswag/test/1109.json,1,3072,1222.0,3072.0,3072.0,0.3977864583333333,0.3977864583333333,0.3977864583333333,0.540671780705452,0.3977864583333333
llama4_maverick,hellaswag/test/1109.json,2,3072,1631.0,3072.0,6144.0,0.5309244791666666,0.2654622395833333,0.5309244791666666,0.540671780705452,0.4817872072259585
llama4_maverick,hellaswag/test/1109.json,4,3072,2082.0,3072.0,12288.0,0.677734375,0.16943359375,0.677734375,0.540671780705452,0.5514912828803062
llama4_maverick,hellaswag/test/1109.json,8,3072,2432.0,3072.0,24576.0,0.7916666666666666,0.09895833333333333,0.7916666666666666,0.540671780705452,0.5925684620936712
llama4_maverick,hellaswag/test/1115.json,1,3072,976.0,3072.0,3072.0,0.3177083333333333,0.3177083333333333,0.3177083333333333,0.44079699863990146,0.3177083333333333
llama4_maverick,hellaswag/test/1115.json,2,3072,1280.0,3072.0,6144.0,0.4166666666666667,0.20833333333333334,0.4166666666666667,0.44079699863990146,0.38014409442742664
llama4_maverick,hellaswag/test/1115.json,4,3072,1645.0,3072.0,12288.0,0.5354817708333334,0.13387044270833334,0.5354817708333334,0.44079699863990146,0.43659547219673794
llama4_maverick,hellaswag/test/1115.json,8,3072,2017.0,3072.0,24576.0,0.6565755208333334,0.08207194010416667,0.6565755208333334,0.44079699863990146,0.47903916239738464
llama4_maverick,hellaswag/test/1116.json,1,3072,1199.0,3072.0,3072.0,0.3902994791666667,0.3902994791666667,0.3902994791666667,0.5417092541853586,0.3902994791666667
llama4_maverick,hellaswag/test/1116.json,2,3072,1675.0,3072.0,6144.0,0.5452473958333334,0.2726236979166667,0.5452473958333334,0.5417092541853586,0.48806073268254596
llama4_maverick,hellaswag/test/1116.json,4,3072,2129.0,3072.0,12288.0,0.6930338541666666,0.17325846354166666,0.6930338541666666,0.5417092541853586,0.5579146097103754
llama4_maverick,hellaswag/test/1116.json,8,3072,2466.0,3072.0,24576.0,0.802734375,0.100341796875,0.802734375,0.5417092541853586,0.596705769499143
llama4_maverick,hellaswag/test/1118.json,1,3072,1256.0,3072.0,3072.0,0.4088541666666667,0.4088541666666667,0.4088541666666667,0.5454141323765119,0.4088541666666667
llama4_maverick,hellaswag/test/1118.json,2,3072,1676.0,3072.0,6144.0,0.5455729166666666,0.2727864583333333,0.5455729166666666,0.5454141323765119,0.495114100476106
llama4_maverick,hellaswag/test/1118.json,4,3072,2058.0,3072.0,12288.0,0.669921875,0.16748046875,0.669921875,0.5454141323765119,0.55399389564991
llama4_maverick,hellaswag/test/1118.json,8,3072,2402.0,3072.0,24576.0,0.7819010416666666,0.09773763020833333,0.7819010416666666,0.5454141323765119,0.5934996729095777
llama4_maverick,hellaswag/test/1125.json,1,3072,1160.0,3072.0,3072.0,0.3776041666666667,0.3776041666666667,0.3776041666666667,0.5174507250388464,0.3776041666666667
llama4_maverick,hellaswag/test/1125.json,2,3072,1574.0,3072.0,6144.0,0.5123697916666666,0.2561848958333333,0.5123697916666666,0.5174507250388464,0.4626318116982778
llama4_maverick,hellaswag/test/1125.json,4,3072,1967.0,3072.0,12288.0,0.6402994791666666,0.16007486979166666,0.6402994791666666,0.5174507250388464,0.5228957931200663
llama4_maverick,hellaswag/test/1125.json,8,3072,2349.0,3072.0,24576.0,0.7646484375,0.0955810546875,0.7646484375,0.5174507250388464,0.5670886312921842
llama4_maverick,hellaswag/test/1128.json,1,3072,1278.0,3072.0,3072.0,0.416015625,0.416015625,0.416015625,0.568186804652214,0.416015625
llama4_maverick,hellaswag/test/1128.json,2,3072,1775.0,3072.0,6144.0,0.5777994791666666,0.2888997395833333,0.5777994791666666,0.568186804652214,0.5180898805459341
llama4_maverick,hellaswag/test/1128.json,4,3072,2214.0,3072.0,12288.0,0.720703125,0.18017578125,0.720703125,0.568186804652214,0.5862695823113123
llama4_maverick,hellaswag/test/1128.json,8,3072,2526.0,3072.0,24576.0,0.822265625,0.102783203125,0.822265625,0.568186804652214,0.6224671006202698
llama4_maverick,hellaswag/test/1129.json,1,3072,1119.0,3072.0,3072.0,0.3642578125,0.3642578125,0.3642578125,0.5062324603398641,0.3642578125
llama4_maverick,hellaswag/test/1129.json,2,3072,1510.0,3072.0,6144.0,0.4915364583333333,0.24576822916666666,0.4915364583333333,0.5062324603398641,0.4445617025097211
llama4_maverick,hellaswag/test/1129.json,4,3072,1950.0,3072.0,12288.0,0.634765625,0.15869140625,0.634765625,0.5062324603398641,0.5121143733461698
llama4_maverick,hellaswag/test/1129.json,8,3072,2351.0,3072.0,24576.0,0.7652994791666666,0.09566243489583333,0.7652994791666666,0.5062324603398641,0.5583073894182841
llama4_maverick,hellaswag/test/1130.json,1,3072,1079.0,3072.0,3072.0,0.3512369791666667,0.3512369791666667,0.3512369791666667,0.4918234472473462,0.3512369791666667
llama4_maverick,hellaswag/test/1130.json,2,3072,1489.0,3072.0,6144.0,0.4847005208333333,0.24235026041666666,0.4847005208333333,0.4918234472473462,0.43544310579697293
llama4_maverick,hellaswag/test/1130.json,4,3072,1880.0,3072.0,12288.0,0.6119791666666666,0.15299479166666666,0.6119791666666666,0.4918234472473462,0.4953364332516988
llama4_maverick,hellaswag/test/1130.json,8,3072,2273.0,3072.0,24576.0,0.7399088541666666,0.09248860677083333,0.7399088541666666,0.4918234472473462,0.5406523644924164
llama4_maverick,hellaswag/test/1133.json,1,3072,1170.0,3072.0,3072.0,0.380859375,0.380859375,0.380859375,0.5199407736460367,0.380859375
llama4_maverick,hellaswag/test/1133.json,2,3072,1586.0,3072.0,6144.0,0.5162760416666666,0.2581380208333333,0.5162760416666666,0.5199407736460367,0.466297780474027
llama4_maverick,hellaswag/test/1133.json,4,3072,1994.0,3072.0,12288.0,0.6490885416666666,0.16227213541666666,0.6490885416666666,0.5199407736460367,0.5290482963124911
llama4_maverick,hellaswag/test/1133.json,8,3072,2346.0,3072.0,24576.0,0.763671875,0.095458984375,0.763671875,0.5199407736460367,0.5697010507186254
llama4_maverick,hellaswag/test/1139.json,1,3072,1223.0,3072.0,3072.0,0.3981119791666667,0.3981119791666667,0.3981119791666667,0.5433448875943819,0.3981119791666667
llama4_maverick,hellaswag/test/1139.json,2,3072,1666.0,3072.0,6144.0,0.5423177083333334,0.2711588541666667,0.5423177083333334,0.5433448875943819,0.48909567793210346
llama4_maverick,hellaswag/test/1139.json,4,3072,2101.0,3072.0,12288.0,0.6839192708333334,0.17097981770833334,0.6839192708333334,0.5433448875943819,0.5560827429095904
llama4_maverick,hellaswag/test/1139.json,8,3072,2452.0,3072.0,24576.0,0.7981770833333334,0.09977213541666667,0.7981770833333334,0.5433448875943819,0.596850131948789
llama4_maverick,hellaswag/test/1144.json,1,3072,1119.0,3072.0,3072.0,0.3642578125,0.3642578125,0.3642578125,0.5006926109393438,0.3642578125
llama4_maverick,hellaswag/test/1144.json,2,3072,1496.0,3072.0,6144.0,0.4869791666666667,0.24348958333333334,0.4869791666666667,0.5006926109393438,0.44168637196222943
llama4_maverick,hellaswag/test/1144.json,4,3072,1890.0,3072.0,12288.0,0.615234375,0.15380859375,0.615234375,0.5006926109393438,0.5021582543849945
llama4_maverick,hellaswag/test/1144.json,8,3072,2301.0,3072.0,24576.0,0.7490234375,0.0936279296875,0.7490234375,0.5006926109393438,0.5496194610993067
llama4_maverick,hellaswag/test/1148.json,1,3072,999.0,3072.0,3072.0,0.3251953125,0.3251953125,0.3251953125,0.4614209036032359,0.3251953125
llama4_maverick,hellaswag/test/1148.json,2,3072,1373.0,3072.0,6144.0,0.4469401041666667,0.22347005208333334,0.4469401041666667,0.4614209036032359,0.40200772633155185
llama4_maverick,hellaswag/test/1148.json,4,3072,1776.0,3072.0,12288.0,0.578125,0.14453125,0.578125,0.4614209036032359,0.4642152388890584
llama4_maverick,hellaswag/test/1148.json,8,3072,2143.0,3072.0,24576.0,0.6975911458333334,0.08719889322916667,0.6975911458333334,0.4614209036032359,0.5066457018256187
llama4_maverick,hellaswag/test/1161.json,1,3072,1189.0,3072.0,3072.0,0.3870442708333333,0.3870442708333333,0.3870442708333333,0.5300224497914314,0.3870442708333333
llama4_maverick,hellaswag/test/1161.json,2,3072,1605.0,3072.0,6144.0,0.5224609375,0.26123046875,0.5224609375,0.5300224497914314,0.47248266885677975
llama4_maverick,hellaswag/test/1161.json,4,3072,2048.0,3072.0,12288.0,0.6666666666666666,0.16666666666666666,0.6666666666666666,0.5300224497914314,0.54032052308321
llama4_maverick,hellaswag/test/1161.json,8,3072,2423.0,3072.0,24576.0,0.7887369791666666,0.09859212239583333,0.7887369791666666,0.5300224497914314,0.5835840553045273
llama4_maverick,hellaswag/test/1164.json,1,3072,1210.0,3072.0,3072.0,0.3938802083333333,0.3938802083333333,0.3938802083333333,0.5306229268511137,0.3938802083333333
llama4_maverick,hellaswag/test/1164.json,2,3072,1631.0,3072.0,6144.0,0.5309244791666666,0.2654622395833333,0.5309244791666666,0.5306229268511137,0.4803455074628194
llama4_maverick,hellaswag/test/1164.json,4,3072,1999.0,3072.0,12288.0,0.6507161458333334,0.16267903645833334,0.6507161458333334,0.5306229268511137,0.5369692419966062
llama4_maverick,hellaswag/test/1164.json,8,3072,2342.0,3072.0,24576.0,0.7623697916666666,0.09529622395833333,0.7623697916666666,0.5306229268511137,0.5767547165354093
llama4_maverick,hellaswag/test/1167.json,1,3072,1211.0,3072.0,3072.0,0.3942057291666667,0.3942057291666667,0.3942057291666667,0.5323535377780596,0.3942057291666667
llama4_maverick,hellaswag/test/1167.json,2,3072,1617.0,3072.0,6144.0,0.5263671875,0.26318359375,0.5263671875,0.5323535377780596,0.47759032001097995
llama4_maverick,hellaswag/test/1167.json,4,3072,2023.0,3072.0,12288.0,0.6585286458333334,0.16463216145833334,0.6585286458333334,0.5323535377780596,0.5399927621086439
llama4_maverick,hellaswag/test/1167.json,8,3072,2375.0,3072.0,24576.0,0.7731119791666666,0.09663899739583333,0.7731119791666666,0.5323535377780596,0.580801323056221
llama4_maverick,hellaswag/test/1190.json,1,3072,1220.0,3072.0,3072.0,0.3971354166666667,0.3971354166666667,0.3971354166666667,0.5392998605966568,0.3971354166666667
llama4_maverick,hellaswag/test/1190.json,2,3072,1668.0,3072.0,6144.0,0.54296875,0.271484375,0.54296875,0.5392998605966568,0.4891460140546163
llama4_maverick,hellaswag/test/1190.json,4,3072,2073.0,3072.0,12288.0,0.6748046875,0.168701171875,0.6748046875,0.5392998605966568,0.5509569148222605
llama4_maverick,hellaswag/test/1190.json,8,3072,2409.0,3072.0,24576.0,0.7841796875,0.0980224609375,0.7841796875,0.5392998605966568,0.5895707632104555
llama4_maverick,hellaswag/test/1193.json,1,3072,1156.0,3072.0,3072.0,0.3763020833333333,0.3763020833333333,0.3763020833333333,0.4771442463000615,0.3763020833333333
llama4_maverick,hellaswag/test/1193.json,2,3072,1433.0,3072.0,6144.0,0.4664713541666667,0.23323567708333334,0.4664713541666667,0.4771442463000615,0.4331925685207049
llama4_maverick,hellaswag/test/1193.json,4,3072,1701.0,3072.0,12288.0,0.5537109375,0.138427734375,0.5537109375,0.4771442463000615,0.47433007260163623
llama4_maverick,hellaswag/test/1193.json,8,3072,1991.0,3072.0,24576.0,0.6481119791666666,0.08101399739583333,0.6481119791666666,0.4771442463000615,0.5074860925475756
llama4_maverick,hellaswag/test/1198.json,1,3072,1112.0,3072.0,3072.0,0.3619791666666667,0.3619791666666667,0.3619791666666667,0.4969305371244748,0.3619791666666667
llama4_maverick,hellaswag/test/1198.json,2,3072,1500.0,3072.0,6144.0,0.48828125,0.244140625,0.48828125,0.4969305371244748,0.4416669209798177
llama4_maverick,hellaswag/test/1198.json,4,3072,1903.0,3072.0,12288.0,0.6194661458333334,0.15486653645833334,0.6194661458333334,0.4969305371244748,0.5034456749757131
llama4_maverick,hellaswag/test/1198.json,8,3072,2244.0,3072.0,24576.0,0.73046875,0.09130859375,0.73046875,0.4969305371244748,0.5424424633383751
llama4_maverick,hellaswag/test/120.json,1,3072,1164.0,3072.0,3072.0,0.37890625,0.37890625,0.37890625,0.5320733512441317,0.37890625
llama4_maverick,hellaswag/test/120.json,2,3072,1602.0,3072.0,6144.0,0.521484375,0.2607421875,0.521484375,0.5320733512441317,0.4688630352417628
llama4_maverick,hellaswag/test/120.json,4,3072,2104.0,3072.0,12288.0,0.6848958333333334,0.17122395833333334,0.6848958333333334,0.5320733512441317,0.5461457719405493
llama4_maverick,hellaswag/test/120.json,8,3072,2507.0,3072.0,24576.0,0.8160807291666666,0.10201009114583333,0.8160807291666666,0.5320733512441317,0.5924464613199234
llama4_maverick,hellaswag/test/1202.json,1,3072,989.0,3072.0,3072.0,0.3219401041666667,0.3219401041666667,0.3219401041666667,0.45037789394458133,0.3219401041666667
llama4_maverick,hellaswag/test/1202.json,2,3072,1315.0,3072.0,6144.0,0.4280598958333333,0.21402994791666666,0.4280598958333333,0.45037789394458133,0.3888942400614421
llama4_maverick,hellaswag/test/1202.json,4,3072,1690.0,3072.0,12288.0,0.5501302083333334,0.13753255208333334,0.5501302083333334,0.45037789394458133,0.4462511017918587
llama4_maverick,hellaswag/test/1202.json,8,3072,2102.0,3072.0,24576.0,0.6842447916666666,0.08553059895833333,0.6842447916666666,0.45037789394458133,0.4939594392975171
llama4_maverick,hellaswag/test/1203.json,1,3072,1092.0,3072.0,3072.0,0.35546875,0.35546875,0.35546875,0.4963894486427307,0.35546875
llama4_maverick,hellaswag/test/1203.json,2,3072,1488.0,3072.0,6144.0,0.484375,0.2421875,0.484375,0.4963894486427307,0.4367995411157608
llama4_maverick,hellaswag/test/1203.json,4,3072,1920.0,3072.0,12288.0,0.625,0.15625,0.625,0.4963894486427307,0.5030952543020248
llama4_maverick,hellaswag/test/1203.json,8,3072,2285.0,3072.0,24576.0,0.7438151041666666,0.09297688802083333,0.7438151041666666,0.4963894486427307,0.5454061354200045
llama4_maverick,hellaswag/test/1206.json,1,3072,1053.0,3072.0,3072.0,0.3427734375,0.3427734375,0.3427734375,0.48997777203718823,0.3427734375
llama4_maverick,hellaswag/test/1206.json,2,3072,1494.0,3072.0,6144.0,0.486328125,0.2431640625,0.486328125,0.48997777203718823,0.43334635347127914
llama4_maverick,hellaswag/test/1206.json,4,3072,1903.0,3072.0,12288.0,0.6194661458333334,0.15486653645833334,0.6194661458333334,0.48997777203718823,0.4958760216832161
llama4_maverick,hellaswag/test/1206.json,8,3072,2302.0,3072.0,24576.0,0.7493489583333334,0.09366861979166667,0.7493489583333334,0.48997777203718823,0.5418283045291901
llama4_maverick,hellaswag/test/1207.json,1,3072,1091.0,3072.0,3072.0,0.3551432291666667,0.3551432291666667,0.3551432291666667,0.48677995800971985,0.3551432291666667
llama4_maverick,hellaswag/test/1207.json,2,3072,1474.0,3072.0,6144.0,0.4798177083333333,0.23990885416666666,0.4798177083333333,0.48677995800971985,0.43380407492319745
llama4_maverick,hellaswag/test/1207.json,4,3072,1821.0,3072.0,12288.0,0.5927734375,0.148193359375,0.5927734375,0.48677995800971985,0.4867616072297096
llama4_maverick,hellaswag/test/1207.json,8,3072,2192.0,3072.0,24576.0,0.7135416666666666,0.08919270833333333,0.7135416666666666,0.48677995800971985,0.5294772163033485
llama4_maverick,hellaswag/test/1215.json,1,3072,1093.0,3072.0,3072.0,0.3557942708333333,0.3557942708333333,0.3557942708333333,0.5164473354816437,0.3557942708333333
llama4_maverick,hellaswag/test/1215.json,2,3072,1610.0,3072.0,6144.0,0.5240885416666666,0.2620442708333333,0.5240885416666666,0.5164473354816437,0.46197614073753357
llama4_maverick,hellaswag/test/1215.json,4,3072,2077.0,3072.0,12288.0,0.6761067708333334,0.16902669270833334,0.6761067708333334,0.5164473354816437,0.533742792904377
llama4_maverick,hellaswag/test/1215.json,8,3072,2425.0,3072.0,24576.0,0.7893880208333334,0.09867350260416667,0.7893880208333334,0.5164473354816437,0.5738202134768168
llama4_maverick,hellaswag/test/1225.json,1,3072,1122.0,3072.0,3072.0,0.365234375,0.365234375,0.365234375,0.5047506888707479,0.365234375
llama4_maverick,hellaswag/test/1225.json,2,3072,1518.0,3072.0,6144.0,0.494140625,0.2470703125,0.494140625,0.5047506888707479,0.4465651636322339
llama4_maverick,hellaswag/test/1225.json,4,3072,1934.0,3072.0,12288.0,0.6295572916666666,0.15738932291666666,0.6295572916666666,0.5047506888707479,0.5105275015036265
llama4_maverick,hellaswag/test/1225.json,8,3072,2325.0,3072.0,24576.0,0.7568359375,0.0946044921875,0.7568359375,0.5047506888707479,0.5556265364090601
llama4_maverick,hellaswag/test/1231.json,1,3072,958.0,3072.0,3072.0,0.3118489583333333,0.3118489583333333,0.3118489583333333,0.4440452853838603,0.3118489583333333
llama4_maverick,hellaswag/test/1231.json,2,3072,1305.0,3072.0,6144.0,0.4248046875,0.21240234375,0.4248046875,0.4440452853838603,0.38311609625816345
llama4_maverick,hellaswag/test/1231.json,4,3072,1689.0,3072.0,12288.0,0.5498046875,0.137451171875,0.5498046875,0.4440452853838603,0.44182496269543964
llama4_maverick,hellaswag/test/1231.json,8,3072,2083.0,3072.0,24576.0,0.6780598958333334,0.08475748697916667,0.6780598958333334,0.4440452853838603,0.48728187878926593
llama4_maverick,hellaswag/test/1237.json,1,3072,1179.0,3072.0,3072.0,0.3837890625,0.3837890625,0.3837890625,0.5220693225661913,0.3837890625
llama4_maverick,hellaswag/test/1237.json,2,3072,1576.0,3072.0,6144.0,0.5130208333333334,0.2565104166666667,0.5130208333333334,0.5220693225661913,0.4653252412875493
llama4_maverick,hellaswag/test/1237.json,4,3072,1994.0,3072.0,12288.0,0.6490885416666666,0.16227213541666666,0.6490885416666666,0.5220693225661913,0.5294100070993105
llama4_maverick,hellaswag/test/1237.json,8,3072,2360.0,3072.0,24576.0,0.7682291666666666,0.09602864583333333,0.7682291666666666,0.5220693225661913,0.5714429418245951
llama4_maverick,hellaswag/test/1238.json,1,3072,1162.0,3072.0,3072.0,0.3782552083333333,0.3782552083333333,0.3782552083333333,0.5196508392691612,0.3782552083333333
llama4_maverick,hellaswag/test/1238.json,2,3072,1573.0,3072.0,6144.0,0.5120442708333334,0.2560221354166667,0.5120442708333334,0.5196508392691612,0.46266671270132065
llama4_maverick,hellaswag/test/1238.json,4,3072,2004.0,3072.0,12288.0,0.65234375,0.1630859375,0.65234375,0.5196508392691612,0.5288673614462217
llama4_maverick,hellaswag/test/1238.json,8,3072,2369.0,3072.0,24576.0,0.7711588541666666,0.09639485677083333,0.7711588541666666,0.5196508392691612,0.5709188307325045
llama4_maverick,hellaswag/test/124.json,1,3072,1166.0,3072.0,3072.0,0.3795572916666667,0.3795572916666667,0.3795572916666667,0.5373153388500214,0.3795572916666667
llama4_maverick,hellaswag/test/124.json,2,3072,1639.0,3072.0,6144.0,0.5335286458333334,0.2667643229166667,0.5335286458333334,0.5373153388500214,0.4767024020353953
llama4_maverick,hellaswag/test/124.json,4,3072,2120.0,3072.0,12288.0,0.6901041666666666,0.17252604166666666,0.6901041666666666,0.5373153388500214,0.5503640820582708
llama4_maverick,hellaswag/test/124.json,8,3072,2539.0,3072.0,24576.0,0.8264973958333334,0.10331217447916667,0.8264973958333334,0.5373153388500214,0.5984670023123423
llama4_maverick,hellaswag/test/1243.json,1,2160,930.0,2160.0,2160.0,0.4305555555555556,0.4305555555555556,0.4305555555555556,0.5712479361781367,0.4305555555555556
llama4_maverick,hellaswag/test/1243.json,2,2160,1240.0,2160.0,4320.0,0.5740740740740741,0.28703703703703703,0.5740740740740741,0.5712479361781367,0.5211056709289551
llama4_maverick,hellaswag/test/1243.json,4,2160,1543.0,2160.0,8640.0,0.7143518518518519,0.17858796296296298,0.7143518518518519,0.5712479361781367,0.5872648751294172
llama4_maverick,hellaswag/test/1243.json,8,2160,1756.0,2160.0,17280.0,0.812962962962963,0.10162037037037037,0.812962962962963,0.5712479361781367,0.6222098950986509
llama4_maverick,hellaswag/test/1249.json,1,3072,1127.0,3072.0,3072.0,0.3668619791666667,0.3668619791666667,0.3668619791666667,0.5046632836262385,0.3668619791666667
llama4_maverick,hellaswag/test/1249.json,2,3072,1501.0,3072.0,6144.0,0.4886067708333333,0.24430338541666666,0.4886067708333333,0.5046632836262385,0.44367439299821854
llama4_maverick,hellaswag/test/1249.json,4,3072,1943.0,3072.0,12288.0,0.6324869791666666,0.15812174479166666,0.6324869791666666,0.5046632836262385,0.5118685017029444
llama4_maverick,hellaswag/test/1249.json,8,3072,2305.0,3072.0,24576.0,0.7503255208333334,0.09379069010416667,0.7503255208333334,0.5046632836262385,0.5536664997537931
llama4_maverick,hellaswag/test/1255.json,1,3072,1037.0,3072.0,3072.0,0.3375651041666667,0.3375651041666667,0.3375651041666667,0.46521225571632385,0.3375651041666667
llama4_maverick,hellaswag/test/1255.json,2,3072,1374.0,3072.0,6144.0,0.447265625,0.2236328125,0.447265625,0.46521225571632385,0.4067784324288368
llama4_maverick,hellaswag/test/1255.json,4,3072,1724.0,3072.0,12288.0,0.5611979166666666,0.14029947916666666,0.5611979166666666,0.46521225571632385,0.46038220326105755
llama4_maverick,hellaswag/test/1255.json,8,3072,2125.0,3072.0,24576.0,0.6917317708333334,0.08646647135416667,0.6917317708333334,0.46521225571632385,0.5068492194016775
llama4_maverick,hellaswag/test/1259.json,1,3072,1078.0,3072.0,3072.0,0.3509114583333333,0.3509114583333333,0.3509114583333333,0.48768942803144455,0.3509114583333333
llama4_maverick,hellaswag/test/1259.json,2,3072,1465.0,3072.0,6144.0,0.4768880208333333,0.23844401041666666,0.4768880208333333,0.48768942803144455,0.4303938200076421
llama4_maverick,hellaswag/test/1259.json,4,3072,1859.0,3072.0,12288.0,0.6051432291666666,0.15128580729166666,0.6051432291666666,0.48768942803144455,0.4912944535414378
llama4_maverick,hellaswag/test/1259.json,8,3072,2234.0,3072.0,24576.0,0.7272135416666666,0.09090169270833333,0.7272135416666666,0.48768942803144455,0.5343704745173454
llama4_maverick,hellaswag/test/1274.json,1,3072,1055.0,3072.0,3072.0,0.3434244791666667,0.3434244791666667,0.3434244791666667,0.4819207042455673,0.3434244791666667
llama4_maverick,hellaswag/test/1274.json,2,3072,1476.0,3072.0,6144.0,0.48046875,0.240234375,0.48046875,0.4819207042455673,0.42988978574673337
llama4_maverick,hellaswag/test/1274.json,4,3072,1835.0,3072.0,12288.0,0.5973307291666666,0.14933268229166666,0.5973307291666666,0.4819207042455673,0.48507124682267505
llama4_maverick,hellaswag/test/1274.json,8,3072,2204.0,3072.0,24576.0,0.7174479166666666,0.08968098958333333,0.7174479166666666,0.4819207042455673,0.5274387324849764
llama4_maverick,hellaswag/test/128.json,1,3072,1100.0,3072.0,3072.0,0.3580729166666667,0.3580729166666667,0.3580729166666667,0.4960613225897153,0.3580729166666667
llama4_maverick,hellaswag/test/128.json,2,3072,1497.0,3072.0,6144.0,0.4873046875,0.24365234375,0.4873046875,0.4960613225897153,0.4396090904871623
llama4_maverick,hellaswag/test/128.json,4,3072,1891.0,3072.0,12288.0,0.6155598958333334,0.15388997395833334,0.6155598958333334,0.4960613225897153,0.4999004403750102
llama4_maverick,hellaswag/test/128.json,8,3072,2258.0,3072.0,24576.0,0.7350260416666666,0.09187825520833333,0.7350260416666666,0.4960613225897153,0.5420808866620064
llama4_maverick,hellaswag/test/1283.json,1,3072,1073.0,3072.0,3072.0,0.3492838541666667,0.3492838541666667,0.3492838541666667,0.45817569891611737,0.3492838541666667
llama4_maverick,hellaswag/test/1283.json,2,3072,1378.0,3072.0,6144.0,0.4485677083333333,0.22428385416666666,0.4485677083333333,0.45817569891611737,0.4119249979654948
llama4_maverick,hellaswag/test/1283.json,4,3072,1643.0,3072.0,12288.0,0.5348307291666666,0.13370768229166666,0.5348307291666666,0.45817569891611737,0.45264192173878354
llama4_maverick,hellaswag/test/1283.json,8,3072,1956.0,3072.0,24576.0,0.63671875,0.07958984375,0.63671875,0.45817569891611737,0.48866138110558194
llama4_maverick,hellaswag/test/1285.json,1,3072,1055.0,3072.0,3072.0,0.3434244791666667,0.3434244791666667,0.3434244791666667,0.48676110555728275,0.3434244791666667
llama4_maverick,hellaswag/test/1285.json,2,3072,1470.0,3072.0,6144.0,0.478515625,0.2392578125,0.478515625,0.48676110555728275,0.42865750441948575
llama4_maverick,hellaswag/test/1285.json,4,3072,1898.0,3072.0,12288.0,0.6178385416666666,0.15445963541666666,0.6178385416666666,0.48676110555728275,0.49412163843711215
llama4_maverick,hellaswag/test/1285.json,8,3072,2237.0,3072.0,24576.0,0.7281901041666666,0.09102376302083333,0.7281901041666666,0.48676110555728275,0.5334293022751808
llama4_maverick,hellaswag/test/1287.json,1,3072,1069.0,3072.0,3072.0,0.3479817708333333,0.3479817708333333,0.3479817708333333,0.48889296253522235,0.3479817708333333
llama4_maverick,hellaswag/test/1287.json,2,3072,1466.0,3072.0,6144.0,0.4772135416666667,0.23860677083333334,0.4772135416666667,0.48889296253522235,0.4295179446538289
llama4_maverick,hellaswag/test/1287.json,4,3072,1886.0,3072.0,12288.0,0.6139322916666666,0.15348307291666666,0.6139322916666666,0.48889296253522235,0.4943118517597516
llama4_maverick,hellaswag/test/1287.json,8,3072,2267.0,3072.0,24576.0,0.7379557291666666,0.09224446614583333,0.7379557291666666,0.48889296253522235,0.5381682788332304
llama4_maverick,hellaswag/test/1310.json,1,3072,1051.0,3072.0,3072.0,0.3421223958333333,0.3421223958333333,0.3421223958333333,0.48234428217013675,0.3421223958333333
llama4_maverick,hellaswag/test/1310.json,2,3072,1449.0,3072.0,6144.0,0.4716796875,0.23583984375,0.4716796875,0.48234428217013675,0.42386394739151
llama4_maverick,hellaswag/test/1310.json,4,3072,1854.0,3072.0,12288.0,0.603515625,0.15087890625,0.603515625,0.48234428217013675,0.486171322564284
llama4_maverick,hellaswag/test/1310.json,8,3072,2244.0,3072.0,24576.0,0.73046875,0.09130859375,0.73046875,0.48234428217013675,0.5308682521184286
llama4_maverick,hellaswag/test/1311.json,1,3072,1079.0,3072.0,3072.0,0.3512369791666667,0.3512369791666667,0.3512369791666667,0.5013631706436475,0.3512369791666667
llama4_maverick,hellaswag/test/1311.json,2,3072,1507.0,3072.0,6144.0,0.4905598958333333,0.24527994791666666,0.4905598958333333,0.5013631706436475,0.4391399597128232
llama4_maverick,hellaswag/test/1311.json,4,3072,1980.0,3072.0,12288.0,0.64453125,0.1611328125,0.64453125,0.5013631706436475,0.5121539781490961
llama4_maverick,hellaswag/test/1311.json,8,3072,2373.0,3072.0,24576.0,0.7724609375,0.0965576171875,0.7724609375,0.5013631706436475,0.5572101175785065
llama4_maverick,hellaswag/test/1312.json,1,3072,1043.0,3072.0,3072.0,0.3395182291666667,0.3395182291666667,0.3395182291666667,0.47053659707307816,0.3395182291666667
llama4_maverick,hellaswag/test/1312.json,2,3072,1395.0,3072.0,6144.0,0.4541015625,0.22705078125,0.4541015625,0.47053659707307816,0.41181227068106335
llama4_maverick,hellaswag/test/1312.json,4,3072,1785.0,3072.0,12288.0,0.5810546875,0.145263671875,0.5810546875,0.47053659707307816,0.47147512684265774
llama4_maverick,hellaswag/test/1312.json,8,3072,2165.0,3072.0,24576.0,0.7047526041666666,0.08809407552083333,0.7047526041666666,0.47053659707307816,0.5150054916739464
llama4_maverick,hellaswag/test/1313.json,1,3072,1105.0,3072.0,3072.0,0.3597005208333333,0.3597005208333333,0.3597005208333333,0.49200065185626346,0.3597005208333333
llama4_maverick,hellaswag/test/1313.json,2,3072,1446.0,3072.0,6144.0,0.470703125,0.2353515625,0.470703125,0.49200065185626346,0.4297353724638621
llama4_maverick,hellaswag/test/1313.json,4,3072,1880.0,3072.0,12288.0,0.6119791666666666,0.15299479166666666,0.6119791666666666,0.49200065185626346,0.49642429997523624
llama4_maverick,hellaswag/test/1313.json,8,3072,2234.0,3072.0,24576.0,0.7272135416666666,0.09090169270833333,0.7272135416666666,0.49200065185626346,0.537278858323892
llama4_maverick,hellaswag/test/1331.json,1,3072,1096.0,3072.0,3072.0,0.3567708333333333,0.3567708333333333,0.3567708333333333,0.484964353342851,0.3567708333333333
llama4_maverick,hellaswag/test/1331.json,2,3072,1466.0,3072.0,6144.0,0.4772135416666667,0.23860677083333334,0.4772135416666667,0.484964353342851,0.43276172628005344
llama4_maverick,hellaswag/test/1331.json,4,3072,1825.0,3072.0,12288.0,0.5940755208333334,0.14851888020833334,0.5940755208333334,0.484964353342851,0.4879206096132596
llama4_maverick,hellaswag/test/1331.json,8,3072,2167.0,3072.0,24576.0,0.7054036458333334,0.08817545572916667,0.7054036458333334,0.484964353342851,0.5274194677670797
llama4_maverick,hellaswag/test/1332.json,1,3072,1163.0,3072.0,3072.0,0.3785807291666667,0.3785807291666667,0.3785807291666667,0.522334856291612,0.3785807291666667
llama4_maverick,hellaswag/test/1332.json,2,3072,1573.0,3072.0,6144.0,0.5120442708333334,0.2560221354166667,0.5120442708333334,0.522334856291612,0.46278685828049976
llama4_maverick,hellaswag/test/1332.json,4,3072,2000.0,3072.0,12288.0,0.6510416666666666,0.16276041666666666,0.6510416666666666,0.522334856291612,0.52862981458505
llama4_maverick,hellaswag/test/1332.json,8,3072,2404.0,3072.0,24576.0,0.7825520833333334,0.09781901041666667,0.7825520833333334,0.522334856291612,0.5755788584550222
llama4_maverick,hellaswag/test/1344.json,1,3072,1113.0,3072.0,3072.0,0.3623046875,0.3623046875,0.3623046875,0.5020920485258102,0.3623046875
llama4_maverick,hellaswag/test/1344.json,2,3072,1518.0,3072.0,6144.0,0.494140625,0.2470703125,0.494140625,0.5020920485258102,0.4454839030901591
llama4_maverick,hellaswag/test/1344.json,4,3072,1919.0,3072.0,12288.0,0.6246744791666666,0.15616861979166666,0.6246744791666666,0.5020920485258102,0.506801741818587
llama4_maverick,hellaswag/test/1344.json,8,3072,2311.0,3072.0,24576.0,0.7522786458333334,0.09403483072916667,0.7522786458333334,0.5020920485258102,0.5520947823921839
llama4_maverick,hellaswag/test/1347.json,1,3072,1194.0,3072.0,3072.0,0.388671875,0.388671875,0.388671875,0.5327267919977506,0.388671875
llama4_maverick,hellaswag/test/1347.json,2,3072,1625.0,3072.0,6144.0,0.5289713541666666,0.2644856770833333,0.5289713541666666,0.5327267919977506,0.4771909912427266
llama4_maverick,hellaswag/test/1347.json,4,3072,2068.0,3072.0,12288.0,0.6731770833333334,0.16829427083333334,0.6731770833333334,0.5327267919977506,0.5450739686687788
llama4_maverick,hellaswag/test/1347.json,8,3072,2419.0,3072.0,24576.0,0.7874348958333334,0.09842936197916667,0.7874348958333334,0.5327267919977506,0.5855815758307775
llama4_maverick,hellaswag/test/1365.json,1,3072,1166.0,3072.0,3072.0,0.3795572916666667,0.3795572916666667,0.3795572916666667,0.5225075706839561,0.3795572916666667
llama4_maverick,hellaswag/test/1365.json,2,3072,1598.0,3072.0,6144.0,0.5201822916666666,0.2600911458333333,0.5201822916666666,0.5225075706839561,0.4682817906141281
llama4_maverick,hellaswag/test/1365.json,4,3072,2023.0,3072.0,12288.0,0.6585286458333334,0.16463216145833334,0.6585286458333334,0.5225075706839561,0.5336412663261095
llama4_maverick,hellaswag/test/1365.json,8,3072,2358.0,3072.0,24576.0,0.767578125,0.095947265625,0.767578125,0.5225075706839561,0.5721206963062286
llama4_maverick,hellaswag/test/1380.json,1,3072,983.0,3072.0,3072.0,0.3199869791666667,0.3199869791666667,0.3199869791666667,0.45852861056725186,0.3199869791666667
llama4_maverick,hellaswag/test/1380.json,2,3072,1372.0,3072.0,6144.0,0.4466145833333333,0.22330729166666666,0.4466145833333333,0.45852861056725186,0.3998800963163376
llama4_maverick,hellaswag/test/1380.json,4,3072,1766.0,3072.0,12288.0,0.5748697916666666,0.14371744791666666,0.5748697916666666,0.45852861056725186,0.4604648103316625
llama4_maverick,hellaswag/test/1380.json,8,3072,2145.0,3072.0,24576.0,0.6982421875,0.0872802734375,0.6982421875,0.45852861056725186,0.5040625507632891
llama4_maverick,hellaswag/test/1387.json,1,3072,1063.0,3072.0,3072.0,0.3460286458333333,0.3460286458333333,0.3460286458333333,0.48877068360646564,0.3460286458333333
llama4_maverick,hellaswag/test/1387.json,2,3072,1462.0,3072.0,6144.0,0.4759114583333333,0.23795572916666666,0.4759114583333333,0.48877068360646564,0.4279755800962448
llama4_maverick,hellaswag/test/1387.json,4,3072,1890.0,3072.0,12288.0,0.615234375,0.15380859375,0.615234375,0.48877068360646564,0.4941844120621681
llama4_maverick,hellaswag/test/1387.json,8,3072,2286.0,3072.0,24576.0,0.744140625,0.093017578125,0.744140625,0.48877068360646564,0.5397395864129066
llama4_maverick,hellaswag/test/1392.json,1,3072,1162.0,3072.0,3072.0,0.3782552083333333,0.3782552083333333,0.3782552083333333,0.508223960796992,0.3782552083333333
llama4_maverick,hellaswag/test/1392.json,2,3072,1512.0,3072.0,6144.0,0.4921875,0.24609375,0.4921875,0.508223960796992,0.4501384844382604
llama4_maverick,hellaswag/test/1392.json,4,3072,1927.0,3072.0,12288.0,0.6272786458333334,0.15681966145833334,0.6272786458333334,0.508223960796992,0.5134416048725446
llama4_maverick,hellaswag/test/1392.json,8,3072,2289.0,3072.0,24576.0,0.7451171875,0.0931396484375,0.7451171875,0.508223960796992,0.5551005254189173
llama4_maverick,hellaswag/test/1397.json,1,3072,931.0,3072.0,3072.0,0.3030598958333333,0.3030598958333333,0.3030598958333333,0.44020767758289975,0.3030598958333333
llama4_maverick,hellaswag/test/1397.json,2,3072,1305.0,3072.0,6144.0,0.4248046875,0.21240234375,0.4248046875,0.44020767758289975,0.37987231214841205
llama4_maverick,hellaswag/test/1397.json,4,3072,1687.0,3072.0,12288.0,0.5491536458333334,0.13728841145833334,0.5491536458333334,0.44020767758289975,0.43793973326683044
llama4_maverick,hellaswag/test/1397.json,8,3072,2109.0,3072.0,24576.0,0.6865234375,0.0858154296875,0.6865234375,0.44020767758289975,0.48632436742385227
llama4_maverick,hellaswag/test/1419.json,1,3072,1146.0,3072.0,3072.0,0.373046875,0.373046875,0.373046875,0.5094086850682894,0.373046875
llama4_maverick,hellaswag/test/1419.json,2,3072,1521.0,3072.0,6144.0,0.4951171875,0.24755859375,0.4951171875,0.5094086850682894,0.45006467153628665
llama4_maverick,hellaswag/test/1419.json,4,3072,1954.0,3072.0,12288.0,0.6360677083333334,0.15901692708333334,0.6360677083333334,0.5094086850682894,0.5163200447956721
llama4_maverick,hellaswag/test/1419.json,8,3072,2305.0,3072.0,24576.0,0.7503255208333334,0.09379069010416667,0.7503255208333334,0.5094086850682894,0.5570100545883179
llama4_maverick,hellaswag/test/1433.json,1,3072,1105.0,3072.0,3072.0,0.3597005208333333,0.3597005208333333,0.3597005208333333,0.5025888582070669,0.3597005208333333
llama4_maverick,hellaswag/test/1433.json,2,3072,1477.0,3072.0,6144.0,0.4807942708333333,0.24039713541666666,0.4807942708333333,0.5025888582070669,0.4361021767059962
llama4_maverick,hellaswag/test/1433.json,4,3072,1960.0,3072.0,12288.0,0.6380208333333334,0.15950520833333334,0.6380208333333334,0.5025888582070669,0.5103376110394796
llama4_maverick,hellaswag/test/1433.json,8,3072,2369.0,3072.0,24576.0,0.7711588541666666,0.09639485677083333,0.7711588541666666,0.5025888582070669,0.557265376051267
llama4_maverick,hellaswag/test/1436.json,1,3072,1098.0,3072.0,3072.0,0.357421875,0.357421875,0.357421875,0.4895055865248044,0.357421875
llama4_maverick,hellaswag/test/1436.json,2,3072,1447.0,3072.0,6144.0,0.4710286458333333,0.23551432291666666,0.4710286458333333,0.4895055865248044,0.42909977833429974
llama4_maverick,hellaswag/test/1436.json,4,3072,1849.0,3072.0,12288.0,0.6018880208333334,0.15047200520833334,0.6018880208333334,0.4895055865248044,0.4908962920308113
llama4_maverick,hellaswag/test/1436.json,8,3072,2237.0,3072.0,24576.0,0.7281901041666666,0.09102376302083333,0.7281901041666666,0.4895055865248044,0.5355345358451208
llama4_maverick,hellaswag/test/1438.json,1,3072,1129.0,3072.0,3072.0,0.3675130208333333,0.3675130208333333,0.3675130208333333,0.5003633995850881,0.3675130208333333
llama4_maverick,hellaswag/test/1438.json,2,3072,1512.0,3072.0,6144.0,0.4921875,0.24609375,0.4921875,0.5003633995850881,0.44617387900749844
llama4_maverick,hellaswag/test/1438.json,4,3072,1890.0,3072.0,12288.0,0.615234375,0.15380859375,0.615234375,0.5003633995850881,0.50483138859272
llama4_maverick,hellaswag/test/1438.json,8,3072,2231.0,3072.0,24576.0,0.7262369791666666,0.09077962239583333,0.7262369791666666,0.5003633995850881,0.5441253160436949
llama4_maverick,hellaswag/test/1460.json,1,3072,954.0,3072.0,3072.0,0.310546875,0.310546875,0.310546875,0.46477559208869934,0.310546875
llama4_maverick,hellaswag/test/1460.json,2,3072,1384.0,3072.0,6144.0,0.4505208333333333,0.22526041666666666,0.4505208333333333,0.46477559208869934,0.3988606110215187
llama4_maverick,hellaswag/test/1460.json,4,3072,1846.0,3072.0,12288.0,0.6009114583333334,0.15022786458333334,0.6009114583333334,0.46477559208869934,0.46988116453091305
llama4_maverick,hellaswag/test/1460.json,8,3072,2301.0,3072.0,24576.0,0.7490234375,0.0936279296875,0.7490234375,0.46477559208869934,0.5222355971733729
llama4_maverick,hellaswag/test/1462.json,1,3072,1035.0,3072.0,3072.0,0.3369140625,0.3369140625,0.3369140625,0.48463847984870273,0.3369140625
llama4_maverick,hellaswag/test/1462.json,2,3072,1450.0,3072.0,6144.0,0.4720052083333333,0.23600260416666666,0.4720052083333333,0.48463847984870273,0.4221470852692922
llama4_maverick,hellaswag/test/1462.json,4,3072,1917.0,3072.0,12288.0,0.6240234375,0.156005859375,0.6240234375,0.48463847984870273,0.4936881015698115
llama4_maverick,hellaswag/test/1462.json,8,3072,2307.0,3072.0,24576.0,0.7509765625,0.0938720703125,0.7509765625,0.48463847984870273,0.5384349475304285
llama4_maverick,hellaswag/test/1469.json,1,3072,1036.0,3072.0,3072.0,0.3372395833333333,0.3372395833333333,0.3372395833333333,0.4774736985564232,0.3372395833333333
llama4_maverick,hellaswag/test/1469.json,2,3072,1405.0,3072.0,6144.0,0.4573567708333333,0.22867838541666666,0.4573567708333333,0.4774736985564232,0.4130251035094261
llama4_maverick,hellaswag/test/1469.json,4,3072,1849.0,3072.0,12288.0,0.6018880208333334,0.15047200520833334,0.6018880208333334,0.4774736985564232,0.4817026952902476
llama4_maverick,hellaswag/test/1469.json,8,3072,2248.0,3072.0,24576.0,0.7317708333333334,0.09147135416666667,0.7317708333333334,0.4774736985564232,0.5277491783102354
llama4_maverick,hellaswag/test/1477.json,1,3072,900.0,3072.0,3072.0,0.29296875,0.29296875,0.29296875,0.4335452988743782,0.29296875
llama4_maverick,hellaswag/test/1477.json,2,3072,1278.0,3072.0,6144.0,0.416015625,0.2080078125,0.416015625,0.4335452988743782,0.37060268719991046
llama4_maverick,hellaswag/test/1477.json,4,3072,1667.0,3072.0,12288.0,0.5426432291666666,0.13566080729166666,0.5426432291666666,0.4335452988743782,0.4301027978459994
llama4_maverick,hellaswag/test/1477.json,8,3072,2107.0,3072.0,24576.0,0.6858723958333334,0.08573404947916667,0.6858723958333334,0.4335452988743782,0.4803168723980586
llama4_maverick,hellaswag/test/1480.json,1,3072,1105.0,3072.0,3072.0,0.3597005208333333,0.3597005208333333,0.3597005208333333,0.4995008284846942,0.3597005208333333
llama4_maverick,hellaswag/test/1480.json,2,3072,1510.0,3072.0,6144.0,0.4915364583333333,0.24576822916666666,0.4915364583333333,0.4995008284846942,0.44287973642349243
llama4_maverick,hellaswag/test/1480.json,4,3072,1904.0,3072.0,12288.0,0.6197916666666666,0.15494791666666666,0.6197916666666666,0.4995008284846942,0.5036675458153089
llama4_maverick,hellaswag/test/1480.json,8,3072,2294.0,3072.0,24576.0,0.7467447916666666,0.09334309895833333,0.7467447916666666,0.4995008284846942,0.548586517572403
llama4_maverick,hellaswag/test/1485.json,1,3072,1132.0,3072.0,3072.0,0.3684895833333333,0.3684895833333333,0.3684895833333333,0.5096708064277967,0.3684895833333333
llama4_maverick,hellaswag/test/1485.json,2,3072,1533.0,3072.0,6144.0,0.4990234375,0.24951171875,0.4990234375,0.5096708064277967,0.45084728052218753
llama4_maverick,hellaswag/test/1485.json,4,3072,1956.0,3072.0,12288.0,0.63671875,0.1591796875,0.63671875,0.5096708064277967,0.5158361047506332
llama4_maverick,hellaswag/test/1485.json,8,3072,2359.0,3072.0,24576.0,0.7679036458333334,0.09598795572916667,0.7679036458333334,0.5096708064277967,0.5625623861948649
llama4_maverick,hellaswag/test/1490.json,1,3072,1141.0,3072.0,3072.0,0.3714192708333333,0.3714192708333333,0.3714192708333333,0.5190240144729614,0.3714192708333333
llama4_maverick,hellaswag/test/1490.json,2,3072,1575.0,3072.0,6144.0,0.5126953125,0.25634765625,0.5126953125,0.5190240144729614,0.46055453022321063
llama4_maverick,hellaswag/test/1490.json,4,3072,2007.0,3072.0,12288.0,0.6533203125,0.163330078125,0.6533203125,0.5190240144729614,0.5274144088228544
llama4_maverick,hellaswag/test/1490.json,8,3072,2403.0,3072.0,24576.0,0.7822265625,0.0977783203125,0.7822265625,0.5190240144729614,0.5734906643629074
llama4_maverick,hellaswag/test/1493.json,1,3072,949.0,3072.0,3072.0,0.3089192708333333,0.3089192708333333,0.3089192708333333,0.45758555829524994,0.3089192708333333
llama4_maverick,hellaswag/test/1493.json,2,3072,1376.0,3072.0,6144.0,0.4479166666666667,0.22395833333333334,0.4479166666666667,0.45758555829524994,0.396616871158282
llama4_maverick,hellaswag/test/1493.json,4,3072,1802.0,3072.0,12288.0,0.5865885416666666,0.14664713541666666,0.5865885416666666,0.45758555829524994,0.46195857723553974
llama4_maverick,hellaswag/test/1493.json,8,3072,2211.0,3072.0,24576.0,0.7197265625,0.0899658203125,0.7197265625,0.45758555829524994,0.5091320226589838
llama4_maverick,hellaswag/test/1496.json,1,3072,1062.0,3072.0,3072.0,0.345703125,0.345703125,0.345703125,0.48246271659930545,0.345703125
llama4_maverick,hellaswag/test/1496.json,2,3072,1463.0,3072.0,6144.0,0.4762369791666667,0.23811848958333334,0.4762369791666667,0.48246271659930545,0.4280608246723811
llama4_maverick,hellaswag/test/1496.json,4,3072,1840.0,3072.0,12288.0,0.5989583333333334,0.14973958333333334,0.5989583333333334,0.48246271659930545,0.48558524002631503
llama4_maverick,hellaswag/test/1496.json,8,3072,2232.0,3072.0,24576.0,0.7265625,0.0908203125,0.7265625,0.48246271659930545,0.5308144465088844
llama4_maverick,hellaswag/test/1499.json,1,3072,1162.0,3072.0,3072.0,0.3782552083333333,0.3782552083333333,0.3782552083333333,0.5171097293496132,0.3782552083333333
llama4_maverick,hellaswag/test/1499.json,2,3072,1577.0,3072.0,6144.0,0.5133463541666666,0.2566731770833333,0.5133463541666666,0.5171097293496132,0.46348823606967926
llama4_maverick,hellaswag/test/1499.json,4,3072,1968.0,3072.0,12288.0,0.640625,0.16015625,0.640625,0.5171097293496132,0.5238554601867994
llama4_maverick,hellaswag/test/1499.json,8,3072,2314.0,3072.0,24576.0,0.7532552083333334,0.09415690104166667,0.7532552083333334,0.5171097293496132,0.5636408006151518
llama4_maverick,hellaswag/test/15.json,1,3072,1084.0,3072.0,3072.0,0.3528645833333333,0.3528645833333333,0.3528645833333333,0.4976058875521024,0.3528645833333333
llama4_maverick,hellaswag/test/15.json,2,3072,1503.0,3072.0,6144.0,0.4892578125,0.24462890625,0.4892578125,0.4976058875521024,0.4389191394050916
llama4_maverick,hellaswag/test/15.json,4,3072,1932.0,3072.0,12288.0,0.62890625,0.1572265625,0.62890625,0.4976058875521024,0.5050650586684545
llama4_maverick,hellaswag/test/15.json,8,3072,2311.0,3072.0,24576.0,0.7522786458333334,0.09403483072916667,0.7522786458333334,0.4976058875521024,0.5488621989885966
llama4_maverick,hellaswag/test/152.json,1,3072,877.0,3072.0,3072.0,0.2854817708333333,0.2854817708333333,0.2854817708333333,0.4272615859905879,0.2854817708333333
llama4_maverick,hellaswag/test/152.json,2,3072,1270.0,3072.0,6144.0,0.4134114583333333,0.20670572916666666,0.4134114583333333,0.4272615859905879,0.3661964163184166
llama4_maverick,hellaswag/test/152.json,4,3072,1687.0,3072.0,12288.0,0.5491536458333334,0.13728841145833334,0.5491536458333334,0.4272615859905879,0.43005072325468063
llama4_maverick,hellaswag/test/152.json,8,3072,2053.0,3072.0,24576.0,0.6682942708333334,0.08353678385416667,0.6682942708333334,0.4272615859905879,0.4719790567954381
llama4_maverick,hellaswag/test/1552.json,1,3072,1076.0,3072.0,3072.0,0.3502604166666667,0.3502604166666667,0.3502604166666667,0.49198053777217865,0.3502604166666667
llama4_maverick,hellaswag/test/1552.json,2,3072,1498.0,3072.0,6144.0,0.4876302083333333,0.24381510416666666,0.4876302083333333,0.49198053777217865,0.4369311183691025
llama4_maverick,hellaswag/test/1552.json,4,3072,1901.0,3072.0,12288.0,0.6188151041666666,0.15470377604166666,0.6188151041666666,0.49198053777217865,0.49846163143714267
llama4_maverick,hellaswag/test/1552.json,8,3072,2262.0,3072.0,24576.0,0.736328125,0.092041015625,0.736328125,0.49198053777217865,0.5399850358565649
llama4_maverick,hellaswag/test/1556.json,1,3072,969.0,3072.0,3072.0,0.3154296875,0.3154296875,0.3154296875,0.45354745785395306,0.3154296875
llama4_maverick,hellaswag/test/1556.json,2,3072,1335.0,3072.0,6144.0,0.4345703125,0.21728515625,0.4345703125,0.45354745785395306,0.3905990521113078
llama4_maverick,hellaswag/test/1556.json,4,3072,1738.0,3072.0,12288.0,0.5657552083333334,0.14143880208333334,0.5657552083333334,0.45354745785395306,0.45246807485818863
llama4_maverick,hellaswag/test/1556.json,8,3072,2163.0,3072.0,24576.0,0.7041015625,0.0880126953125,0.7041015625,0.45354745785395306,0.5012966866294543
llama4_maverick,hellaswag/test/156.json,1,3072,985.0,3072.0,3072.0,0.3206380208333333,0.3206380208333333,0.3206380208333333,0.4690137008825938,0.3206380208333333
llama4_maverick,hellaswag/test/156.json,2,3072,1413.0,3072.0,6144.0,0.4599609375,0.22998046875,0.4599609375,0.4690137008825938,0.4085410038630168
llama4_maverick,hellaswag/test/156.json,4,3072,1841.0,3072.0,12288.0,0.5992838541666666,0.14982096354166666,0.5992838541666666,0.4690137008825938,0.4742759292324384
llama4_maverick,hellaswag/test/156.json,8,3072,2250.0,3072.0,24576.0,0.732421875,0.091552734375,0.732421875,0.4690137008825938,0.52126394957304
llama4_maverick,hellaswag/test/1562.json,1,3072,1102.0,3072.0,3072.0,0.3587239583333333,0.3587239583333333,0.3587239583333333,0.49523115654786426,0.3587239583333333
llama4_maverick,hellaswag/test/1562.json,2,3072,1486.0,3072.0,6144.0,0.4837239583333333,0.24186197916666666,0.4837239583333333,0.49523115654786426,0.4375901793440183
llama4_maverick,hellaswag/test/1562.json,4,3072,1891.0,3072.0,12288.0,0.6155598958333334,0.15388997395833334,0.6155598958333334,0.49523115654786426,0.4995139290889104
llama4_maverick,hellaswag/test/1562.json,8,3072,2264.0,3072.0,24576.0,0.7369791666666666,0.09212239583333333,0.7369791666666666,0.49523115654786426,0.5425857504208883
llama4_maverick,hellaswag/test/1564.json,1,3072,1178.0,3072.0,3072.0,0.3834635416666667,0.3834635416666667,0.3834635416666667,0.5192649339636167,0.3834635416666667
llama4_maverick,hellaswag/test/1564.json,2,3072,1585.0,3072.0,6144.0,0.5159505208333334,0.2579752604166667,0.5159505208333334,0.5192649339636167,0.46705352266629535
llama4_maverick,hellaswag/test/1564.json,4,3072,1988.0,3072.0,12288.0,0.6471354166666666,0.16178385416666666,0.6471354166666666,0.5192649339636167,0.5291707739233971
llama4_maverick,hellaswag/test/1564.json,8,3072,2303.0,3072.0,24576.0,0.7496744791666666,0.09370930989583333,0.7496744791666666,0.5192649339636167,0.565190759797891
llama4_maverick,hellaswag/test/1566.json,1,3072,1238.0,3072.0,3072.0,0.4029947916666667,0.4029947916666667,0.4029947916666667,0.5445587038993835,0.4029947916666667
llama4_maverick,hellaswag/test/1566.json,2,3072,1673.0,3072.0,6144.0,0.5445963541666666,0.2722981770833333,0.5445963541666666,0.5445587038993835,0.4923354337612788
llama4_maverick,hellaswag/test/1566.json,4,3072,2107.0,3072.0,12288.0,0.6858723958333334,0.17146809895833334,0.6858723958333334,0.5445587038993835,0.5592049037416776
llama4_maverick,hellaswag/test/1566.json,8,3072,2406.0,3072.0,24576.0,0.783203125,0.097900390625,0.783203125,0.5445587038993835,0.5937532782554626
llama4_maverick,hellaswag/test/1570.json,1,3072,1152.0,3072.0,3072.0,0.375,0.375,0.375,0.5073677822947502,0.375
llama4_maverick,hellaswag/test/1570.json,2,3072,1506.0,3072.0,6144.0,0.490234375,0.2451171875,0.490234375,0.5073677822947502,0.4477048044403394
llama4_maverick,hellaswag/test/1570.json,4,3072,1937.0,3072.0,12288.0,0.6305338541666666,0.15763346354166666,0.6305338541666666,0.5073677822947502,0.5136572321256002
llama4_maverick,hellaswag/test/1570.json,8,3072,2296.0,3072.0,24576.0,0.7473958333333334,0.09342447916666667,0.7473958333333334,0.5073677822947502,0.5551066299279531
llama4_maverick,hellaswag/test/1571.json,1,3072,1053.0,3072.0,3072.0,0.3427734375,0.3427734375,0.3427734375,0.4786536345879237,0.3427734375
llama4_maverick,hellaswag/test/1571.json,2,3072,1425.0,3072.0,6144.0,0.4638671875,0.23193359375,0.4638671875,0.4786536345879237,0.41917508592208225
llama4_maverick,hellaswag/test/1571.json,4,3072,1823.0,3072.0,12288.0,0.5934244791666666,0.14835611979166666,0.5934244791666666,0.4786536345879237,0.47995950529972714
llama4_maverick,hellaswag/test/1571.json,8,3072,2225.0,3072.0,24576.0,0.7242838541666666,0.09053548177083333,0.7242838541666666,0.4786536345879237,0.5261945252617201
llama4_maverick,hellaswag/test/1578.json,1,3072,1127.0,3072.0,3072.0,0.3668619791666667,0.3668619791666667,0.3668619791666667,0.5002524852752686,0.3668619791666667
llama4_maverick,hellaswag/test/1578.json,2,3072,1494.0,3072.0,6144.0,0.486328125,0.2431640625,0.486328125,0.5002524852752686,0.4422367289662361
llama4_maverick,hellaswag/test/1578.json,4,3072,1894.0,3072.0,12288.0,0.6165364583333334,0.15413411458333334,0.6165364583333334,0.5002524852752686,0.5037979905803999
llama4_maverick,hellaswag/test/1578.json,8,3072,2272.0,3072.0,24576.0,0.7395833333333334,0.09244791666666667,0.7395833333333334,0.5002524852752686,0.5474324971437454
llama4_maverick,hellaswag/test/1591.json,1,3072,1218.0,3072.0,3072.0,0.396484375,0.396484375,0.396484375,0.5439372857411703,0.396484375
llama4_maverick,hellaswag/test/1591.json,2,3072,1655.0,3072.0,6144.0,0.5387369791666666,0.2693684895833333,0.5387369791666666,0.5439372857411703,0.4862357825040817
llama4_maverick,hellaswag/test/1591.json,4,3072,2114.0,3072.0,12288.0,0.6881510416666666,0.17203776041666666,0.6881510416666666,0.5439372857411703,0.5569034541646639
llama4_maverick,hellaswag/test/1591.json,8,3072,2483.0,3072.0,24576.0,0.8082682291666666,0.10103352864583333,0.8082682291666666,0.5439372857411703,0.599523201584816
llama4_maverick,hellaswag/test/1593.json,1,3072,1151.0,3072.0,3072.0,0.3746744791666667,0.3746744791666667,0.3746744791666667,0.5194052259127299,0.3746744791666667
llama4_maverick,hellaswag/test/1593.json,2,3072,1601.0,3072.0,6144.0,0.5211588541666666,0.2605794270833333,0.5211588541666666,0.5194052259127299,0.46709583202997845
llama4_maverick,hellaswag/test/1593.json,4,3072,2004.0,3072.0,12288.0,0.65234375,0.1630859375,0.65234375,0.5194052259127299,0.5289422844847044
llama4_maverick,hellaswag/test/1593.json,8,3072,2355.0,3072.0,24576.0,0.7666015625,0.0958251953125,0.7666015625,0.5194052259127299,0.5697881430387497
llama4_maverick,hellaswag/test/1596.json,1,3072,1334.0,3072.0,3072.0,0.4342447916666667,0.4342447916666667,0.4342447916666667,0.578351895014445,0.4342447916666667
llama4_maverick,hellaswag/test/1596.json,2,3072,1789.0,3072.0,6144.0,0.5823567708333334,0.2911783854166667,0.5823567708333334,0.578351895014445,0.527693048119545
llama4_maverick,hellaswag/test/1596.json,4,3072,2217.0,3072.0,12288.0,0.7216796875,0.180419921875,0.7216796875,0.578351895014445,0.5933602899312973
llama4_maverick,hellaswag/test/1596.json,8,3072,2565.0,3072.0,24576.0,0.8349609375,0.1043701171875,0.8349609375,0.578351895014445,0.6335331698258718
llama4_maverick,hellaswag/test/1598.json,1,3072,1158.0,3072.0,3072.0,0.376953125,0.376953125,0.376953125,0.5082063302397728,0.376953125
llama4_maverick,hellaswag/test/1598.json,2,3072,1543.0,3072.0,6144.0,0.5022786458333334,0.2511393229166667,0.5022786458333334,0.5082063302397728,0.4560247411330541
llama4_maverick,hellaswag/test/1598.json,4,3072,1908.0,3072.0,12288.0,0.62109375,0.1552734375,0.62109375,0.5082063302397728,0.5119119510054588
llama4_maverick,hellaswag/test/1598.json,8,3072,2261.0,3072.0,24576.0,0.7360026041666666,0.09200032552083333,0.7360026041666666,0.5082063302397728,0.5525370116035143
llama4_maverick,hellaswag/test/160.json,1,3072,1009.0,3072.0,3072.0,0.3284505208333333,0.3284505208333333,0.3284505208333333,0.46883926788965863,0.3284505208333333
llama4_maverick,hellaswag/test/160.json,2,3072,1423.0,3072.0,6144.0,0.4632161458333333,0.23160807291666666,0.4632161458333333,0.46883926788965863,0.41347816586494446
llama4_maverick,hellaswag/test/160.json,4,3072,1809.0,3072.0,12288.0,0.5888671875,0.147216796875,0.5888671875,0.46883926788965863,0.4726930980881055
llama4_maverick,hellaswag/test/160.json,8,3072,2163.0,3072.0,24576.0,0.7041015625,0.0880126953125,0.7041015625,0.46883926788965863,0.5135823860764503
llama4_maverick,hellaswag/test/1600.json,1,3072,977.0,3072.0,3072.0,0.3180338541666667,0.3180338541666667,0.3180338541666667,0.45799754559993744,0.3180338541666667
llama4_maverick,hellaswag/test/1600.json,2,3072,1368.0,3072.0,6144.0,0.4453125,0.22265625,0.4453125,0.45799754559993744,0.3983377392093341
llama4_maverick,hellaswag/test/1600.json,4,3072,1766.0,3072.0,12288.0,0.5748697916666666,0.14371744791666666,0.5748697916666666,0.45799754559993744,0.4592349901795387
llama4_maverick,hellaswag/test/1600.json,8,3072,2189.0,3072.0,24576.0,0.7125651041666666,0.08907063802083333,0.7125651041666666,0.45799754559993744,0.5076422765851021
llama4_maverick,hellaswag/test/1608.json,1,3072,1171.0,3072.0,3072.0,0.3811848958333333,0.3811848958333333,0.3811848958333333,0.5170884629090627,0.3811848958333333
llama4_maverick,hellaswag/test/1608.json,2,3072,1584.0,3072.0,6144.0,0.515625,0.2578125,0.515625,0.5170884629090627,0.46600717057784397
llama4_maverick,hellaswag/test/1608.json,4,3072,1960.0,3072.0,12288.0,0.6380208333333334,0.15950520833333334,0.6380208333333334,0.5170884629090627,0.5233913908402125
llama4_maverick,hellaswag/test/1608.json,8,3072,2302.0,3072.0,24576.0,0.7493489583333334,0.09366861979166667,0.7493489583333334,0.5170884629090627,0.562806211411953
llama4_maverick,hellaswag/test/161.json,1,3072,1106.0,3072.0,3072.0,0.3600260416666667,0.3600260416666667,0.3600260416666667,0.5050641968846321,0.3600260416666667
llama4_maverick,hellaswag/test/161.json,2,3072,1529.0,3072.0,6144.0,0.4977213541666667,0.24886067708333334,0.4977213541666667,0.5050641968846321,0.4469021186232567
llama4_maverick,hellaswag/test/161.json,4,3072,1951.0,3072.0,12288.0,0.6350911458333334,0.15877278645833334,0.6350911458333334,0.5050641968846321,0.5119087224205335
llama4_maverick,hellaswag/test/161.json,8,3072,2358.0,3072.0,24576.0,0.767578125,0.095947265625,0.767578125,0.5050641968846321,0.5588806966940562
llama4_maverick,hellaswag/test/1612.json,1,3072,1079.0,3072.0,3072.0,0.3512369791666667,0.3512369791666667,0.3512369791666667,0.502476359407107,0.3512369791666667
llama4_maverick,hellaswag/test/1612.json,2,3072,1531.0,3072.0,6144.0,0.4983723958333333,0.24918619791666666,0.4983723958333333,0.502476359407107,0.4440690949559212
llama4_maverick,hellaswag/test/1612.json,4,3072,1970.0,3072.0,12288.0,0.6412760416666666,0.16031901041666666,0.6412760416666666,0.502476359407107,0.5109851136803627
llama4_maverick,hellaswag/test/1612.json,8,3072,2391.0,3072.0,24576.0,0.7783203125,0.0972900390625,0.7783203125,0.502476359407107,0.5594153106212616
llama4_maverick,hellaswag/test/1618.json,1,3072,1156.0,3072.0,3072.0,0.3763020833333333,0.3763020833333333,0.3763020833333333,0.510713204741478,0.3763020833333333
llama4_maverick,hellaswag/test/1618.json,2,3072,1538.0,3072.0,6144.0,0.5006510416666666,0.2503255208333333,0.5006510416666666,0.510713204741478,0.4547575389345487
llama4_maverick,hellaswag/test/1618.json,4,3072,1936.0,3072.0,12288.0,0.6302083333333334,0.15755208333333334,0.6302083333333334,0.510713204741478,0.5159707268079122
llama4_maverick,hellaswag/test/1618.json,8,3072,2302.0,3072.0,24576.0,0.7493489583333334,0.09366861979166667,0.7493489583333334,0.510713204741478,0.5582061757644018
llama4_maverick,hellaswag/test/1625.json,1,3072,1049.0,3072.0,3072.0,0.3414713541666667,0.3414713541666667,0.3414713541666667,0.48926497250795364,0.3414713541666667
llama4_maverick,hellaswag/test/1625.json,2,3072,1489.0,3072.0,6144.0,0.4847005208333333,0.24235026041666666,0.4847005208333333,0.48926497250795364,0.43183889240026474
llama4_maverick,hellaswag/test/1625.json,4,3072,1906.0,3072.0,12288.0,0.6204427083333334,0.15511067708333334,0.6204427083333334,0.48926497250795364,0.4956706389784813
llama4_maverick,hellaswag/test/1625.json,8,3072,2296.0,3072.0,24576.0,0.7473958333333334,0.09342447916666667,0.7473958333333334,0.48926497250795364,0.5404555052518845
llama4_maverick,hellaswag/test/1649.json,1,3072,1042.0,3072.0,3072.0,0.3391927083333333,0.3391927083333333,0.3391927083333333,0.4749508847792943,0.3391927083333333
llama4_maverick,hellaswag/test/1649.json,2,3072,1394.0,3072.0,6144.0,0.4537760416666667,0.22688802083333334,0.4537760416666667,0.4749508847792943,0.41148674984773
llama4_maverick,hellaswag/test/1649.json,4,3072,1819.0,3072.0,12288.0,0.5921223958333334,0.14803059895833334,0.5921223958333334,0.4749508847792943,0.4765303035577138
llama4_maverick,hellaswag/test/1649.json,8,3072,2221.0,3072.0,24576.0,0.7229817708333334,0.09037272135416667,0.7229817708333334,0.4749508847792943,0.523016668856144
llama4_maverick,hellaswag/test/165.json,1,3072,1076.0,3072.0,3072.0,0.3502604166666667,0.3502604166666667,0.3502604166666667,0.48419170329968136,0.3502604166666667
llama4_maverick,hellaswag/test/165.json,2,3072,1465.0,3072.0,6144.0,0.4768880208333333,0.23844401041666666,0.4768880208333333,0.48419170329968136,0.4301535338163376
llama4_maverick,hellaswag/test/165.json,4,3072,1818.0,3072.0,12288.0,0.591796875,0.14794921875,0.591796875,0.48419170329968136,0.48435843735933304
llama4_maverick,hellaswag/test/165.json,8,3072,2195.0,3072.0,24576.0,0.7145182291666666,0.08931477864583333,0.7145182291666666,0.48419170329968136,0.5278742636243502
llama4_maverick,hellaswag/test/1654.json,1,3072,1142.0,3072.0,3072.0,0.3717447916666667,0.3717447916666667,0.3717447916666667,0.5008542264501253,0.3717447916666667
llama4_maverick,hellaswag/test/1654.json,2,3072,1490.0,3072.0,6144.0,0.4850260416666667,0.24251302083333334,0.4850260416666667,0.5008542264501253,0.44321730236212414
llama4_maverick,hellaswag/test/1654.json,4,3072,1858.0,3072.0,12288.0,0.6048177083333334,0.15120442708333334,0.6048177083333334,0.5008542264501253,0.49979590127865475
llama4_maverick,hellaswag/test/1654.json,8,3072,2260.0,3072.0,24576.0,0.7356770833333334,0.09195963541666667,0.7356770833333334,0.5008542264501253,0.5461292589704195
llama4_maverick,hellaswag/test/1659.json,1,3072,1009.0,3072.0,3072.0,0.3284505208333333,0.3284505208333333,0.3284505208333333,0.4654355322321256,0.3284505208333333
llama4_maverick,hellaswag/test/1659.json,2,3072,1394.0,3072.0,6144.0,0.4537760416666667,0.22688802083333334,0.4537760416666667,0.4654355322321256,0.40752212330698967
llama4_maverick,hellaswag/test/1659.json,4,3072,1781.0,3072.0,12288.0,0.5797526041666666,0.14493815104166666,0.5797526041666666,0.4654355322321256,0.4670352016886075
llama4_maverick,hellaswag/test/1659.json,8,3072,2166.0,3072.0,24576.0,0.705078125,0.088134765625,0.705078125,0.4654355322321256,0.5111203417181969
llama4_maverick,hellaswag/test/1672.json,1,3072,1114.0,3072.0,3072.0,0.3626302083333333,0.3626302083333333,0.3626302083333333,0.4947819833954175,0.3626302083333333
llama4_maverick,hellaswag/test/1672.json,2,3072,1486.0,3072.0,6144.0,0.4837239583333333,0.24186197916666666,0.4837239583333333,0.4947819833954175,0.4390318567554156
llama4_maverick,hellaswag/test/1672.json,4,3072,1877.0,3072.0,12288.0,0.6110026041666666,0.15275065104166666,0.6110026041666666,0.4947819833954175,0.4991282845536868
llama4_maverick,hellaswag/test/1672.json,8,3072,2242.0,3072.0,24576.0,0.7298177083333334,0.09122721354166667,0.7298177083333334,0.4947819833954175,0.5410841926932335
llama4_maverick,hellaswag/test/1673.json,1,3072,1208.0,3072.0,3072.0,0.3932291666666667,0.3932291666666667,0.3932291666666667,0.5242889101306597,0.3932291666666667
llama4_maverick,hellaswag/test/1673.json,2,3072,1570.0,3072.0,6144.0,0.5110677083333334,0.2555338541666667,0.5110677083333334,0.5242889101306597,0.4675770103931427
llama4_maverick,hellaswag/test/1673.json,4,3072,2002.0,3072.0,12288.0,0.6516927083333334,0.16292317708333334,0.6516927083333334,0.5242889101306597,0.5340758288900057
llama4_maverick,hellaswag/test/1673.json,8,3072,2330.0,3072.0,24576.0,0.7584635416666666,0.09480794270833333,0.7584635416666666,0.5242889101306597,0.5717504421869913
llama4_maverick,hellaswag/test/1682.json,1,3072,1109.0,3072.0,3072.0,0.3610026041666667,0.3610026041666667,0.3610026041666667,0.5038586755593618,0.3610026041666667
llama4_maverick,hellaswag/test/1682.json,2,3072,1506.0,3072.0,6144.0,0.490234375,0.2451171875,0.490234375,0.5038586755593618,0.4425387779871623
llama4_maverick,hellaswag/test/1682.json,4,3072,1956.0,3072.0,12288.0,0.63671875,0.1591796875,0.63671875,0.5038586755593618,0.5115610758463541
llama4_maverick,hellaswag/test/1682.json,8,3072,2344.0,3072.0,24576.0,0.7630208333333334,0.09537760416666667,0.7630208333333334,0.5038586755593618,0.5564015631874403
llama4_maverick,hellaswag/test/1687.json,1,3072,1134.0,3072.0,3072.0,0.369140625,0.369140625,0.369140625,0.49292640139659244,0.369140625
llama4_maverick,hellaswag/test/1687.json,2,3072,1495.0,3072.0,6144.0,0.4866536458333333,0.24332682291666666,0.4866536458333333,0.49292640139659244,0.4432830934723218
llama4_maverick,hellaswag/test/1687.json,4,3072,1855.0,3072.0,12288.0,0.6038411458333334,0.15096028645833334,0.6038411458333334,0.49292640139659244,0.4985596065719922
llama4_maverick,hellaswag/test/1687.json,8,3072,2161.0,3072.0,24576.0,0.7034505208333334,0.08793131510416667,0.7034505208333334,0.49292640139659244,0.5338276450832685
llama4_maverick,hellaswag/test/1690.json,1,3072,1082.0,3072.0,3072.0,0.3522135416666667,0.3522135416666667,0.3522135416666667,0.5075855453809103,0.3522135416666667
llama4_maverick,hellaswag/test/1690.json,2,3072,1544.0,3072.0,6144.0,0.5026041666666666,0.2513020833333333,0.5026041666666666,0.5075855453809103,0.4470994571844737
llama4_maverick,hellaswag/test/1690.json,4,3072,1999.0,3072.0,12288.0,0.6507161458333334,0.16267903645833334,0.6507161458333334,0.5075855453809103,0.5172514989972115
llama4_maverick,hellaswag/test/1690.json,8,3072,2401.0,3072.0,24576.0,0.7815755208333334,0.09769694010416667,0.7815755208333334,0.5075855453809103,0.5637605438629786
llama4_maverick,hellaswag/test/1692.json,1,3072,1089.0,3072.0,3072.0,0.3544921875,0.3544921875,0.3544921875,0.48915837705135345,0.3544921875
llama4_maverick,hellaswag/test/1692.json,2,3072,1490.0,3072.0,6144.0,0.4850260416666667,0.24251302083333334,0.4850260416666667,0.48915837705135345,0.4368498797218005
llama4_maverick,hellaswag/test/1692.json,4,3072,1846.0,3072.0,12288.0,0.6009114583333334,0.15022786458333334,0.6009114583333334,0.48915837705135345,0.4913625220457713
llama4_maverick,hellaswag/test/1692.json,8,3072,2213.0,3072.0,24576.0,0.7203776041666666,0.09004720052083333,0.7203776041666666,0.48915837705135345,0.5334383298953375
llama4_maverick,hellaswag/test/1696.json,1,3072,1088.0,3072.0,3072.0,0.3541666666666667,0.3541666666666667,0.3541666666666667,0.5012943893671036,0.3541666666666667
llama4_maverick,hellaswag/test/1696.json,2,3072,1495.0,3072.0,6144.0,0.4866536458333333,0.24332682291666666,0.4866536458333333,0.5012943893671036,0.43775664021571475
llama4_maverick,hellaswag/test/1696.json,4,3072,1944.0,3072.0,12288.0,0.6328125,0.158203125,0.6328125,0.5012943893671036,0.5067064513762792
llama4_maverick,hellaswag/test/1696.json,8,3072,2383.0,3072.0,24576.0,0.7757161458333334,0.09696451822916667,0.7757161458333334,0.5012943893671036,0.5572477082411448
llama4_maverick,hellaswag/test/1702.json,1,3072,1117.0,3072.0,3072.0,0.3636067708333333,0.3636067708333333,0.3636067708333333,0.49848437557617825,0.3636067708333333
llama4_maverick,hellaswag/test/1702.json,2,3072,1498.0,3072.0,6144.0,0.4876302083333333,0.24381510416666666,0.4876302083333333,0.49848437557617825,0.44185684621334076
llama4_maverick,hellaswag/test/1702.json,4,3072,1882.0,3072.0,12288.0,0.6126302083333334,0.15315755208333334,0.6126302083333334,0.49848437557617825,0.5011298755804697
llama4_maverick,hellaswag/test/1702.json,8,3072,2271.0,3072.0,24576.0,0.7392578125,0.0924072265625,0.7392578125,0.49848437557617825,0.5460666865110397
llama4_maverick,hellaswag/test/1716.json,1,3072,1065.0,3072.0,3072.0,0.3466796875,0.3466796875,0.3466796875,0.48389382660388947,0.3466796875
llama4_maverick,hellaswag/test/1716.json,2,3072,1450.0,3072.0,6144.0,0.4720052083333333,0.23600260416666666,0.4720052083333333,0.48389382660388947,0.4257512887318929
llama4_maverick,hellaswag/test/1716.json,4,3072,1859.0,3072.0,12288.0,0.6051432291666666,0.15128580729166666,0.6051432291666666,0.48389382660388947,0.4887322559952736
llama4_maverick,hellaswag/test/1716.json,8,3072,2202.0,3072.0,24576.0,0.716796875,0.089599609375,0.716796875,0.48389382660388947,0.5282107219099998
llama4_maverick,hellaswag/test/1717.json,1,3072,1065.0,3072.0,3072.0,0.3466796875,0.3466796875,0.3466796875,0.48104629913965863,0.3466796875
llama4_maverick,hellaswag/test/1717.json,2,3072,1430.0,3072.0,6144.0,0.4654947916666667,0.23274739583333334,0.4654947916666667,0.48104629913965863,0.4216436793406804
llama4_maverick,hellaswag/test/1717.json,4,3072,1823.0,3072.0,12288.0,0.5934244791666666,0.14835611979166666,0.5934244791666666,0.48104629913965863,0.48183995733658475
llama4_maverick,hellaswag/test/1717.json,8,3072,2224.0,3072.0,24576.0,0.7239583333333334,0.09049479166666667,0.7239583333333334,0.48104629913965863,0.5277773936589559
llama4_maverick,hellaswag/test/1729.json,1,3072,961.0,3072.0,3072.0,0.3128255208333333,0.3128255208333333,0.3128255208333333,0.44947996487220127,0.3128255208333333
llama4_maverick,hellaswag/test/1729.json,2,3072,1337.0,3072.0,6144.0,0.4352213541666667,0.21761067708333334,0.4352213541666667,0.44947996487220127,0.39004869759082794
llama4_maverick,hellaswag/test/1729.json,4,3072,1719.0,3072.0,12288.0,0.5595703125,0.139892578125,0.5595703125,0.44947996487220127,0.4483643521865209
llama4_maverick,hellaswag/test/1729.json,8,3072,2136.0,3072.0,24576.0,0.6953125,0.0869140625,0.6953125,0.44947996487220127,0.4963048944870631
llama4_maverick,hellaswag/test/1733.json,1,3072,954.0,3072.0,3072.0,0.310546875,0.310546875,0.310546875,0.46257484207550686,0.310546875
llama4_maverick,hellaswag/test/1733.json,2,3072,1390.0,3072.0,6144.0,0.4524739583333333,0.22623697916666666,0.4524739583333333,0.46257484207550686,0.4000928997993469
llama4_maverick,hellaswag/test/1733.json,4,3072,1794.0,3072.0,12288.0,0.583984375,0.14599609375,0.583984375,0.46257484207550686,0.4619666983683904
llama4_maverick,hellaswag/test/1733.json,8,3072,2292.0,3072.0,24576.0,0.74609375,0.09326171875,0.74609375,0.46257484207550686,0.5196806788444519
llama4_maverick,hellaswag/test/1736.json,1,3072,966.0,3072.0,3072.0,0.314453125,0.314453125,0.314453125,0.44383905827999115,0.314453125
llama4_maverick,hellaswag/test/1736.json,2,3072,1300.0,3072.0,6144.0,0.4231770833333333,0.21158854166666666,0.4231770833333333,0.44383905827999115,0.3830503076314926
llama4_maverick,hellaswag/test/1736.json,4,3072,1681.0,3072.0,12288.0,0.5472005208333334,0.13680013020833334,0.5472005208333334,0.44383905827999115,0.44142885506153107
llama4_maverick,hellaswag/test/1736.json,8,3072,2076.0,3072.0,24576.0,0.67578125,0.08447265625,0.67578125,0.44383905827999115,0.48637450486421585
llama4_maverick,hellaswag/test/174.json,1,3072,1151.0,3072.0,3072.0,0.3746744791666667,0.3746744791666667,0.3746744791666667,0.5037613312403361,0.3746744791666667
llama4_maverick,hellaswag/test/174.json,2,3072,1518.0,3072.0,6144.0,0.494140625,0.2470703125,0.494140625,0.5037613312403361,0.4500492289662361
llama4_maverick,hellaswag/test/174.json,4,3072,1889.0,3072.0,12288.0,0.6149088541666666,0.15372721354166666,0.6149088541666666,0.5037613312403361,0.5069130112727483
llama4_maverick,hellaswag/test/174.json,8,3072,2224.0,3072.0,24576.0,0.7239583333333334,0.09049479166666667,0.7239583333333334,0.5037613312403361,0.54595647752285
llama4_maverick,hellaswag/test/1742.json,1,3072,1145.0,3072.0,3072.0,0.3727213541666667,0.3727213541666667,0.3727213541666667,0.5066022550066313,0.3727213541666667
llama4_maverick,hellaswag/test/1742.json,2,3072,1542.0,3072.0,6144.0,0.501953125,0.2509765625,0.501953125,0.5066022550066313,0.4542575404047966
llama4_maverick,hellaswag/test/1742.json,4,3072,1930.0,3072.0,12288.0,0.6282552083333334,0.15706380208333334,0.6282552083333334,0.5066022550066313,0.5137754008173943
llama4_maverick,hellaswag/test/1742.json,8,3072,2257.0,3072.0,24576.0,0.7347005208333334,0.09183756510416667,0.7347005208333334,0.5066022550066313,0.5514324828982353
llama4_maverick,hellaswag/test/1752.json,1,3072,1001.0,3072.0,3072.0,0.3258463541666667,0.3258463541666667,0.3258463541666667,0.4689813231428464,0.3258463541666667
llama4_maverick,hellaswag/test/1752.json,2,3072,1397.0,3072.0,6144.0,0.4547526041666667,0.22737630208333334,0.4547526041666667,0.4689813231428464,0.4071771403153737
llama4_maverick,hellaswag/test/1752.json,4,3072,1798.0,3072.0,12288.0,0.5852864583333334,0.14632161458333334,0.5852864583333334,0.4689813231428464,0.4686303858955701
llama4_maverick,hellaswag/test/1752.json,8,3072,2248.0,3072.0,24576.0,0.7317708333333334,0.09147135416666667,0.7317708333333334,0.4689813231428464,0.5201399251818657
llama4_maverick,hellaswag/test/176.json,1,3072,1151.0,3072.0,3072.0,0.3746744791666667,0.3746744791666667,0.3746744791666667,0.5063315356771151,0.3746744791666667
llama4_maverick,hellaswag/test/176.json,2,3072,1499.0,3072.0,6144.0,0.4879557291666667,0.24397786458333334,0.4879557291666667,0.5063315356771151,0.44614698737859726
llama4_maverick,hellaswag/test/176.json,4,3072,1893.0,3072.0,12288.0,0.6162109375,0.154052734375,0.6162109375,0.5063315356771151,0.5064157719413439
llama4_maverick,hellaswag/test/176.json,8,3072,2311.0,3072.0,24576.0,0.7522786458333334,0.09403483072916667,0.7522786458333334,0.5063315356771151,0.5542840187748274
llama4_maverick,hellaswag/test/1761.json,1,3072,1169.0,3072.0,3072.0,0.3805338541666667,0.3805338541666667,0.3805338541666667,0.5312764570116997,0.3805338541666667
llama4_maverick,hellaswag/test/1761.json,2,3072,1610.0,3072.0,6144.0,0.5240885416666666,0.2620442708333333,0.5240885416666666,0.5312764570116997,0.47110679000616074
llama4_maverick,hellaswag/test/1761.json,4,3072,2102.0,3072.0,12288.0,0.6842447916666666,0.17106119791666666,0.6842447916666666,0.5312764570116997,0.5464911311864853
llama4_maverick,hellaswag/test/1761.json,8,3072,2467.0,3072.0,24576.0,0.8030598958333334,0.10038248697916667,0.8030598958333334,0.5312764570116997,0.5886338154474894
llama4_maverick,hellaswag/test/1771.json,1,3072,1127.0,3072.0,3072.0,0.3668619791666667,0.3668619791666667,0.3668619791666667,0.49932166437307995,0.3668619791666667
llama4_maverick,hellaswag/test/1771.json,2,3072,1484.0,3072.0,6144.0,0.4830729166666667,0.24153645833333334,0.4830729166666667,0.49932166437307995,0.4401829143365224
llama4_maverick,hellaswag/test/1771.json,4,3072,1891.0,3072.0,12288.0,0.6155598958333334,0.15388997395833334,0.6155598958333334,0.49932166437307995,0.5025224486986796
llama4_maverick,hellaswag/test/1771.json,8,3072,2272.0,3072.0,24576.0,0.7395833333333334,0.09244791666666667,0.7395833333333334,0.49932166437307995,0.5467714990178744
llama4_maverick,hellaswag/test/1773.json,1,3072,1299.0,3072.0,3072.0,0.4228515625,0.4228515625,0.4228515625,0.5589468528827032,0.4228515625
llama4_maverick,hellaswag/test/1773.json,2,3072,1721.0,3072.0,6144.0,0.5602213541666666,0.2801106770833333,0.5602213541666666,0.5589468528827032,0.5095222493012747
llama4_maverick,hellaswag/test/1773.json,4,3072,2102.0,3072.0,12288.0,0.6842447916666666,0.17106119791666666,0.6842447916666666,0.5589468528827032,0.567991092801094
llama4_maverick,hellaswag/test/1773.json,8,3072,2446.0,3072.0,24576.0,0.7962239583333334,0.09952799479166667,0.7962239583333334,0.5589468528827032,0.6078145454327265
llama4_maverick,hellaswag/test/1776.json,1,3072,940.0,3072.0,3072.0,0.3059895833333333,0.3059895833333333,0.3059895833333333,0.44278063376744586,0.3059895833333333
llama4_maverick,hellaswag/test/1776.json,2,3072,1311.0,3072.0,6144.0,0.4267578125,0.21337890625,0.4267578125,0.44278063376744586,0.3821858540177345
llama4_maverick,hellaswag/test/1776.json,4,3072,1716.0,3072.0,12288.0,0.55859375,0.1396484375,0.55859375,0.44278063376744586,0.44426755607128143
llama4_maverick,hellaswag/test/1776.json,8,3072,2099.0,3072.0,24576.0,0.6832682291666666,0.08540852864583333,0.6832682291666666,0.44278063376744586,0.48806073268254596
llama4_maverick,hellaswag/test/1777.json,1,3072,1017.0,3072.0,3072.0,0.3310546875,0.3310546875,0.3310546875,0.47670450309912366,0.3310546875
llama4_maverick,hellaswag/test/1777.json,2,3072,1434.0,3072.0,6144.0,0.466796875,0.2333984375,0.466796875,0.47670450309912366,0.4166984756787618
llama4_maverick,hellaswag/test/1777.json,4,3072,1851.0,3072.0,12288.0,0.6025390625,0.150634765625,0.6025390625,0.47670450309912366,0.4806881795326869
llama4_maverick,hellaswag/test/1777.json,8,3072,2254.0,3072.0,24576.0,0.7337239583333334,0.09171549479166667,0.7337239583333334,0.47670450309912366,0.5271619483828545
llama4_maverick,hellaswag/test/1785.json,1,3072,1122.0,3072.0,3072.0,0.365234375,0.365234375,0.365234375,0.5145708794395129,0.365234375
llama4_maverick,hellaswag/test/1785.json,2,3072,1565.0,3072.0,6144.0,0.5094401041666666,0.2547200520833333,0.5094401041666666,0.5145708794395129,0.45621806631485623
llama4_maverick,hellaswag/test/1785.json,4,3072,2019.0,3072.0,12288.0,0.6572265625,0.164306640625,0.6572265625,0.5145708794395129,0.525936541457971
llama4_maverick,hellaswag/test/1785.json,8,3072,2379.0,3072.0,24576.0,0.7744140625,0.0968017578125,0.7744140625,0.5145708794395129,0.5674520606795946
llama4_maverick,hellaswag/test/1787.json,1,3072,1034.0,3072.0,3072.0,0.3365885416666667,0.3365885416666667,0.3365885416666667,0.4796521837512652,0.3365885416666667
llama4_maverick,hellaswag/test/1787.json,2,3072,1435.0,3072.0,6144.0,0.4671223958333333,0.23356119791666666,0.4671223958333333,0.4796521837512652,0.4189462388555209
llama4_maverick,hellaswag/test/1787.json,4,3072,1851.0,3072.0,12288.0,0.6025390625,0.150634765625,0.6025390625,0.4796521837512652,0.4827054863174756
llama4_maverick,hellaswag/test/1787.json,8,3072,2276.0,3072.0,24576.0,0.7408854166666666,0.09261067708333333,0.7408854166666666,0.4796521837512652,0.5313503767053286
llama4_maverick,hellaswag/test/1794.json,1,3072,1210.0,3072.0,3072.0,0.3938802083333333,0.3938802083333333,0.3938802083333333,0.5358464668194453,0.3938802083333333
llama4_maverick,hellaswag/test/1794.json,2,3072,1632.0,3072.0,6144.0,0.53125,0.265625,0.53125,0.5358464668194453,0.48055090258518857
llama4_maverick,hellaswag/test/1794.json,4,3072,2043.0,3072.0,12288.0,0.6650390625,0.166259765625,0.6650390625,0.5358464668194453,0.5436768804987272
llama4_maverick,hellaswag/test/1794.json,8,3072,2436.0,3072.0,24576.0,0.79296875,0.09912109375,0.79296875,0.5358464668194453,0.5890384068091711
llama4_maverick,hellaswag/test/1815.json,1,3072,1182.0,3072.0,3072.0,0.384765625,0.384765625,0.384765625,0.513135646780332,0.384765625
llama4_maverick,hellaswag/test/1815.json,2,3072,1566.0,3072.0,6144.0,0.509765625,0.2548828125,0.509765625,0.513135646780332,0.46363185346126556
llama4_maverick,hellaswag/test/1815.json,4,3072,1920.0,3072.0,12288.0,0.625,0.15625,0.625,0.513135646780332,0.5183154121041298
llama4_maverick,hellaswag/test/1815.json,8,3072,2213.0,3072.0,24576.0,0.7203776041666666,0.09004720052083333,0.7203776041666666,0.513135646780332,0.5520183021823565
llama4_maverick,hellaswag/test/1819.json,1,3072,1214.0,3072.0,3072.0,0.3951822916666667,0.3951822916666667,0.3951822916666667,0.5330278451244036,0.3951822916666667
llama4_maverick,hellaswag/test/1819.json,2,3072,1595.0,3072.0,6144.0,0.5192057291666666,0.2596028645833333,0.5192057291666666,0.5330278451244036,0.47343237449725467
llama4_maverick,hellaswag/test/1819.json,4,3072,2022.0,3072.0,12288.0,0.658203125,0.16455078125,0.658203125,0.5330278451244036,0.5390722478429476
llama4_maverick,hellaswag/test/1819.json,8,3072,2424.0,3072.0,24576.0,0.7890625,0.0986328125,0.7890625,0.5330278451244036,0.5854341412583987
llama4_maverick,hellaswag/test/1838.json,1,3072,1076.0,3072.0,3072.0,0.3502604166666667,0.3502604166666667,0.3502604166666667,0.5020487656195959,0.3502604166666667
llama4_maverick,hellaswag/test/1838.json,2,3072,1550.0,3072.0,6144.0,0.5045572916666666,0.2522786458333333,0.5045572916666666,0.5020487656195959,0.44761089980602264
llama4_maverick,hellaswag/test/1838.json,4,3072,1981.0,3072.0,12288.0,0.6448567708333334,0.16121419270833334,0.6448567708333334,0.5020487656195959,0.5138566866517067
llama4_maverick,hellaswag/test/1838.json,8,3072,2317.0,3072.0,24576.0,0.7542317708333334,0.09427897135416667,0.7542317708333334,0.5020487656195959,0.5523876696825027
llama4_maverick,hellaswag/test/1846.json,1,3072,1236.0,3072.0,3072.0,0.40234375,0.40234375,0.40234375,0.5494371702273687,0.40234375
llama4_maverick,hellaswag/test/1846.json,2,3072,1662.0,3072.0,6144.0,0.541015625,0.2705078125,0.541015625,0.5494371702273687,0.4898359626531601
llama4_maverick,hellaswag/test/1846.json,4,3072,2147.0,3072.0,12288.0,0.6988932291666666,0.17472330729166666,0.6988932291666666,0.5494371702273687,0.564554880062739
llama4_maverick,hellaswag/test/1846.json,8,3072,2501.0,3072.0,24576.0,0.8141276041666666,0.10176595052083333,0.8141276041666666,0.5494371702273687,0.6054915934801102
llama4_maverick,hellaswag/test/1850.json,1,3072,1151.0,3072.0,3072.0,0.3746744791666667,0.3746744791666667,0.3746744791666667,0.504435030122598,0.3746744791666667
llama4_maverick,hellaswag/test/1850.json,2,3072,1518.0,3072.0,6144.0,0.494140625,0.2470703125,0.494140625,0.504435030122598,0.4500492289662361
llama4_maverick,hellaswag/test/1850.json,4,3072,1905.0,3072.0,12288.0,0.6201171875,0.155029296875,0.6201171875,0.504435030122598,0.509584883848826
llama4_maverick,hellaswag/test/1850.json,8,3072,2243.0,3072.0,24576.0,0.7301432291666666,0.09126790364583333,0.7301432291666666,0.504435030122598,0.5484013929963112
llama4_maverick,hellaswag/test/1853.json,1,3072,1313.0,3072.0,3072.0,0.4274088541666667,0.4274088541666667,0.4274088541666667,0.5666652222474416,0.4274088541666667
llama4_maverick,hellaswag/test/1853.json,2,3072,1721.0,3072.0,6144.0,0.5602213541666666,0.2801106770833333,0.5602213541666666,0.5666652222474416,0.5112042178710302
llama4_maverick,hellaswag/test/1853.json,4,3072,2145.0,3072.0,12288.0,0.6982421875,0.174560546875,0.6982421875,0.5666652222474416,0.5764911969502767
llama4_maverick,hellaswag/test/1853.json,8,3072,2541.0,3072.0,24576.0,0.8271484375,0.1033935546875,0.8271484375,0.5666652222474416,0.6222695211569468
llama4_maverick,hellaswag/test/1854.json,1,3072,1030.0,3072.0,3072.0,0.3352864583333333,0.3352864583333333,0.3352864583333333,0.472319059073925,0.3352864583333333
llama4_maverick,hellaswag/test/1854.json,2,3072,1402.0,3072.0,6144.0,0.4563802083333333,0.22819010416666666,0.4563802083333333,0.472319059073925,0.41168810923894245
llama4_maverick,hellaswag/test/1854.json,4,3072,1785.0,3072.0,12288.0,0.5810546875,0.145263671875,0.5810546875,0.472319059073925,0.47043731808662415
llama4_maverick,hellaswag/test/1854.json,8,3072,2211.0,3072.0,24576.0,0.7197265625,0.0899658203125,0.7197265625,0.472319059073925,0.5195484732588133
llama4_maverick,hellaswag/test/1864.json,1,3072,1257.0,3072.0,3072.0,0.4091796875,0.4091796875,0.4091796875,0.5491813371578852,0.4091796875
llama4_maverick,hellaswag/test/1864.json,2,3072,1669.0,3072.0,6144.0,0.5432942708333334,0.2716471354166667,0.5432942708333334,0.5491813371578852,0.49379657457272214
llama4_maverick,hellaswag/test/1864.json,4,3072,2084.0,3072.0,12288.0,0.6783854166666666,0.16959635416666666,0.6783854166666666,0.5491813371578852,0.5581377347310384
llama4_maverick,hellaswag/test/1864.json,8,3072,2459.0,3072.0,24576.0,0.8004557291666666,0.10005696614583333,0.8004557291666666,0.5491813371578852,0.6011498719453812
llama4_maverick,hellaswag/test/1865.json,1,3072,1221.0,3072.0,3072.0,0.3974609375,0.3974609375,0.3974609375,0.5362192715207735,0.3974609375
llama4_maverick,hellaswag/test/1865.json,2,3072,1647.0,3072.0,6144.0,0.5361328125,0.26806640625,0.5361328125,0.5362192715207735,0.4849531576037407
llama4_maverick,hellaswag/test/1865.json,4,3072,2015.0,3072.0,12288.0,0.6559244791666666,0.16398111979166666,0.6559244791666666,0.5362192715207735,0.5415543168783188
llama4_maverick,hellaswag/test/1865.json,8,3072,2396.0,3072.0,24576.0,0.7799479166666666,0.09749348958333333,0.7799479166666666,0.5362192715207735,0.585525227089723
llama4_maverick,hellaswag/test/1866.json,1,3072,1038.0,3072.0,3072.0,0.337890625,0.337890625,0.337890625,0.47881680230299634,0.337890625
llama4_maverick,hellaswag/test/1866.json,2,3072,1445.0,3072.0,6144.0,0.4703776041666667,0.23518880208333334,0.4703776041666667,0.47881680230299634,0.42148060103257495
llama4_maverick,hellaswag/test/1866.json,4,3072,1853.0,3072.0,12288.0,0.6031901041666666,0.15079752604166666,0.6031901041666666,0.47881680230299634,0.484118290245533
llama4_maverick,hellaswag/test/1866.json,8,3072,2220.0,3072.0,24576.0,0.72265625,0.09033203125,0.72265625,0.47881680230299634,0.5263939425349236
llama4_maverick,hellaswag/test/1875.json,1,3072,1092.0,3072.0,3072.0,0.35546875,0.35546875,0.35546875,0.49988900125026703,0.35546875
llama4_maverick,hellaswag/test/1875.json,2,3072,1513.0,3072.0,6144.0,0.4925130208333333,0.24625651041666666,0.4925130208333333,0.49988900125026703,0.44193405906359357
llama4_maverick,hellaswag/test/1875.json,4,3072,1929.0,3072.0,12288.0,0.6279296875,0.156982421875,0.6279296875,0.49988900125026703,0.5060543666283289
llama4_maverick,hellaswag/test/1875.json,8,3072,2313.0,3072.0,24576.0,0.7529296875,0.0941162109375,0.7529296875,0.49988900125026703,0.5504454324642817
llama4_maverick,hellaswag/test/1878.json,1,3072,1303.0,3072.0,3072.0,0.4241536458333333,0.4241536458333333,0.4241536458333333,0.5545177310705185,0.4241536458333333
llama4_maverick,hellaswag/test/1878.json,2,3072,1699.0,3072.0,6144.0,0.5530598958333334,0.2765299479166667,0.5530598958333334,0.5545177310705185,0.5054844443996748
llama4_maverick,hellaswag/test/1878.json,4,3072,2070.0,3072.0,12288.0,0.673828125,0.16845703125,0.673828125,0.5545177310705185,0.5629574979345003
llama4_maverick,hellaswag/test/1878.json,8,3072,2385.0,3072.0,24576.0,0.7763671875,0.0970458984375,0.7763671875,0.5545177310705185,0.599129800995191
llama4_maverick,hellaswag/test/1885.json,1,3072,1145.0,3072.0,3072.0,0.3727213541666667,0.3727213541666667,0.3727213541666667,0.5019343917568525,0.3727213541666667
llama4_maverick,hellaswag/test/1885.json,2,3072,1496.0,3072.0,6144.0,0.4869791666666667,0.24348958333333334,0.4869791666666667,0.5019343917568525,0.44481001049280167
llama4_maverick,hellaswag/test/1885.json,4,3072,1882.0,3072.0,12288.0,0.6126302083333334,0.15315755208333334,0.6126302083333334,0.5019343917568525,0.5042957365512848
llama4_maverick,hellaswag/test/1885.json,8,3072,2252.0,3072.0,24576.0,0.7330729166666666,0.09163411458333333,0.7330729166666666,0.5019343917568525,0.5465229973196983
llama4_maverick,hellaswag/test/1891.json,1,3072,1058.0,3072.0,3072.0,0.3444010416666667,0.3444010416666667,0.3444010416666667,0.4821381891767184,0.3444010416666667
llama4_maverick,hellaswag/test/1891.json,2,3072,1443.0,3072.0,6144.0,0.4697265625,0.23486328125,0.4697265625,0.4821381891767184,0.42347264538208645
llama4_maverick,hellaswag/test/1891.json,4,3072,1839.0,3072.0,12288.0,0.5986328125,0.149658203125,0.5986328125,0.4821381891767184,0.4841572195291519
llama4_maverick,hellaswag/test/1891.json,8,3072,2243.0,3072.0,24576.0,0.7301432291666666,0.09126790364583333,0.7301432291666666,0.4821381891767184,0.5306743532419205
llama4_maverick,hellaswag/test/1894.json,1,3072,1184.0,3072.0,3072.0,0.3854166666666667,0.3854166666666667,0.3854166666666667,0.519293929139773,0.3854166666666667
llama4_maverick,hellaswag/test/1894.json,2,3072,1559.0,3072.0,6144.0,0.5074869791666666,0.2537434895833333,0.5074869791666666,0.519293929139773,0.46243446071942645
llama4_maverick,hellaswag/test/1894.json,4,3072,1972.0,3072.0,12288.0,0.6419270833333334,0.16048177083333334,0.6419270833333334,0.519293929139773,0.526314710577329
llama4_maverick,hellaswag/test/1894.json,8,3072,2306.0,3072.0,24576.0,0.7506510416666666,0.09383138020833333,0.7506510416666666,0.519293929139773,0.5649445702632269
