model,request_file,k,examples,hits,truth,predicted,recall,precision,avg_hits,mrr,ndcg
qwen3,Chinese-SimpleQA/中华文化/1.json,8,12032,52006.0,96256.0,96256.0,0.540288397606383,0.540288397606383,4.322307180851064,0.9204985714973287,0.6134984486914695
qwen3,Chinese-SimpleQA/中华文化/1.json,12,12032,63247.0,96256.0,144384.0,0.6570707280585106,0.43804715203900707,5.256565824468085,0.9204985714973287,0.681108000430655
qwen3,Chinese-SimpleQA/中华文化/1.json,16,12032,70237.0,96256.0,192512.0,0.7296895777925532,0.3648447888962766,5.837516622340425,0.9204985714973287,0.7184951974356428
qwen3,Chinese-SimpleQA/中华文化/100.json,8,12032,53309.0,96256.0,96256.0,0.5538252160904256,0.5538252160904256,4.4306017287234045,0.9027499956019381,0.6191990664030643
qwen3,Chinese-SimpleQA/中华文化/100.json,12,12032,63490.0,96256.0,144384.0,0.6595952460106383,0.4397301640070922,5.276761968085107,0.9027499956019381,0.6805234037815256
qwen3,Chinese-SimpleQA/中华文化/100.json,16,12032,70189.0,96256.0,192512.0,0.7291909075797872,0.3645954537898936,5.833527260638298,0.9027499956019381,0.71630911307132
qwen3,Chinese-SimpleQA/中华文化/101.json,8,12032,51351.0,96256.0,96256.0,0.5334836269946809,0.5334836269946809,4.267869015957447,0.9148390502371686,0.6052257130120663
qwen3,Chinese-SimpleQA/中华文化/101.json,12,12032,62101.0,96256.0,144384.0,0.6451649767287234,0.4301099844858156,5.161319813829787,0.9148390502371686,0.6698637994679999
qwen3,Chinese-SimpleQA/中华文化/101.json,16,12032,69298.0,96256.0,192512.0,0.7199343417553191,0.35996717087765956,5.759474734042553,0.9148390502371686,0.7083286883983206
qwen3,Chinese-SimpleQA/中华文化/102.json,8,10998,48615.0,87984.0,87984.0,0.5525436442989634,0.5525436442989634,4.420349154391707,0.9103619162224276,0.6205679475014634
qwen3,Chinese-SimpleQA/中华文化/102.json,12,10998,58322.0,87984.0,131976.0,0.662870521913075,0.4419136812753834,5.3029641753046,0.9103619162224276,0.6844643479933585
qwen3,Chinese-SimpleQA/中华文化/102.json,16,10998,64414.0,87984.0,175968.0,0.7321103837061284,0.3660551918530642,5.856883069649027,0.9103619162224276,0.7201173362308773
qwen3,Chinese-SimpleQA/中华文化/113.json,8,12032,51053.0,96256.0,96256.0,0.5303877160904256,0.5303877160904256,4.2431017287234045,0.889684757653703,0.5952981019273718
qwen3,Chinese-SimpleQA/中华文化/113.json,12,12032,61643.0,96256.0,144384.0,0.6404068317819149,0.42693788785460995,5.1232546542553195,0.889684757653703,0.6590713522535689
qwen3,Chinese-SimpleQA/中华文化/113.json,16,12032,68567.0,96256.0,192512.0,0.7123400099734043,0.35617000498670215,5.698720079787234,0.889684757653703,0.6960753586063994
qwen3,Chinese-SimpleQA/中华文化/114.json,8,12032,48720.0,96256.0,96256.0,0.5061502659574468,0.5061502659574468,4.049202127659575,0.8870398085168067,0.5736827549148114
qwen3,Chinese-SimpleQA/中华文化/114.json,12,12032,59420.0,96256.0,144384.0,0.6173121675531915,0.411541445035461,4.938497340425532,0.8870398085168067,0.6379107243203103
qwen3,Chinese-SimpleQA/中华文化/114.json,16,12032,66999.0,96256.0,192512.0,0.696050116356383,0.3480250581781915,5.568400930851064,0.8870398085168067,0.6784114463532225
qwen3,Chinese-SimpleQA/中华文化/119.json,8,12032,50028.0,96256.0,96256.0,0.5197390292553191,0.5197390292553191,4.157912234042553,0.897151493011637,0.5895332278723412
qwen3,Chinese-SimpleQA/中华文化/119.json,12,12032,60142.0,96256.0,144384.0,0.6248129986702128,0.41654199911347517,4.998503989361702,0.897151493011637,0.6503710169741448
qwen3,Chinese-SimpleQA/中华文化/119.json,16,12032,66772.0,96256.0,192512.0,0.6936918218085106,0.3468459109042553,5.549534574468085,0.897151493011637,0.6857981887903619
qwen3,Chinese-SimpleQA/中华文化/121.json,8,12032,47553.0,96256.0,96256.0,0.4940263464095745,0.4940263464095745,3.952210771276596,0.8591058609333444,0.5544609205519899
qwen3,Chinese-SimpleQA/中华文化/121.json,12,12032,58055.0,96256.0,144384.0,0.6031312333776596,0.4020874889184397,4.825049867021277,0.8591058609333444,0.6175738509665144
qwen3,Chinese-SimpleQA/中华文化/121.json,16,12032,65266.0,96256.0,192512.0,0.6780460438829787,0.33902302194148937,5.42436835106383,0.8591058609333444,0.6561293259580084
qwen3,Chinese-SimpleQA/中华文化/143.json,8,12032,52949.0,96256.0,96256.0,0.5500851894946809,0.5500851894946809,4.400681515957447,0.925527866216416,0.6223791435043863
qwen3,Chinese-SimpleQA/中华文化/143.json,12,12032,63292.0,96256.0,144384.0,0.6575382313829787,0.4383588209219858,5.26030585106383,0.925527866216416,0.6846605878561101
qwen3,Chinese-SimpleQA/中华文化/143.json,16,12032,69483.0,96256.0,192512.0,0.7218562998670213,0.36092814993351063,5.77485039893617,0.925527866216416,0.7177524959787409
qwen3,Chinese-SimpleQA/中华文化/145.json,8,12032,54299.0,96256.0,96256.0,0.5641102892287234,0.5641102892287234,4.512882313829787,0.9004332404187385,0.6276130425803205
qwen3,Chinese-SimpleQA/中华文化/145.json,12,12032,65172.0,96256.0,144384.0,0.6770694813829787,0.4513796542553192,5.41655585106383,0.9004332404187385,0.6931355097826492
qwen3,Chinese-SimpleQA/中华文化/145.json,16,12032,71119.0,96256.0,192512.0,0.7388526429521277,0.36942632147606386,5.910821143617022,0.9004332404187385,0.7249422713797143
qwen3,Chinese-SimpleQA/中华文化/150.json,8,12032,49242.0,96256.0,96256.0,0.5115733045212766,0.5115733045212766,4.092586436170213,0.860963706640487,0.5707513997529415
qwen3,Chinese-SimpleQA/中华文化/150.json,12,12032,59596.0,96256.0,144384.0,0.619140625,0.4127604166666667,4.953125,0.860963706640487,0.6328794401376805
qwen3,Chinese-SimpleQA/中华文化/150.json,16,12032,66890.0,96256.0,192512.0,0.6949177194148937,0.34745885970744683,5.559341755319149,0.860963706640487,0.6719088316597837
qwen3,Chinese-SimpleQA/中华文化/151.json,8,12032,46675.0,96256.0,96256.0,0.48490483710106386,0.48490483710106386,3.879238696808511,0.8602725064500849,0.5457360991772185
qwen3,Chinese-SimpleQA/中华文化/151.json,12,12032,57579.0,96256.0,144384.0,0.5981860871010638,0.39879072473404253,4.78548869680851,0.8602725064500849,0.6113103631329029
qwen3,Chinese-SimpleQA/中华文化/151.json,16,12032,65132.0,96256.0,192512.0,0.6766539228723404,0.3383269614361702,5.413231382978723,0.8602725064500849,0.6516553157187522
qwen3,Chinese-SimpleQA/中华文化/156.json,8,12032,53763.0,96256.0,96256.0,0.5585418051861702,0.5585418051861702,4.468334441489362,0.924653226390798,0.629901536918701
qwen3,Chinese-SimpleQA/中华文化/156.json,12,12032,64607.0,96256.0,144384.0,0.6711997174202128,0.44746647828014185,5.369597739361702,0.924653226390798,0.6952103046660728
qwen3,Chinese-SimpleQA/中华文化/156.json,16,12032,71205.0,96256.0,192512.0,0.73974609375,0.369873046875,5.91796875,0.924653226390798,0.7304741981181693
qwen3,Chinese-SimpleQA/中华文化/167.json,8,12032,53156.0,96256.0,96256.0,0.552235704787234,0.552235704787234,4.417885638297872,0.9139213860034943,0.6195275742322841
qwen3,Chinese-SimpleQA/中华文化/167.json,12,12032,64035.0,96256.0,144384.0,0.6652572307180851,0.4435048204787234,5.3220578457446805,0.9139213860034943,0.6850714835714786
qwen3,Chinese-SimpleQA/中华文化/167.json,16,12032,70304.0,96256.0,192512.0,0.7303856382978723,0.36519281914893614,5.843085106382978,0.9139213860034943,0.7185828108736809
qwen3,Chinese-SimpleQA/中华文化/168.json,8,12032,47421.0,96256.0,96256.0,0.4926550033244681,0.4926550033244681,3.941240026595745,0.8592673191364776,0.5528641634799064
qwen3,Chinese-SimpleQA/中华文化/168.json,12,12032,59263.0,96256.0,144384.0,0.6156811003989362,0.4104540669326241,4.92544880319149,0.8592673191364776,0.6241125045938695
qwen3,Chinese-SimpleQA/中华文化/168.json,16,12032,67078.0,96256.0,192512.0,0.6968708444148937,0.34843542220744683,5.574966755319149,0.8592673191364776,0.6658336415569833
qwen3,Chinese-SimpleQA/中华文化/179.json,8,12032,45788.0,96256.0,96256.0,0.47568982712765956,0.47568982712765956,3.8055186170212765,0.8487004872332228,0.5366577265110422
qwen3,Chinese-SimpleQA/中华文化/179.json,12,12032,56446.0,96256.0,144384.0,0.586415392287234,0.39094359485815605,4.691323138297872,0.8487004872332228,0.6007152022199428
qwen3,Chinese-SimpleQA/中华文化/179.json,16,12032,63772.0,96256.0,192512.0,0.6625249335106383,0.3312624667553192,5.300199468085107,0.8487004872332228,0.639873299826967
qwen3,Chinese-SimpleQA/中华文化/185.json,8,12032,53727.0,96256.0,96256.0,0.5581678025265957,0.5581678025265957,4.465342420212766,0.9142920095869835,0.6267575967185041
qwen3,Chinese-SimpleQA/中华文化/185.json,12,12032,63916.0,96256.0,144384.0,0.6640209441489362,0.4426806294326241,5.31216755319149,0.9142920095869835,0.6880886602274915
qwen3,Chinese-SimpleQA/中华文化/185.json,16,12032,70468.0,96256.0,192512.0,0.7320894281914894,0.3660447140957447,5.856715425531915,0.9142920095869835,0.7230838911330446
qwen3,Chinese-SimpleQA/中华文化/203.json,8,12032,55553.0,96256.0,96256.0,0.577138048537234,0.577138048537234,4.617104388297872,0.9356191132930999,0.6497281758075065
qwen3,Chinese-SimpleQA/中华文化/203.json,12,12032,66232.0,96256.0,144384.0,0.6880817819148937,0.4587211879432624,5.504654255319149,0.9356191132930999,0.7140162409620082
qwen3,Chinese-SimpleQA/中华文化/203.json,16,12032,72525.0,96256.0,192512.0,0.7534595246010638,0.3767297623005319,6.02767619680851,0.9356191132930999,0.7476785449271507
qwen3,Chinese-SimpleQA/中华文化/212.json,8,12032,47609.0,96256.0,96256.0,0.4946081283244681,0.4946081283244681,3.956865026595745,0.8665439702094869,0.558473157755872
qwen3,Chinese-SimpleQA/中华文化/212.json,12,12032,57987.0,96256.0,144384.0,0.6024247839095744,0.401616522606383,4.8193982712765955,0.8665439702094869,0.6207568765954768
qwen3,Chinese-SimpleQA/中华文化/212.json,16,12032,65408.0,96256.0,192512.0,0.6795212765957447,0.33976063829787234,5.4361702127659575,0.8665439702094869,0.6604253944564373
qwen3,Chinese-SimpleQA/中华文化/216.json,8,12032,50368.0,96256.0,96256.0,0.5232712765957447,0.5232712765957447,4.1861702127659575,0.876834400790803,0.5839639410693594
qwen3,Chinese-SimpleQA/中华文化/216.json,12,12032,60914.0,96256.0,144384.0,0.6328332779255319,0.42188885195035464,5.062666223404255,0.876834400790803,0.6474057518421336
qwen3,Chinese-SimpleQA/中华文化/216.json,16,12032,67731.0,96256.0,192512.0,0.7036548371010638,0.3518274185505319,5.62923869680851,0.876834400790803,0.6838383455859854
qwen3,Chinese-SimpleQA/中华文化/218.json,8,12032,51691.0,96256.0,96256.0,0.5370158743351063,0.5370158743351063,4.296126994680851,0.903626376010002,0.6041632690962325
qwen3,Chinese-SimpleQA/中华文化/218.json,12,12032,62308.0,96256.0,144384.0,0.6473154920212766,0.4315436613475177,5.178523936170213,0.903626376010002,0.6680067327428372
qwen3,Chinese-SimpleQA/中华文化/218.json,16,12032,69402.0,96256.0,192512.0,0.7210147938829787,0.36050739694148937,5.76811835106383,0.903626376010002,0.7059154199792984
qwen3,Chinese-SimpleQA/中华文化/225.json,8,12032,47611.0,96256.0,96256.0,0.49462890625,0.49462890625,3.95703125,0.8551748838830502,0.5535106430662439
qwen3,Chinese-SimpleQA/中华文化/225.json,12,12032,57896.0,96256.0,144384.0,0.6014793882978723,0.40098625886524825,4.811835106382978,0.8551748838830502,0.6152707528560719
qwen3,Chinese-SimpleQA/中华文化/225.json,16,12032,65448.0,96256.0,192512.0,0.679936835106383,0.3399684175531915,5.439494680851064,0.8551748838830502,0.6556216773200543
qwen3,Chinese-SimpleQA/中华文化/229.json,8,12032,50246.0,96256.0,96256.0,0.5220038231382979,0.5220038231382979,4.176030585106383,0.8814959627516726,0.5849220128135478
qwen3,Chinese-SimpleQA/中华文化/229.json,12,12032,60916.0,96256.0,144384.0,0.6328540558510638,0.4219027039007092,5.06283244680851,0.8814959627516726,0.6491097148428572
qwen3,Chinese-SimpleQA/中华文化/229.json,16,12032,68024.0,96256.0,192512.0,0.7066988031914894,0.3533494015957447,5.653590425531915,0.8814959627516726,0.6870591428051603
qwen3,Chinese-SimpleQA/中华文化/2302.json,8,12032,50178.0,96256.0,96256.0,0.5212973736702128,0.5212973736702128,4.170378989361702,0.8809417714463904,0.5856988287352501
qwen3,Chinese-SimpleQA/中华文化/2302.json,12,12032,60524.0,96256.0,144384.0,0.6287815824468085,0.41918772163120566,5.030252659574468,0.8809417714463904,0.6479395114360972
qwen3,Chinese-SimpleQA/中华文化/2302.json,16,12032,67244.0,96256.0,192512.0,0.6985954122340425,0.34929770611702127,5.58876329787234,0.8809417714463904,0.6838780242077848
qwen3,Chinese-SimpleQA/中华文化/2308.json,8,12032,55803.0,96256.0,96256.0,0.5797352892287234,0.5797352892287234,4.637882313829787,0.9348528569049024,0.6511384908189165
qwen3,Chinese-SimpleQA/中华文化/2308.json,12,12032,66851.0,96256.0,144384.0,0.6945125498670213,0.4630083665780142,5.55610039893617,0.9348528569049024,0.7176738470158679
qwen3,Chinese-SimpleQA/中华文化/2308.json,16,12032,73368.0,96256.0,192512.0,0.762217420212766,0.381108710106383,6.097739361702128,0.9348528569049024,0.7525193462980554
qwen3,Chinese-SimpleQA/中华文化/231.json,8,12032,47867.0,96256.0,96256.0,0.4972884807180851,0.4972884807180851,3.978307845744681,0.8760859858482442,0.5633843217758422
qwen3,Chinese-SimpleQA/中华文化/231.json,12,12032,58380.0,96256.0,144384.0,0.6065076462765957,0.40433843085106386,4.852061170212766,0.8760859858482442,0.6265363807373858
qwen3,Chinese-SimpleQA/中华文化/231.json,16,12032,66014.0,96256.0,192512.0,0.6858169880319149,0.34290849401595747,5.4865359042553195,0.8760859858482442,0.6673522477454328
qwen3,Chinese-SimpleQA/中华文化/2312.json,8,12032,50415.0,96256.0,96256.0,0.5237595578457447,0.5237595578457447,4.1900764627659575,0.900122288059681,0.5929810499891321
qwen3,Chinese-SimpleQA/中华文化/2312.json,12,12032,61001.0,96256.0,144384.0,0.6337371176861702,0.42249141179078015,5.069896941489362,0.900122288059681,0.6566363363823993
qwen3,Chinese-SimpleQA/中华文化/2312.json,16,12032,68110.0,96256.0,192512.0,0.7075922539893617,0.3537961269946808,5.660738031914893,0.900122288059681,0.6946356369459883
qwen3,Chinese-SimpleQA/中华文化/2314.json,8,12032,48479.0,96256.0,96256.0,0.503646525930851,0.503646525930851,4.029172207446808,0.8629543730553161,0.5652814960860192
qwen3,Chinese-SimpleQA/中华文化/2314.json,12,12032,58744.0,96256.0,144384.0,0.6102892287234043,0.40685948581560283,4.882313829787234,0.8629543730553161,0.626971201376712
qwen3,Chinese-SimpleQA/中华文化/2314.json,16,12032,65213.0,96256.0,192512.0,0.677495428856383,0.3387477144281915,5.419963430851064,0.8629543730553161,0.6615640495685821
qwen3,Chinese-SimpleQA/中华文化/2319.json,8,12032,54675.0,96256.0,96256.0,0.5680165392287234,0.5680165392287234,4.544132313829787,0.9236292040094416,0.6389956556736155
qwen3,Chinese-SimpleQA/中华文化/2319.json,12,12032,65466.0,96256.0,144384.0,0.6801238364361702,0.45341589095744683,5.440990691489362,0.9236292040094416,0.7040071534983655
qwen3,Chinese-SimpleQA/中华文化/2319.json,16,12032,71781.0,96256.0,192512.0,0.7457301363031915,0.37286506815159576,5.965841090425532,0.9236292040094416,0.7377509817163995
qwen3,Chinese-SimpleQA/中华文化/2323.json,8,12032,53353.0,96256.0,96256.0,0.5542823304521277,0.5542823304521277,4.434258643617022,0.9053375143954094,0.6214672117791278
qwen3,Chinese-SimpleQA/中华文化/2323.json,12,12032,63845.0,96256.0,144384.0,0.6632833277925532,0.44218888519503546,5.306266622340425,0.9053375143954094,0.6845700185983739
qwen3,Chinese-SimpleQA/中华文化/2323.json,16,12032,70572.0,96256.0,192512.0,0.733169880319149,0.3665849401595745,5.865359042553192,0.9053375143954094,0.7205301551742757
qwen3,Chinese-SimpleQA/中华文化/234.json,8,12032,54179.0,96256.0,96256.0,0.5628636136968085,0.5628636136968085,4.502908909574468,0.9270116896071332,0.6333232499817585
qwen3,Chinese-SimpleQA/中华文化/234.json,12,12032,64839.0,96256.0,144384.0,0.6736099567819149,0.4490733045212766,5.3888796542553195,0.9270116896071332,0.6975185401896213
qwen3,Chinese-SimpleQA/中华文化/234.json,16,12032,71249.0,96256.0,192512.0,0.7402032081117021,0.3701016040558511,5.921625664893617,0.9270116896071332,0.731780043307771
qwen3,Chinese-SimpleQA/中华文化/2341.json,8,12032,52222.0,96256.0,96256.0,0.5425324135638298,0.5425324135638298,4.340259308510638,0.911948283302023,0.6129678392663915
qwen3,Chinese-SimpleQA/中华文化/2341.json,12,12032,62808.0,96256.0,144384.0,0.6525099734042553,0.4350066489361702,5.2200797872340425,0.911948283302023,0.6766399024648869
qwen3,Chinese-SimpleQA/中华文化/2341.json,16,12032,70253.0,96256.0,192512.0,0.7298558011968085,0.36492790059840424,5.838846409574468,0.911948283302023,0.7163918639751191
qwen3,Chinese-SimpleQA/中华文化/235.json,8,12032,52161.0,96256.0,96256.0,0.5418986868351063,0.5418986868351063,4.335189494680851,0.9214640830425506,0.6149139962297805
qwen3,Chinese-SimpleQA/中华文化/235.json,12,12032,62958.0,96256.0,144384.0,0.654068317819149,0.43604554521276595,5.232546542553192,0.9214640830425506,0.6798194206141411
qwen3,Chinese-SimpleQA/中华文化/235.json,16,12032,69952.0,96256.0,192512.0,0.7267287234042553,0.36336436170212766,5.8138297872340425,0.9214640830425506,0.7171678283113114
qwen3,Chinese-SimpleQA/中华文化/2369.json,8,12032,54275.0,96256.0,96256.0,0.5638609541223404,0.5638609541223404,4.510887632978723,0.9217732529690925,0.6326257846456893
qwen3,Chinese-SimpleQA/中华文化/2369.json,12,12032,64985.0,96256.0,144384.0,0.6751267453457447,0.4500844968971631,5.4010139627659575,0.9217732529690925,0.6971297473349469
qwen3,Chinese-SimpleQA/中华文化/2369.json,16,12032,71194.0,96256.0,192512.0,0.7396318151595744,0.3698159075797872,5.9170545212765955,0.9217732529690925,0.7303337660875726
qwen3,Chinese-SimpleQA/中华文化/239.json,8,12032,55882.0,96256.0,96256.0,0.580556017287234,0.580556017287234,4.644448138297872,0.9349234662157424,0.6515598211516725
qwen3,Chinese-SimpleQA/中华文化/239.json,12,12032,66523.0,96256.0,144384.0,0.6911049700797872,0.46073664671985815,5.528839760638298,0.9349234662157424,0.7156912462508425
qwen3,Chinese-SimpleQA/中华文化/239.json,16,12032,72392.0,96256.0,192512.0,0.7520777925531915,0.37603889627659576,6.016622340425532,0.9349234662157424,0.7470874377387635
qwen3,Chinese-SimpleQA/中华文化/247.json,8,12032,53594.0,96256.0,96256.0,0.5567860704787234,0.5567860704787234,4.454288563829787,0.9350058315916264,0.6315198125357323
qwen3,Chinese-SimpleQA/中华文化/247.json,12,12032,64233.0,96256.0,144384.0,0.6673142453457447,0.4448761635638298,5.3385139627659575,0.9350058315916264,0.6955403343160101
qwen3,Chinese-SimpleQA/中华文化/247.json,16,12032,71126.0,96256.0,192512.0,0.7389253656914894,0.3694626828457447,5.911402925531915,0.9350058315916264,0.732381080059295
qwen3,Chinese-SimpleQA/中华文化/257.json,8,12032,54624.0,96256.0,96256.0,0.5674867021276596,0.5674867021276596,4.539893617021277,0.9393476266810235,0.6419446782228795
qwen3,Chinese-SimpleQA/中华文化/257.json,12,12032,65347.0,96256.0,144384.0,0.6788875498670213,0.4525916999113475,5.43110039893617,0.9393476266810235,0.7065081142998756
qwen3,Chinese-SimpleQA/中华文化/257.json,16,12032,71489.0,96256.0,192512.0,0.7426965591755319,0.37134827958776595,5.941572473404255,0.9393476266810235,0.7393480761254088
qwen3,Chinese-SimpleQA/中华文化/262.json,8,12032,55868.0,96256.0,96256.0,0.5804105718085106,0.5804105718085106,4.643284574468085,0.939169353627144,0.6534748508575114
qwen3,Chinese-SimpleQA/中华文化/262.json,12,12032,66393.0,96256.0,144384.0,0.6897544049202128,0.4598362699468085,5.518035239361702,0.939169353627144,0.7168968446711277
qwen3,Chinese-SimpleQA/中华文化/262.json,16,12032,72468.0,96256.0,192512.0,0.7528673537234043,0.37643367686170215,6.022938829787234,0.939169353627144,0.7493655025324923
qwen3,Chinese-SimpleQA/中华文化/263.json,8,12032,49754.0,96256.0,96256.0,0.5168924534574468,0.5168924534574468,4.135139627659575,0.865539051433827,0.5768288526129215
qwen3,Chinese-SimpleQA/中华文化/263.json,12,12032,59633.0,96256.0,144384.0,0.6195250166223404,0.4130166777482269,4.956200132978723,0.865539051433827,0.6361818938179219
qwen3,Chinese-SimpleQA/中华文化/263.json,16,12032,66199.0,96256.0,192512.0,0.687738946143617,0.3438694730718085,5.501911569148936,0.865539051433827,0.671314684951559
qwen3,Chinese-SimpleQA/中华文化/277.json,8,12032,54802.0,96256.0,96256.0,0.5693359375,0.5693359375,4.5546875,0.9319359336761718,0.6416964001478033
qwen3,Chinese-SimpleQA/中华文化/277.json,12,12032,65338.0,96256.0,144384.0,0.6787940492021277,0.45252936613475175,5.430352393617022,0.9319359336761718,0.7051561601618503
qwen3,Chinese-SimpleQA/中华文化/277.json,16,12032,71527.0,96256.0,192512.0,0.7430913397606383,0.3715456698803192,5.944730718085107,0.9319359336761718,0.7382378045548784
qwen3,Chinese-SimpleQA/中华文化/39.json,8,12032,51470.0,96256.0,96256.0,0.5347199135638298,0.5347199135638298,4.277759308510638,0.9125103027896678,0.6063387904395449
qwen3,Chinese-SimpleQA/中华文化/39.json,12,12032,61977.0,96256.0,144384.0,0.6438767453457447,0.4292511635638298,5.1510139627659575,0.9125103027896678,0.6695208188067091
qwen3,Chinese-SimpleQA/中华文化/39.json,16,12032,68767.0,96256.0,192512.0,0.7144178025265957,0.35720890126329785,5.715342420212766,0.9125103027896678,0.7057708961532471
qwen3,Chinese-SimpleQA/中华文化/42.json,8,12032,53207.0,96256.0,96256.0,0.5527655418882979,0.5527655418882979,4.422124335106383,0.910217007423969,0.6197893552957697
qwen3,Chinese-SimpleQA/中华文化/42.json,12,12032,64013.0,96256.0,144384.0,0.665028673537234,0.4433524490248227,5.320229388297872,0.910217007423969,0.6848450981556101
qwen3,Chinese-SimpleQA/中华文化/42.json,16,12032,71241.0,96256.0,192512.0,0.7401200964095744,0.3700600482047872,5.9209607712765955,0.910217007423969,0.7234660878460458
qwen3,Chinese-SimpleQA/中华文化/45.json,8,12032,54497.0,96256.0,96256.0,0.566167303856383,0.566167303856383,4.529338430851064,0.9175266572769653,0.6349350588118776
qwen3,Chinese-SimpleQA/中华文化/45.json,12,12032,64993.0,96256.0,144384.0,0.6752098570478723,0.45013990469858156,5.401678856382978,0.9175266572769653,0.6980922117512277
qwen3,Chinese-SimpleQA/中华文化/45.json,16,12032,71076.0,96256.0,192512.0,0.7384059175531915,0.36920295877659576,5.907247340425532,0.9175266572769653,0.7306273994927711
qwen3,Chinese-SimpleQA/中华文化/48.json,8,12032,54290.0,96256.0,96256.0,0.5640167885638298,0.5640167885638298,4.512134308510638,0.9144426470107221,0.6327966702111224
qwen3,Chinese-SimpleQA/中华文化/48.json,12,12032,64669.0,96256.0,144384.0,0.6718438331117021,0.44789588874113473,5.374750664893617,0.9144426470107221,0.6953173330489625
qwen3,Chinese-SimpleQA/中华文化/48.json,16,12032,70875.0,96256.0,192512.0,0.736317736037234,0.368158868018617,5.890541888297872,0.9144426470107221,0.7285016204448457
qwen3,Chinese-SimpleQA/中华文化/54.json,8,12032,54370.0,96256.0,96256.0,0.5648479055851063,0.5648479055851063,4.518783244680851,0.9302155673503876,0.6379403532185453
qwen3,Chinese-SimpleQA/中华文化/54.json,12,12032,64769.0,96256.0,144384.0,0.6728827293882979,0.44858848625886527,5.383061835106383,0.9302155673503876,0.7004642213912721
qwen3,Chinese-SimpleQA/中华文化/54.json,16,12032,71405.0,96256.0,192512.0,0.7418238863031915,0.37091194315159576,5.934591090425532,0.9302155673503876,0.7359538255853856
qwen3,Chinese-SimpleQA/中华文化/55.json,8,12032,53319.0,96256.0,96256.0,0.5539291057180851,0.5539291057180851,4.4314328457446805,0.9173339383399233,0.6241558070512528
qwen3,Chinese-SimpleQA/中华文化/55.json,12,12032,64504.0,96256.0,144384.0,0.6701296542553191,0.4467531028368794,5.361037234042553,0.9173339383399233,0.6915373650002987
qwen3,Chinese-SimpleQA/中华文化/55.json,16,12032,71177.0,96256.0,192512.0,0.7394552027925532,0.3697276013962766,5.915641622340425,0.9173339383399233,0.7272038802187494
qwen3,Chinese-SimpleQA/中华文化/56.json,8,12032,54377.0,96256.0,96256.0,0.5649206283244681,0.5649206283244681,4.519365026595745,0.9219713534446473,0.6343581739892351
qwen3,Chinese-SimpleQA/中华文化/56.json,12,12032,65319.0,96256.0,144384.0,0.6785966589095744,0.452397772606383,5.4287732712765955,0.9219713534446473,0.7002070111797211
qwen3,Chinese-SimpleQA/中华文化/56.json,16,12032,72094.0,96256.0,192512.0,0.7489818816489362,0.3744909408244681,5.99185505319149,0.9219713534446473,0.7364357361134063
qwen3,Chinese-SimpleQA/中华文化/59.json,8,12032,53790.0,96256.0,96256.0,0.558822307180851,0.558822307180851,4.470578457446808,0.9342191441262022,0.6325067145393249
qwen3,Chinese-SimpleQA/中华文化/59.json,12,12032,64382.0,96256.0,144384.0,0.6688622007978723,0.44590813386524825,5.350897606382978,0.9342191441262022,0.6963072368439208
qwen3,Chinese-SimpleQA/中华文化/59.json,16,12032,70844.0,96256.0,192512.0,0.7359956781914894,0.3679978390957447,5.887965425531915,0.9342191441262022,0.7308477565963217
qwen3,Chinese-SimpleQA/中华文化/8.json,8,12032,53833.0,96256.0,96256.0,0.5592690325797872,0.5592690325797872,4.474152260638298,0.9171826002445627,0.6288443562832284
qwen3,Chinese-SimpleQA/中华文化/8.json,12,12032,64851.0,96256.0,144384.0,0.6737346243351063,0.44915641622340424,5.389876994680851,0.9171826002445627,0.6952032706838973
qwen3,Chinese-SimpleQA/中华文化/8.json,16,12032,71314.0,96256.0,192512.0,0.7408784906914894,0.3704392453457447,5.927027925531915,0.9171826002445627,0.7297289086149094
qwen3,Chinese-SimpleQA/中华文化/80.json,8,12032,51914.0,96256.0,96256.0,0.5393326130319149,0.5393326130319149,4.3146609042553195,0.9278863376759469,0.6141488951571444
qwen3,Chinese-SimpleQA/中华文化/80.json,12,12032,62280.0,96256.0,144384.0,0.6470246010638298,0.43134973404255317,5.176196808510638,0.9278863376759469,0.6765490107713862
qwen3,Chinese-SimpleQA/中华文化/80.json,16,12032,68787.0,96256.0,192512.0,0.7146255817819149,0.35731279089095747,5.7170046542553195,0.9278863376759469,0.7113000389109266
qwen3,Chinese-SimpleQA/中华文化/84.json,8,12032,50778.0,96256.0,96256.0,0.5275307513297872,0.5275307513297872,4.220246010638298,0.9010390988055695,0.5969812537127352
qwen3,Chinese-SimpleQA/中华文化/84.json,12,12032,60659.0,96256.0,144384.0,0.6301840924202128,0.42012272828014185,5.041472739361702,0.9010390988055695,0.656391847323864
qwen3,Chinese-SimpleQA/中华文化/84.json,16,12032,66662.0,96256.0,192512.0,0.6925490359042553,0.34627451795212766,5.5403922872340425,0.9010390988055695,0.6884991830967843
qwen3,Chinese-SimpleQA/中华文化/92.json,8,12032,48419.0,96256.0,96256.0,0.5030231881648937,0.5030231881648937,4.024185505319149,0.8678761809430224,0.5656500595047119
qwen3,Chinese-SimpleQA/中华文化/92.json,12,12032,58828.0,96256.0,144384.0,0.6111619015957447,0.40744126773049644,4.8892952127659575,0.8678761809430224,0.6281934272735676
qwen3,Chinese-SimpleQA/中华文化/92.json,16,12032,65995.0,96256.0,192512.0,0.6856195977393617,0.3428097988696808,5.484956781914893,0.8678761809430224,0.6665021609118644
qwen3,Chinese-SimpleQA/中华文化/95.json,8,12032,53751.0,96256.0,96256.0,0.5584171376329787,0.5584171376329787,4.46733710106383,0.9138992409756843,0.6254858247777249
qwen3,Chinese-SimpleQA/中华文化/95.json,12,12032,64171.0,96256.0,144384.0,0.6666701296542553,0.4444467531028369,5.3333610372340425,0.9138992409756843,0.6882750363426006
qwen3,Chinese-SimpleQA/中华文化/95.json,16,12032,70281.0,96256.0,192512.0,0.7301466921542553,0.36507334607712766,5.8411735372340425,0.9138992409756843,0.7209326726325015
qwen3,Chinese-SimpleQA/人文与社会科学/2345.json,8,12032,49211.0,96256.0,96256.0,0.5112512466755319,0.5112512466755319,4.090009973404255,0.8691882449895778,0.5730592215314825
qwen3,Chinese-SimpleQA/人文与社会科学/2345.json,12,12032,59675.0,96256.0,144384.0,0.6199613530585106,0.41330756870567376,4.959690824468085,0.8691882449895778,0.6359810883060415
qwen3,Chinese-SimpleQA/人文与社会科学/2345.json,16,12032,66242.0,96256.0,192512.0,0.6881856715425532,0.3440928357712766,5.505485372340425,0.8691882449895778,0.6711067341743632
qwen3,Chinese-SimpleQA/人文与社会科学/2350.json,8,12032,49950.0,96256.0,96256.0,0.5189286901595744,0.5189286901595744,4.1514295212765955,0.879686453240983,0.5834365036893399
qwen3,Chinese-SimpleQA/人文与社会科学/2350.json,12,12032,59806.0,96256.0,144384.0,0.621322307180851,0.41421487145390073,4.970578457446808,0.879686453240983,0.6426959310440307
qwen3,Chinese-SimpleQA/人文与社会科学/2350.json,16,12032,66010.0,96256.0,192512.0,0.685775432180851,0.3428877160904255,5.486203457446808,0.879686453240983,0.6758722894369288
qwen3,Chinese-SimpleQA/人文与社会科学/2353.json,8,12032,49628.0,96256.0,96256.0,0.5155834441489362,0.5155834441489362,4.12466755319149,0.8734783026132178,0.5813905618926312
qwen3,Chinese-SimpleQA/人文与社会科学/2353.json,12,12032,60138.0,96256.0,144384.0,0.624771442819149,0.41651429521276595,4.998171542553192,0.8734783026132178,0.6446988693577178
qwen3,Chinese-SimpleQA/人文与社会科学/2353.json,16,12032,66800.0,96256.0,192512.0,0.6939827127659575,0.34699135638297873,5.55186170212766,0.8734783026132178,0.6802811381664682
qwen3,Chinese-SimpleQA/人文与社会科学/2357.json,8,10434,43764.0,83472.0,83472.0,0.5242955721679126,0.5242955721679126,4.1943645773433005,0.8863072577211988,0.5885589247534095
qwen3,Chinese-SimpleQA/人文与社会科学/2357.json,12,10434,52692.0,83472.0,125208.0,0.6312535940195515,0.42083572934636765,5.050028752156412,0.8863072577211988,0.6505182741335898
qwen3,Chinese-SimpleQA/人文与社会科学/2357.json,16,10434,58170.0,83472.0,166944.0,0.6968803910293272,0.3484401955146636,5.575043128234618,0.8863072577211988,0.6842820966565931
qwen3,Chinese-SimpleQA/人文与社会科学/2374.json,8,12032,52881.0,96256.0,96256.0,0.5493787400265957,0.5493787400265957,4.395029920212766,0.9227924981015794,0.6227572027673113
qwen3,Chinese-SimpleQA/人文与社会科学/2374.json,12,12032,63412.0,96256.0,144384.0,0.6587849069148937,0.4391899379432624,5.270279255319149,0.9227924981015794,0.6861847337890179
qwen3,Chinese-SimpleQA/人文与社会科学/2374.json,16,12032,69463.0,96256.0,192512.0,0.7216485206117021,0.3608242603058511,5.773188164893617,0.9227924981015794,0.7185418865782149
qwen3,Chinese-SimpleQA/人文与社会科学/2377.json,8,12032,48875.0,96256.0,96256.0,0.5077605551861702,0.5077605551861702,4.062084441489362,0.8873055006595368,0.5762822764351013
qwen3,Chinese-SimpleQA/人文与社会科学/2377.json,12,12032,59037.0,96256.0,144384.0,0.6133331948138298,0.40888879654255317,4.906665558510638,0.8873055006595368,0.6373850084999775
qwen3,Chinese-SimpleQA/人文与社会科学/2377.json,16,12032,65426.0,96256.0,192512.0,0.6797082779255319,0.33985413896276595,5.437666223404255,0.8873055006595368,0.6715295349663877
qwen3,Chinese-SimpleQA/人文与社会科学/2391.json,8,12032,48609.0,96256.0,96256.0,0.5049970910904256,0.5049970910904256,4.0399767287234045,0.868779829841979,0.5662772303566019
qwen3,Chinese-SimpleQA/人文与社会科学/2391.json,12,12032,59765.0,96256.0,144384.0,0.6208963597074468,0.4139309064716312,4.967170877659575,0.868779829841979,0.6333872923191558
qwen3,Chinese-SimpleQA/人文与社会科学/2391.json,16,12032,67227.0,96256.0,192512.0,0.6984187998670213,0.34920939993351063,5.58735039893617,0.868779829841979,0.673246146516597
qwen3,Chinese-SimpleQA/人文与社会科学/2400.json,8,12032,50433.0,96256.0,96256.0,0.5239465591755319,0.5239465591755319,4.191572473404255,0.8833046346268756,0.5892537283770581
qwen3,Chinese-SimpleQA/人文与社会科学/2400.json,12,12032,60611.0,96256.0,144384.0,0.6296854222074468,0.4197902814716312,5.037483377659575,0.8833046346268756,0.6505113009442675
qwen3,Chinese-SimpleQA/人文与社会科学/2400.json,16,12032,66988.0,96256.0,192512.0,0.6959358377659575,0.34796791888297873,5.56748670212766,0.8833046346268756,0.6845706492028338
qwen3,Chinese-SimpleQA/人文与社会科学/2412.json,8,12032,54217.0,96256.0,96256.0,0.5632583942819149,0.5632583942819149,4.5060671542553195,0.901107262423698,0.6272175502269826
qwen3,Chinese-SimpleQA/人文与社会科学/2412.json,12,12032,64226.0,96256.0,144384.0,0.667241522606383,0.44482768173758863,5.337932180851064,0.901107262423698,0.687388927695599
qwen3,Chinese-SimpleQA/人文与社会科学/2412.json,16,12032,70164.0,96256.0,192512.0,0.7289311835106383,0.3644655917553192,5.831449468085107,0.901107262423698,0.7191701994297353
qwen3,Chinese-SimpleQA/人文与社会科学/2415.json,8,12032,50995.0,96256.0,96256.0,0.52978515625,0.52978515625,4.23828125,0.8989562366871123,0.5997379549006199
qwen3,Chinese-SimpleQA/人文与社会科学/2415.json,12,12032,61456.0,96256.0,144384.0,0.6384640957446809,0.4256427304964539,5.107712765957447,0.8989562366871123,0.6626845601391285
qwen3,Chinese-SimpleQA/人文与社会科学/2415.json,16,12032,67638.0,96256.0,192512.0,0.7026886635638298,0.3513443317819149,5.621509308510638,0.8989562366871123,0.6957726950975175
qwen3,Chinese-SimpleQA/人文与社会科学/2416.json,8,12032,47780.0,96256.0,96256.0,0.49638464095744683,0.49638464095744683,3.9710771276595747,0.871638279011909,0.5615791269439332
qwen3,Chinese-SimpleQA/人文与社会科学/2416.json,12,12032,58363.0,96256.0,144384.0,0.6063310339095744,0.40422068927304966,4.8506482712765955,0.871638279011909,0.6251431849408657
qwen3,Chinese-SimpleQA/人文与社会科学/2416.json,16,12032,65915.0,96256.0,192512.0,0.6847884807180851,0.34239424035904253,5.4783078457446805,0.871638279011909,0.6654937267303467
qwen3,Chinese-SimpleQA/人文与社会科学/2417.json,8,12032,55079.0,96256.0,96256.0,0.5722136801861702,0.5722136801861702,4.577709441489362,0.9090063660702807,0.6369772841955753
qwen3,Chinese-SimpleQA/人文与社会科学/2417.json,12,12032,65449.0,96256.0,144384.0,0.679947224069149,0.45329814937943264,5.439577792553192,0.9090063660702807,0.6993572623171704
qwen3,Chinese-SimpleQA/人文与社会科学/2417.json,16,12032,71637.0,96256.0,192512.0,0.7442341256648937,0.37211706283244683,5.953873005319149,0.9090063660702807,0.7324653638804213
qwen3,Chinese-SimpleQA/人文与社会科学/2418.json,8,12032,47659.0,96256.0,96256.0,0.49512757646276595,0.49512757646276595,3.9610206117021276,0.8724351766261649,0.5609715127564491
qwen3,Chinese-SimpleQA/人文与社会科学/2418.json,12,12032,58282.0,96256.0,144384.0,0.6054895279255319,0.40365968528368795,4.843916223404255,0.8724351766261649,0.6247107820942047
qwen3,Chinese-SimpleQA/人文与社会科学/2418.json,16,12032,65999.0,96256.0,192512.0,0.6856611535904256,0.3428305767952128,5.4852892287234045,0.8724351766261649,0.665960690759598
qwen3,Chinese-SimpleQA/人文与社会科学/2428.json,8,12032,53386.0,96256.0,96256.0,0.5546251662234043,0.5546251662234043,4.437001329787234,0.9119004182359005,0.6219044264326704
qwen3,Chinese-SimpleQA/人文与社会科学/2428.json,12,12032,63975.0,96256.0,144384.0,0.6646338929521277,0.4430892619680851,5.317071143617022,0.9119004182359005,0.6855822700135251
qwen3,Chinese-SimpleQA/人文与社会科学/2428.json,16,12032,70813.0,96256.0,192512.0,0.7356736203457447,0.36783681017287234,5.8853889627659575,0.9119004182359005,0.7221356998098657
qwen3,Chinese-SimpleQA/人文与社会科学/2434.json,8,12032,46314.0,96256.0,96256.0,0.48115442154255317,0.48115442154255317,3.8492353723404253,0.8401126297230416,0.5387949804042248
qwen3,Chinese-SimpleQA/人文与社会科学/2434.json,12,12032,56755.0,96256.0,144384.0,0.5896255817819149,0.39308372118794327,4.7170046542553195,0.8401126297230416,0.6015411120779971
qwen3,Chinese-SimpleQA/人文与社会科学/2434.json,16,12032,63648.0,96256.0,192512.0,0.6612367021276596,0.3306183510638298,5.289893617021277,0.8401126297230416,0.6383695409018942
qwen3,Chinese-SimpleQA/人文与社会科学/2439.json,8,12032,47449.0,96256.0,96256.0,0.4929458942819149,0.4929458942819149,3.943567154255319,0.8653427444873972,0.5568233699874675
qwen3,Chinese-SimpleQA/人文与社会科学/2439.json,12,12032,57949.0,96256.0,144384.0,0.6020300033244681,0.40135333554964536,4.816240026595745,0.8653427444873972,0.6198776386519695
qwen3,Chinese-SimpleQA/人文与社会科学/2439.json,16,12032,65077.0,96256.0,192512.0,0.6760825299202128,0.3380412649601064,5.408660239361702,0.8653427444873972,0.657982846840899
qwen3,Chinese-SimpleQA/人文与社会科学/2456.json,8,12032,53147.0,96256.0,96256.0,0.5521422041223404,0.5521422041223404,4.417137632978723,0.9057463902108213,0.6195336161775792
qwen3,Chinese-SimpleQA/人文与社会科学/2456.json,12,12032,62997.0,96256.0,144384.0,0.6544734873670213,0.4363156582446808,5.23578789893617,0.9057463902108213,0.6788269899626995
qwen3,Chinese-SimpleQA/人文与社会科学/2456.json,16,12032,68676.0,96256.0,192512.0,0.7134724069148937,0.35673620345744683,5.707779255319149,0.9057463902108213,0.7091909945011139
qwen3,Chinese-SimpleQA/人文与社会科学/2457.json,8,12032,50647.0,96256.0,96256.0,0.5261697972074468,0.5261697972074468,4.209358377659575,0.8945696918254203,0.5952707519556614
qwen3,Chinese-SimpleQA/人文与社会科学/2457.json,12,12032,60955.0,96256.0,144384.0,0.6332592253989362,0.4221728169326241,5.06607380319149,0.8945696918254203,0.6572777895217247
qwen3,Chinese-SimpleQA/人文与社会科学/2457.json,16,12032,67308.0,96256.0,192512.0,0.6992603058510638,0.3496301529255319,5.59408244680851,0.8945696918254203,0.6912346941993591
qwen3,Chinese-SimpleQA/人文与社会科学/2459.json,8,12032,53542.0,96256.0,96256.0,0.5562458444148937,0.5562458444148937,4.449966755319149,0.9201781679975226,0.626262902262363
qwen3,Chinese-SimpleQA/人文与社会科学/2459.json,12,12032,64194.0,96256.0,144384.0,0.6669090757978723,0.4446060505319149,5.335272606382978,0.9201781679975226,0.6904633967800343
qwen3,Chinese-SimpleQA/人文与社会科学/2459.json,16,12032,70418.0,96256.0,192512.0,0.7315699800531915,0.36578499002659576,5.852559840425532,0.9201781679975226,0.7237491918371078
qwen3,Chinese-SimpleQA/人文与社会科学/2461.json,8,12032,49449.0,96256.0,96256.0,0.5137238198138298,0.5137238198138298,4.109790558510638,0.8818080704262916,0.581645280598326
qwen3,Chinese-SimpleQA/人文与社会科学/2461.json,12,12032,59813.0,96256.0,144384.0,0.6213950299202128,0.41426335328014185,4.971160239361702,0.8818080704262916,0.6440214839704493
qwen3,Chinese-SimpleQA/人文与社会科学/2461.json,16,12032,66219.0,96256.0,192512.0,0.6879467253989362,0.3439733626994681,5.50357380319149,0.8818080704262916,0.6782641271327404
qwen3,Chinese-SimpleQA/人文与社会科学/2477.json,8,12032,54243.0,96256.0,96256.0,0.5635285073138298,0.5635285073138298,4.508228058510638,0.9071111796384163,0.6293338467466071
qwen3,Chinese-SimpleQA/人文与社会科学/2477.json,12,12032,64838.0,96256.0,144384.0,0.673599567819149,0.44906637854609927,5.388796542553192,0.9071111796384163,0.6931357767353666
qwen3,Chinese-SimpleQA/人文与社会科学/2477.json,16,12032,71030.0,96256.0,192512.0,0.7379280252659575,0.36896401263297873,5.90342420212766,0.9071111796384163,0.7262599801129483
qwen3,Chinese-SimpleQA/人文与社会科学/2486.json,8,12032,47534.0,96256.0,96256.0,0.49382895611702127,0.49382895611702127,3.95063164893617,0.8599060323644192,0.555456630410032
qwen3,Chinese-SimpleQA/人文与社会科学/2486.json,12,12032,57779.0,96256.0,144384.0,0.6002638796542553,0.40017591976950356,4.8021110372340425,0.8599060323644192,0.6169525673414799
qwen3,Chinese-SimpleQA/人文与社会科学/2486.json,16,12032,64972.0,96256.0,192512.0,0.6749916888297872,0.3374958444148936,5.399933510638298,0.8599060323644192,0.6554035173451647
qwen3,Chinese-SimpleQA/人文与社会科学/2492.json,8,12032,48174.0,96256.0,96256.0,0.500477892287234,0.500477892287234,4.003823138297872,0.8718002679500174,0.5665753128680777
qwen3,Chinese-SimpleQA/人文与社会科学/2492.json,12,12032,58385.0,96256.0,144384.0,0.6065595910904256,0.40437306072695034,4.8524767287234045,0.8718002679500174,0.6279846664438856
qwen3,Chinese-SimpleQA/人文与社会科学/2492.json,16,12032,64964.0,96256.0,192512.0,0.6749085771276596,0.3374542885638298,5.399268617021277,0.8718002679500174,0.6631383391770911
qwen3,Chinese-SimpleQA/人文与社会科学/2499.json,8,12032,51223.0,96256.0,96256.0,0.5321538397606383,0.5321538397606383,4.257230718085107,0.8843697455335171,0.5960925199249958
qwen3,Chinese-SimpleQA/人文与社会科学/2499.json,12,12032,61454.0,96256.0,144384.0,0.638443317819149,0.42562887854609927,5.107546542553192,0.8843697455335171,0.657655453428309
qwen3,Chinese-SimpleQA/人文与社会科学/2499.json,16,12032,68331.0,96256.0,192512.0,0.7098882147606383,0.3549441073803192,5.679105718085107,0.8843697455335171,0.6943797846423819
qwen3,Chinese-SimpleQA/人文与社会科学/2503.json,8,12032,49795.0,96256.0,96256.0,0.517318400930851,0.517318400930851,4.138547207446808,0.8838312759044322,0.5820480807030455
qwen3,Chinese-SimpleQA/人文与社会科学/2503.json,12,12032,60334.0,96256.0,144384.0,0.6268076795212766,0.4178717863475177,5.014461436170213,0.8838312759044322,0.6453826123095573
qwen3,Chinese-SimpleQA/人文与社会科学/2503.json,16,12032,67287.0,96256.0,192512.0,0.6990421376329787,0.34952106881648937,5.59233710106383,0.8838312759044322,0.6825362967049822
qwen3,Chinese-SimpleQA/人文与社会科学/2512.json,8,12032,49990.0,96256.0,96256.0,0.5193442486702128,0.5193442486702128,4.154753989361702,0.8900103429530529,0.5870696471092549
qwen3,Chinese-SimpleQA/人文与社会科学/2512.json,12,12032,60396.0,96256.0,144384.0,0.627451795212766,0.41830119680851063,5.019614361702128,0.8900103429530529,0.6496463697007362
qwen3,Chinese-SimpleQA/人文与社会科学/2512.json,16,12032,66754.0,96256.0,192512.0,0.6935048204787234,0.3467524102393617,5.548038563829787,0.8900103429530529,0.6836480973882878
qwen3,Chinese-SimpleQA/人文与社会科学/2519.json,8,12032,48736.0,96256.0,96256.0,0.5063164893617021,0.5063164893617021,4.050531914893617,0.8558842558810051,0.5649964861730312
qwen3,Chinese-SimpleQA/人文与社会科学/2519.json,12,12032,59456.0,96256.0,144384.0,0.617686170212766,0.41179078014184395,4.941489361702128,0.8558842558810051,0.629523644739009
qwen3,Chinese-SimpleQA/人文与社会科学/2519.json,16,12032,66102.0,96256.0,192512.0,0.6867312167553191,0.34336560837765956,5.493849734042553,0.8558842558810051,0.6650488097616967
qwen3,Chinese-SimpleQA/人文与社会科学/2526.json,8,12032,52344.0,96256.0,96256.0,0.5437998670212766,0.5437998670212766,4.350398936170213,0.9040730988725703,0.6112605231873532
qwen3,Chinese-SimpleQA/人文与社会科学/2526.json,12,12032,63105.0,96256.0,144384.0,0.6555954953457447,0.4370636635638298,5.2447639627659575,0.9040730988725703,0.6760445757115141
qwen3,Chinese-SimpleQA/人文与社会科学/2526.json,16,12032,69567.0,96256.0,192512.0,0.7227289727393617,0.3613644863696808,5.781831781914893,0.9040730988725703,0.7105840444564819
qwen3,Chinese-SimpleQA/人文与社会科学/292.json,8,12032,44869.0,96256.0,96256.0,0.4661423703457447,0.4661423703457447,3.7291389627659575,0.8287324911736428,0.5254993457743462
qwen3,Chinese-SimpleQA/人文与社会科学/292.json,12,12032,55034.0,96256.0,144384.0,0.5717461768617021,0.3811641179078014,4.573969414893617,0.8287324911736428,0.586627240510697
qwen3,Chinese-SimpleQA/人文与社会科学/292.json,16,12032,61991.0,96256.0,192512.0,0.6440221908244681,0.32201109541223405,5.152177526595745,0.8287324911736428,0.6237710048543647
qwen3,Chinese-SimpleQA/人文与社会科学/294.json,8,12032,54828.0,96256.0,96256.0,0.5696060505319149,0.5696060505319149,4.5568484042553195,0.9249408695291965,0.6389411031565768
qwen3,Chinese-SimpleQA/人文与社会科学/294.json,12,12032,65088.0,96256.0,144384.0,0.6761968085106383,0.4507978723404255,5.409574468085107,0.9249408695291965,0.7006958646977202
qwen3,Chinese-SimpleQA/人文与社会科学/294.json,16,12032,71810.0,96256.0,192512.0,0.7460314162234043,0.37301570811170215,5.968251329787234,0.9249408695291965,0.736608532197932
qwen3,Chinese-SimpleQA/人文与社会科学/298.json,8,12032,52849.0,96256.0,96256.0,0.5490462932180851,0.5490462932180851,4.3923703457446805,0.913110742543606,0.6185672007342602
qwen3,Chinese-SimpleQA/人文与社会科学/298.json,12,12032,63705.0,96256.0,144384.0,0.6618288730053191,0.4412192486702128,5.294630984042553,0.913110742543606,0.6839226252855138
qwen3,Chinese-SimpleQA/人文与社会科学/298.json,16,12032,70391.0,96256.0,192512.0,0.7312894780585106,0.3656447390292553,5.850315824468085,0.913110742543606,0.7196688705936392
qwen3,Chinese-SimpleQA/人文与社会科学/301.json,8,12032,53080.0,96256.0,96256.0,0.5514461436170213,0.5514461436170213,4.41156914893617,0.9114085702185936,0.6204158635215556
qwen3,Chinese-SimpleQA/人文与社会科学/301.json,12,12032,63606.0,96256.0,144384.0,0.6608003656914894,0.44053357712765956,5.286402925531915,0.9114085702185936,0.6837913406656143
qwen3,Chinese-SimpleQA/人文与社会科学/301.json,16,12032,70066.0,96256.0,192512.0,0.7279130651595744,0.3639565325797872,5.8233045212765955,0.9114085702185936,0.7183215478633312
qwen3,Chinese-SimpleQA/人文与社会科学/308.json,8,12032,45682.0,96256.0,96256.0,0.4745885970744681,0.4745885970744681,3.796708776595745,0.8501931803023561,0.5379526285415
qwen3,Chinese-SimpleQA/人文与社会科学/308.json,12,12032,55122.0,96256.0,144384.0,0.5726604055851063,0.38177360372340424,4.581283244680851,0.8501931803023561,0.5947262508437988
qwen3,Chinese-SimpleQA/人文与社会科学/308.json,16,12032,61289.0,96256.0,192512.0,0.636729138962766,0.318364569481383,5.093833111702128,0.8501931803023561,0.6276926572652574
qwen3,Chinese-SimpleQA/人文与社会科学/314.json,8,12032,48629.0,96256.0,96256.0,0.5052048703457447,0.5052048703457447,4.0416389627659575,0.8685111879034245,0.5694233949514146
qwen3,Chinese-SimpleQA/人文与社会科学/314.json,12,12032,58988.0,96256.0,144384.0,0.6128241356382979,0.40854942375886527,4.902593085106383,0.8685111879034245,0.6316692061880802
qwen3,Chinese-SimpleQA/人文与社会科学/314.json,16,12032,65606.0,96256.0,192512.0,0.6815782912234043,0.34078914561170215,5.452626329787234,0.8685111879034245,0.6670746115293908
qwen3,Chinese-SimpleQA/人文与社会科学/323.json,8,12032,53286.0,96256.0,96256.0,0.5535862699468085,0.5535862699468085,4.428690159574468,0.9218949409241372,0.6259842619616934
qwen3,Chinese-SimpleQA/人文与社会科学/323.json,12,12032,62914.0,96256.0,144384.0,0.6536112034574468,0.43574080230496454,5.228889627659575,0.9218949409241372,0.6839948185580842
qwen3,Chinese-SimpleQA/人文与社会科学/323.json,16,12032,68841.0,96256.0,192512.0,0.7151865857712766,0.3575932928856383,5.721492686170213,0.9218949409241372,0.7156706797949811
qwen3,Chinese-SimpleQA/人文与社会科学/327.json,8,12032,51120.0,96256.0,96256.0,0.5310837765957447,0.5310837765957447,4.2486702127659575,0.8884389254641025,0.5955378067620257
qwen3,Chinese-SimpleQA/人文与社会科学/327.json,12,12032,61468.0,96256.0,144384.0,0.6385887632978723,0.42572584219858156,5.108710106382978,0.8884389254641025,0.6578405344105781
qwen3,Chinese-SimpleQA/人文与社会科学/327.json,16,12032,68229.0,96256.0,192512.0,0.7088285405585106,0.3544142702792553,5.670628324468085,0.8884389254641025,0.6939428207722116
qwen3,Chinese-SimpleQA/人文与社会科学/330.json,8,12032,52477.0,96256.0,96256.0,0.545181599069149,0.545181599069149,4.361452792553192,0.8984778960968586,0.6119396528030964
qwen3,Chinese-SimpleQA/人文与社会科学/330.json,12,12032,62708.0,96256.0,144384.0,0.6514710771276596,0.4343140514184397,5.211768617021277,0.8984778960968586,0.6735674250633159
qwen3,Chinese-SimpleQA/人文与社会科学/330.json,16,12032,68849.0,96256.0,192512.0,0.7152696974734043,0.35763484873670215,5.722157579787234,0.8984778960968586,0.7064131821723695
qwen3,Chinese-SimpleQA/人文与社会科学/333.json,8,12032,49812.0,96256.0,96256.0,0.5174950132978723,0.5174950132978723,4.139960106382978,0.863737977565603,0.5784488022327423
qwen3,Chinese-SimpleQA/人文与社会科学/333.json,12,12032,59729.0,96256.0,144384.0,0.6205223570478723,0.41368157136524825,4.964178856382978,0.863737977565603,0.6381197746129746
qwen3,Chinese-SimpleQA/人文与社会科学/333.json,16,12032,66053.0,96256.0,192512.0,0.6862221575797872,0.3431110787898936,5.489777260638298,0.863737977565603,0.6719002412988785
qwen3,Chinese-SimpleQA/人文与社会科学/337.json,8,12032,48594.0,96256.0,96256.0,0.5048412566489362,0.5048412566489362,4.03873005319149,0.8837091637418625,0.5718684507177231
qwen3,Chinese-SimpleQA/人文与社会科学/337.json,12,12032,59177.0,96256.0,144384.0,0.6147876496010638,0.4098584330673759,4.91830119680851,0.8837091637418625,0.6354297916305826
qwen3,Chinese-SimpleQA/人文与社会科学/337.json,16,12032,66626.0,96256.0,192512.0,0.6921750332446809,0.34608751662234044,5.537400265957447,0.8837091637418625,0.6752252363144083
qwen3,Chinese-SimpleQA/人文与社会科学/340.json,8,12032,45555.0,96256.0,96256.0,0.4732691988031915,0.4732691988031915,3.786153590425532,0.8436640944886715,0.5327994113272809
qwen3,Chinese-SimpleQA/人文与社会科学/340.json,12,12032,56281.0,96256.0,144384.0,0.584701213430851,0.38980080895390073,4.677609707446808,0.8436640944886715,0.5972566645830235
qwen3,Chinese-SimpleQA/人文与社会科学/340.json,16,12032,63934.0,96256.0,192512.0,0.6642079454787234,0.3321039727393617,5.313663563829787,0.8436640944886715,0.6381282042315666
qwen3,Chinese-SimpleQA/人文与社会科学/341.json,8,12032,48617.0,96256.0,96256.0,0.5050802027925532,0.5050802027925532,4.040641622340425,0.8674207776784897,0.5685759638535216
qwen3,Chinese-SimpleQA/人文与社会科学/341.json,12,12032,58938.0,96256.0,144384.0,0.6123046875,0.408203125,4.8984375,0.8674207776784897,0.630660262513668
qwen3,Chinese-SimpleQA/人文与社会科学/341.json,16,12032,65327.0,96256.0,192512.0,0.6786797706117021,0.3393398853058511,5.429438164893617,0.8674207776784897,0.6648145571668097
qwen3,Chinese-SimpleQA/人文与社会科学/344.json,8,12032,54545.0,96256.0,96256.0,0.566665974069149,0.566665974069149,4.533327792553192,0.9318941260905976,0.6396183574453314
qwen3,Chinese-SimpleQA/人文与社会科学/344.json,12,12032,65095.0,96256.0,144384.0,0.67626953125,0.4508463541666667,5.41015625,0.9318941260905976,0.7031161658307339
qwen3,Chinese-SimpleQA/人文与社会科学/344.json,16,12032,71555.0,96256.0,192512.0,0.7433822307180851,0.37169111535904253,5.9470578457446805,0.9318941260905976,0.7376446299096371
qwen3,Chinese-SimpleQA/人文与社会科学/353.json,8,12032,50108.0,96256.0,96256.0,0.5205701462765957,0.5205701462765957,4.164561170212766,0.8883589499808372,0.5876486694559138
qwen3,Chinese-SimpleQA/人文与社会科学/353.json,12,12032,60859.0,96256.0,144384.0,0.6322618849734043,0.42150792331560283,5.058095079787234,0.8883589499808372,0.6522392313531105
qwen3,Chinese-SimpleQA/人文与社会科学/353.json,16,12032,67722.0,96256.0,192512.0,0.7035613364361702,0.3517806682180851,5.628490691489362,0.8883589499808372,0.6889041941216651
qwen3,Chinese-SimpleQA/人文与社会科学/355.json,8,12032,51038.0,96256.0,96256.0,0.5302318816489362,0.5302318816489362,4.24185505319149,0.8980759756362184,0.5996841981689981
qwen3,Chinese-SimpleQA/人文与社会科学/355.json,12,12032,61287.0,96256.0,144384.0,0.636708361037234,0.42447224069148937,5.093666888297872,0.8980759756362184,0.6613109070569911
qwen3,Chinese-SimpleQA/人文与社会科学/355.json,16,12032,67868.0,96256.0,192512.0,0.705078125,0.3525390625,5.640625,0.8980759756362184,0.6964832965997939
qwen3,Chinese-SimpleQA/人文与社会科学/356.json,8,12032,54066.0,96256.0,96256.0,0.5616896609042553,0.5616896609042553,4.4935172872340425,0.926640475049932,0.6327240210264287
qwen3,Chinese-SimpleQA/人文与社会科学/356.json,12,12032,64710.0,96256.0,144384.0,0.6722697805851063,0.44817985372340424,5.378158244680851,0.926640475049932,0.6968360857126561
qwen3,Chinese-SimpleQA/人文与社会科学/356.json,16,12032,70769.0,96256.0,192512.0,0.7352165059840425,0.36760825299202127,5.88173204787234,0.926640475049932,0.729231316992577
qwen3,Chinese-SimpleQA/人文与社会科学/374.json,8,12032,48632.0,96256.0,96256.0,0.5052360372340425,0.5052360372340425,4.04188829787234,0.8845902586236913,0.5726362856778693
qwen3,Chinese-SimpleQA/人文与社会科学/374.json,12,12032,59304.0,96256.0,144384.0,0.6161070478723404,0.4107380319148936,4.928856382978723,0.8845902586236913,0.6367340962937538
qwen3,Chinese-SimpleQA/人文与社会科学/374.json,16,12032,66851.0,96256.0,192512.0,0.6945125498670213,0.34725627493351063,5.55610039893617,0.8845902586236913,0.6770777515274413
qwen3,Chinese-SimpleQA/人文与社会科学/382.json,8,12032,80299.0,96256.0,96256.0,0.834223321143617,0.834223321143617,6.673786569148936,0.9906291543169224,0.8747384421368862
qwen3,Chinese-SimpleQA/人文与社会科学/382.json,12,12032,89831.0,96256.0,144384.0,0.9332509142287234,0.6221672761524822,7.466007313829787,0.9906291543169224,0.9326377098864698
qwen3,Chinese-SimpleQA/人文与社会科学/382.json,16,12032,92695.0,96256.0,192512.0,0.9630049035904256,0.4815024517952128,7.7040392287234045,0.9906291543169224,0.9480184944386177
qwen3,Chinese-SimpleQA/人文与社会科学/392.json,8,12032,51413.0,96256.0,96256.0,0.5341277426861702,0.5341277426861702,4.273021941489362,0.90335206719155,0.604023924850403
qwen3,Chinese-SimpleQA/人文与社会科学/392.json,12,12032,61370.0,96256.0,144384.0,0.6375706449468085,0.42504709663120566,5.100565159574468,0.90335206719155,0.6639668668838258
qwen3,Chinese-SimpleQA/人文与社会科学/392.json,16,12032,67289.0,96256.0,192512.0,0.6990629155585106,0.3495314577792553,5.592503324468085,0.90335206719155,0.6955997284422529
qwen3,Chinese-SimpleQA/人文与社会科学/405.json,8,12032,48107.0,96256.0,96256.0,0.4997818317819149,0.4997818317819149,3.998254654255319,0.8823849806126128,0.5676769985163466
qwen3,Chinese-SimpleQA/人文与社会科学/405.json,12,12032,58825.0,96256.0,144384.0,0.6111307347074468,0.40742048980496454,4.889045877659575,0.8823849806126128,0.6319713116960323
qwen3,Chinese-SimpleQA/人文与社会科学/405.json,16,12032,66450.0,96256.0,192512.0,0.6903465757978723,0.34517328789893614,5.522772606382978,0.8823849806126128,0.6727182678085692
qwen3,Chinese-SimpleQA/人文与社会科学/406.json,8,12032,47409.0,96256.0,96256.0,0.4925303357712766,0.4925303357712766,3.9402426861702127,0.8510794392291535,0.551140992565358
qwen3,Chinese-SimpleQA/人文与社会科学/406.json,12,12032,57657.0,96256.0,144384.0,0.5989964261968085,0.39933095079787234,4.791971409574468,0.8510794392291535,0.6127024365866438
qwen3,Chinese-SimpleQA/人文与社会科学/406.json,16,12032,64819.0,96256.0,192512.0,0.6734021775265957,0.33670108876329785,5.387217420212766,0.8510794392291535,0.6509572689203506
qwen3,Chinese-SimpleQA/人文与社会科学/410.json,8,12032,46849.0,96256.0,96256.0,0.48671251662234044,0.48671251662234044,3.8937001329787235,0.851285105055951,0.546810563574446
qwen3,Chinese-SimpleQA/人文与社会科学/410.json,12,12032,57636.0,96256.0,144384.0,0.5987782579787234,0.3991855053191489,4.790226063829787,0.851285105055951,0.6116090613476773
qwen3,Chinese-SimpleQA/人文与社会科学/410.json,16,12032,65232.0,96256.0,192512.0,0.6776928191489362,0.3388464095744681,5.42154255319149,0.851285105055951,0.652166781273294
qwen3,Chinese-SimpleQA/人文与社会科学/419.json,8,10810,44028.0,86480.0,86480.0,0.5091119333950046,0.5091119333950046,4.072895467160037,0.8760402771193709,0.5719771728374471
qwen3,Chinese-SimpleQA/人文与社会科学/419.json,12,10810,52802.0,86480.0,129720.0,0.6105689176688252,0.4070459451125501,4.884551341350601,0.8760402771193709,0.6306969468842824
qwen3,Chinese-SimpleQA/人文与社会科学/419.json,16,10810,58357.0,86480.0,172960.0,0.6748034227567068,0.3374017113783534,5.398427382053654,0.8760402771193709,0.6637470270063346
qwen3,Chinese-SimpleQA/人文与社会科学/421.json,8,12032,47598.0,96256.0,96256.0,0.49449384973404253,0.49449384973404253,3.9559507978723403,0.8802218659127012,0.561995174656523
qwen3,Chinese-SimpleQA/人文与社会科学/421.json,12,12032,58272.0,96256.0,144384.0,0.6053856382978723,0.4035904255319149,4.843085106382978,0.8802218659127012,0.6261119728392743
qwen3,Chinese-SimpleQA/人文与社会科学/421.json,16,12032,65871.0,96256.0,192512.0,0.684331366356383,0.3421656831781915,5.474650930851064,0.8802218659127012,0.6667299257948044
qwen3,Chinese-SimpleQA/人文与社会科学/423.json,8,12032,51439.0,96256.0,96256.0,0.5343978557180851,0.5343978557180851,4.2751828457446805,0.8996967172369044,0.6016030980551497
qwen3,Chinese-SimpleQA/人文与社会科学/423.json,12,12032,62459.0,96256.0,144384.0,0.6488842253989362,0.4325894835992908,5.19107380319149,0.8996967172369044,0.6678854258770638
qwen3,Chinese-SimpleQA/人文与社会科学/423.json,16,12032,69788.0,96256.0,192512.0,0.7250249335106383,0.3625124667553192,5.800199468085107,0.8996967172369044,0.7070336823767804
qwen3,Chinese-SimpleQA/人文与社会科学/429.json,8,12032,50550.0,96256.0,96256.0,0.525162067819149,0.525162067819149,4.201296542553192,0.8954486675718998,0.5953444576960929
qwen3,Chinese-SimpleQA/人文与社会科学/429.json,12,12032,60998.0,96256.0,144384.0,0.6337059507978723,0.42247063386524825,5.069647606382978,0.8954486675718998,0.658227635190842
qwen3,Chinese-SimpleQA/人文与社会科学/429.json,16,12032,67816.0,96256.0,192512.0,0.7045378989361702,0.3522689494680851,5.636303191489362,0.8954486675718998,0.6946584766215467
qwen3,Chinese-SimpleQA/人文与社会科学/432.json,8,12032,51280.0,96256.0,96256.0,0.5327460106382979,0.5327460106382979,4.261968085106383,0.9120297926537534,0.6059464815449207
qwen3,Chinese-SimpleQA/人文与社会科学/432.json,12,12032,62058.0,96256.0,144384.0,0.6447182513297872,0.4298121675531915,5.157746010638298,0.9120297926537534,0.6708526376714098
qwen3,Chinese-SimpleQA/人文与社会科学/432.json,16,12032,68642.0,96256.0,192512.0,0.713119182180851,0.3565595910904255,5.704953457446808,0.9120297926537534,0.706036204987384
qwen3,Chinese-SimpleQA/人文与社会科学/435.json,8,12032,48015.0,96256.0,96256.0,0.49882604720744683,0.49882604720744683,3.9906083776595747,0.8706189476429148,0.563135786259428
qwen3,Chinese-SimpleQA/人文与社会科学/435.json,12,12032,58802.0,96256.0,144384.0,0.6108917885638298,0.40726119237588654,4.887134308510638,0.8706189476429148,0.6279657235805024
qwen3,Chinese-SimpleQA/人文与社会科学/435.json,16,12032,66333.0,96256.0,192512.0,0.6891310671542553,0.34456553357712766,5.5130485372340425,0.8706189476429148,0.6681983708701236
qwen3,Chinese-SimpleQA/人文与社会科学/440.json,8,12032,46002.0,96256.0,96256.0,0.4779130651595745,0.4779130651595745,3.823304521276596,0.8410368447608136,0.5365331293420589
qwen3,Chinese-SimpleQA/人文与社会科学/440.json,12,12032,56563.0,96256.0,144384.0,0.587630900930851,0.39175393395390073,4.701047207446808,0.8410368447608136,0.5999985235802671
qwen3,Chinese-SimpleQA/人文与社会科学/440.json,16,12032,63850.0,96256.0,192512.0,0.663335272606383,0.3316676363031915,5.306682180851064,0.8410368447608136,0.63894118971013
qwen3,Chinese-SimpleQA/人文与社会科学/441.json,8,12032,52841.0,96256.0,96256.0,0.5489631815159575,0.5489631815159575,4.39170545212766,0.9247541567112537,0.6238892760048521
qwen3,Chinese-SimpleQA/人文与社会科学/441.json,12,12032,63437.0,96256.0,144384.0,0.6590446309840425,0.439363087322695,5.27235704787234,0.9247541567112537,0.6876897076342968
qwen3,Chinese-SimpleQA/人文与社会科学/441.json,16,12032,69687.0,96256.0,192512.0,0.7239756482712766,0.3619878241356383,5.791805186170213,0.9247541567112537,0.7210769177751338
qwen3,Chinese-SimpleQA/人文与社会科学/460.json,8,12032,51712.0,96256.0,96256.0,0.5372340425531915,0.5372340425531915,4.297872340425532,0.9093170514766206,0.6057387187759927
qwen3,Chinese-SimpleQA/人文与社会科学/460.json,12,12032,62500.0,96256.0,144384.0,0.6493101728723404,0.4328734485815603,5.194481382978723,0.9093170514766206,0.6707002384231445
qwen3,Chinese-SimpleQA/人文与社会科学/460.json,16,12032,69268.0,96256.0,192512.0,0.7196226728723404,0.3598113364361702,5.756981382978723,0.9093170514766206,0.7068726426743447
qwen3,Chinese-SimpleQA/人文与社会科学/466.json,8,12032,45244.0,96256.0,96256.0,0.47003823138297873,0.47003823138297873,3.76030585106383,0.830694910059584,0.528961142961015
qwen3,Chinese-SimpleQA/人文与社会科学/466.json,12,12032,55397.0,96256.0,144384.0,0.5755173703457447,0.3836782468971631,4.6041389627659575,0.830694910059584,0.5899652369478916
qwen3,Chinese-SimpleQA/人文与社会科学/466.json,16,12032,62321.0,96256.0,192512.0,0.647450548537234,0.323725274268617,5.179604388297872,0.830694910059584,0.6269865546454775
qwen3,Chinese-SimpleQA/人文与社会科学/473.json,8,12032,50453.0,96256.0,96256.0,0.524154338430851,0.524154338430851,4.193234707446808,0.9097718742299588,0.5967558752349083
qwen3,Chinese-SimpleQA/人文与社会科学/473.json,12,12032,61243.0,96256.0,144384.0,0.6362512466755319,0.42416749778368795,5.090009973404255,0.9097718742299588,0.6616350723073837
qwen3,Chinese-SimpleQA/人文与社会科学/473.json,16,12032,68578.0,96256.0,192512.0,0.7124542885638298,0.3562271442819149,5.699634308510638,0.9097718742299588,0.7008129694360368
qwen3,Chinese-SimpleQA/人文与社会科学/487.json,8,12032,49578.0,96256.0,96256.0,0.5150639960106383,0.5150639960106383,4.120511968085107,0.8815591855252043,0.5799620509781735
qwen3,Chinese-SimpleQA/人文与社会科学/487.json,12,12032,59838.0,96256.0,144384.0,0.6216547539893617,0.4144365026595745,4.973238031914893,0.8815591855252043,0.6417044204600314
qwen3,Chinese-SimpleQA/人文与社会科学/487.json,16,12032,66232.0,96256.0,192512.0,0.6880817819148937,0.34404089095744683,5.504654255319149,0.8815591855252043,0.675874059187605
qwen3,Chinese-SimpleQA/人文与社会科学/493.json,8,12032,50560.0,96256.0,96256.0,0.5252659574468085,0.5252659574468085,4.202127659574468,0.8884214961782415,0.591117207357224
qwen3,Chinese-SimpleQA/人文与社会科学/493.json,12,12032,60844.0,96256.0,144384.0,0.6321060505319149,0.42140403368794327,5.0568484042553195,0.8884214961782415,0.6529783254608195
qwen3,Chinese-SimpleQA/人文与社会科学/493.json,16,12032,67484.0,96256.0,192512.0,0.7010887632978723,0.35054438164893614,5.608710106382978,0.8884214961782415,0.6885056777837428
qwen3,Chinese-SimpleQA/人文与社会科学/505.json,8,12032,47070.0,96256.0,96256.0,0.489008477393617,0.489008477393617,3.912067819148936,0.853831614585633,0.5485222853244619
qwen3,Chinese-SimpleQA/人文与社会科学/505.json,12,12032,57540.0,96256.0,144384.0,0.5977809175531915,0.39852061170212766,4.782247340425532,0.853831614585633,0.6114179121052965
qwen3,Chinese-SimpleQA/人文与社会科学/505.json,16,12032,64657.0,96256.0,192512.0,0.6717191655585106,0.3358595827792553,5.373753324468085,0.853831614585633,0.6494334400334256
qwen3,Chinese-SimpleQA/人文与社会科学/513.json,8,12032,53060.0,96256.0,96256.0,0.5512383643617021,0.5512383643617021,4.409906914893617,0.9049966132387202,0.6170887135444804
qwen3,Chinese-SimpleQA/人文与社会科学/513.json,12,12032,63370.0,96256.0,144384.0,0.6583485704787234,0.4388990469858156,5.266788563829787,0.9049966132387202,0.6791261941828626
qwen3,Chinese-SimpleQA/人文与社会科学/513.json,16,12032,69930.0,96256.0,192512.0,0.7265001662234043,0.36325008311170215,5.812001329787234,0.9049966132387202,0.7141806413518622
qwen3,Chinese-SimpleQA/人文与社会科学/539.json,8,12032,43159.0,96256.0,96256.0,0.44837724401595747,0.44837724401595747,3.5870179521276597,0.8043028062328379,0.5026141005627652
qwen3,Chinese-SimpleQA/人文与社会科学/539.json,12,12032,53555.0,96256.0,144384.0,0.556380900930851,0.37092060062056736,4.451047207446808,0.8043028062328379,0.5651271233850337
qwen3,Chinese-SimpleQA/人文与社会科学/539.json,16,12032,60788.0,96256.0,192512.0,0.6315242686170213,0.31576213430851063,5.05219414893617,0.8043028062328379,0.6037423743846568
qwen3,Chinese-SimpleQA/人文与社会科学/556.json,8,12032,52349.0,96256.0,96256.0,0.5438518118351063,0.5438518118351063,4.350814494680851,0.8846213544936891,0.6053908892134403
qwen3,Chinese-SimpleQA/人文与社会科学/556.json,12,12032,63431.0,96256.0,144384.0,0.6589822972074468,0.4393215314716312,5.271858377659575,0.8846213544936891,0.672048883235201
qwen3,Chinese-SimpleQA/人文与社会科学/556.json,16,12032,70251.0,96256.0,192512.0,0.7298350232712766,0.3649175116356383,5.838680186170213,0.8846213544936891,0.7085270907016511
qwen3,Chinese-SimpleQA/人文与社会科学/557.json,8,12032,51322.0,96256.0,96256.0,0.5331823470744681,0.5331823470744681,4.265458776595745,0.8724394523082896,0.5916552714844967
qwen3,Chinese-SimpleQA/人文与社会科学/557.json,12,12032,61749.0,96256.0,144384.0,0.6415080618351063,0.42767204122340424,5.132064494680851,0.8724394523082896,0.6544443324525305
qwen3,Chinese-SimpleQA/人文与社会科学/557.json,16,12032,68269.0,96256.0,192512.0,0.709244099069149,0.3546220495345745,5.673952792553192,0.8724394523082896,0.6892952085175412
qwen3,Chinese-SimpleQA/人文与社会科学/564.json,8,12032,48080.0,96256.0,96256.0,0.49950132978723405,0.49950132978723405,3.9960106382978724,0.8813704683425578,0.5668758540711505
qwen3,Chinese-SimpleQA/人文与社会科学/564.json,12,12032,58818.0,96256.0,144384.0,0.6110580119680851,0.4073720079787234,4.8884640957446805,0.8813704683425578,0.6313215158087142
qwen3,Chinese-SimpleQA/人文与社会科学/564.json,16,12032,66180.0,96256.0,192512.0,0.6875415558510638,0.3437707779255319,5.50033244680851,0.8813704683425578,0.6706547160097893
qwen3,Chinese-SimpleQA/人文与社会科学/570.json,8,12032,55360.0,96256.0,96256.0,0.5751329787234043,0.5751329787234043,4.601063829787234,0.919652725153781,0.6437784452387627
qwen3,Chinese-SimpleQA/人文与社会科学/570.json,12,12032,66141.0,96256.0,144384.0,0.6871363863031915,0.45809092420212766,5.497091090425532,0.919652725153781,0.7087803968089692
qwen3,Chinese-SimpleQA/人文与社会科学/570.json,16,12032,72369.0,96256.0,192512.0,0.7518388464095744,0.3759194232047872,6.0147107712765955,0.919652725153781,0.7420860240434078
qwen3,Chinese-SimpleQA/人文与社会科学/575.json,8,12032,54438.0,96256.0,96256.0,0.5655543550531915,0.5655543550531915,4.524434840425532,0.9168541729450226,0.6337776247491228
qwen3,Chinese-SimpleQA/人文与社会科学/575.json,12,12032,65900.0,96256.0,144384.0,0.6846326462765957,0.45642176418439717,5.477061170212766,0.9168541729450226,0.7028111710827402
qwen3,Chinese-SimpleQA/人文与社会科学/575.json,16,12032,72808.0,96256.0,192512.0,0.7563996010638298,0.3781998005319149,6.051196808510638,0.9168541729450226,0.7397367985958748
qwen3,Chinese-SimpleQA/人文与社会科学/577.json,8,12032,55543.0,96256.0,96256.0,0.5770341589095744,0.5770341589095744,4.6162732712765955,0.9250797229878446,0.6477652486968548
qwen3,Chinese-SimpleQA/人文与社会科学/577.json,12,12032,66053.0,96256.0,144384.0,0.6862221575797872,0.45748143838652483,5.489777260638298,0.9250797229878446,0.7110815381116056
qwen3,Chinese-SimpleQA/人文与社会科学/577.json,16,12032,72260.0,96256.0,192512.0,0.7507064494680851,0.37535322473404253,6.0056515957446805,0.9250797229878446,0.7442661349443679
qwen3,Chinese-SimpleQA/人文与社会科学/580.json,8,12032,51501.0,96256.0,96256.0,0.5350419714095744,0.5350419714095744,4.2803357712765955,0.891896628318949,0.6014959206606479
qwen3,Chinese-SimpleQA/人文与社会科学/580.json,12,12032,62289.0,96256.0,144384.0,0.6471181017287234,0.4314120678191489,5.176944813829787,0.891896628318949,0.6664538221790436
qwen3,Chinese-SimpleQA/人文与社会科学/580.json,16,12032,68759.0,96256.0,192512.0,0.7143346908244681,0.35716734541223405,5.714677526595745,0.891896628318949,0.7010312961771133
qwen3,Chinese-SimpleQA/人文与社会科学/587.json,8,12032,50582.0,96256.0,96256.0,0.5254945146276596,0.5254945146276596,4.203956117021277,0.8941308963806072,0.5923216016368663
qwen3,Chinese-SimpleQA/人文与社会科学/587.json,12,12032,60898.0,96256.0,144384.0,0.6326670545212766,0.4217780363475177,5.061336436170213,0.8941308963806072,0.6543767696365397
qwen3,Chinese-SimpleQA/人文与社会科学/587.json,16,12032,67478.0,96256.0,192512.0,0.7010264295212766,0.3505132147606383,5.608211436170213,0.8941308963806072,0.6895439840377645
qwen3,Chinese-SimpleQA/人文与社会科学/592.json,8,12032,52878.0,96256.0,96256.0,0.5493475731382979,0.5493475731382979,4.394780585106383,0.8945964891859826,0.6122859006232404
qwen3,Chinese-SimpleQA/人文与社会科学/592.json,12,12032,62734.0,96256.0,144384.0,0.6517411901595744,0.43449412677304966,5.2139295212765955,0.8945964891859826,0.6715209566532298
qwen3,Chinese-SimpleQA/人文与社会科学/592.json,16,12032,68862.0,96256.0,192512.0,0.7154047539893617,0.3577023769946808,5.723238031914893,0.8945964891859826,0.7043028270944636
qwen3,Chinese-SimpleQA/人文与社会科学/598.json,8,12032,45735.0,96256.0,96256.0,0.47513921210106386,0.47513921210106386,3.801113696808511,0.843711369215174,0.5345600012769091
qwen3,Chinese-SimpleQA/人文与社会科学/598.json,12,12032,56382.0,96256.0,144384.0,0.5857504986702128,0.3905003324468085,4.686003989361702,0.843711369215174,0.5985333745149856
qwen3,Chinese-SimpleQA/人文与社会科学/598.json,16,12032,63522.0,96256.0,192512.0,0.659927692819149,0.3299638464095745,5.279421542553192,0.843711369215174,0.6366734460313269
qwen3,Chinese-SimpleQA/人文与社会科学/599.json,8,12032,50008.0,96256.0,96256.0,0.51953125,0.51953125,4.15625,0.8870114982128143,0.5868643094250496
qwen3,Chinese-SimpleQA/人文与社会科学/599.json,12,12032,59769.0,96256.0,144384.0,0.6209379155585106,0.41395861037234044,4.967503324468085,0.8870114982128143,0.6455707223491466
qwen3,Chinese-SimpleQA/人文与社会科学/599.json,16,12032,66189.0,96256.0,192512.0,0.6876350565159575,0.34381752825797873,5.50108045212766,0.8870114982128143,0.6798616505049645
qwen3,Chinese-SimpleQA/人文与社会科学/600.json,8,12032,53490.0,96256.0,96256.0,0.5557056183510638,0.5557056183510638,4.44564494680851,0.9134809444559381,0.626815638326584
qwen3,Chinese-SimpleQA/人文与社会科学/600.json,12,12032,64074.0,96256.0,144384.0,0.6656624002659575,0.4437749335106383,5.32529920212766,0.9134809444559381,0.6905867061082352
qwen3,Chinese-SimpleQA/人文与社会科学/600.json,16,12032,70579.0,96256.0,192512.0,0.7332426030585106,0.3666213015292553,5.865940824468085,0.9134809444559381,0.7253421316755578
qwen3,Chinese-SimpleQA/人文与社会科学/604.json,8,12032,48082.0,96256.0,96256.0,0.49952210771276595,0.49952210771276595,3.9961768617021276,0.8724801039442103,0.5657769064319894
qwen3,Chinese-SimpleQA/人文与社会科学/604.json,12,12032,58318.0,96256.0,144384.0,0.6058635305851063,0.4039090203900709,4.846908244680851,0.8724801039442103,0.6272900354989032
qwen3,Chinese-SimpleQA/人文与社会科学/604.json,16,12032,64766.0,96256.0,192512.0,0.6728515625,0.33642578125,5.3828125,0.8724801039442103,0.6617446300831247
qwen3,Chinese-SimpleQA/人文与社会科学/605.json,8,12032,47211.0,96256.0,96256.0,0.490473321143617,0.490473321143617,3.923786569148936,0.8474267809949023,0.5484433136087783
qwen3,Chinese-SimpleQA/人文与社会科学/605.json,12,12032,57400.0,96256.0,144384.0,0.5963264627659575,0.397550975177305,4.77061170212766,0.8474267809949023,0.6096226151319261
qwen3,Chinese-SimpleQA/人文与社会科学/605.json,16,12032,64811.0,96256.0,192512.0,0.6733190658244681,0.33665953291223405,5.386552526595745,0.8474267809949023,0.6492340970546642
qwen3,Chinese-SimpleQA/人文与社会科学/610.json,8,12032,50185.0,96256.0,96256.0,0.5213700964095744,0.5213700964095744,4.1709607712765955,0.8854323860178602,0.5865587237033438
qwen3,Chinese-SimpleQA/人文与社会科学/610.json,12,12032,60327.0,96256.0,144384.0,0.6267349567819149,0.4178233045212766,5.0138796542553195,0.8854323860178602,0.6475924462714093
qwen3,Chinese-SimpleQA/人文与社会科学/610.json,16,12032,67136.0,96256.0,192512.0,0.6974734042553191,0.34873670212765956,5.579787234042553,0.8854323860178602,0.6839601521162276
qwen3,Chinese-SimpleQA/人文与社会科学/628.json,8,12032,46226.0,96256.0,96256.0,0.4802401928191489,0.4802401928191489,3.8419215425531914,0.8468190805709108,0.5404054081820427
qwen3,Chinese-SimpleQA/人文与社会科学/628.json,12,12032,56115.0,96256.0,144384.0,0.5829766456117021,0.3886510970744681,4.663813164893617,0.8468190805709108,0.5998546725257914
qwen3,Chinese-SimpleQA/人文与社会科学/628.json,16,12032,62945.0,96256.0,192512.0,0.6539332613031915,0.32696663065159576,5.231466090425532,0.8468190805709108,0.6363299279770953
qwen3,Chinese-SimpleQA/人文与社会科学/632.json,8,12032,49474.0,96256.0,96256.0,0.5139835438829787,0.5139835438829787,4.11186835106383,0.8810244196272911,0.5797872714539791
qwen3,Chinese-SimpleQA/人文与社会科学/632.json,12,12032,59962.0,96256.0,144384.0,0.6229429853723404,0.4152953235815603,4.983543882978723,0.8810244196272911,0.6428827050518482
qwen3,Chinese-SimpleQA/人文与社会科学/632.json,16,12032,67426.0,96256.0,192512.0,0.7004862034574468,0.3502431017287234,5.603889627659575,0.8810244196272911,0.6827216164228764
qwen3,Chinese-SimpleQA/人文与社会科学/640.json,8,12032,47425.0,96256.0,96256.0,0.4926965591755319,0.4926965591755319,3.941572473404255,0.858310638590062,0.5554399991289098
qwen3,Chinese-SimpleQA/人文与社会科学/640.json,12,12032,57842.0,96256.0,144384.0,0.6009183843085106,0.40061225620567376,4.807347074468085,0.858310638590062,0.6180038445807517
qwen3,Chinese-SimpleQA/人文与社会科学/640.json,16,12032,64893.0,96256.0,192512.0,0.6741709607712766,0.3370854803856383,5.393367686170213,0.858310638590062,0.6556718219467934
qwen3,Chinese-SimpleQA/人文与社会科学/644.json,8,12032,45931.0,96256.0,96256.0,0.4771754488031915,0.4771754488031915,3.817403590425532,0.8469923817096873,0.5370242478365593
qwen3,Chinese-SimpleQA/人文与社会科学/644.json,12,12032,56706.0,96256.0,144384.0,0.589116522606383,0.3927443484042553,4.712932180851064,0.8469923817096873,0.6017429305517927
qwen3,Chinese-SimpleQA/人文与社会科学/644.json,16,12032,64052.0,96256.0,192512.0,0.6654338430851063,0.33271692154255317,5.323470744680851,0.8469923817096873,0.6410215858449327
qwen3,Chinese-SimpleQA/人文与社会科学/666.json,8,12032,53448.0,96256.0,96256.0,0.5552692819148937,0.5552692819148937,4.442154255319149,0.8980316792396789,0.619353526450218
qwen3,Chinese-SimpleQA/人文与社会科学/666.json,12,12032,63924.0,96256.0,144384.0,0.6641040558510638,0.44273603723404253,5.31283244680851,0.8980316792396789,0.6824061385494598
qwen3,Chinese-SimpleQA/人文与社会科学/666.json,16,12032,70088.0,96256.0,192512.0,0.7281416223404256,0.3640708111702128,5.8251329787234045,0.8980316792396789,0.7153791915229026
qwen3,Chinese-SimpleQA/人文与社会科学/677.json,8,12032,46657.0,96256.0,96256.0,0.4847178357712766,0.4847178357712766,3.8777426861702127,0.848467434340335,0.5436111460340783
qwen3,Chinese-SimpleQA/人文与社会科学/677.json,12,12032,57181.0,96256.0,144384.0,0.5940512799202128,0.39603418661347517,4.752410239361702,0.848467434340335,0.6068256231064492
qwen3,Chinese-SimpleQA/人文与社会科学/677.json,16,12032,64346.0,96256.0,192512.0,0.6684881981382979,0.3342440990691489,5.347905585106383,0.848467434340335,0.6451128867078335
qwen3,Chinese-SimpleQA/人文与社会科学/679.json,8,12032,54224.0,96256.0,96256.0,0.5633311170212766,0.5633311170212766,4.506648936170213,0.9209834698666918,0.6325144621920078
qwen3,Chinese-SimpleQA/人文与社会科学/679.json,12,12032,64300.0,96256.0,144384.0,0.6680103058510638,0.4453402039007092,5.34408244680851,0.9209834698666918,0.6931423941191207
qwen3,Chinese-SimpleQA/人文与社会科学/679.json,16,12032,70450.0,96256.0,192512.0,0.7319024268617021,0.3659512134308511,5.855219414893617,0.9209834698666918,0.7260354592445049
qwen3,Chinese-SimpleQA/人文与社会科学/680.json,8,12032,50508.0,96256.0,96256.0,0.5247257313829787,0.5247257313829787,4.19780585106383,0.8767948657908338,0.5866901744553383
qwen3,Chinese-SimpleQA/人文与社会科学/680.json,12,12032,61824.0,96256.0,144384.0,0.6422872340425532,0.42819148936170215,5.138297872340425,0.8767948657908338,0.6547094646920549
qwen3,Chinese-SimpleQA/人文与社会科学/680.json,16,12032,69099.0,96256.0,192512.0,0.7178669381648937,0.35893346908244683,5.742935505319149,0.8767948657908338,0.6935910157700802
qwen3,Chinese-SimpleQA/人文与社会科学/695.json,8,12032,47699.0,96256.0,96256.0,0.49554313497340424,0.49554313497340424,3.964345079787234,0.8766676593334117,0.5624982007640473
qwen3,Chinese-SimpleQA/人文与社会科学/695.json,12,12032,58476.0,96256.0,144384.0,0.6075049867021277,0.4050033244680851,4.860039893617022,0.8766676593334117,0.6271823448069552
qwen3,Chinese-SimpleQA/人文与社会科学/695.json,16,12032,65961.0,96256.0,192512.0,0.6852663730053191,0.34263318650265956,5.482130984042553,0.8766676593334117,0.6671792512878458
qwen3,Chinese-SimpleQA/人文与社会科学/698.json,8,12032,48439.0,96256.0,96256.0,0.5032309674202128,0.5032309674202128,4.025847739361702,0.8953813447597179,0.5751788999806059
qwen3,Chinese-SimpleQA/人文与社会科学/698.json,12,12032,58652.0,96256.0,144384.0,0.6093334441489362,0.4062222960992908,4.87466755319149,0.8953813447597179,0.6365508922237031
qwen3,Chinese-SimpleQA/人文与社会科学/698.json,16,12032,65523.0,96256.0,192512.0,0.6807160073138298,0.3403580036569149,5.445728058510638,0.8953813447597179,0.6732433435130627
qwen3,Chinese-SimpleQA/工程、技术与应用科学/1003.json,8,12032,53609.0,96256.0,96256.0,0.5569419049202128,0.5569419049202128,4.455535239361702,0.91086800745193,0.6259224072415778
qwen3,Chinese-SimpleQA/工程、技术与应用科学/1003.json,12,12032,63894.0,96256.0,144384.0,0.6637923869680851,0.4425282579787234,5.3103390957446805,0.91086800745193,0.6878439302140094
qwen3,Chinese-SimpleQA/工程、技术与应用科学/1003.json,16,12032,69695.0,96256.0,192512.0,0.7240587599734043,0.36202937998670215,5.792470079787234,0.91086800745193,0.7188746878441344
qwen3,Chinese-SimpleQA/工程、技术与应用科学/1012.json,8,12032,47433.0,96256.0,96256.0,0.49277967087765956,0.49277967087765956,3.9422373670212765,0.8608639982152493,0.5552663046945917
qwen3,Chinese-SimpleQA/工程、技术与应用科学/1012.json,12,12032,57658.0,96256.0,144384.0,0.5990068151595744,0.39933787677304966,4.7920545212765955,0.8608639982152493,0.6168320372383646
qwen3,Chinese-SimpleQA/工程、技术与应用科学/1012.json,16,12032,64143.0,96256.0,192512.0,0.6663792386968085,0.33318961934840424,5.331033909574468,0.8608639982152493,0.6514712106040184
qwen3,Chinese-SimpleQA/工程、技术与应用科学/1024.json,8,12032,50229.0,96256.0,96256.0,0.5218272107712766,0.5218272107712766,4.174617686170213,0.8797772437968152,0.5852927716171488
qwen3,Chinese-SimpleQA/工程、技术与应用科学/1024.json,12,12032,60515.0,96256.0,144384.0,0.6286880817819149,0.41912538785460995,5.0295046542553195,0.8797772437968152,0.6472250946024631
qwen3,Chinese-SimpleQA/工程、技术与应用科学/1024.json,16,12032,66651.0,96256.0,192512.0,0.6924347573138298,0.3462173786569149,5.539478058510638,0.8797772437968152,0.6800051873668711
qwen3,Chinese-SimpleQA/工程、技术与应用科学/1025.json,8,12032,47307.0,96256.0,96256.0,0.4914706615691489,0.4914706615691489,3.9317652925531914,0.8588951585140634,0.5516598230980813
qwen3,Chinese-SimpleQA/工程、技术与应用科学/1025.json,12,12032,57802.0,96256.0,144384.0,0.6005028257978723,0.40033521719858156,4.804022606382978,0.8588951585140634,0.6147194631556248
qwen3,Chinese-SimpleQA/工程、技术与应用科学/1025.json,16,12032,64944.0,96256.0,192512.0,0.6747007978723404,0.3373503989361702,5.397606382978723,0.8588951585140634,0.6528839247023805
qwen3,Chinese-SimpleQA/工程、技术与应用科学/1027.json,8,12032,45350.0,96256.0,96256.0,0.4711394614361702,0.4711394614361702,3.7691156914893615,0.8701417052999456,0.5405593321044394
qwen3,Chinese-SimpleQA/工程、技术与应用科学/1027.json,12,12032,55734.0,96256.0,144384.0,0.5790184507978723,0.3860123005319149,4.632147606382978,0.8701417052999456,0.6029796410114208
qwen3,Chinese-SimpleQA/工程、技术与应用科学/1027.json,16,12032,62901.0,96256.0,192512.0,0.6534761469414894,0.3267380734707447,5.227809175531915,0.8701417052999456,0.6412509128134302
qwen3,Chinese-SimpleQA/工程、技术与应用科学/1028.json,8,12032,47715.0,96256.0,96256.0,0.49570935837765956,0.49570935837765956,3.9656748670212765,0.8692274150696206,0.5613816122108317
qwen3,Chinese-SimpleQA/工程、技术与应用科学/1028.json,12,12032,57652.0,96256.0,144384.0,0.5989444813829787,0.3992963209219858,4.79155585106383,0.8692274150696206,0.6211322403334557
qwen3,Chinese-SimpleQA/工程、技术与应用科学/1028.json,16,12032,63960.0,96256.0,192512.0,0.6644780585106383,0.3322390292553192,5.315824468085107,0.8692274150696206,0.6548678063331766
qwen3,Chinese-SimpleQA/工程、技术与应用科学/1035.json,8,12032,44938.0,96256.0,96256.0,0.46685920877659576,0.46685920877659576,3.734873670212766,0.8247478991112811,0.5239999852281936
qwen3,Chinese-SimpleQA/工程、技术与应用科学/1035.json,12,12032,54977.0,96256.0,144384.0,0.5711540059840425,0.380769337322695,4.56923204787234,0.8247478991112811,0.5843807649105153
qwen3,Chinese-SimpleQA/工程、技术与应用科学/1035.json,16,12032,61681.0,96256.0,192512.0,0.6408016123670213,0.32040080618351063,5.12641289893617,0.8247478991112811,0.6201950841127558
qwen3,Chinese-SimpleQA/工程、技术与应用科学/1047.json,8,12032,48132.0,96256.0,96256.0,0.5000415558510638,0.5000415558510638,4.00033244680851,0.8669019721923991,0.5641374109273262
qwen3,Chinese-SimpleQA/工程、技术与应用科学/1047.json,12,12032,58538.0,96256.0,144384.0,0.608149102393617,0.405432734929078,4.865192819148936,0.8669019721923991,0.6266812374617191
qwen3,Chinese-SimpleQA/工程、技术与应用科学/1047.json,16,12032,65027.0,96256.0,192512.0,0.6755630817819149,0.33778154089095747,5.4045046542553195,0.8669019721923991,0.66138678535502
qwen3,Chinese-SimpleQA/工程、技术与应用科学/1053.json,8,12032,52353.0,96256.0,96256.0,0.5438933676861702,0.5438933676861702,4.351146941489362,0.8921329607354834,0.6073433293941173
qwen3,Chinese-SimpleQA/工程、技术与应用科学/1053.json,12,12032,62587.0,96256.0,144384.0,0.6502140126329787,0.4334760084219858,5.20171210106383,0.8921329607354834,0.6689505532700964
qwen3,Chinese-SimpleQA/工程、技术与应用科学/1053.json,16,12032,68870.0,96256.0,192512.0,0.7154878656914894,0.3577439328457447,5.723902925531915,0.8921329607354834,0.7025428782118127
qwen3,Chinese-SimpleQA/工程、技术与应用科学/1054.json,8,12032,47089.0,96256.0,96256.0,0.4892058676861702,0.4892058676861702,3.9136469414893615,0.8556722472322748,0.5494421679288783
qwen3,Chinese-SimpleQA/工程、技术与应用科学/1054.json,12,12032,57603.0,96256.0,144384.0,0.5984354222074468,0.39895694813829785,4.787483377659575,0.8556722472322748,0.6126124598878495
qwen3,Chinese-SimpleQA/工程、技术与应用科学/1054.json,16,12032,64330.0,96256.0,192512.0,0.6683219747340425,0.33416098736702127,5.34657579787234,0.8556722472322748,0.6485529659276313
qwen3,Chinese-SimpleQA/工程、技术与应用科学/1061.json,8,12032,49460.0,96256.0,96256.0,0.5138380984042553,0.5138380984042553,4.1107047872340425,0.8726106755276943,0.5762145614370386
qwen3,Chinese-SimpleQA/工程、技术与应用科学/1061.json,12,12032,59533.0,96256.0,144384.0,0.6184861203457447,0.41232408023049644,4.9478889627659575,0.8726106755276943,0.6368365436792374
qwen3,Chinese-SimpleQA/工程、技术与应用科学/1061.json,16,12032,65984.0,96256.0,192512.0,0.6855053191489362,0.3427526595744681,5.48404255319149,0.8726106755276943,0.6713197798805034
qwen3,Chinese-SimpleQA/工程、技术与应用科学/1062.json,8,12032,49486.0,96256.0,96256.0,0.5141082114361702,0.5141082114361702,4.112865691489362,0.862960620129362,0.5756902254008233
qwen3,Chinese-SimpleQA/工程、技术与应用科学/1062.json,12,12032,60614.0,96256.0,144384.0,0.6297165890957447,0.4198110593971631,5.0377327127659575,0.862960620129362,0.6426912749067266
qwen3,Chinese-SimpleQA/工程、技术与应用科学/1062.json,16,12032,67492.0,96256.0,192512.0,0.701171875,0.3505859375,5.609375,0.862960620129362,0.6794468104205234
deepseek_r1,Chinese-SimpleQA/中华文化/1.json,8,7424,15976.0,59392.0,59392.0,0.2689924568965517,0.2689924568965517,2.1519396551724137,0.6830448207670244,0.3259822091665761
deepseek_r1,Chinese-SimpleQA/中华文化/1.json,12,7424,19441.0,59392.0,89088.0,0.32733364762931033,0.21822243175287356,2.6186691810344827,0.6830448207670244,0.35983041892277784
deepseek_r1,Chinese-SimpleQA/中华文化/1.json,16,7424,21510.0,59392.0,118784.0,0.36216998922413796,0.18108499461206898,2.8973599137931036,0.6830448207670244,0.3777346196102685
deepseek_r1,Chinese-SimpleQA/中华文化/100.json,8,7424,15732.0,59392.0,59392.0,0.2648841594827586,0.2648841594827586,2.119073275862069,0.6679841105280251,0.3206405197751933
deepseek_r1,Chinese-SimpleQA/中华文化/100.json,12,7424,19110.0,59392.0,89088.0,0.32176050646551724,0.21450700431034483,2.574084051724138,0.6679841105280251,0.353576191026589
deepseek_r1,Chinese-SimpleQA/中华文化/100.json,16,7424,21261.0,59392.0,118784.0,0.35797750538793105,0.17898875269396552,2.8638200431034484,0.6679841105280251,0.37217952490880574
deepseek_r1,Chinese-SimpleQA/中华文化/101.json,8,7424,13400.0,59392.0,59392.0,0.22561961206896552,0.22561961206896552,1.8049568965517242,0.6045051294154135,0.27167416132729627
deepseek_r1,Chinese-SimpleQA/中华文化/101.json,12,7424,16609.0,59392.0,89088.0,0.27965045797413796,0.18643363864942528,2.2372036637931036,0.6045051294154135,0.3029266893863678
deepseek_r1,Chinese-SimpleQA/中华文化/101.json,16,7424,18755.0,59392.0,118784.0,0.31578327047413796,0.15789163523706898,2.5262661637931036,0.6045051294154135,0.3214891830395008
deepseek_r1,Chinese-SimpleQA/中华文化/102.json,8,7424,17814.0,59392.0,59392.0,0.29993938577586204,0.29993938577586204,2.3995150862068964,0.7547418711514309,0.3687547542925539
deepseek_r1,Chinese-SimpleQA/中华文化/102.json,12,7424,21562.0,59392.0,89088.0,0.3630455280172414,0.24203035201149425,2.904364224137931,0.7547418711514309,0.40531760479869516
deepseek_r1,Chinese-SimpleQA/中华文化/102.json,16,7424,23808.0,59392.0,118784.0,0.40086206896551724,0.20043103448275862,3.206896551724138,0.7547418711514309,0.4247483004783762
deepseek_r1,Chinese-SimpleQA/中华文化/113.json,8,7424,17762.0,59392.0,59392.0,0.2990638469827586,0.2990638469827586,2.392510775862069,0.7265703210542942,0.36216227633172066
deepseek_r1,Chinese-SimpleQA/中华文化/113.json,12,7424,21378.0,59392.0,89088.0,0.3599474676724138,0.23996497844827586,2.8795797413793105,0.7265703210542942,0.3973799016455124
deepseek_r1,Chinese-SimpleQA/中华文化/113.json,16,7424,23872.0,59392.0,118784.0,0.4019396551724138,0.2009698275862069,3.2155172413793105,0.7265703210542942,0.41897015530487586
deepseek_r1,Chinese-SimpleQA/中华文化/114.json,8,7424,16011.0,59392.0,59392.0,0.2695817618534483,0.2695817618534483,2.1566540948275863,0.6762309377563411,0.32740057683710394
deepseek_r1,Chinese-SimpleQA/中华文化/114.json,12,7424,19421.0,59392.0,89088.0,0.3269969019396552,0.21799793462643677,2.6159752155172415,0.6762309377563411,0.36067260519183914
deepseek_r1,Chinese-SimpleQA/中华文化/114.json,16,7424,21634.0,59392.0,118784.0,0.3642578125,0.18212890625,2.9140625,0.6762309377563411,0.37981087483208753
deepseek_r1,Chinese-SimpleQA/中华文化/119.json,8,7422,17278.0,59376.0,59376.0,0.29099299380220967,0.29099299380220967,2.3279439504176773,0.682330634451979,0.345245510379891
deepseek_r1,Chinese-SimpleQA/中华文化/119.json,12,7422,21031.0,59376.0,89064.0,0.3542003503098895,0.23613356687325968,2.833602802479116,0.682330634451979,0.38184061901038047
deepseek_r1,Chinese-SimpleQA/中华文化/119.json,16,7422,23595.0,59376.0,118752.0,0.39738278092158447,0.19869139046079223,3.1790622473726757,0.682330634451979,0.4040305397960896
deepseek_r1,Chinese-SimpleQA/中华文化/121.json,8,5742,11330.0,45936.0,45936.0,0.24664750957854406,0.24664750957854406,1.9731800766283525,0.631972804878365,0.29819391995346617
deepseek_r1,Chinese-SimpleQA/中华文化/121.json,12,5742,13930.0,45936.0,68904.0,0.3032479972135145,0.2021653314756763,2.425983977708116,0.631972804878365,0.33093176250132234
deepseek_r1,Chinese-SimpleQA/中华文化/121.json,16,5742,15755.0,45936.0,91872.0,0.34297718564959945,0.17148859282479972,2.7438174851967956,0.631972804878365,0.3513294536865617
deepseek_r1,Chinese-SimpleQA/中华文化/143.json,8,7424,15610.0,59392.0,59392.0,0.26283001077586204,0.26283001077586204,2.1026400862068964,0.6764707092581124,0.3201953874065958
deepseek_r1,Chinese-SimpleQA/中华文化/143.json,12,7424,19061.0,59392.0,89088.0,0.32093547952586204,0.21395698635057472,2.5674838362068964,0.6764707092581124,0.35383394489000586
deepseek_r1,Chinese-SimpleQA/中华文化/143.json,16,7424,21277.0,59392.0,118784.0,0.3582469019396552,0.1791234509698276,2.8659752155172415,0.6764707092581124,0.373006721508914
deepseek_r1,Chinese-SimpleQA/中华文化/145.json,8,7424,16737.0,59392.0,59392.0,0.28180563038793105,0.28180563038793105,2.2544450431034484,0.6755271379289955,0.3390736890764072
deepseek_r1,Chinese-SimpleQA/中华文化/145.json,12,7424,20199.0,59392.0,89088.0,0.3400963092672414,0.2267308728448276,2.720770474137931,0.6755271379289955,0.3727933620584422
deepseek_r1,Chinese-SimpleQA/中华文化/145.json,16,7424,22528.0,59392.0,118784.0,0.3793103448275862,0.1896551724137931,3.0344827586206895,0.6755271379289955,0.3929538593210023
deepseek_r1,Chinese-SimpleQA/中华文化/150.json,8,7424,16235.0,59392.0,59392.0,0.2733533135775862,0.2733533135775862,2.1868265086206895,0.6731325881234531,0.3295884959656617
deepseek_r1,Chinese-SimpleQA/中华文化/150.json,12,7424,19888.0,59392.0,89088.0,0.3348599137931034,0.22323994252873564,2.6788793103448274,0.6731325881234531,0.36515305653728286
deepseek_r1,Chinese-SimpleQA/中华文化/150.json,16,7424,22430.0,59392.0,118784.0,0.37766029094827586,0.18883014547413793,3.021282327586207,0.6731325881234531,0.3871468218236134
deepseek_r1,Chinese-SimpleQA/中华文化/151.json,8,7424,16773.0,59392.0,59392.0,0.28241177262931033,0.28241177262931033,2.2592941810344827,0.6998712158408659,0.34227549849913036
deepseek_r1,Chinese-SimpleQA/中华文化/151.json,12,7424,20430.0,59392.0,89088.0,0.3439857219827586,0.2293238146551724,2.751885775862069,0.6998712158408659,0.3778956588999978
deepseek_r1,Chinese-SimpleQA/中华文化/151.json,16,7424,22707.0,59392.0,118784.0,0.38232421875,0.191162109375,3.05859375,0.6998712158408659,0.39759935438632965
deepseek_r1,Chinese-SimpleQA/中华文化/156.json,8,7424,18094.0,59392.0,59392.0,0.3046538254310345,0.3046538254310345,2.437230603448276,0.7290868974965194,0.3709462372393444
deepseek_r1,Chinese-SimpleQA/中华文化/156.json,12,7424,21657.0,59392.0,89088.0,0.3646450700431034,0.24309671336206898,2.9171605603448274,0.7290868974965194,0.405710575395617
deepseek_r1,Chinese-SimpleQA/中华文化/156.json,16,7424,23948.0,59392.0,118784.0,0.4032192887931034,0.2016096443965517,3.2257543103448274,0.7290868974965194,0.4255488530315202
deepseek_r1,Chinese-SimpleQA/中华文化/167.json,8,7424,17332.0,59392.0,59392.0,0.29182381465517243,0.29182381465517243,2.3345905172413794,0.6821405553612215,0.34841944970961275
deepseek_r1,Chinese-SimpleQA/中华文化/167.json,12,7424,20997.0,59392.0,89088.0,0.35353246228448276,0.23568830818965517,2.828259698275862,0.6821405553612215,0.3841456665561117
deepseek_r1,Chinese-SimpleQA/中华文化/167.json,16,7424,23528.0,59392.0,118784.0,0.3961476293103448,0.1980738146551724,3.1691810344827585,0.6821405553612215,0.4060481568348819
deepseek_r1,Chinese-SimpleQA/中华文化/168.json,8,7424,14962.0,59392.0,59392.0,0.2519194504310345,0.2519194504310345,2.015355603448276,0.6361000183327444,0.3018364953840601
deepseek_r1,Chinese-SimpleQA/中华文化/168.json,12,7424,18290.0,59392.0,89088.0,0.3079539331896552,0.20530262212643677,2.4636314655172415,0.6361000183327444,0.3342660462547993
deepseek_r1,Chinese-SimpleQA/中华文化/168.json,16,7424,20706.0,59392.0,118784.0,0.3486328125,0.17431640625,2.7890625,0.6361000183327444,0.3551693245254714
deepseek_r1,Chinese-SimpleQA/中华文化/179.json,8,7405,14364.0,59240.0,59240.0,0.2424713031735314,0.2424713031735314,1.9397704253882513,0.6461256316994429,0.2957591894588947
deepseek_r1,Chinese-SimpleQA/中华文化/179.json,12,7405,17560.0,59240.0,88860.0,0.29642133693450373,0.1976142246230025,2.37137069547603,0.6461256316994429,0.3269968513215739
deepseek_r1,Chinese-SimpleQA/中华文化/179.json,16,7405,19850.0,59240.0,118480.0,0.3350776502363268,0.1675388251181634,2.6806212018906144,0.6461256316994429,0.34687223028766395
deepseek_r1,Chinese-SimpleQA/中华文化/185.json,8,7424,16276.0,59392.0,59392.0,0.27404364224137934,0.27404364224137934,2.1923491379310347,0.6693551108754915,0.3296938173729798
deepseek_r1,Chinese-SimpleQA/中华文化/185.json,12,7424,19952.0,59392.0,89088.0,0.3359375,0.22395833333333334,2.6875,0.6693551108754915,0.36547885321337603
deepseek_r1,Chinese-SimpleQA/中华文化/185.json,16,7424,22647.0,59392.0,118784.0,0.3813139816810345,0.19065699084051724,3.050511853448276,0.6693551108754915,0.38878979867902297
deepseek_r1,Chinese-SimpleQA/中华文化/203.json,8,7424,17697.0,59392.0,59392.0,0.29796942349137934,0.29796942349137934,2.3837553879310347,0.7025864807696178,0.3569469713959201
deepseek_r1,Chinese-SimpleQA/中华文化/203.json,12,7424,21568.0,59392.0,89088.0,0.36314655172413796,0.24209770114942528,2.9051724137931036,0.7025864807696178,0.3946226616871768
deepseek_r1,Chinese-SimpleQA/中华文化/203.json,16,7424,24158.0,59392.0,118784.0,0.40675511853448276,0.20337755926724138,3.254040948275862,0.7025864807696178,0.4170288505225346
deepseek_r1,Chinese-SimpleQA/中华文化/212.json,8,7424,14380.0,59392.0,59392.0,0.24212015086206898,0.24212015086206898,1.9369612068965518,0.6548384068341091,0.2977040435733466
deepseek_r1,Chinese-SimpleQA/中华文化/212.json,12,7424,17731.0,59392.0,89088.0,0.2985418911637931,0.19902792744252873,2.3883351293103448,0.6548384068341091,0.3303057112056634
deepseek_r1,Chinese-SimpleQA/中华文化/212.json,16,7424,20020.0,59392.0,118784.0,0.33708243534482757,0.16854121767241378,2.6966594827586206,0.6548384068341091,0.35011624236559047
deepseek_r1,Chinese-SimpleQA/中华文化/216.json,8,7424,15003.0,59392.0,59392.0,0.25260977909482757,0.25260977909482757,2.0208782327586206,0.625396856460078,0.2991286572711221
deepseek_r1,Chinese-SimpleQA/中华文化/216.json,12,7424,18312.0,59392.0,89088.0,0.30832435344827586,0.20554956896551724,2.466594827586207,0.625396856460078,0.33138842829342546
deepseek_r1,Chinese-SimpleQA/中华文化/216.json,16,7424,20522.0,59392.0,118784.0,0.34553475215517243,0.17276737607758622,2.7642780172413794,0.625396856460078,0.3505080758497633
deepseek_r1,Chinese-SimpleQA/中华文化/218.json,8,7424,15284.0,59392.0,59392.0,0.25734105603448276,0.25734105603448276,2.058728448275862,0.6633417231255564,0.3112999090346797
deepseek_r1,Chinese-SimpleQA/中华文化/218.json,12,7424,18781.0,59392.0,89088.0,0.31622103987068967,0.21081402658045978,2.5297683189655173,0.6633417231255564,0.34531712377893514
deepseek_r1,Chinese-SimpleQA/中华文化/218.json,16,7424,21288.0,59392.0,118784.0,0.3584321120689655,0.17921605603448276,2.867456896551724,0.6633417231255564,0.36700480791001483
deepseek_r1,Chinese-SimpleQA/中华文化/225.json,8,7424,14768.0,59392.0,59392.0,0.2486530172413793,0.2486530172413793,1.9892241379310345,0.6345349128904014,0.29652446110186903
deepseek_r1,Chinese-SimpleQA/中华文化/225.json,12,7424,18284.0,59392.0,89088.0,0.3078529094827586,0.20523527298850575,2.462823275862069,0.6345349128904014,0.3307987158668452
deepseek_r1,Chinese-SimpleQA/中华文化/225.json,16,7424,20705.0,59392.0,118784.0,0.34861597521551724,0.17430798760775862,2.788927801724138,0.6345349128904014,0.3517279055868757
deepseek_r1,Chinese-SimpleQA/中华文化/229.json,8,7424,17808.0,59392.0,59392.0,0.2998383620689655,0.2998383620689655,2.398706896551724,0.6983521770814369,0.3568037461874814
deepseek_r1,Chinese-SimpleQA/中华文化/229.json,12,7424,21662.0,59392.0,89088.0,0.36472925646551724,0.24315283764367815,2.917834051724138,0.6983521770814369,0.3943380590142875
deepseek_r1,Chinese-SimpleQA/中华文化/229.json,16,7424,24126.0,59392.0,118784.0,0.4062163254310345,0.20310816271551724,3.249730603448276,0.6983521770814369,0.4156794298825593
deepseek_r1,Chinese-SimpleQA/中华文化/231.json,8,7424,14433.0,59392.0,59392.0,0.24301252693965517,0.24301252693965517,1.9441002155172413,0.6278218123419531,0.29199361878222435
deepseek_r1,Chinese-SimpleQA/中华文化/231.json,12,7424,17898.0,59392.0,89088.0,0.3013537176724138,0.20090247844827586,2.4108297413793105,0.6278218123419531,0.32575478918593503
deepseek_r1,Chinese-SimpleQA/中华文化/231.json,16,7424,20187.0,59392.0,118784.0,0.3398942618534483,0.16994713092672414,2.7191540948275863,0.6278218123419531,0.3455643019285695
deepseek_r1,Chinese-SimpleQA/中华文化/234.json,8,7424,15666.0,59392.0,59392.0,0.2637728987068966,0.2637728987068966,2.1101831896551726,0.6376605604229302,0.31219795410489215
deepseek_r1,Chinese-SimpleQA/中华文化/234.json,12,7424,19246.0,59392.0,89088.0,0.32405037715517243,0.21603358477011494,2.5924030172413794,0.6376605604229302,0.34707031193478355
deepseek_r1,Chinese-SimpleQA/中华文化/234.json,16,7424,21639.0,59392.0,118784.0,0.3643419989224138,0.1821709994612069,2.9147359913793105,0.6376605604229302,0.3677575174590637
deepseek_r1,Chinese-SimpleQA/中华文化/235.json,8,7424,17684.0,59392.0,59392.0,0.2977505387931034,0.2977505387931034,2.3820043103448274,0.734716264852162,0.36335332974277695
deepseek_r1,Chinese-SimpleQA/中华文化/235.json,12,7424,21334.0,59392.0,89088.0,0.35920662715517243,0.23947108477011494,2.8736530172413794,0.734716264852162,0.3989476679727949
deepseek_r1,Chinese-SimpleQA/中华文化/235.json,16,7424,23659.0,59392.0,118784.0,0.3983533135775862,0.1991766567887931,3.1868265086206895,0.734716264852162,0.41905057687183905
deepseek_r1,Chinese-SimpleQA/中华文化/239.json,8,7370,14353.0,58960.0,58960.0,0.24343622795115333,0.24343622795115333,1.9474898236092266,0.634524897416217,0.29308185266833775
deepseek_r1,Chinese-SimpleQA/中华文化/239.json,12,7370,18008.0,58960.0,88440.0,0.30542740841248306,0.2036182722749887,2.4434192672998645,0.634524897416217,0.3289680949383222
deepseek_r1,Chinese-SimpleQA/中华文化/239.json,16,7370,20354.0,58960.0,117920.0,0.34521709633649933,0.17260854816824966,2.7617367706919946,0.634524897416217,0.34941802523029386
deepseek_r1,Chinese-SimpleQA/中华文化/247.json,8,7424,13690.0,59392.0,59392.0,0.23050242456896552,0.23050242456896552,1.8440193965517242,0.6064709830900719,0.2809503425298066
deepseek_r1,Chinese-SimpleQA/中华文化/247.json,12,7424,16791.0,59392.0,89088.0,0.28271484375,0.1884765625,2.26171875,0.6064709830900719,0.3110828957167165
deepseek_r1,Chinese-SimpleQA/中华文化/247.json,16,7424,19404.0,59392.0,118784.0,0.3267106681034483,0.16335533405172414,2.6136853448275863,0.6064709830900719,0.3336849449009731
deepseek_r1,Chinese-SimpleQA/中华文化/257.json,8,7424,17832.0,59392.0,59392.0,0.3002424568965517,0.3002424568965517,2.4019396551724137,0.7074190660797316,0.3603113202442383
deepseek_r1,Chinese-SimpleQA/中华文化/257.json,12,7424,21547.0,59392.0,89088.0,0.36279296875,0.24186197916666666,2.90234375,0.7074190660797316,0.3965472487796997
deepseek_r1,Chinese-SimpleQA/中华文化/257.json,16,7424,23924.0,59392.0,118784.0,0.40281519396551724,0.20140759698275862,3.222521551724138,0.7074190660797316,0.4171289002587055
deepseek_r1,Chinese-SimpleQA/中华文化/262.json,8,7424,14055.0,59392.0,59392.0,0.2366480334051724,0.2366480334051724,1.8931842672413792,0.5841448026998289,0.2745506390929222
deepseek_r1,Chinese-SimpleQA/中华文化/262.json,12,7424,17580.0,59392.0,89088.0,0.2959994612068966,0.19733297413793102,2.3679956896551726,0.5841448026998289,0.30893869993501694
deepseek_r1,Chinese-SimpleQA/中华文化/262.json,16,7424,19927.0,59392.0,118784.0,0.33551656788793105,0.16775828394396552,2.6841325431034484,0.5841448026998289,0.32922776994006386
deepseek_r1,Chinese-SimpleQA/中华文化/263.json,8,7424,14997.0,59392.0,59392.0,0.25250875538793105,0.25250875538793105,2.0200700431034484,0.6503154650844377,0.304770966028345
deepseek_r1,Chinese-SimpleQA/中华文化/263.json,12,7424,18378.0,59392.0,89088.0,0.30943561422413796,0.20629040948275862,2.4754849137931036,0.6503154650844377,0.33778027072548866
deepseek_r1,Chinese-SimpleQA/中华文化/263.json,16,7424,20642.0,59392.0,118784.0,0.3475552262931034,0.1737776131465517,2.7804418103448274,0.6503154650844377,0.357361643864163
deepseek_r1,Chinese-SimpleQA/中华文化/277.json,8,7424,13261.0,59392.0,59392.0,0.22327922952586207,0.22327922952586207,1.7862338362068966,0.5993697535375069,0.26984911912987974
deepseek_r1,Chinese-SimpleQA/中华文化/277.json,12,7424,16454.0,59392.0,89088.0,0.27704067887931033,0.18469378591954022,2.2163254310344827,0.5993697535375069,0.3009601330448841
deepseek_r1,Chinese-SimpleQA/中华文化/277.json,16,7424,18579.0,59392.0,118784.0,0.31281990840517243,0.15640995420258622,2.5025592672413794,0.5993697535375069,0.31934948805077323
deepseek_r1,Chinese-SimpleQA/中华文化/39.json,8,7327,16717.0,58616.0,58616.0,0.2851951685546608,0.2851951685546608,2.2815613484372865,0.6936501377647695,0.3423887386610974
deepseek_r1,Chinese-SimpleQA/中华文化/39.json,12,7327,20369.0,58616.0,87924.0,0.3474989763886993,0.2316659842591329,2.7799918111095945,0.6936501377647695,0.3785660215138055
deepseek_r1,Chinese-SimpleQA/中华文化/39.json,16,7327,22470.0,58616.0,117232.0,0.3833424321004504,0.1916712160502252,3.066739456803603,0.6936501377647695,0.3969798424534507
deepseek_r1,Chinese-SimpleQA/中华文化/42.json,8,7424,17752.0,59392.0,59392.0,0.29889547413793105,0.29889547413793105,2.3911637931034484,0.7076683440085115,0.36090844689772045
deepseek_r1,Chinese-SimpleQA/中华文化/42.json,12,7424,21648.0,59392.0,89088.0,0.3644935344827586,0.2429956896551724,2.915948275862069,0.7076683440085115,0.398890333699769
deepseek_r1,Chinese-SimpleQA/中华文化/42.json,16,7424,24210.0,59392.0,118784.0,0.4076306573275862,0.2038153286637931,3.2610452586206895,0.7076683440085115,0.4210728656115203
deepseek_r1,Chinese-SimpleQA/中华文化/45.json,8,7424,17434.0,59392.0,59392.0,0.2935412176724138,0.2935412176724138,2.3483297413793105,0.7047167718410492,0.3559616732186285
deepseek_r1,Chinese-SimpleQA/中华文化/45.json,12,7424,20910.0,59392.0,89088.0,0.35206761853448276,0.23471174568965517,2.816540948275862,0.7047167718410492,0.38985248757847424
deepseek_r1,Chinese-SimpleQA/中华文化/45.json,16,7424,23267.0,59392.0,118784.0,0.3917530980603448,0.1958765490301724,3.1340247844827585,0.7047167718410492,0.4102492070403592
deepseek_r1,Chinese-SimpleQA/中华文化/48.json,8,7424,15233.0,59392.0,59392.0,0.25648235452586204,0.25648235452586204,2.0518588362068964,0.6390747129917145,0.3046624629661955
deepseek_r1,Chinese-SimpleQA/中华文化/48.json,12,7424,18956.0,59392.0,89088.0,0.31916756465517243,0.2127783764367816,2.5533405172413794,0.6390747129917145,0.3409950866781432
deepseek_r1,Chinese-SimpleQA/中华文化/48.json,16,7424,21383.0,59392.0,118784.0,0.36003165409482757,0.18001582704741378,2.8802532327586206,0.6390747129917145,0.36199549328664254
deepseek_r1,Chinese-SimpleQA/中华文化/54.json,8,7424,18863.0,59392.0,59392.0,0.31760169719827586,0.31760169719827586,2.540813577586207,0.7571947821255388,0.3863116805923396
deepseek_r1,Chinese-SimpleQA/中华文化/54.json,12,7424,22587.0,59392.0,89088.0,0.38030374461206895,0.25353582974137934,3.0424299568965516,0.7571947821255388,0.42257533864728336
deepseek_r1,Chinese-SimpleQA/中华文化/54.json,16,7424,25174.0,59392.0,118784.0,0.4238617995689655,0.21193089978448276,3.390894396551724,0.7571947821255388,0.44498141161326704
deepseek_r1,Chinese-SimpleQA/中华文化/55.json,8,7424,15140.0,59392.0,59392.0,0.2549164870689655,0.2549164870689655,2.039331896551724,0.6529884071185671,0.3094727671865759
deepseek_r1,Chinese-SimpleQA/中华文化/55.json,12,7424,18477.0,59392.0,89088.0,0.31110250538793105,0.2074016702586207,2.4888200431034484,0.6529884071185671,0.3420173317707818
deepseek_r1,Chinese-SimpleQA/中华文化/55.json,16,7424,20765.0,59392.0,118784.0,0.34962621228448276,0.17481310614224138,2.797009698275862,0.6529884071185671,0.36182618706390773
deepseek_r1,Chinese-SimpleQA/中华文化/56.json,8,7424,15940.0,59392.0,59392.0,0.26838631465517243,0.26838631465517243,2.1470905172413794,0.6847484029572586,0.3281722926887973
deepseek_r1,Chinese-SimpleQA/中华文化/56.json,12,7424,19410.0,59392.0,89088.0,0.3268116918103448,0.21787446120689655,2.6144935344827585,0.6847484029572586,0.3619599522187792
deepseek_r1,Chinese-SimpleQA/中华文化/56.json,16,7424,21860.0,59392.0,118784.0,0.3680630387931034,0.1840315193965517,2.9445043103448274,0.6847484029572586,0.38318913918117
deepseek_r1,Chinese-SimpleQA/中华文化/59.json,8,7330,15683.0,58640.0,58640.0,0.2674454297407913,0.2674454297407913,2.13956343792633,0.6728255902923959,0.32532299791156516
deepseek_r1,Chinese-SimpleQA/中华文化/59.json,12,7330,18951.0,58640.0,87960.0,0.3231753069577081,0.21545020463847203,2.5854024556616646,0.6728255902923959,0.3575558197937428
deepseek_r1,Chinese-SimpleQA/中华文化/59.json,16,7330,21457.0,58640.0,117280.0,0.3659106412005457,0.18295532060027286,2.927285129604366,0.6728255902923959,0.3795185322000418
deepseek_r1,Chinese-SimpleQA/中华文化/8.json,8,7424,15233.0,59392.0,59392.0,0.25648235452586204,0.25648235452586204,2.0518588362068964,0.6592332525499935,0.31036689582056015
deepseek_r1,Chinese-SimpleQA/中华文化/8.json,12,7424,18638.0,59392.0,89088.0,0.3138133081896552,0.20920887212643677,2.5105064655172415,0.6592332525499935,0.3435771607890211
deepseek_r1,Chinese-SimpleQA/中华文化/8.json,16,7424,20866.0,59392.0,118784.0,0.3513267780172414,0.1756633890086207,2.810614224137931,0.6592332525499935,0.36284438340828334
deepseek_r1,Chinese-SimpleQA/中华文化/80.json,8,7424,15598.0,59392.0,59392.0,0.26262796336206895,0.26262796336206895,2.1010237068965516,0.6450671846496647,0.3114835820321379
deepseek_r1,Chinese-SimpleQA/中华文化/80.json,12,7424,19277.0,59392.0,89088.0,0.32457233297413796,0.21638155531609196,2.5965786637931036,0.6450671846496647,0.34736000797871885
deepseek_r1,Chinese-SimpleQA/中华文化/80.json,16,7424,21791.0,59392.0,118784.0,0.3669012661637931,0.18345063308189655,2.9352101293103448,0.6450671846496647,0.3691064324872247
deepseek_r1,Chinese-SimpleQA/中华文化/84.json,8,7424,13105.0,59392.0,59392.0,0.2206526131465517,0.2206526131465517,1.7652209051724137,0.6037640946692434,0.26839186508080054
deepseek_r1,Chinese-SimpleQA/中华文化/84.json,12,7424,16319.0,59392.0,89088.0,0.27476764547413796,0.18317843031609196,2.1981411637931036,0.6037640946692434,0.2996314337541317
deepseek_r1,Chinese-SimpleQA/中华文化/84.json,16,7424,18801.0,59392.0,118784.0,0.3165577855603448,0.1582788927801724,2.5324622844827585,0.6037640946692434,0.3210828974843025
deepseek_r1,Chinese-SimpleQA/中华文化/92.json,8,7424,18641.0,59392.0,59392.0,0.3138638200431034,0.3138638200431034,2.5109105603448274,0.7267884632636761,0.37543958130067795
deepseek_r1,Chinese-SimpleQA/中华文化/92.json,12,7424,22532.0,59392.0,89088.0,0.37937769396551724,0.2529184626436782,3.035021551724138,0.7267884632636761,0.41339907486890926
deepseek_r1,Chinese-SimpleQA/中华文化/92.json,16,7424,24912.0,59392.0,118784.0,0.41945043103448276,0.20972521551724138,3.355603448275862,0.7267884632636761,0.4340090160739833
deepseek_r1,Chinese-SimpleQA/中华文化/95.json,8,7424,16291.0,59392.0,59392.0,0.27429620150862066,0.27429620150862066,2.1943696120689653,0.6776554558811516,0.32877813253937094
deepseek_r1,Chinese-SimpleQA/中华文化/95.json,12,7424,19844.0,59392.0,89088.0,0.33411907327586204,0.22274604885057472,2.6729525862068964,0.6776554558811516,0.36348612657908735
deepseek_r1,Chinese-SimpleQA/中华文化/95.json,16,7424,21949.0,59392.0,118784.0,0.36956155711206895,0.18478077855603448,2.9564924568965516,0.6776554558811516,0.3816906239452033
deepseek_r1,Chinese-SimpleQA/人文与社会科学/292.json,8,7424,16299.0,59392.0,59392.0,0.27443089978448276,0.27443089978448276,2.195447198275862,0.6897176231803566,0.33525544327908546
deepseek_r1,Chinese-SimpleQA/人文与社会科学/292.json,12,7424,19941.0,59392.0,89088.0,0.33575228987068967,0.2238348599137931,2.6860183189655173,0.6897176231803566,0.37073482239040834
deepseek_r1,Chinese-SimpleQA/人文与社会科学/292.json,16,7424,22627.0,59392.0,118784.0,0.38097723599137934,0.19048861799568967,3.0478178879310347,0.6897176231803566,0.393982340292684
deepseek_r1,Chinese-SimpleQA/人文与社会科学/294.json,8,7424,16339.0,59392.0,59392.0,0.2751043911637931,0.2751043911637931,2.2008351293103448,0.684027995528846,0.33225462714145926
deepseek_r1,Chinese-SimpleQA/人文与社会科学/294.json,12,7424,19761.0,59392.0,89088.0,0.3327215786637931,0.22181438577586207,2.6617726293103448,0.684027995528846,0.3656531073923769
deepseek_r1,Chinese-SimpleQA/人文与社会科学/294.json,16,7424,21970.0,59392.0,118784.0,0.3699151400862069,0.18495757004310345,2.9593211206896552,0.684027995528846,0.38476385574402483
deepseek_r1,Chinese-SimpleQA/人文与社会科学/298.json,8,7424,15276.0,59392.0,59392.0,0.25720635775862066,0.25720635775862066,2.0576508620689653,0.66396232052096,0.31194568168500375
deepseek_r1,Chinese-SimpleQA/人文与社会科学/298.json,12,7424,18708.0,59392.0,89088.0,0.3149919181034483,0.20999461206896552,2.5199353448275863,0.66396232052096,0.3453728220072286
deepseek_r1,Chinese-SimpleQA/人文与社会科学/298.json,16,7424,21222.0,59392.0,118784.0,0.3573208512931034,0.1786604256465517,2.8585668103448274,0.66396232052096,0.3671304791651923
deepseek_r1,Chinese-SimpleQA/人文与社会科学/301.json,8,7424,15842.0,59392.0,59392.0,0.26673626077586204,0.26673626077586204,2.1338900862068964,0.6517979399911289,0.3183025083151357
deepseek_r1,Chinese-SimpleQA/人文与社会科学/301.json,12,7424,19437.0,59392.0,89088.0,0.32726629849137934,0.21817753232758622,2.6181303879310347,0.6517979399911289,0.353297238976791
deepseek_r1,Chinese-SimpleQA/人文与社会科学/301.json,16,7424,21981.0,59392.0,118784.0,0.37010035021551724,0.18505017510775862,2.960802801724138,0.6517979399911289,0.3753200237607134
deepseek_r1,Chinese-SimpleQA/人文与社会科学/308.json,8,7424,17462.0,59392.0,59392.0,0.29401266163793105,0.29401266163793105,2.3521012931034484,0.694701427015765,0.35220272582152795
deepseek_r1,Chinese-SimpleQA/人文与社会科学/308.json,12,7424,20995.0,59392.0,89088.0,0.35349878771551724,0.2356658584770115,2.827990301724138,0.694701427015765,0.38667697176851074
deepseek_r1,Chinese-SimpleQA/人文与社会科学/308.json,16,7424,23437.0,59392.0,118784.0,0.3946154364224138,0.1973077182112069,3.1569234913793105,0.694701427015765,0.40781282890459586
deepseek_r1,Chinese-SimpleQA/人文与社会科学/314.json,8,7424,18066.0,59392.0,59392.0,0.30418238146551724,0.30418238146551724,2.433459051724138,0.6979630091067018,0.3617926263089838
deepseek_r1,Chinese-SimpleQA/人文与社会科学/314.json,12,7424,21783.0,59392.0,89088.0,0.36676656788793105,0.2445110452586207,2.9341325431034484,0.6979630091067018,0.39801153360769664
deepseek_r1,Chinese-SimpleQA/人文与社会科学/314.json,16,7424,24108.0,59392.0,118784.0,0.4059132543103448,0.2029566271551724,3.2473060344827585,0.6979630091067018,0.41815377823237715
deepseek_r1,Chinese-SimpleQA/人文与社会科学/323.json,8,7424,15308.0,59392.0,59392.0,0.25774515086206895,0.25774515086206895,2.0619612068965516,0.6407083563249687,0.30805290426159726
deepseek_r1,Chinese-SimpleQA/人文与社会科学/323.json,12,7424,18712.0,59392.0,89088.0,0.31505926724137934,0.21003951149425287,2.5204741379310347,0.6407083563249687,0.3412233131199047
deepseek_r1,Chinese-SimpleQA/人文与社会科学/323.json,16,7424,21151.0,59392.0,118784.0,0.35612540409482757,0.17806270204741378,2.8490032327586206,0.6407083563249687,0.3623256477816352
deepseek_r1,Chinese-SimpleQA/人文与社会科学/327.json,8,7424,14471.0,59392.0,59392.0,0.24365234375,0.24365234375,1.94921875,0.64427407651112,0.2962244402231841
deepseek_r1,Chinese-SimpleQA/人文与社会科学/327.json,12,7424,17918.0,59392.0,89088.0,0.30169046336206895,0.20112697557471265,2.4135237068965516,0.64427407651112,0.32976503310532407
deepseek_r1,Chinese-SimpleQA/人文与社会科学/327.json,16,7424,20457.0,59392.0,118784.0,0.3444403286637931,0.17222016433189655,2.7555226293103448,0.64427407651112,0.35172028942354794
deepseek_r1,Chinese-SimpleQA/人文与社会科学/330.json,8,7424,17187.0,59392.0,59392.0,0.28938240840517243,0.28938240840517243,2.3150592672413794,0.6962748778791263,0.345433067273477
deepseek_r1,Chinese-SimpleQA/人文与社会科学/330.json,12,7424,21006.0,59392.0,89088.0,0.35368399784482757,0.2357893318965517,2.8294719827586206,0.6962748778791263,0.3827106612252778
deepseek_r1,Chinese-SimpleQA/人文与社会科学/330.json,16,7424,23324.0,59392.0,118784.0,0.39271282327586204,0.19635641163793102,3.1417025862068964,0.6962748778791263,0.4027666390456002
deepseek_r1,Chinese-SimpleQA/人文与社会科学/333.json,8,7424,14520.0,59392.0,59392.0,0.24447737068965517,0.24447737068965517,1.9558189655172413,0.6043530974922509,0.28704754622845813
deepseek_r1,Chinese-SimpleQA/人文与社会科学/333.json,12,7424,18122.0,59392.0,89088.0,0.3051252693965517,0.20341684626436782,2.4410021551724137,0.6043530974922509,0.3222049978272668
deepseek_r1,Chinese-SimpleQA/人文与社会科学/333.json,16,7424,20559.0,59392.0,118784.0,0.3461577316810345,0.17307886584051724,2.769261853448276,0.6043530974922509,0.34328053763200495
deepseek_r1,Chinese-SimpleQA/人文与社会科学/337.json,8,7424,14522.0,59392.0,59392.0,0.2445110452586207,0.2445110452586207,1.9560883620689655,0.6232792616918169,0.29170342432013874
deepseek_r1,Chinese-SimpleQA/人文与社会科学/337.json,12,7424,17985.0,59392.0,89088.0,0.3028185614224138,0.20187904094827586,2.4225484913793105,0.6232792616918169,0.3254629612482827
deepseek_r1,Chinese-SimpleQA/人文与社会科学/337.json,16,7424,20455.0,59392.0,118784.0,0.34440665409482757,0.17220332704741378,2.7552532327586206,0.6232792616918169,0.34680954598147296
deepseek_r1,Chinese-SimpleQA/人文与社会科学/340.json,8,7424,17158.0,59392.0,59392.0,0.28889412715517243,0.28889412715517243,2.3111530172413794,0.6688704780977348,0.33954800742453545
deepseek_r1,Chinese-SimpleQA/人文与社会科学/340.json,12,7424,21476.0,59392.0,89088.0,0.36159752155172414,0.2410650143678161,2.892780172413793,0.6688704780977348,0.38166751584102365
deepseek_r1,Chinese-SimpleQA/人文与社会科学/340.json,16,7424,24554.0,59392.0,118784.0,0.4134226831896552,0.2067113415948276,3.3073814655172415,0.6688704780977348,0.408279738806445
deepseek_r1,Chinese-SimpleQA/人文与社会科学/341.json,8,7424,14312.0,59392.0,59392.0,0.24097521551724138,0.24097521551724138,1.927801724137931,0.5914766526427763,0.2806898359337757
deepseek_r1,Chinese-SimpleQA/人文与社会科学/341.json,12,7424,17881.0,59392.0,89088.0,0.3010674838362069,0.20071165589080459,2.4085398706896552,0.5914766526427763,0.31548954880443114
deepseek_r1,Chinese-SimpleQA/人文与社会科学/341.json,16,7424,20255.0,59392.0,118784.0,0.34103919719827586,0.17051959859913793,2.728313577586207,0.5914766526427763,0.3360332142690132
deepseek_r1,Chinese-SimpleQA/人文与社会科学/344.json,8,7424,17156.0,59392.0,59392.0,0.2888604525862069,0.2888604525862069,2.3108836206896552,0.6771105317206219,0.3449276174450743
deepseek_r1,Chinese-SimpleQA/人文与社会科学/344.json,12,7424,20673.0,59392.0,89088.0,0.34807718211206895,0.2320514547413793,2.7846174568965516,0.6771105317206219,0.37921060030830317
deepseek_r1,Chinese-SimpleQA/人文与社会科学/344.json,16,7424,22962.0,59392.0,118784.0,0.3866177262931034,0.1933088631465517,3.0929418103448274,0.6771105317206219,0.3990113927886404
deepseek_r1,Chinese-SimpleQA/人文与社会科学/353.json,8,7424,16863.0,59392.0,59392.0,0.2839271282327586,0.2839271282327586,2.271417025862069,0.6901612369150951,0.3403493411325175
deepseek_r1,Chinese-SimpleQA/人文与社会科学/353.json,12,7424,20552.0,59392.0,89088.0,0.3460398706896552,0.23069324712643677,2.7683189655172415,0.6901612369150951,0.3763852982685484
deepseek_r1,Chinese-SimpleQA/人文与社会科学/353.json,16,7424,22788.0,59392.0,118784.0,0.3836880387931034,0.1918440193965517,3.0695043103448274,0.6901612369150951,0.3957197429804966
deepseek_r1,Chinese-SimpleQA/人文与社会科学/355.json,8,7424,19109.0,59392.0,59392.0,0.3217436691810345,0.3217436691810345,2.573949353448276,0.7243297773188558,0.3778180241070945
deepseek_r1,Chinese-SimpleQA/人文与社会科学/355.json,12,7424,24299.0,59392.0,89088.0,0.4091291756465517,0.2727527837643678,3.2730334051724137,0.7243297773188558,0.4284001146924907
deepseek_r1,Chinese-SimpleQA/人文与社会科学/355.json,16,7424,28351.0,59392.0,118784.0,0.47735385237068967,0.23867692618534483,3.8188308189655173,0.7243297773188558,0.4634121396932109
deepseek_r1,Chinese-SimpleQA/人文与社会科学/356.json,8,7424,16302.0,59392.0,59392.0,0.27448141163793105,0.27448141163793105,2.1958512931034484,0.6746716304072018,0.32977414054089577
deepseek_r1,Chinese-SimpleQA/人文与社会科学/356.json,12,7424,20013.0,59392.0,89088.0,0.3369645743534483,0.22464304956896552,2.6957165948275863,0.6746716304072018,0.3659945333312298
deepseek_r1,Chinese-SimpleQA/人文与社会科学/356.json,16,7424,22463.0,59392.0,118784.0,0.3782159213362069,0.18910796066810345,3.0257273706896552,0.6746716304072018,0.38716503232717514
deepseek_r1,Chinese-SimpleQA/人文与社会科学/374.json,8,7424,15405.0,59392.0,59392.0,0.2593783674568966,0.2593783674568966,2.0750269396551726,0.6655768156051636,0.3145706281065941
deepseek_r1,Chinese-SimpleQA/人文与社会科学/374.json,12,7424,19096.0,59392.0,89088.0,0.3215247844827586,0.2143498563218391,2.572198275862069,0.6655768156051636,0.35053685692877606
deepseek_r1,Chinese-SimpleQA/人文与社会科学/374.json,16,7424,21483.0,59392.0,118784.0,0.3617153825431034,0.1808576912715517,2.8937230603448274,0.6655768156051636,0.3711793578133501
deepseek_r1,Chinese-SimpleQA/人文与社会科学/382.json,8,7424,14952.0,59392.0,59392.0,0.2517510775862069,0.2517510775862069,2.0140086206896552,0.6146425841183498,0.29462265505872925
deepseek_r1,Chinese-SimpleQA/人文与社会科学/382.json,12,7424,18690.0,59392.0,89088.0,0.3146888469827586,0.2097925646551724,2.517510775862069,0.6146425841183498,0.33113593903595
deepseek_r1,Chinese-SimpleQA/人文与社会科学/382.json,16,7424,21144.0,59392.0,118784.0,0.3560075431034483,0.17800377155172414,2.8480603448275863,0.6146425841183498,0.3523680521496411
deepseek_r1,Chinese-SimpleQA/人文与社会科学/392.json,8,7424,15944.0,59392.0,59392.0,0.2684536637931034,0.2684536637931034,2.1476293103448274,0.6791105609515617,0.3256052827526783
deepseek_r1,Chinese-SimpleQA/人文与社会科学/392.json,12,7424,19404.0,59392.0,89088.0,0.3267106681034483,0.21780711206896552,2.6136853448275863,0.6791105609515617,0.3593223362133421
deepseek_r1,Chinese-SimpleQA/人文与社会科学/392.json,16,7424,21658.0,59392.0,118784.0,0.3646619073275862,0.1823309536637931,2.9172952586206895,0.6791105609515617,0.37882572412490845
deepseek_r1,Chinese-SimpleQA/人文与社会科学/405.json,8,7424,17110.0,59392.0,59392.0,0.2880859375,0.2880859375,2.3046875,0.6984372180083702,0.3464161270651324
deepseek_r1,Chinese-SimpleQA/人文与社会科学/405.json,12,7424,20613.0,59392.0,89088.0,0.3470669450431034,0.23137796336206898,2.7765355603448274,0.6984372180083702,0.3806350380182266
deepseek_r1,Chinese-SimpleQA/人文与社会科学/405.json,16,7424,22786.0,59392.0,118784.0,0.38365436422413796,0.19182718211206898,3.0692349137931036,0.6984372180083702,0.39943869013724653
deepseek_r1,Chinese-SimpleQA/人文与社会科学/406.json,8,7424,15772.0,59392.0,59392.0,0.26555765086206895,0.26555765086206895,2.1244612068965516,0.6676861654067862,0.3196828306235116
deepseek_r1,Chinese-SimpleQA/人文与社会科学/406.json,12,7424,19275.0,59392.0,89088.0,0.32453865840517243,0.2163591056034483,2.5963092672413794,0.6676861654067862,0.35382842760661554
deepseek_r1,Chinese-SimpleQA/人文与社会科学/406.json,16,7424,21556.0,59392.0,118784.0,0.3629445043103448,0.1814722521551724,2.9035560344827585,0.6676861654067862,0.37356604507257196
deepseek_r1,Chinese-SimpleQA/人文与社会科学/410.json,8,7424,18330.0,59392.0,59392.0,0.3086274245689655,0.3086274245689655,2.469019396551724,0.7288349676748802,0.37101979823461895
deepseek_r1,Chinese-SimpleQA/人文与社会科学/410.json,12,7424,22089.0,59392.0,89088.0,0.3719187769396552,0.24794585129310345,2.9753502155172415,0.7288349676748802,0.40771359269475116
deepseek_r1,Chinese-SimpleQA/人文与社会科学/410.json,16,7424,24497.0,59392.0,118784.0,0.41246295797413796,0.20623147898706898,3.2997036637931036,0.7288349676748802,0.42854197426088925
deepseek_r1,Chinese-SimpleQA/人文与社会科学/419.json,8,7338,16248.0,58704.0,58704.0,0.276778413736713,0.276778413736713,2.214227309893704,0.6743003544218699,0.33159902577310535
deepseek_r1,Chinese-SimpleQA/人文与社会科学/419.json,12,7338,19631.0,58704.0,88056.0,0.3344065140365222,0.22293767602434814,2.6752521122921777,0.6743003544218699,0.36492120618552465
deepseek_r1,Chinese-SimpleQA/人文与社会科学/419.json,16,7338,22259.0,58704.0,117408.0,0.3791734805124012,0.1895867402562006,3.0333878440992095,0.6743003544218699,0.38793311661028607
deepseek_r1,Chinese-SimpleQA/人文与社会科学/421.json,8,7424,17763.0,59392.0,59392.0,0.2990806842672414,0.2990806842672414,2.392645474137931,0.681588739156723,0.3533464839746212
deepseek_r1,Chinese-SimpleQA/人文与社会科学/421.json,12,7424,21493.0,59392.0,89088.0,0.36188375538793105,0.24125583692528735,2.8950700431034484,0.681588739156723,0.38967555453037395
deepseek_r1,Chinese-SimpleQA/人文与社会科学/421.json,16,7424,23818.0,59392.0,118784.0,0.4010304418103448,0.2005152209051724,3.2082435344827585,0.681588739156723,0.40980969061111583
deepseek_r1,Chinese-SimpleQA/人文与社会科学/423.json,8,7424,14243.0,59392.0,59392.0,0.23981344288793102,0.23981344288793102,1.9185075431034482,0.5865293268499703,0.27785662304738473
deepseek_r1,Chinese-SimpleQA/人文与社会科学/423.json,12,7424,17921.0,59392.0,89088.0,0.30174097521551724,0.20116065014367815,2.413927801724138,0.5865293268499703,0.3137690735788181
deepseek_r1,Chinese-SimpleQA/人文与社会科学/423.json,16,7424,20424.0,59392.0,118784.0,0.34388469827586204,0.17194234913793102,2.7510775862068964,0.5865293268499703,0.33541255726896485
deepseek_r1,Chinese-SimpleQA/人文与社会科学/429.json,8,7424,16308.0,59392.0,59392.0,0.27458243534482757,0.27458243534482757,2.1966594827586206,0.6847559285574946,0.3323320033478326
deepseek_r1,Chinese-SimpleQA/人文与社会科学/429.json,12,7424,19966.0,59392.0,89088.0,0.3361732219827586,0.2241154813218391,2.689385775862069,0.6847559285574946,0.3679695564868121
deepseek_r1,Chinese-SimpleQA/人文与社会科学/429.json,16,7424,22318.0,59392.0,118784.0,0.3757745150862069,0.18788725754310345,3.0061961206896552,0.6847559285574946,0.3883302814230837
deepseek_r1,Chinese-SimpleQA/人文与社会科学/432.json,8,7424,14916.0,59392.0,59392.0,0.25114493534482757,0.25114493534482757,2.0091594827586206,0.6289268092348658,0.3003941296503462
deepseek_r1,Chinese-SimpleQA/人文与社会科学/432.json,12,7424,18251.0,59392.0,89088.0,0.30729727909482757,0.20486485272988506,2.4583782327586206,0.6289268092348658,0.3329332980873256
deepseek_r1,Chinese-SimpleQA/人文与社会科学/432.json,16,7424,20559.0,59392.0,118784.0,0.3461577316810345,0.17307886584051724,2.769261853448276,0.6289268092348658,0.35290116893834084
deepseek_r1,Chinese-SimpleQA/人文与社会科学/435.json,8,7424,17096.0,59392.0,59392.0,0.2878502155172414,0.2878502155172414,2.302801724137931,0.7102457672871393,0.3489087735270632
deepseek_r1,Chinese-SimpleQA/人文与社会科学/435.json,12,7424,20643.0,59392.0,89088.0,0.3475720635775862,0.23171470905172414,2.7805765086206895,0.7102457672871393,0.3835613748122906
deepseek_r1,Chinese-SimpleQA/人文与社会科学/435.json,16,7424,22900.0,59392.0,118784.0,0.38557381465517243,0.19278690732758622,3.0845905172413794,0.7102457672871393,0.40309136887562685
deepseek_r1,Chinese-SimpleQA/人文与社会科学/440.json,8,7424,16594.0,59392.0,59392.0,0.2793978987068966,0.2793978987068966,2.2351831896551726,0.688157874448546,0.33610398527877083
deepseek_r1,Chinese-SimpleQA/人文与社会科学/440.json,12,7424,20144.0,59392.0,89088.0,0.33917025862068967,0.22611350574712644,2.7133620689655173,0.688157874448546,0.3707867483126706
deepseek_r1,Chinese-SimpleQA/人文与社会科学/440.json,16,7424,22218.0,59392.0,118784.0,0.37409078663793105,0.18704539331896552,2.9927262931034484,0.688157874448546,0.38873080099964963
deepseek_r1,Chinese-SimpleQA/人文与社会科学/441.json,8,7424,16005.0,59392.0,59392.0,0.2694807381465517,0.2694807381465517,2.1558459051724137,0.6889868522512501,0.3282559267405806
deepseek_r1,Chinese-SimpleQA/人文与社会科学/441.json,12,7424,19422.0,59392.0,89088.0,0.32701373922413796,0.21800915948275862,2.6161099137931036,0.6889868522512501,0.3615315119768011
deepseek_r1,Chinese-SimpleQA/人文与社会科学/441.json,16,7424,21715.0,59392.0,118784.0,0.3656216325431034,0.1828108162715517,2.9249730603448274,0.6889868522512501,0.3813959863679162
deepseek_r1,Chinese-SimpleQA/人文与社会科学/460.json,8,7424,17011.0,59392.0,59392.0,0.2864190463362069,0.2864190463362069,2.2913523706896552,0.7000486480778662,0.34490641232194574
deepseek_r1,Chinese-SimpleQA/人文与社会科学/460.json,12,7424,20665.0,59392.0,89088.0,0.3479424838362069,0.23196165589080459,2.7835398706896552,0.7000486480778662,0.380546062670905
deepseek_r1,Chinese-SimpleQA/人文与社会科学/460.json,16,7424,22939.0,59392.0,118784.0,0.38623046875,0.193115234375,3.08984375,0.7000486480778662,0.40023804533070534
deepseek_r1,Chinese-SimpleQA/人文与社会科学/466.json,8,7424,14268.0,59392.0,59392.0,0.240234375,0.240234375,1.921875,0.6073539580764442,0.284380121477719
deepseek_r1,Chinese-SimpleQA/人文与社会科学/466.json,12,7424,17798.0,59392.0,89088.0,0.29966998922413796,0.19977999281609196,2.3973599137931036,0.6073539580764442,0.3187844010776487
deepseek_r1,Chinese-SimpleQA/人文与社会科学/466.json,16,7424,20449.0,59392.0,118784.0,0.34430563038793105,0.17215281519396552,2.7544450431034484,0.6073539580764442,0.3417010947034277
deepseek_r1,Chinese-SimpleQA/人文与社会科学/473.json,8,7424,16360.0,59392.0,59392.0,0.27545797413793105,0.27545797413793105,2.2036637931034484,0.6937538647446139,0.33592919517180014
deepseek_r1,Chinese-SimpleQA/人文与社会科学/473.json,12,7424,19796.0,59392.0,89088.0,0.33331088362068967,0.22220725574712644,2.6664870689655173,0.6937538647446139,0.36943070230812863
deepseek_r1,Chinese-SimpleQA/人文与社会科学/473.json,16,7424,22163.0,59392.0,118784.0,0.37316473599137934,0.18658236799568967,2.9853178879310347,0.6937538647446139,0.38991272038426894
deepseek_r1,Chinese-SimpleQA/人文与社会科学/487.json,8,7424,15754.0,59392.0,59392.0,0.26525457974137934,0.26525457974137934,2.1220366379310347,0.6504976394875296,0.3147739888779048
deepseek_r1,Chinese-SimpleQA/人文与社会科学/487.json,12,7424,19567.0,59392.0,89088.0,0.32945514547413796,0.21963676364942528,2.6356411637931036,0.6504976394875296,0.35198494149693127
deepseek_r1,Chinese-SimpleQA/人文与社会科学/487.json,16,7424,22016.0,59392.0,118784.0,0.3706896551724138,0.1853448275862069,2.9655172413793105,0.6504976394875296,0.37315101716025123
deepseek_r1,Chinese-SimpleQA/人文与社会科学/493.json,8,7424,14988.0,59392.0,59392.0,0.2523572198275862,0.2523572198275862,2.0188577586206895,0.6438217306959217,0.3024445137587087
deepseek_r1,Chinese-SimpleQA/人文与社会科学/493.json,12,7424,18470.0,59392.0,89088.0,0.3109846443965517,0.20732309626436782,2.4878771551724137,0.6438217306959217,0.3363487684521182
deepseek_r1,Chinese-SimpleQA/人文与社会科学/493.json,16,7424,20939.0,59392.0,118784.0,0.35255589978448276,0.17627794989224138,2.820447198275862,0.6438217306959217,0.3576946124948304
deepseek_r1,Chinese-SimpleQA/人文与社会科学/505.json,8,7424,14065.0,59392.0,59392.0,0.23681640625,0.23681640625,1.89453125,0.6265538375953148,0.2874490214062148
deepseek_r1,Chinese-SimpleQA/人文与社会科学/505.json,12,7424,17457.0,59392.0,89088.0,0.29392847521551724,0.19595231681034483,2.351427801724138,0.6265538375953148,0.32046473296038036
deepseek_r1,Chinese-SimpleQA/人文与社会科学/505.json,16,7424,19885.0,59392.0,118784.0,0.3348094019396552,0.1674047009698276,2.6784752155172415,0.6265538375953148,0.3414651009029356
deepseek_r1,Chinese-SimpleQA/人文与社会科学/513.json,8,7424,17133.0,59392.0,59392.0,0.2884731950431034,0.2884731950431034,2.3077855603448274,0.7138510408072636,0.3528204980338442
deepseek_r1,Chinese-SimpleQA/人文与社会科学/513.json,12,7424,20724.0,59392.0,89088.0,0.34893588362068967,0.2326239224137931,2.7914870689655173,0.7138510408072636,0.38781770704121427
deepseek_r1,Chinese-SimpleQA/人文与社会科学/513.json,16,7424,23276.0,59392.0,118784.0,0.39190463362068967,0.19595231681034483,3.1352370689655173,0.7138510408072636,0.40989520143845987
deepseek_r1,Chinese-SimpleQA/人文与社会科学/539.json,8,7420,15382.0,59360.0,59360.0,0.2591307277628032,0.2591307277628032,2.0730458221024257,0.6428532587550079,0.30972454374369907
deepseek_r1,Chinese-SimpleQA/人文与社会科学/539.json,12,7420,18891.0,59360.0,89040.0,0.3182446091644205,0.21216307277628033,2.545956873315364,0.6428532587550079,0.3439283851664664
deepseek_r1,Chinese-SimpleQA/人文与社会科学/539.json,16,7420,21244.0,59360.0,118720.0,0.3578840970350404,0.1789420485175202,2.8630727762803234,0.6428532587550079,0.36429618850872525
deepseek_r1,Chinese-SimpleQA/人文与社会科学/556.json,8,7424,17275.0,59392.0,59392.0,0.2908640894396552,0.2908640894396552,2.3269127155172415,0.7084303493129795,0.35304165554457695
deepseek_r1,Chinese-SimpleQA/人文与社会科学/556.json,12,7424,20756.0,59392.0,89088.0,0.34947467672413796,0.23298311781609196,2.7957974137931036,0.7084303493129795,0.3869533744351617
deepseek_r1,Chinese-SimpleQA/人文与社会科学/556.json,16,7424,23232.0,59392.0,118784.0,0.3911637931034483,0.19558189655172414,3.1293103448275863,0.7084303493129795,0.408360513119862
deepseek_r1,Chinese-SimpleQA/人文与社会科学/557.json,8,7424,15933.0,59392.0,59392.0,0.2682684536637931,0.2682684536637931,2.1461476293103448,0.6551180281515779,0.31901480116207026
deepseek_r1,Chinese-SimpleQA/人文与社会科学/557.json,12,7424,19527.0,59392.0,89088.0,0.32878165409482757,0.2191877693965517,2.6302532327586206,0.6551180281515779,0.3540794533388368
deepseek_r1,Chinese-SimpleQA/人文与社会科学/557.json,16,7424,21912.0,59392.0,118784.0,0.3689385775862069,0.18446928879310345,2.9515086206896552,0.6551180281515779,0.37471339620392896
deepseek_r1,Chinese-SimpleQA/人文与社会科学/564.json,8,7424,16029.0,59392.0,59392.0,0.26988483297413796,0.26988483297413796,2.1590786637931036,0.6595961302518845,0.3236403611713442
deepseek_r1,Chinese-SimpleQA/人文与社会科学/564.json,12,7424,19592.0,59392.0,89088.0,0.3298760775862069,0.21991738505747127,2.6390086206896552,0.6595961302518845,0.3583479677808696
deepseek_r1,Chinese-SimpleQA/人文与社会科学/564.json,16,7424,21987.0,59392.0,118784.0,0.3702013739224138,0.1851006869612069,2.9616109913793105,0.6595961302518845,0.37908204824760044
deepseek_r1,Chinese-SimpleQA/人文与社会科学/570.json,8,7424,16283.0,59392.0,59392.0,0.2741615032327586,0.2741615032327586,2.193292025862069,0.682280072878147,0.33024666252835044
deepseek_r1,Chinese-SimpleQA/人文与社会科学/570.json,12,7424,19940.0,59392.0,89088.0,0.3357354525862069,0.22382363505747127,2.6858836206896552,0.682280072878147,0.36592726923268415
deepseek_r1,Chinese-SimpleQA/人文与社会科学/570.json,16,7424,22127.0,59392.0,118784.0,0.37255859375,0.186279296875,2.98046875,0.682280072878147,0.38483841987005596
deepseek_r1,Chinese-SimpleQA/人文与社会科学/575.json,8,7424,17352.0,59392.0,59392.0,0.29216056034482757,0.29216056034482757,2.3372844827586206,0.7210063985709486,0.35558934805208237
deepseek_r1,Chinese-SimpleQA/人文与社会科学/575.json,12,7424,21082.0,59392.0,89088.0,0.35496363146551724,0.2366424209770115,2.839709051724138,0.7210063985709486,0.391984014675535
deepseek_r1,Chinese-SimpleQA/人文与社会科学/575.json,16,7424,23541.0,59392.0,118784.0,0.39636651400862066,0.19818325700431033,3.1709321120689653,0.7210063985709486,0.41325920075178146
deepseek_r1,Chinese-SimpleQA/人文与社会科学/577.json,8,7424,15381.0,59392.0,59392.0,0.25897427262931033,0.25897427262931033,2.0717941810344827,0.6470863163985056,0.31121128617689525
deepseek_r1,Chinese-SimpleQA/人文与社会科学/577.json,12,7424,18846.0,59392.0,89088.0,0.31731546336206895,0.2115436422413793,2.5385237068965516,0.6470863163985056,0.3449992236906084
deepseek_r1,Chinese-SimpleQA/人文与社会科学/577.json,16,7424,21063.0,59392.0,118784.0,0.3546437230603448,0.1773218615301724,2.8371497844827585,0.6470863163985056,0.36419261786444435
deepseek_r1,Chinese-SimpleQA/人文与社会科学/580.json,8,7424,16237.0,59392.0,59392.0,0.2733869881465517,0.2733869881465517,2.1870959051724137,0.6650318945276326,0.32554336226192016
deepseek_r1,Chinese-SimpleQA/人文与社会科学/580.json,12,7424,19887.0,59392.0,89088.0,0.33484307650862066,0.22322871767241378,2.6787446120689653,0.6650318945276326,0.36111126814422934
deepseek_r1,Chinese-SimpleQA/人文与社会科学/580.json,16,7424,22407.0,59392.0,118784.0,0.37727303340517243,0.18863651670258622,3.0181842672413794,0.6650318945276326,0.38291559882205106
deepseek_r1,Chinese-SimpleQA/人文与社会科学/587.json,8,7424,15055.0,59392.0,59392.0,0.25348531788793105,0.25348531788793105,2.0278825431034484,0.6631132389964729,0.30893857648660394
deepseek_r1,Chinese-SimpleQA/人文与社会科学/587.json,12,7424,18449.0,59392.0,89088.0,0.3106310614224138,0.2070873742816092,2.4850484913793105,0.6631132389964729,0.3420327781089421
deepseek_r1,Chinese-SimpleQA/人文与社会科学/587.json,16,7424,20708.0,59392.0,118784.0,0.3486664870689655,0.17433324353448276,2.789331896551724,0.6631132389964729,0.36157653352309915
deepseek_r1,Chinese-SimpleQA/人文与社会科学/592.json,8,7424,14341.0,59392.0,59392.0,0.24146349676724138,0.24146349676724138,1.931707974137931,0.5930827958830471,0.28179108171627437
deepseek_r1,Chinese-SimpleQA/人文与社会科学/592.json,12,7424,17927.0,59392.0,89088.0,0.3018419989224138,0.2012279992816092,2.4147359913793105,0.5930827958830471,0.31680766094861357
deepseek_r1,Chinese-SimpleQA/人文与社会科学/592.json,16,7424,20379.0,59392.0,118784.0,0.34312702047413796,0.17156351023706898,2.7450161637931036,0.5930827958830471,0.33801061865584603
deepseek_r1,Chinese-SimpleQA/人文与社会科学/598.json,8,7424,16303.0,59392.0,59392.0,0.2744982489224138,0.2744982489224138,2.1959859913793105,0.6655351833022874,0.327982443545399
deepseek_r1,Chinese-SimpleQA/人文与社会科学/598.json,12,7424,19910.0,59392.0,89088.0,0.33523033405172414,0.2234868893678161,2.681842672413793,0.6655351833022874,0.36321100001705103
deepseek_r1,Chinese-SimpleQA/人文与社会科学/598.json,16,7424,22126.0,59392.0,118784.0,0.37254175646551724,0.18627087823275862,2.980334051724138,0.6655351833022874,0.3823994241397956
deepseek_r1,Chinese-SimpleQA/人文与社会科学/599.json,8,7323,15469.0,58584.0,58584.0,0.2640482042878602,0.2640482042878602,2.1123856343028815,0.6747856343295524,0.32122948077570523
deepseek_r1,Chinese-SimpleQA/人文与社会科学/599.json,12,7323,18793.0,58584.0,87876.0,0.3207872456643452,0.21385816377623015,2.5662979653147615,0.6747856343295524,0.3541020722593031
deepseek_r1,Chinese-SimpleQA/人文与社会科学/599.json,16,7323,21012.0,58584.0,117168.0,0.3586644817697665,0.17933224088488325,2.869315854158132,0.6747856343295524,0.3735691507087613
deepseek_r1,Chinese-SimpleQA/人文与社会科学/600.json,8,7424,17219.0,59392.0,59392.0,0.28992120150862066,0.28992120150862066,2.3193696120689653,0.7031627957677019,0.3488002081626448
deepseek_r1,Chinese-SimpleQA/人文与社会科学/600.json,12,7424,20809.0,59392.0,89088.0,0.35036705280172414,0.23357803520114942,2.802936422413793,0.7031627957677019,0.3838852270153062
deepseek_r1,Chinese-SimpleQA/人文与社会科学/600.json,16,7424,22985.0,59392.0,118784.0,0.3870049838362069,0.19350249191810345,3.0960398706896552,0.7031627957677019,0.40270732792800873
deepseek_r1,Chinese-SimpleQA/人文与社会科学/604.json,8,7424,18835.0,59392.0,59392.0,0.3171302532327586,0.3171302532327586,2.537042025862069,0.707998606151548,0.3762127559246688
deepseek_r1,Chinese-SimpleQA/人文与社会科学/604.json,12,7424,22709.0,59392.0,89088.0,0.3823578933189655,0.2549052622126437,3.058863146551724,0.707998606151548,0.4140405685737215
deepseek_r1,Chinese-SimpleQA/人文与社会科学/604.json,16,7424,25091.0,59392.0,118784.0,0.4224643049568966,0.2112321524784483,3.3797144396551726,0.707998606151548,0.4346611576861349
deepseek_r1,Chinese-SimpleQA/人文与社会科学/605.json,8,7424,16515.0,59392.0,59392.0,0.2780677532327586,0.2780677532327586,2.224542025862069,0.688791381387875,0.335039337518914
deepseek_r1,Chinese-SimpleQA/人文与社会科学/605.json,12,7424,20096.0,59392.0,89088.0,0.33836206896551724,0.22557471264367815,2.706896551724138,0.688791381387875,0.37007730300056524
deepseek_r1,Chinese-SimpleQA/人文与社会科学/605.json,16,7424,22164.0,59392.0,118784.0,0.37318157327586204,0.18659078663793102,2.9854525862068964,0.688791381387875,0.38796327250271007
deepseek_r1,Chinese-SimpleQA/人文与社会科学/610.json,8,7424,13980.0,59392.0,59392.0,0.23538523706896552,0.23538523706896552,1.8830818965517242,0.5844400576476393,0.2750834993504245
deepseek_r1,Chinese-SimpleQA/人文与社会科学/610.json,12,7424,17653.0,59392.0,89088.0,0.29722858297413796,0.19815238864942528,2.3778286637931036,0.5844400576476393,0.3108456324914406
deepseek_r1,Chinese-SimpleQA/人文与社会科学/610.json,16,7424,20481.0,59392.0,118784.0,0.34484442349137934,0.17242221174568967,2.7587553879310347,0.5844400576476393,0.3352872033057542
deepseek_r1,Chinese-SimpleQA/人文与社会科学/628.json,8,7424,16122.0,59392.0,59392.0,0.2714507004310345,0.2714507004310345,2.171605603448276,0.6769721333322853,0.32841740021931715
deepseek_r1,Chinese-SimpleQA/人文与社会科学/628.json,12,7424,19606.0,59392.0,89088.0,0.3301117995689655,0.22007453304597702,2.640894396551724,0.6769721333322853,0.36236263015146913
deepseek_r1,Chinese-SimpleQA/人文与社会科学/628.json,16,7424,21894.0,59392.0,118784.0,0.36863550646551724,0.18431775323275862,2.949084051724138,0.6769721333322853,0.3821731772402237
deepseek_r1,Chinese-SimpleQA/人文与社会科学/632.json,8,7424,15657.0,59392.0,59392.0,0.2636213631465517,0.2636213631465517,2.1089709051724137,0.6496038781157856,0.31534790748666075
deepseek_r1,Chinese-SimpleQA/人文与社会科学/632.json,12,7424,19217.0,59392.0,89088.0,0.32356209590517243,0.2157080639367816,2.5884967672413794,0.6496038781157856,0.35010579241247014
deepseek_r1,Chinese-SimpleQA/人文与社会科学/632.json,16,7424,21328.0,59392.0,118784.0,0.35910560344827586,0.17955280172413793,2.872844827586207,0.6496038781157856,0.3683620742682753
deepseek_r1,Chinese-SimpleQA/人文与社会科学/640.json,8,7424,16028.0,59392.0,59392.0,0.2698679956896552,0.2698679956896552,2.1589439655172415,0.668785942011866,0.3234370808149206
deepseek_r1,Chinese-SimpleQA/人文与社会科学/640.json,12,7424,19644.0,59392.0,89088.0,0.33075161637931033,0.2205010775862069,2.6460129310344827,0.668785942011866,0.3587107717477042
deepseek_r1,Chinese-SimpleQA/人文与社会科学/640.json,16,7424,22152.0,59392.0,118784.0,0.37297952586206895,0.18648976293103448,2.9838362068965516,0.668785942011866,0.3804076594011537
deepseek_r1,Chinese-SimpleQA/人文与社会科学/644.json,8,7424,16565.0,59392.0,59392.0,0.2789096174568966,0.2789096174568966,2.2312769396551726,0.6740953059032045,0.3334983556435026
deepseek_r1,Chinese-SimpleQA/人文与社会科学/644.json,12,7424,20202.0,59392.0,89088.0,0.34014682112068967,0.2267645474137931,2.7211745689655173,0.6740953059032045,0.3690038422315285
deepseek_r1,Chinese-SimpleQA/人文与社会科学/644.json,16,7424,22451.0,59392.0,118784.0,0.3780138739224138,0.1890069369612069,3.0241109913793105,0.6740953059032045,0.38845811154821824
deepseek_r1,Chinese-SimpleQA/人文与社会科学/666.json,8,7424,15042.0,59392.0,59392.0,0.2532664331896552,0.2532664331896552,2.0261314655172415,0.6599747127500074,0.30822139207659094
deepseek_r1,Chinese-SimpleQA/人文与社会科学/666.json,12,7424,18278.0,59392.0,89088.0,0.30775188577586204,0.20516792385057472,2.4620150862068964,0.6599747127500074,0.33982142883128136
deepseek_r1,Chinese-SimpleQA/人文与社会科学/666.json,16,7424,20317.0,59392.0,118784.0,0.3420831088362069,0.17104155441810345,2.7366648706896552,0.6599747127500074,0.3574429678505865
deepseek_r1,Chinese-SimpleQA/人文与社会科学/677.json,8,7424,17992.0,59392.0,59392.0,0.3029364224137931,0.3029364224137931,2.4234913793103448,0.7385038959568945,0.3719071779271652
deepseek_r1,Chinese-SimpleQA/人文与社会科学/677.json,12,7424,21613.0,59392.0,89088.0,0.36390422952586204,0.24260281968390804,2.9112338362068964,0.7385038959568945,0.40711463551069127
deepseek_r1,Chinese-SimpleQA/人文与社会科学/677.json,16,7424,24397.0,59392.0,118784.0,0.41077922952586204,0.20538961476293102,3.2862338362068964,0.7385038959568945,0.43119358399818686
deepseek_r1,Chinese-SimpleQA/人文与社会科学/679.json,8,7322,14552.0,58576.0,58576.0,0.24842939087680962,0.24842939087680962,1.987435127014477,0.6281891267698861,0.29645391566868656
deepseek_r1,Chinese-SimpleQA/人文与社会科学/679.json,12,7322,17964.0,58576.0,87864.0,0.30667850314121825,0.20445233542747884,2.453428025129746,0.6281891267698861,0.3302315118305672
deepseek_r1,Chinese-SimpleQA/人文与社会科学/679.json,16,7322,20258.0,58576.0,117152.0,0.34584130019120457,0.17292065009560229,2.7667304015296366,0.6281891267698861,0.3503566253904891
deepseek_r1,Chinese-SimpleQA/人文与社会科学/680.json,8,7424,18127.0,59392.0,59392.0,0.3052094558189655,0.3052094558189655,2.441675646551724,0.7279367590772694,0.36681068283987456
deepseek_r1,Chinese-SimpleQA/人文与社会科学/680.json,12,7424,22864.0,59392.0,89088.0,0.3849676724137931,0.25664511494252873,3.0797413793103448,0.7279367590772694,0.41295742705978195
deepseek_r1,Chinese-SimpleQA/人文与社会科学/680.json,16,7424,26547.0,59392.0,118784.0,0.4469793911637931,0.22348969558189655,3.5758351293103448,0.7279367590772694,0.4447773874833666
deepseek_r1,Chinese-SimpleQA/人文与社会科学/695.json,8,7424,15644.0,59392.0,59392.0,0.26340247844827586,0.26340247844827586,2.107219827586207,0.6860002125131672,0.3207782193504531
deepseek_r1,Chinese-SimpleQA/人文与社会科学/695.json,12,7424,19059.0,59392.0,89088.0,0.3209018049568966,0.21393453663793102,2.5672144396551726,0.6860002125131672,0.354132613745229
deepseek_r1,Chinese-SimpleQA/人文与社会科学/695.json,16,7424,21212.0,59392.0,118784.0,0.35715247844827586,0.17857623922413793,2.857219827586207,0.6860002125131672,0.3727609705308388
deepseek_r1,Chinese-SimpleQA/人文与社会科学/698.json,8,7424,16721.0,59392.0,59392.0,0.2815362338362069,0.2815362338362069,2.2522898706896552,0.6922805183406534,0.3384185902260501
deepseek_r1,Chinese-SimpleQA/人文与社会科学/698.json,12,7424,20431.0,59392.0,89088.0,0.3440025592672414,0.22933503951149425,2.752020474137931,0.6922805183406534,0.37468033206873924
deepseek_r1,Chinese-SimpleQA/人文与社会科学/698.json,16,7424,22576.0,59392.0,118784.0,0.3801185344827586,0.1900592672413793,3.040948275862069,0.6922805183406534,0.3932236398345438
deepseek_r1,Chinese-SimpleQA/工程、技术与应用科学/1003.json,8,7424,16106.0,59392.0,59392.0,0.27118130387931033,0.27118130387931033,2.1694504310344827,0.6698344632469374,0.32572294399142265
deepseek_r1,Chinese-SimpleQA/工程、技术与应用科学/1003.json,12,7424,19780.0,59392.0,89088.0,0.3330414870689655,0.22202765804597702,2.664331896551724,0.6698344632469374,0.36160156259249
deepseek_r1,Chinese-SimpleQA/工程、技术与应用科学/1003.json,16,7424,22129.0,59392.0,118784.0,0.3725922683189655,0.18629613415948276,2.980738146551724,0.6698344632469374,0.3819249113058222
deepseek_r1,Chinese-SimpleQA/工程、技术与应用科学/1012.json,8,7424,17666.0,59392.0,59392.0,0.2974474676724138,0.2974474676724138,2.3795797413793105,0.7052821326872398,0.3558211172449178
deepseek_r1,Chinese-SimpleQA/工程、技术与应用科学/1012.json,12,7424,21416.0,59392.0,89088.0,0.3605872844827586,0.24039152298850575,2.884698275862069,0.7052821326872398,0.3924185620813534
deepseek_r1,Chinese-SimpleQA/工程、技术与应用科学/1012.json,16,7424,23796.0,59392.0,118784.0,0.40066002155172414,0.20033001077586207,3.205280172413793,0.7052821326872398,0.41303129879565076
deepseek_r1,Chinese-SimpleQA/工程、技术与应用科学/1024.json,8,7424,14497.0,59392.0,59392.0,0.2440901131465517,0.2440901131465517,1.9527209051724137,0.6145131716440464,0.28968004882335663
deepseek_r1,Chinese-SimpleQA/工程、技术与应用科学/1024.json,12,7424,17951.0,59392.0,89088.0,0.30224609375,0.20149739583333334,2.41796875,0.6145131716440464,0.3234187015171709
deepseek_r1,Chinese-SimpleQA/工程、技术与应用科学/1024.json,16,7424,20070.0,59392.0,118784.0,0.3379242995689655,0.16896214978448276,2.703394396551724,0.6145131716440464,0.3417477810691143
deepseek_r1,Chinese-SimpleQA/工程、技术与应用科学/1025.json,8,7424,16830.0,59392.0,59392.0,0.28337149784482757,0.28337149784482757,2.2669719827586206,0.6905007218492443,0.3409675732254982
deepseek_r1,Chinese-SimpleQA/工程、技术与应用科学/1025.json,12,7424,20520.0,59392.0,89088.0,0.3455010775862069,0.23033405172413793,2.7640086206896552,0.6905007218492443,0.376978812289649
deepseek_r1,Chinese-SimpleQA/工程、技术与应用科学/1025.json,16,7424,22959.0,59392.0,118784.0,0.3865672144396552,0.1932836072198276,3.0925377155172415,0.6905007218492443,0.3980934280773689
deepseek_r1,Chinese-SimpleQA/工程、技术与应用科学/1027.json,8,7424,15465.0,59392.0,59392.0,0.26038860452586204,0.26038860452586204,2.0831088362068964,0.670570433139801,0.3175191545280917
deepseek_r1,Chinese-SimpleQA/工程、技术与应用科学/1027.json,12,7424,18940.0,59392.0,89088.0,0.3188981681034483,0.21259877873563218,2.5511853448275863,0.670570433139801,0.35136742016364786
deepseek_r1,Chinese-SimpleQA/工程、技术与应用科学/1027.json,16,7424,21342.0,59392.0,118784.0,0.3593413254310345,0.17967066271551724,2.874730603448276,0.670570433139801,0.3721699370392438
deepseek_r1,Chinese-SimpleQA/工程、技术与应用科学/1028.json,8,7424,16507.0,59392.0,59392.0,0.2779330549568966,0.2779330549568966,2.2234644396551726,0.6762224831457796,0.3331610154488991
deepseek_r1,Chinese-SimpleQA/工程、技术与应用科学/1028.json,12,7424,19917.0,59392.0,89088.0,0.3353481950431034,0.22356546336206898,2.6827855603448274,0.6762224831457796,0.366438580998059
deepseek_r1,Chinese-SimpleQA/工程、技术与应用科学/1028.json,16,7424,22077.0,59392.0,118784.0,0.37171672952586204,0.18585836476293102,2.9737338362068964,0.6762224831457796,0.38512164123099424
deepseek_r1,Chinese-SimpleQA/工程、技术与应用科学/1035.json,8,4756,10337.0,38048.0,38048.0,0.2716831370899916,0.2716831370899916,2.1734650967199327,0.6594199855554194,0.3224479958628084
deepseek_r1,Chinese-SimpleQA/工程、技术与应用科学/1035.json,12,4756,12685.0,38048.0,57072.0,0.33339465937762824,0.22226310625175216,2.667157275021026,0.6594199855554194,0.35819481159078664
deepseek_r1,Chinese-SimpleQA/工程、技术与应用科学/1035.json,16,4756,14217.0,38048.0,76096.0,0.37365958788898235,0.18682979394449117,2.989276703111859,0.6594199855554194,0.37889726428648723
deepseek_r1,Chinese-SimpleQA/工程、技术与应用科学/1047.json,8,7424,16503.0,59392.0,59392.0,0.2778657058189655,0.2778657058189655,2.222925646551724,0.6636816468732111,0.3299361710147611
deepseek_r1,Chinese-SimpleQA/工程、技术与应用科学/1047.json,12,7424,20119.0,59392.0,89088.0,0.33874932650862066,0.22583288433908047,2.7099946120689653,0.6636816468732111,0.3651919822240698
deepseek_r1,Chinese-SimpleQA/工程、技术与应用科学/1047.json,16,7424,22487.0,59392.0,118784.0,0.3786200161637931,0.18931000808189655,3.0289601293103448,0.6636816468732111,0.38566603485880224
deepseek_r1,Chinese-SimpleQA/工程、技术与应用科学/1053.json,8,7424,17850.0,59392.0,59392.0,0.3005455280172414,0.3005455280172414,2.404364224137931,0.7532868112983375,0.3702216740569164
deepseek_r1,Chinese-SimpleQA/工程、技术与应用科学/1053.json,12,7424,21494.0,59392.0,89088.0,0.3619005926724138,0.2412670617816092,2.8952047413793105,0.7532868112983375,0.40571815083766805
deepseek_r1,Chinese-SimpleQA/工程、技术与应用科学/1053.json,16,7424,24012.0,59392.0,118784.0,0.404296875,0.2021484375,3.234375,0.7532868112983375,0.4275079729228184
deepseek_r1,Chinese-SimpleQA/工程、技术与应用科学/1054.json,8,7424,15218.0,59392.0,59392.0,0.25622979525862066,0.25622979525862066,2.0498383620689653,0.6324866678694199,0.3037346140320959
deepseek_r1,Chinese-SimpleQA/工程、技术与应用科学/1054.json,12,7424,18790.0,59392.0,89088.0,0.3163725754310345,0.21091505028735633,2.530980603448276,0.6324866678694199,0.3385967884598107
deepseek_r1,Chinese-SimpleQA/工程、技术与应用科学/1054.json,16,7424,21144.0,59392.0,118784.0,0.3560075431034483,0.17800377155172414,2.8480603448275863,0.6324866678694199,0.35896114208574953
deepseek_r1,Chinese-SimpleQA/工程、技术与应用科学/1061.json,8,7424,15880.0,59392.0,59392.0,0.2673760775862069,0.2673760775862069,2.1390086206896552,0.6471109631760367,0.31839562978210123
deepseek_r1,Chinese-SimpleQA/工程、技术与应用科学/1061.json,12,7424,19446.0,59392.0,89088.0,0.32741783405172414,0.21827855603448276,2.619342672413793,0.6471109631760367,0.35311297584196616
deepseek_r1,Chinese-SimpleQA/工程、技术与应用科学/1061.json,16,7424,22158.0,59392.0,118784.0,0.3730805495689655,0.18654027478448276,2.984644396551724,0.6471109631760367,0.3765654335248059
deepseek_r1,Chinese-SimpleQA/工程、技术与应用科学/1062.json,8,7424,15313.0,59392.0,59392.0,0.25782933728448276,0.25782933728448276,2.062634698275862,0.6563115274084026,0.30962646071766986
deepseek_r1,Chinese-SimpleQA/工程、技术与应用科学/1062.json,12,7424,18837.0,59392.0,89088.0,0.31716392780172414,0.21144261853448276,2.537311422413793,0.6563115274084026,0.3439672329816325
deepseek_r1,Chinese-SimpleQA/工程、技术与应用科学/1062.json,16,7424,21215.0,59392.0,118784.0,0.35720299030172414,0.17860149515086207,2.857623922413793,0.6563115274084026,0.36456153618878334
deepseek_r1,Chinese-SimpleQA/工程、技术与应用科学/1072.json,8,4002,9013.0,32016.0,32016.0,0.28151549225387307,0.28151549225387307,2.2521239380309845,0.675707129792295,0.334658019106904
deepseek_r1,Chinese-SimpleQA/工程、技术与应用科学/1072.json,12,4002,10971.0,32016.0,48024.0,0.3426724137931034,0.22844827586206898,2.7413793103448274,0.675707129792295,0.3700051877437265
deepseek_r1,Chinese-SimpleQA/工程、技术与应用科学/1072.json,16,4002,12442.0,32016.0,64032.0,0.38861819090454774,0.19430909545227387,3.108945527236382,0.675707129792295,0.39362905563592077
deepseek_r1,Chinese-SimpleQA/工程、技术与应用科学/712.json,8,7424,16673.0,59392.0,59392.0,0.2807280441810345,0.2807280441810345,2.245824353448276,0.6875745158257156,0.3380381900431781
deepseek_r1,Chinese-SimpleQA/工程、技术与应用科学/712.json,12,7424,20227.0,59392.0,89088.0,0.3405677532327586,0.2270451688218391,2.724542025862069,0.6875745158257156,0.37268718409127205
deepseek_r1,Chinese-SimpleQA/工程、技术与应用科学/712.json,16,7424,22669.0,59392.0,118784.0,0.3816844019396552,0.1908422009698276,3.0534752155172415,0.6875745158257156,0.3938285804771144
deepseek_r1,Chinese-SimpleQA/工程、技术与应用科学/718.json,8,7424,19458.0,59392.0,59392.0,0.32761988146551724,0.32761988146551724,2.620959051724138,0.721898213542741,0.39033458047899705
deepseek_r1,Chinese-SimpleQA/工程、技术与应用科学/718.json,12,7424,23330.0,59392.0,89088.0,0.3928138469827586,0.26187589798850575,3.142510775862069,0.721898213542741,0.4280309707954012
deepseek_r1,Chinese-SimpleQA/工程、技术与应用科学/718.json,16,7424,25990.0,59392.0,118784.0,0.4376010237068966,0.2188005118534483,3.5008081896551726,0.721898213542741,0.45105369800123674
deepseek_r1,Chinese-SimpleQA/工程、技术与应用科学/724.json,8,7424,14895.0,59392.0,59392.0,0.25079135237068967,0.25079135237068967,2.0063308189655173,0.6210558804972418,0.29660263272195025
deepseek_r1,Chinese-SimpleQA/工程、技术与应用科学/724.json,12,7424,18548.0,59392.0,89088.0,0.3122979525862069,0.20819863505747127,2.4983836206896552,0.6210558804972418,0.3322286559589978
deepseek_r1,Chinese-SimpleQA/工程、技术与应用科学/724.json,16,7424,21087.0,59392.0,118784.0,0.35504781788793105,0.17752390894396552,2.8403825431034484,0.6210558804972418,0.3541836669218951
deepseek_r1,Chinese-SimpleQA/工程、技术与应用科学/731.json,8,7424,16665.0,59392.0,59392.0,0.28059334590517243,0.28059334590517243,2.2447467672413794,0.6842860379095735,0.33735766724265853
deepseek_r1,Chinese-SimpleQA/工程、技术与应用科学/731.json,12,7424,20311.0,59392.0,89088.0,0.34198208512931033,0.22798805675287356,2.7358566810344827,0.6842860379095735,0.3729179649260537
deepseek_r1,Chinese-SimpleQA/工程、技术与应用科学/731.json,16,7424,22652.0,59392.0,118784.0,0.3813981681034483,0.19069908405172414,3.0511853448275863,0.6842860379095735,0.3931708091805721
deepseek_r1,Chinese-SimpleQA/工程、技术与应用科学/732.json,8,7424,14750.0,59392.0,59392.0,0.24834994612068967,0.24834994612068967,1.9867995689655173,0.655417565127899,0.30247910513446247
deepseek_r1,Chinese-SimpleQA/工程、技术与应用科学/732.json,12,7424,18110.0,59392.0,89088.0,0.3049232219827586,0.20328214798850575,2.439385775862069,0.655417565127899,0.335251618305157
deepseek_r1,Chinese-SimpleQA/工程、技术与应用科学/732.json,16,7424,20366.0,59392.0,118784.0,0.34290813577586204,0.17145406788793102,2.7432650862068964,0.655417565127899,0.35475397174214496
deepseek_r1,Chinese-SimpleQA/工程、技术与应用科学/759.json,8,7349,16164.0,58792.0,58792.0,0.27493536535583074,0.27493536535583074,2.199482922846646,0.6648219990104149,0.32592308902467965
deepseek_r1,Chinese-SimpleQA/工程、技术与应用科学/759.json,12,7349,19866.0,58792.0,88188.0,0.3379031160702136,0.22526874404680908,2.703224928561709,0.6648219990104149,0.36243221824356353
deepseek_r1,Chinese-SimpleQA/工程、技术与应用科学/759.json,16,7349,22276.0,58792.0,117584.0,0.3788950877670431,0.18944754388352156,3.031160702136345,0.6648219990104149,0.38347782013545734
deepseek_r1,Chinese-SimpleQA/工程、技术与应用科学/762.json,8,7424,19384.0,59392.0,59392.0,0.3263739224137931,0.3263739224137931,2.6109913793103448,0.7601512413600395,0.3954067484572016
deepseek_r1,Chinese-SimpleQA/工程、技术与应用科学/762.json,12,7424,23111.0,59392.0,89088.0,0.3891264816810345,0.259417654454023,3.113011853448276,0.7601512413600395,0.4317507728420455
deepseek_r1,Chinese-SimpleQA/工程、技术与应用科学/762.json,16,7424,25296.0,59392.0,118784.0,0.42591594827586204,0.21295797413793102,3.4073275862068964,0.7601512413600395,0.45066743909284984
deepseek_r1,Chinese-SimpleQA/工程、技术与应用科学/772.json,8,7424,15763.0,59392.0,59392.0,0.26540611530172414,0.26540611530172414,2.123248922413793,0.6638687730863176,0.31902587182562925
deepseek_r1,Chinese-SimpleQA/工程、技术与应用科学/772.json,12,7424,19387.0,59392.0,89088.0,0.3264244342672414,0.21761628951149425,2.611395474137931,0.6638687730863176,0.3542932677885582
deepseek_r1,Chinese-SimpleQA/工程、技术与应用科学/772.json,16,7424,22038.0,59392.0,118784.0,0.3710600754310345,0.18553003771551724,2.968480603448276,0.6638687730863176,0.3772291952166064
deepseek_r1,Chinese-SimpleQA/工程、技术与应用科学/773.json,8,7424,13899.0,59392.0,59392.0,0.23402141702586207,0.23402141702586207,1.8721713362068966,0.5905484248851908,0.27461784178840704
deepseek_r1,Chinese-SimpleQA/工程、技术与应用科学/773.json,12,7424,17440.0,59392.0,89088.0,0.29364224137931033,0.19576149425287356,2.3491379310344827,0.5905484248851908,0.30921011495179146
deepseek_r1,Chinese-SimpleQA/工程、技术与应用科学/773.json,16,7424,19749.0,59392.0,118784.0,0.33251953125,0.166259765625,2.66015625,0.5905484248851908,0.32916520227646007
deepseek_r1,Chinese-SimpleQA/工程、技术与应用科学/777.json,8,7424,16952.0,59392.0,59392.0,0.28542564655172414,0.28542564655172414,2.283405172413793,0.6960677561061136,0.34278216534133615
deepseek_r1,Chinese-SimpleQA/工程、技术与应用科学/777.json,12,7424,20558.0,59392.0,89088.0,0.3461408943965517,0.23076059626436782,2.7691271551724137,0.6960677561061136,0.37797659070327366
deepseek_r1,Chinese-SimpleQA/工程、技术与应用科学/777.json,16,7424,22620.0,59392.0,118784.0,0.380859375,0.1904296875,3.046875,0.6960677561061136,0.3958117036983885
deepseek_r1,Chinese-SimpleQA/工程、技术与应用科学/783.json,8,7424,15935.0,59392.0,59392.0,0.2683021282327586,0.2683021282327586,2.146417025862069,0.6666728720582765,0.322425896494553
deepseek_r1,Chinese-SimpleQA/工程、技术与应用科学/783.json,12,7424,19369.0,59392.0,89088.0,0.3261213631465517,0.21741424209770116,2.6089709051724137,0.6666728720582765,0.35595582271444387
deepseek_r1,Chinese-SimpleQA/工程、技术与应用科学/783.json,16,7424,21482.0,59392.0,118784.0,0.36169854525862066,0.18084927262931033,2.8935883620689653,0.6666728720582765,0.3742337558290054
deepseek_r1,Chinese-SimpleQA/工程、技术与应用科学/785.json,8,7424,15133.0,59392.0,59392.0,0.2547986260775862,0.2547986260775862,2.0383890086206895,0.643494293864431,0.30471391667579784
deepseek_r1,Chinese-SimpleQA/工程、技术与应用科学/785.json,12,7424,18594.0,59392.0,89088.0,0.3130724676724138,0.20871497844827586,2.5045797413793105,0.643494293864431,0.3385220804604991
deepseek_r1,Chinese-SimpleQA/工程、技术与应用科学/785.json,16,7424,20917.0,59392.0,118784.0,0.35218547952586204,0.17609273976293102,2.8174838362068964,0.643494293864431,0.3586133482127354
deepseek_r1,Chinese-SimpleQA/工程、技术与应用科学/796.json,8,7424,16063.0,59392.0,59392.0,0.2704573006465517,0.2704573006465517,2.1636584051724137,0.6755657452961494,0.32605118587099274
deepseek_r1,Chinese-SimpleQA/工程、技术与应用科学/796.json,12,7424,19760.0,59392.0,89088.0,0.33270474137931033,0.22180316091954022,2.6616379310344827,0.6755657452961494,0.3620237875087508
deepseek_r1,Chinese-SimpleQA/工程、技术与应用科学/796.json,16,7424,22321.0,59392.0,118784.0,0.3758250269396552,0.1879125134698276,3.0066002155172415,0.6755657452961494,0.3841723082908269
deepseek_r1,Chinese-SimpleQA/工程、技术与应用科学/802.json,8,7424,15646.0,59392.0,59392.0,0.2634361530172414,0.2634361530172414,2.107489224137931,0.6636715089452678,0.31788319040989055
deepseek_r1,Chinese-SimpleQA/工程、技术与应用科学/802.json,12,7424,19098.0,59392.0,89088.0,0.32155845905172414,0.21437230603448276,2.572467672413793,0.6636715089452678,0.3515471733849624
deepseek_r1,Chinese-SimpleQA/工程、技术与应用科学/802.json,16,7424,21505.0,59392.0,118784.0,0.36208580280172414,0.18104290140086207,2.896686422413793,0.6636715089452678,0.3723537408072373
deepseek_r1,Chinese-SimpleQA/工程、技术与应用科学/806.json,8,7424,17360.0,59392.0,59392.0,0.29229525862068967,0.29229525862068967,2.3383620689655173,0.7040708738154379,0.35198616364906576
deepseek_r1,Chinese-SimpleQA/工程、技术与应用科学/806.json,12,7424,21029.0,59392.0,89088.0,0.35407125538793105,0.23604750359195403,2.8325700431034484,0.7040708738154379,0.3878436245281121
deepseek_r1,Chinese-SimpleQA/工程、技术与应用科学/806.json,16,7424,23235.0,59392.0,118784.0,0.3912143049568966,0.1956071524784483,3.1297144396551726,0.7040708738154379,0.4069369836100217
deepseek_r1,Chinese-SimpleQA/工程、技术与应用科学/815.json,8,7424,16486.0,59392.0,59392.0,0.2775794719827586,0.2775794719827586,2.220635775862069,0.6882742931102884,0.3337722809921051
deepseek_r1,Chinese-SimpleQA/工程、技术与应用科学/815.json,12,7424,20069.0,59392.0,89088.0,0.33790746228448276,0.2252716415229885,2.703259698275862,0.6882742931102884,0.36876948691647626
deepseek_r1,Chinese-SimpleQA/工程、技术与应用科学/815.json,16,7424,22281.0,59392.0,118784.0,0.3751515355603448,0.1875757677801724,3.0012122844827585,0.6882742931102884,0.38791335682416783
deepseek_r1,Chinese-SimpleQA/工程、技术与应用科学/816.json,8,3596,6990.0,28768.0,28768.0,0.24297830923248054,0.24297830923248054,1.9438264738598443,0.6286196638400086,0.29094573228855153
deepseek_r1,Chinese-SimpleQA/工程、技术与应用科学/816.json,12,3596,8585.0,28768.0,43152.0,0.2984218576195773,0.1989479050797182,2.3873748609566183,0.6286196638400086,0.3230582505166199
deepseek_r1,Chinese-SimpleQA/工程、技术与应用科学/816.json,16,3596,9681.0,28768.0,57536.0,0.336519744160178,0.168259872080089,2.692157953281424,0.6286196638400086,0.3426252300535081
deepseek_r1,Chinese-SimpleQA/工程、技术与应用科学/817.json,8,7424,15864.0,59392.0,59392.0,0.26710668103448276,0.26710668103448276,2.136853448275862,0.6630615340224628,0.3219924134940937
deepseek_r1,Chinese-SimpleQA/工程、技术与应用科学/817.json,12,7424,19354.0,59392.0,89088.0,0.32586880387931033,0.21724586925287356,2.6069504310344827,0.6630615340224628,0.35596811180484705
deepseek_r1,Chinese-SimpleQA/工程、技术与应用科学/817.json,16,7424,21680.0,59392.0,118784.0,0.3650323275862069,0.18251616379310345,2.9202586206896552,0.6630615340224628,0.37609197687486123
deepseek_r1,Chinese-SimpleQA/工程、技术与应用科学/832.json,8,7424,15363.0,59392.0,59392.0,0.25867120150862066,0.25867120150862066,2.0693696120689653,0.6580455277500481,0.3117510483696543
deepseek_r1,Chinese-SimpleQA/工程、技术与应用科学/832.json,12,7424,18950.0,59392.0,89088.0,0.31906654094827586,0.21271102729885058,2.552532327586207,0.6580455277500481,0.3467651091772935
deepseek_r1,Chinese-SimpleQA/工程、技术与应用科学/832.json,16,7424,21239.0,59392.0,118784.0,0.35760708512931033,0.17880354256465517,2.8608566810344827,0.6580455277500481,0.36655396968126297
deepseek_r1,Chinese-SimpleQA/工程、技术与应用科学/837.json,8,7424,16922.0,59392.0,59392.0,0.2849205280172414,0.2849205280172414,2.279364224137931,0.6838226796224199,0.34162054287976235
deepseek_r1,Chinese-SimpleQA/工程、技术与应用科学/837.json,12,7424,20519.0,59392.0,89088.0,0.34548424030172414,0.2303228268678161,2.763873922413793,0.6838226796224199,0.37671285662157783
deepseek_r1,Chinese-SimpleQA/工程、技术与应用科学/837.json,16,7424,22912.0,59392.0,118784.0,0.3857758620689655,0.19288793103448276,3.086206896551724,0.6838226796224199,0.3974232003092766
deepseek_r1,Chinese-SimpleQA/工程、技术与应用科学/843.json,8,7424,19306.0,59392.0,59392.0,0.32506061422413796,0.32506061422413796,2.6004849137931036,0.747895520308922,0.3922317773103714
deepseek_r1,Chinese-SimpleQA/工程、技术与应用科学/843.json,12,7424,23347.0,59392.0,89088.0,0.3931000808189655,0.262066720545977,3.144800646551724,0.747895520308922,0.43159062132753173
deepseek_r1,Chinese-SimpleQA/工程、技术与应用科学/843.json,16,7424,26006.0,59392.0,118784.0,0.43787042025862066,0.21893521012931033,3.5029633620689653,0.747895520308922,0.4546080935617973
deepseek_r1,Chinese-SimpleQA/工程、技术与应用科学/847.json,8,7424,14562.0,59392.0,59392.0,0.24518453663793102,0.24518453663793102,1.9614762931034482,0.6368160509857638,0.29683081959855967
deepseek_r1,Chinese-SimpleQA/工程、技术与应用科学/847.json,12,7424,17886.0,59392.0,89088.0,0.30115167025862066,0.20076778017241378,2.4092133620689653,0.6368160509857638,0.3291598856449127
deepseek_r1,Chinese-SimpleQA/工程、技术与应用科学/847.json,16,7424,20485.0,59392.0,118784.0,0.34491177262931033,0.17245588631465517,2.7592941810344827,0.6368160509857638,0.35165094532843294
deepseek_r1,Chinese-SimpleQA/工程、技术与应用科学/848.json,8,7424,16901.0,59392.0,59392.0,0.2845669450431034,0.2845669450431034,2.2765355603448274,0.7030940847150211,0.3444010304479763
deepseek_r1,Chinese-SimpleQA/工程、技术与应用科学/848.json,12,7424,20300.0,59392.0,89088.0,0.341796875,0.22786458333333334,2.734375,0.7030940847150211,0.3775348152066099
deepseek_r1,Chinese-SimpleQA/工程、技术与应用科学/848.json,16,7424,22622.0,59392.0,118784.0,0.3808930495689655,0.19044652478448276,3.047144396551724,0.7030940847150211,0.39762595398672695
deepseek_r1,Chinese-SimpleQA/工程、技术与应用科学/862.json,8,7424,14976.0,59392.0,59392.0,0.2521551724137931,0.2521551724137931,2.0172413793103448,0.6534464862839929,0.30546698822029705
deepseek_r1,Chinese-SimpleQA/工程、技术与应用科学/862.json,12,7424,18575.0,59392.0,89088.0,0.3127525592672414,0.2085017061781609,2.502020474137931,0.6534464862839929,0.3405069827005781
deepseek_r1,Chinese-SimpleQA/工程、技术与应用科学/862.json,16,7424,20968.0,59392.0,118784.0,0.35304418103448276,0.17652209051724138,2.824353448275862,0.6534464862839929,0.36120807610709094
deepseek_r1,Chinese-SimpleQA/工程、技术与应用科学/880.json,8,7424,17792.0,59392.0,59392.0,0.2995689655172414,0.2995689655172414,2.396551724137931,0.7144476976887933,0.36016020692628004
deepseek_r1,Chinese-SimpleQA/工程、技术与应用科学/880.json,12,7424,21550.0,59392.0,89088.0,0.3628434806034483,0.24189565373563218,2.9027478448275863,0.7144476976887933,0.3968037574969489
deepseek_r1,Chinese-SimpleQA/工程、技术与应用科学/880.json,16,7424,23818.0,59392.0,118784.0,0.4010304418103448,0.2005152209051724,3.2082435344827585,0.7144476976887933,0.41642426930624865
deepseek_r1,Chinese-SimpleQA/工程、技术与应用科学/884.json,8,7424,16719.0,59392.0,59392.0,0.2815025592672414,0.2815025592672414,2.252020474137931,0.6835642246336773,0.33921903153431826
deepseek_r1,Chinese-SimpleQA/工程、技术与应用科学/884.json,12,7424,20268.0,59392.0,89088.0,0.3412580818965517,0.22750538793103448,2.7300646551724137,0.6835642246336773,0.3738287450938389
deepseek_r1,Chinese-SimpleQA/工程、技术与应用科学/884.json,16,7424,22601.0,59392.0,118784.0,0.38053946659482757,0.19026973329741378,3.0443157327586206,0.6835642246336773,0.39399678234396307
deepseek_r1,Chinese-SimpleQA/工程、技术与应用科学/894.json,8,7424,15680.0,59392.0,59392.0,0.2640086206896552,0.2640086206896552,2.1120689655172415,0.6364011558993109,0.31005273065690336
deepseek_r1,Chinese-SimpleQA/工程、技术与应用科学/894.json,12,7424,19468.0,59392.0,89088.0,0.3277882543103448,0.21852550287356323,2.6223060344827585,0.6364011558993109,0.34700723711786596
deepseek_r1,Chinese-SimpleQA/工程、技术与应用科学/894.json,16,7424,22145.0,59392.0,118784.0,0.37286166487068967,0.18643083243534483,2.9828933189655173,0.6364011558993109,0.37015662753376466
deepseek_r1,Chinese-SimpleQA/工程、技术与应用科学/902.json,8,7424,15908.0,59392.0,59392.0,0.26784752155172414,0.26784752155172414,2.142780172413793,0.6684665687639137,0.3228453117711791
deepseek_r1,Chinese-SimpleQA/工程、技术与应用科学/902.json,12,7424,19439.0,59392.0,89088.0,0.3272999730603448,0.2181999820402299,2.6183997844827585,0.6684665687639137,0.3572571539673312
deepseek_r1,Chinese-SimpleQA/工程、技术与应用科学/902.json,16,7424,21988.0,59392.0,118784.0,0.3702182112068966,0.1851091056034483,2.9617456896551726,0.6684665687639137,0.37930473261352243
deepseek_r1,Chinese-SimpleQA/工程、技术与应用科学/909.json,8,7424,16711.0,59392.0,59392.0,0.28136786099137934,0.28136786099137934,2.2509428879310347,0.6994097479458513,0.3421033823798443
deepseek_r1,Chinese-SimpleQA/工程、技术与应用科学/909.json,12,7424,20079.0,59392.0,89088.0,0.33807583512931033,0.2253838900862069,2.7046066810344827,0.6994097479458513,0.3749647780225195
deepseek_r1,Chinese-SimpleQA/工程、技术与应用科学/909.json,16,7424,22248.0,59392.0,118784.0,0.3745959051724138,0.1872979525862069,2.9967672413793105,0.6994097479458513,0.39373356592038583
deepseek_r1,Chinese-SimpleQA/工程、技术与应用科学/911.json,8,7424,17371.0,59392.0,59392.0,0.29248046875,0.29248046875,2.33984375,0.699036088483087,0.35137149820040015
deepseek_r1,Chinese-SimpleQA/工程、技术与应用科学/911.json,12,7424,21110.0,59392.0,89088.0,0.3554350754310345,0.23695671695402298,2.843480603448276,0.699036088483087,0.387771308165172
deepseek_r1,Chinese-SimpleQA/工程、技术与应用科学/911.json,16,7424,23775.0,59392.0,118784.0,0.4003064385775862,0.2001532192887931,3.2024515086206895,0.699036088483087,0.41082704837979944
deepseek_r1,Chinese-SimpleQA/工程、技术与应用科学/927.json,8,7424,16585.0,59392.0,59392.0,0.2792463631465517,0.2792463631465517,2.2339709051724137,0.6839213258233564,0.33703549668706695
deepseek_r1,Chinese-SimpleQA/工程、技术与应用科学/927.json,12,7424,20198.0,59392.0,89088.0,0.3400794719827586,0.22671964798850575,2.720635775862069,0.6839213258233564,0.3722120271674518
deepseek_r1,Chinese-SimpleQA/工程、技术与应用科学/927.json,16,7424,22703.0,59392.0,118784.0,0.38225686961206895,0.19112843480603448,3.0580549568965516,0.6839213258233564,0.39388187743466474
llama4_maverick,hellaswag/test/10.json,1,3072,1127.0,3072.0,3072.0,0.3668619791666667,0.3668619791666667,0.3668619791666667,0.5013942507406076,0.3668619791666667
llama4_maverick,hellaswag/test/10.json,2,3072,1438.0,3072.0,6144.0,0.4680989583333333,0.23404947916666666,0.4680989583333333,0.5013942507406076,0.43073540677626926
llama4_maverick,hellaswag/test/10.json,4,3072,1730.0,3072.0,12288.0,0.5631510416666666,0.14078776041666666,0.5631510416666666,0.5013942507406076,0.4755760667224725
llama4_maverick,hellaswag/test/10.json,8,3072,1996.0,3072.0,24576.0,0.6497395833333334,0.08121744791666667,0.6497395833333334,0.5013942507406076,0.5059507663051287
llama4_maverick,hellaswag/test/10000.json,1,3072,883.0,3072.0,3072.0,0.2874348958333333,0.2874348958333333,0.2874348958333333,0.42890017107129097,0.2874348958333333
llama4_maverick,hellaswag/test/10000.json,2,3072,1166.0,3072.0,6144.0,0.3795572916666667,0.18977864583333334,0.3795572916666667,0.42890017107129097,0.34555765986442566
llama4_maverick,hellaswag/test/10000.json,4,3072,1491.0,3072.0,12288.0,0.4853515625,0.121337890625,0.4853515625,0.42890017107129097,0.39543092623353004
llama4_maverick,hellaswag/test/10000.json,8,3072,1865.0,3072.0,24576.0,0.6070963541666666,0.07588704427083333,0.6070963541666666,0.42890017107129097,0.43802426631251973
llama4_maverick,hellaswag/test/1004.json,1,3072,938.0,3072.0,3072.0,0.3053385416666667,0.3053385416666667,0.3053385416666667,0.4383278638124466,0.3053385416666667
llama4_maverick,hellaswag/test/1004.json,2,3072,1218.0,3072.0,6144.0,0.396484375,0.1982421875,0.396484375,0.4383278638124466,0.36284516627589863
llama4_maverick,hellaswag/test/1004.json,4,3072,1501.0,3072.0,12288.0,0.4886067708333333,0.12215169270833333,0.4886067708333333,0.4383278638124466,0.40624354655543965
llama4_maverick,hellaswag/test/1004.json,8,3072,1751.0,3072.0,24576.0,0.5699869791666666,0.07124837239583333,0.5699869791666666,0.4383278638124466,0.4347689089675744
llama4_maverick,hellaswag/test/1015.json,1,3072,997.0,3072.0,3072.0,0.3245442708333333,0.3245442708333333,0.3245442708333333,0.4697037066022555,0.3245442708333333
llama4_maverick,hellaswag/test/1015.json,2,3072,1334.0,3072.0,6144.0,0.4342447916666667,0.21712239583333334,0.4342447916666667,0.4697037066022555,0.39375759785374004
llama4_maverick,hellaswag/test/1015.json,4,3072,1672.0,3072.0,12288.0,0.5442708333333334,0.13606770833333334,0.5442708333333334,0.4697037066022555,0.44538568208614987
llama4_maverick,hellaswag/test/1015.json,8,3072,2021.0,3072.0,24576.0,0.6578776041666666,0.08223470052083333,0.6578776041666666,0.4697037066022555,0.4855078098674615
llama4_maverick,hellaswag/test/102.json,1,3072,1028.0,3072.0,3072.0,0.3346354166666667,0.3346354166666667,0.3346354166666667,0.47257523611187935,0.3346354166666667
llama4_maverick,hellaswag/test/102.json,2,3072,1334.0,3072.0,6144.0,0.4342447916666667,0.21712239583333334,0.4342447916666667,0.47257523611187935,0.39748193323612213
llama4_maverick,hellaswag/test/102.json,4,3072,1630.0,3072.0,12288.0,0.5305989583333334,0.13264973958333334,0.5305989583333334,0.47257523611187935,0.4429285079240799
llama4_maverick,hellaswag/test/102.json,8,3072,1985.0,3072.0,24576.0,0.6461588541666666,0.08076985677083333,0.6461588541666666,0.47257523611187935,0.4836044559876124
llama4_maverick,hellaswag/test/1022.json,1,3072,852.0,3072.0,3072.0,0.27734375,0.27734375,0.27734375,0.4188409013052781,0.27734375
llama4_maverick,hellaswag/test/1022.json,2,3072,1181.0,3072.0,6144.0,0.3844401041666667,0.19222005208333334,0.3844401041666667,0.4188409013052781,0.3449140340089798
llama4_maverick,hellaswag/test/1022.json,4,3072,1452.0,3072.0,12288.0,0.47265625,0.1181640625,0.47265625,0.4188409013052781,0.38626902053753537
llama4_maverick,hellaswag/test/1022.json,8,3072,1738.0,3072.0,24576.0,0.5657552083333334,0.07071940104166667,0.5657552083333334,0.4188409013052781,0.4190754182636738
llama4_maverick,hellaswag/test/1044.json,1,3072,931.0,3072.0,3072.0,0.3030598958333333,0.3030598958333333,0.3030598958333333,0.4481832720339298,0.3030598958333333
llama4_maverick,hellaswag/test/1044.json,2,3072,1263.0,3072.0,6144.0,0.4111328125,0.20556640625,0.4111328125,0.4481832720339298,0.3712463142971198
llama4_maverick,hellaswag/test/1044.json,4,3072,1586.0,3072.0,12288.0,0.5162760416666666,0.12906901041666666,0.5162760416666666,0.4481832720339298,0.4206586604317029
llama4_maverick,hellaswag/test/1044.json,8,3072,1885.0,3072.0,24576.0,0.6136067708333334,0.07670084635416667,0.6136067708333334,0.4481832720339298,0.4549545521537463
llama4_maverick,hellaswag/test/106.json,1,3072,1003.0,3072.0,3072.0,0.3264973958333333,0.3264973958333333,0.3264973958333333,0.4700292559961478,0.3264973958333333
llama4_maverick,hellaswag/test/106.json,2,3072,1356.0,3072.0,6144.0,0.44140625,0.220703125,0.44140625,0.4700292559961478,0.39899681756893796
llama4_maverick,hellaswag/test/106.json,4,3072,1646.0,3072.0,12288.0,0.5358072916666666,0.13395182291666666,0.5358072916666666,0.4700292559961478,0.4433539919555187
llama4_maverick,hellaswag/test/106.json,8,3072,1931.0,3072.0,24576.0,0.6285807291666666,0.07857259114583333,0.6285807291666666,0.4700292559961478,0.4758217992881934
llama4_maverick,hellaswag/test/1067.json,1,3072,854.0,3072.0,3072.0,0.2779947916666667,0.2779947916666667,0.2779947916666667,0.425802839299043,0.2779947916666667
llama4_maverick,hellaswag/test/1067.json,2,3072,1181.0,3072.0,6144.0,0.3844401041666667,0.19222005208333334,0.3844401041666667,0.425802839299043,0.3451543102661769
llama4_maverick,hellaswag/test/1067.json,4,3072,1540.0,3072.0,12288.0,0.5013020833333334,0.12532552083333334,0.5013020833333334,0.425802839299043,0.39968133717775345
llama4_maverick,hellaswag/test/1067.json,8,3072,1856.0,3072.0,24576.0,0.6041666666666666,0.07552083333333333,0.6041666666666666,0.425802839299043,0.43630792821447056
llama4_maverick,hellaswag/test/1070.json,1,3072,878.0,3072.0,3072.0,0.2858072916666667,0.2858072916666667,0.2858072916666667,0.43586747099955875,0.2858072916666667
llama4_maverick,hellaswag/test/1070.json,2,3072,1214.0,3072.0,6144.0,0.3951822916666667,0.19759114583333334,0.3951822916666667,0.43586747099955875,0.3548152359823386
llama4_maverick,hellaswag/test/1070.json,4,3072,1535.0,3072.0,12288.0,0.4996744791666667,0.12491861979166667,0.4996744791666667,0.43586747099955875,0.404082586367925
llama4_maverick,hellaswag/test/1070.json,8,3072,1957.0,3072.0,24576.0,0.6370442708333334,0.07963053385416667,0.6370442708333334,0.43586747099955875,0.4523467731972535
llama4_maverick,hellaswag/test/1078.json,1,3072,842.0,3072.0,3072.0,0.2740885416666667,0.2740885416666667,0.2740885416666667,0.42855769395828247,0.2740885416666667
llama4_maverick,hellaswag/test/1078.json,2,3072,1210.0,3072.0,6144.0,0.3938802083333333,0.19694010416666666,0.3938802083333333,0.42855769395828247,0.3496686704456806
llama4_maverick,hellaswag/test/1078.json,4,3072,1530.0,3072.0,12288.0,0.498046875,0.12451171875,0.498046875,0.42855769395828247,0.3991568883260091
llama4_maverick,hellaswag/test/1078.json,8,3072,1930.0,3072.0,24576.0,0.6282552083333334,0.07853190104166667,0.6282552083333334,0.42855769395828247,0.44527067119876546
llama4_maverick,hellaswag/test/1084.json,1,3072,1010.0,3072.0,3072.0,0.3287760416666667,0.3287760416666667,0.3287760416666667,0.47582291687528294,0.3287760416666667
llama4_maverick,hellaswag/test/1084.json,2,3072,1342.0,3072.0,6144.0,0.4368489583333333,0.21842447916666666,0.4368489583333333,0.47582291687528294,0.3969624675810337
llama4_maverick,hellaswag/test/1084.json,4,3072,1689.0,3072.0,12288.0,0.5498046875,0.137451171875,0.5498046875,0.47582291687528294,0.4502810562650363
llama4_maverick,hellaswag/test/1084.json,8,3072,2053.0,3072.0,24576.0,0.6682942708333334,0.08353678385416667,0.6682942708333334,0.47582291687528294,0.4919467593232791
llama4_maverick,hellaswag/test/1085.json,1,3072,894.0,3072.0,3072.0,0.291015625,0.291015625,0.291015625,0.43648802613218624,0.291015625
llama4_maverick,hellaswag/test/1085.json,2,3072,1210.0,3072.0,6144.0,0.3938802083333333,0.19694010416666666,0.3938802083333333,0.43648802613218624,0.35591595495740574
llama4_maverick,hellaswag/test/1085.json,4,3072,1545.0,3072.0,12288.0,0.5029296875,0.125732421875,0.5029296875,0.43648802613218624,0.4074393833676974
llama4_maverick,hellaswag/test/1085.json,8,3072,1844.0,3072.0,24576.0,0.6002604166666666,0.07503255208333333,0.6002604166666666,0.43648802613218624,0.44179223105311394
llama4_maverick,hellaswag/test/1096.json,1,3072,1020.0,3072.0,3072.0,0.33203125,0.33203125,0.33203125,0.4690269281466802,0.33203125
llama4_maverick,hellaswag/test/1096.json,2,3072,1363.0,3072.0,6144.0,0.4436848958333333,0.22184244791666666,0.4436848958333333,0.4690269281466802,0.4024768608311812
llama4_maverick,hellaswag/test/1096.json,4,3072,1608.0,3072.0,12288.0,0.5234375,0.130859375,0.5234375,0.4690269281466802,0.4401416728893916
llama4_maverick,hellaswag/test/1096.json,8,3072,1876.0,3072.0,24576.0,0.6106770833333334,0.07633463541666667,0.6106770833333334,0.4690269281466802,0.4705313990513484
llama4_maverick,hellaswag/test/1098.json,1,3072,886.0,3072.0,3072.0,0.2884114583333333,0.2884114583333333,0.2884114583333333,0.4358048141002655,0.2884114583333333
llama4_maverick,hellaswag/test/1098.json,2,3072,1218.0,3072.0,6144.0,0.396484375,0.1982421875,0.396484375,0.4358048141002655,0.3565978736927112
llama4_maverick,hellaswag/test/1098.json,4,3072,1543.0,3072.0,12288.0,0.5022786458333334,0.12556966145833334,0.5022786458333334,0.4358048141002655,0.4065614081919193
llama4_maverick,hellaswag/test/1098.json,8,3072,1914.0,3072.0,24576.0,0.623046875,0.077880859375,0.623046875,0.4358048141002655,0.4489118605852127
llama4_maverick,hellaswag/test/1106.json,1,3072,939.0,3072.0,3072.0,0.3056640625,0.3056640625,0.3056640625,0.4450990967452526,0.3056640625
llama4_maverick,hellaswag/test/1106.json,2,3072,1243.0,3072.0,6144.0,0.4046223958333333,0.20231119791666666,0.4046223958333333,0.4450990967452526,0.36809982483585674
llama4_maverick,hellaswag/test/1106.json,4,3072,1517.0,3072.0,12288.0,0.4938151041666667,0.12345377604166667,0.4938151041666667,0.4450990967452526,0.41028159111738205
llama4_maverick,hellaswag/test/1106.json,8,3072,1878.0,3072.0,24576.0,0.611328125,0.076416015625,0.611328125,0.4450990967452526,0.45131979261835414
llama4_maverick,hellaswag/test/1109.json,1,3072,1014.0,3072.0,3072.0,0.330078125,0.330078125,0.330078125,0.4735146289070447,0.330078125
llama4_maverick,hellaswag/test/1109.json,2,3072,1339.0,3072.0,6144.0,0.4358723958333333,0.21793619791666666,0.4358723958333333,0.4735146289070447,0.39682688439885777
llama4_maverick,hellaswag/test/1109.json,4,3072,1654.0,3072.0,12288.0,0.5384114583333334,0.13460286458333334,0.5384114583333334,0.4735146289070447,0.44511766359210014
llama4_maverick,hellaswag/test/1109.json,8,3072,2051.0,3072.0,24576.0,0.6676432291666666,0.08345540364583333,0.6676432291666666,0.4735146289070447,0.4901749789714813
llama4_maverick,hellaswag/test/1115.json,1,3072,911.0,3072.0,3072.0,0.2965494791666667,0.2965494791666667,0.2965494791666667,0.4313320455451806,0.2965494791666667
llama4_maverick,hellaswag/test/1115.json,2,3072,1204.0,3072.0,6144.0,0.3919270833333333,0.19596354166666666,0.3919270833333333,0.4313320455451806,0.3567260516186555
llama4_maverick,hellaswag/test/1115.json,4,3072,1470.0,3072.0,12288.0,0.478515625,0.11962890625,0.478515625,0.4313320455451806,0.39728981256484985
llama4_maverick,hellaswag/test/1115.json,8,3072,1748.0,3072.0,24576.0,0.5690104166666666,0.07112630208333333,0.5690104166666666,0.4313320455451806,0.42911678925156593
llama4_maverick,hellaswag/test/1116.json,1,3072,975.0,3072.0,3072.0,0.3173828125,0.3173828125,0.3173828125,0.46912192677458125,0.3173828125
llama4_maverick,hellaswag/test/1116.json,2,3072,1345.0,3072.0,6144.0,0.4378255208333333,0.21891276041666666,0.4378255208333333,0.46912192677458125,0.393373707930247
llama4_maverick,hellaswag/test/1116.json,4,3072,1674.0,3072.0,12288.0,0.544921875,0.13623046875,0.544921875,0.46912192677458125,0.44367233539621037
llama4_maverick,hellaswag/test/1116.json,8,3072,2105.0,3072.0,24576.0,0.6852213541666666,0.08565266927083333,0.6852213541666666,0.46912192677458125,0.4930172512928645
llama4_maverick,hellaswag/test/1118.json,1,3072,1040.0,3072.0,3072.0,0.3385416666666667,0.3385416666666667,0.3385416666666667,0.47681151951352757,0.3385416666666667
llama4_maverick,hellaswag/test/1118.json,2,3072,1348.0,3072.0,6144.0,0.4388020833333333,0.21940104166666666,0.4388020833333333,0.47681151951352757,0.40179894864559174
llama4_maverick,hellaswag/test/1118.json,4,3072,1651.0,3072.0,12288.0,0.5374348958333334,0.13435872395833334,0.5374348958333334,0.47681151951352757,0.4484074090917905
llama4_maverick,hellaswag/test/1118.json,8,3072,1992.0,3072.0,24576.0,0.6484375,0.0810546875,0.6484375,0.47681151951352757,0.4873461189369361
llama4_maverick,hellaswag/test/1125.json,1,3072,936.0,3072.0,3072.0,0.3046875,0.3046875,0.3046875,0.4400944660107295,0.3046875
llama4_maverick,hellaswag/test/1125.json,2,3072,1216.0,3072.0,6144.0,0.3958333333333333,0.19791666666666666,0.3958333333333333,0.4400944660107295,0.3621941264718771
llama4_maverick,hellaswag/test/1125.json,4,3072,1477.0,3072.0,12288.0,0.4807942708333333,0.12019856770833333,0.4807942708333333,0.4400944660107295,0.40244052931666374
llama4_maverick,hellaswag/test/1125.json,8,3072,1822.0,3072.0,24576.0,0.5930989583333334,0.07413736979166667,0.5930989583333334,0.4400944660107295,0.44226053232947987
llama4_maverick,hellaswag/test/1128.json,1,3072,1083.0,3072.0,3072.0,0.3525390625,0.3525390625,0.3525390625,0.5114828099807104,0.3525390625
llama4_maverick,hellaswag/test/1128.json,2,3072,1489.0,3072.0,6144.0,0.4847005208333333,0.24235026041666666,0.4847005208333333,0.5114828099807104,0.43592366327842075
llama4_maverick,hellaswag/test/1128.json,4,3072,1863.0,3072.0,12288.0,0.6064453125,0.151611328125,0.6064453125,0.5114828099807104,0.49309519430001575
llama4_maverick,hellaswag/test/1128.json,8,3072,2310.0,3072.0,24576.0,0.751953125,0.093994140625,0.751953125,0.5114828099807104,0.5442625060677528
llama4_maverick,hellaswag/test/1129.json,1,3072,913.0,3072.0,3072.0,0.2972005208333333,0.2972005208333333,0.2972005208333333,0.44040630136926967,0.2972005208333333
llama4_maverick,hellaswag/test/1129.json,2,3072,1210.0,3072.0,6144.0,0.3938802083333333,0.19694010416666666,0.3938802083333333,0.44040630136926967,0.3581986178954442
llama4_maverick,hellaswag/test/1129.json,4,3072,1542.0,3072.0,12288.0,0.501953125,0.12548828125,0.501953125,0.44040630136926967,0.40875987708568573
llama4_maverick,hellaswag/test/1129.json,8,3072,1999.0,3072.0,24576.0,0.6507161458333334,0.08133951822916667,0.6507161458333334,0.44040630136926967,0.4606331412990888
llama4_maverick,hellaswag/test/1130.json,1,3072,858.0,3072.0,3072.0,0.279296875,0.279296875,0.279296875,0.42154207453131676,0.279296875
llama4_maverick,hellaswag/test/1130.json,2,3072,1159.0,3072.0,6144.0,0.3772786458333333,0.18863932291666666,0.3772786458333333,0.42154207453131676,0.3411164904634158
llama4_maverick,hellaswag/test/1130.json,4,3072,1468.0,3072.0,12288.0,0.4778645833333333,0.11946614583333333,0.4778645833333333,0.42154207453131676,0.38822762047251064
llama4_maverick,hellaswag/test/1130.json,8,3072,1804.0,3072.0,24576.0,0.5872395833333334,0.07340494791666667,0.5872395833333334,0.42154207453131676,0.42666133989890415
llama4_maverick,hellaswag/test/1133.json,1,3072,1012.0,3072.0,3072.0,0.3294270833333333,0.3294270833333333,0.3294270833333333,0.4655589995284875,0.3294270833333333
llama4_maverick,hellaswag/test/1133.json,2,3072,1322.0,3072.0,6144.0,0.4303385416666667,0.21516927083333334,0.4303385416666667,0.4655589995284875,0.393095130721728
llama4_maverick,hellaswag/test/1133.json,4,3072,1601.0,3072.0,12288.0,0.5211588541666666,0.13028971354166666,0.5211588541666666,0.4655589995284875,0.4358650321761767
llama4_maverick,hellaswag/test/1133.json,8,3072,1837.0,3072.0,24576.0,0.5979817708333334,0.07474772135416667,0.5979817708333334,0.4655589995284875,0.4629168485601743
llama4_maverick,hellaswag/test/1139.json,1,3072,1003.0,3072.0,3072.0,0.3264973958333333,0.3264973958333333,0.3264973958333333,0.46273066103458405,0.3264973958333333
llama4_maverick,hellaswag/test/1139.json,2,3072,1284.0,3072.0,6144.0,0.41796875,0.208984375,0.41796875,0.46273066103458405,0.38420939693848294
llama4_maverick,hellaswag/test/1139.json,4,3072,1586.0,3072.0,12288.0,0.5162760416666666,0.12906901041666666,0.5162760416666666,0.46273066103458405,0.4306776610513528
llama4_maverick,hellaswag/test/1139.json,8,3072,1930.0,3072.0,24576.0,0.6282552083333334,0.07853190104166667,0.6282552083333334,0.46273066103458405,0.4701867463688056
llama4_maverick,hellaswag/test/1144.json,1,3072,914.0,3072.0,3072.0,0.2975260416666667,0.2975260416666667,0.2975260416666667,0.42944653953115147,0.2975260416666667
llama4_maverick,hellaswag/test/1144.json,2,3072,1187.0,3072.0,6144.0,0.3863932291666667,0.19319661458333334,0.3863932291666667,0.42944653953115147,0.3535950034856796
llama4_maverick,hellaswag/test/1144.json,4,3072,1445.0,3072.0,12288.0,0.4703776041666667,0.11759440104166667,0.4703776041666667,0.42944653953115147,0.39303719873229664
llama4_maverick,hellaswag/test/1144.json,8,3072,1744.0,3072.0,24576.0,0.5677083333333334,0.07096354166666667,0.5677083333333334,0.42944653953115147,0.4273756816983223
llama4_maverick,hellaswag/test/1148.json,1,3072,907.0,3072.0,3072.0,0.2952473958333333,0.2952473958333333,0.2952473958333333,0.43867060790459317,0.2952473958333333
llama4_maverick,hellaswag/test/1148.json,2,3072,1185.0,3072.0,6144.0,0.3857421875,0.19287109375,0.3857421875,0.43867060790459317,0.35234325503309566
llama4_maverick,hellaswag/test/1148.json,4,3072,1556.0,3072.0,12288.0,0.5065104166666666,0.12662760416666666,0.5065104166666666,0.43867060790459317,0.4089813729127248
llama4_maverick,hellaswag/test/1148.json,8,3072,1977.0,3072.0,24576.0,0.6435546875,0.0804443359375,0.6435546875,0.43867060790459317,0.4571695178747177
llama4_maverick,hellaswag/test/1161.json,1,3072,923.0,3072.0,3072.0,0.3004557291666667,0.3004557291666667,0.3004557291666667,0.44109945744276047,0.3004557291666667
llama4_maverick,hellaswag/test/1161.json,2,3072,1198.0,3072.0,6144.0,0.3899739583333333,0.19498697916666666,0.3899739583333333,0.44109945744276047,0.35693545266985893
llama4_maverick,hellaswag/test/1161.json,4,3072,1498.0,3072.0,12288.0,0.4876302083333333,0.12190755208333333,0.4876302083333333,0.44109945744276047,0.40282996123035747
llama4_maverick,hellaswag/test/1161.json,8,3072,2054.0,3072.0,24576.0,0.6686197916666666,0.08357747395833333,0.6686197916666666,0.44109945744276047,0.46519708012541133
llama4_maverick,hellaswag/test/1164.json,1,3072,998.0,3072.0,3072.0,0.3248697916666667,0.3248697916666667,0.3248697916666667,0.45663860191901523,0.3248697916666667
llama4_maverick,hellaswag/test/1164.json,2,3072,1285.0,3072.0,6144.0,0.4182942708333333,0.20914713541666666,0.4182942708333333,0.45663860191901523,0.3838140865166982
llama4_maverick,hellaswag/test/1164.json,4,3072,1541.0,3072.0,12288.0,0.5016276041666666,0.12540690104166666,0.5016276041666666,0.45663860191901523,0.42299846063057583
llama4_maverick,hellaswag/test/1164.json,8,3072,1805.0,3072.0,24576.0,0.5875651041666666,0.07344563802083333,0.5875651041666666,0.45663860191901523,0.45357699940601987
llama4_maverick,hellaswag/test/1167.json,1,3072,952.0,3072.0,3072.0,0.3098958333333333,0.3098958333333333,0.3098958333333333,0.4467509984970093,0.3098958333333333
llama4_maverick,hellaswag/test/1167.json,2,3072,1238.0,3072.0,6144.0,0.4029947916666667,0.20149739583333334,0.4029947916666667,0.4467509984970093,0.36863474485774833
llama4_maverick,hellaswag/test/1167.json,4,3072,1517.0,3072.0,12288.0,0.4938151041666667,0.12345377604166667,0.4938151041666667,0.4467509984970093,0.41156261041760445
llama4_maverick,hellaswag/test/1167.json,8,3072,1830.0,3072.0,24576.0,0.595703125,0.074462890625,0.595703125,0.4467509984970093,0.44788431624571484
llama4_maverick,hellaswag/test/1190.json,1,3072,959.0,3072.0,3072.0,0.3121744791666667,0.3121744791666667,0.3121744791666667,0.4647538810968399,0.3121744791666667
llama4_maverick,hellaswag/test/1190.json,2,3072,1323.0,3072.0,6144.0,0.4306640625,0.21533203125,0.4306640625,0.4647538810968399,0.386933084577322
llama4_maverick,hellaswag/test/1190.json,4,3072,1681.0,3072.0,12288.0,0.5472005208333334,0.13680013020833334,0.5472005208333334,0.4647538810968399,0.4418615127603213
llama4_maverick,hellaswag/test/1190.json,8,3072,2112.0,3072.0,24576.0,0.6875,0.0859375,0.6875,0.4647538810968399,0.4906957534452279
llama4_maverick,hellaswag/test/1193.json,1,3072,1208.0,3072.0,3072.0,0.3932291666666667,0.3932291666666667,0.3932291666666667,0.5235731912155946,0.3932291666666667
llama4_maverick,hellaswag/test/1193.json,2,3072,1505.0,3072.0,6144.0,0.4899088541666667,0.24495442708333334,0.4899088541666667,0.5235731912155946,0.4542272674540679
llama4_maverick,hellaswag/test/1193.json,4,3072,1772.0,3072.0,12288.0,0.5768229166666666,0.14420572916666666,0.5768229166666666,0.5235731912155946,0.4950666166841984
llama4_maverick,hellaswag/test/1193.json,8,3072,2122.0,3072.0,24576.0,0.6907552083333334,0.08634440104166667,0.6907552083333334,0.5235731912155946,0.5350807967285315
llama4_maverick,hellaswag/test/1198.json,1,3072,1021.0,3072.0,3072.0,0.3323567708333333,0.3323567708333333,0.3323567708333333,0.47267616416017216,0.3323567708333333
llama4_maverick,hellaswag/test/1198.json,2,3072,1335.0,3072.0,6144.0,0.4345703125,0.21728515625,0.4345703125,0.47267616416017216,0.39684633910655975
llama4_maverick,hellaswag/test/1198.json,4,3072,1650.0,3072.0,12288.0,0.537109375,0.13427734375,0.537109375,0.47267616416017216,0.4450242953995864
llama4_maverick,hellaswag/test/1198.json,8,3072,2008.0,3072.0,24576.0,0.6536458333333334,0.08170572916666667,0.6536458333333334,0.47267616416017216,0.4860430086652438
llama4_maverick,hellaswag/test/120.json,1,3072,971.0,3072.0,3072.0,0.3160807291666667,0.3160807291666667,0.3160807291666667,0.4608215354382992,0.3160807291666667
llama4_maverick,hellaswag/test/120.json,2,3072,1247.0,3072.0,6144.0,0.4059244791666667,0.20296223958333334,0.4059244791666667,0.4608215354382992,0.37276583289106685
llama4_maverick,hellaswag/test/120.json,4,3072,1609.0,3072.0,12288.0,0.5237630208333334,0.13094075520833334,0.5237630208333334,0.4608215354382992,0.42782627542813617
llama4_maverick,hellaswag/test/120.json,8,3072,2171.0,3072.0,24576.0,0.7067057291666666,0.08833821614583333,0.7067057291666666,0.4608215354382992,0.49153994644681615
llama4_maverick,hellaswag/test/1202.json,1,3072,891.0,3072.0,3072.0,0.2900390625,0.2900390625,0.2900390625,0.42221775154272717,0.2900390625
llama4_maverick,hellaswag/test/1202.json,2,3072,1172.0,3072.0,6144.0,0.3815104166666667,0.19075520833333334,0.3815104166666667,0.42221775154272717,0.34775106360514957
llama4_maverick,hellaswag/test/1202.json,4,3072,1409.0,3072.0,12288.0,0.4586588541666667,0.11466471354166667,0.4586588541666667,0.42221775154272717,0.3841363613804181
llama4_maverick,hellaswag/test/1202.json,8,3072,1698.0,3072.0,24576.0,0.552734375,0.069091796875,0.552734375,0.42221775154272717,0.4174746597806613
llama4_maverick,hellaswag/test/1203.json,1,3072,839.0,3072.0,3072.0,0.2731119791666667,0.2731119791666667,0.2731119791666667,0.41321581477920216,0.2731119791666667
llama4_maverick,hellaswag/test/1203.json,2,3072,1145.0,3072.0,6144.0,0.3727213541666667,0.18636067708333334,0.3727213541666667,0.41321581477920216,0.3359585013240576
llama4_maverick,hellaswag/test/1203.json,4,3072,1436.0,3072.0,12288.0,0.4674479166666667,0.11686197916666667,0.4674479166666667,0.41321581477920216,0.38063639774918556
llama4_maverick,hellaswag/test/1203.json,8,3072,1724.0,3072.0,24576.0,0.5611979166666666,0.07014973958333333,0.5611979166666666,0.41321581477920216,0.4137045132617156
llama4_maverick,hellaswag/test/1206.json,1,3072,856.0,3072.0,3072.0,0.2786458333333333,0.2786458333333333,0.2786458333333333,0.42493083824714023,0.2786458333333333
llama4_maverick,hellaswag/test/1206.json,2,3072,1174.0,3072.0,6144.0,0.3821614583333333,0.19108072916666666,0.3821614583333333,0.42493083824714023,0.34395692435403663
llama4_maverick,hellaswag/test/1206.json,4,3072,1511.0,3072.0,12288.0,0.4918619791666667,0.12296549479166667,0.4918619791666667,0.42493083824714023,0.39594127610325813
llama4_maverick,hellaswag/test/1206.json,8,3072,1843.0,3072.0,24576.0,0.5999348958333334,0.07499186197916667,0.5999348958333334,0.42493083824714023,0.43413251886765164
llama4_maverick,hellaswag/test/1207.json,1,3072,974.0,3072.0,3072.0,0.3170572916666667,0.3170572916666667,0.3170572916666667,0.454878531396389,0.3170572916666667
llama4_maverick,hellaswag/test/1207.json,2,3072,1277.0,3072.0,6144.0,0.4156901041666667,0.20784505208333334,0.4156901041666667,0.454878531396389,0.37928767626484233
llama4_maverick,hellaswag/test/1207.json,4,3072,1580.0,3072.0,12288.0,0.5143229166666666,0.12858072916666666,0.5143229166666666,0.454878531396389,0.4256253329416116
llama4_maverick,hellaswag/test/1207.json,8,3072,1873.0,3072.0,24576.0,0.6097005208333334,0.07621256510416667,0.6097005208333334,0.454878531396389,0.45928894976774853
llama4_maverick,hellaswag/test/1215.json,1,3072,853.0,3072.0,3072.0,0.2776692708333333,0.2776692708333333,0.2776692708333333,0.4426442086696625,0.2776692708333333
llama4_maverick,hellaswag/test/1215.json,2,3072,1221.0,3072.0,6144.0,0.3974609375,0.19873046875,0.3974609375,0.4426442086696625,0.3532493971288204
llama4_maverick,hellaswag/test/1215.json,4,3072,1664.0,3072.0,12288.0,0.5416666666666666,0.13541666666666666,0.5416666666666666,0.4426442086696625,0.4212903492152691
llama4_maverick,hellaswag/test/1215.json,8,3072,2209.0,3072.0,24576.0,0.7190755208333334,0.08988444010416667,0.7190755208333334,0.4426442086696625,0.483311302959919
llama4_maverick,hellaswag/test/1225.json,1,3072,896.0,3072.0,3072.0,0.2916666666666667,0.2916666666666667,0.2916666666666667,0.4284926963349183,0.2916666666666667
llama4_maverick,hellaswag/test/1225.json,2,3072,1202.0,3072.0,6144.0,0.3912760416666667,0.19563802083333334,0.3912760416666667,0.4284926963349183,0.35451318820317584
llama4_maverick,hellaswag/test/1225.json,4,3072,1448.0,3072.0,12288.0,0.4713541666666667,0.11783854166666667,0.4713541666666667,0.4284926963349183,0.39229562630256015
llama4_maverick,hellaswag/test/1225.json,8,3072,1727.0,3072.0,24576.0,0.5621744791666666,0.07027180989583333,0.5621744791666666,0.4284926963349183,0.42439108341932297
llama4_maverick,hellaswag/test/1231.json,1,3072,894.0,3072.0,3072.0,0.291015625,0.291015625,0.291015625,0.4285065184036891,0.291015625
llama4_maverick,hellaswag/test/1231.json,2,3072,1178.0,3072.0,6144.0,0.3834635416666667,0.19173177083333334,0.3834635416666667,0.4285065184036891,0.34934377297759056
llama4_maverick,hellaswag/test/1231.json,4,3072,1481.0,3072.0,12288.0,0.4820963541666667,0.12052408854166667,0.4820963541666667,0.4285065184036891,0.39615532631675404
llama4_maverick,hellaswag/test/1231.json,8,3072,1753.0,3072.0,24576.0,0.5706380208333334,0.07132975260416667,0.5706380208333334,0.4285065184036891,0.42743582278490067
llama4_maverick,hellaswag/test/1237.json,1,3072,965.0,3072.0,3072.0,0.3141276041666667,0.3141276041666667,0.3141276041666667,0.45845360308885574,0.3141276041666667
llama4_maverick,hellaswag/test/1237.json,2,3072,1280.0,3072.0,6144.0,0.4166666666666667,0.20833333333333334,0.4166666666666667,0.45845360308885574,0.37882255514462787
llama4_maverick,hellaswag/test/1237.json,4,3072,1613.0,3072.0,12288.0,0.5250651041666666,0.13126627604166666,0.5250651041666666,0.45845360308885574,0.4300656008223693
llama4_maverick,hellaswag/test/1237.json,8,3072,2031.0,3072.0,24576.0,0.6611328125,0.0826416015625,0.6611328125,0.45845360308885574,0.4775925576686859
llama4_maverick,hellaswag/test/1238.json,1,3072,928.0,3072.0,3072.0,0.3020833333333333,0.3020833333333333,0.3020833333333333,0.4429749622941017,0.3020833333333333
llama4_maverick,hellaswag/test/1238.json,2,3072,1232.0,3072.0,6144.0,0.4010416666666667,0.20052083333333334,0.4010416666666667,0.4429749622941017,0.36451909442742664
llama4_maverick,hellaswag/test/1238.json,4,3072,1544.0,3072.0,12288.0,0.5026041666666666,0.12565104166666666,0.5026041666666666,0.4429749622941017,0.4126826611657937
llama4_maverick,hellaswag/test/1238.json,8,3072,1835.0,3072.0,24576.0,0.5973307291666666,0.07466634114583333,0.5973307291666666,0.4429749622941017,0.44601551940043765
llama4_maverick,hellaswag/test/124.json,1,3072,982.0,3072.0,3072.0,0.3196614583333333,0.3196614583333333,0.3196614583333333,0.4763670352598031,0.3196614583333333
llama4_maverick,hellaswag/test/124.json,2,3072,1324.0,3072.0,6144.0,0.4309895833333333,0.21549479166666666,0.4309895833333333,0.4763670352598031,0.3899016852180163
llama4_maverick,hellaswag/test/124.json,4,3072,1743.0,3072.0,12288.0,0.5673828125,0.141845703125,0.5673828125,0.4763670352598031,0.45372045164306957
llama4_maverick,hellaswag/test/124.json,8,3072,2384.0,3072.0,24576.0,0.7760416666666666,0.09700520833333333,0.7760416666666666,0.4763670352598031,0.526254071543614
llama4_maverick,hellaswag/test/1243.json,1,2160,744.0,2160.0,2160.0,0.34444444444444444,0.34444444444444444,0.34444444444444444,0.4902929765206796,0.34444444444444444
llama4_maverick,hellaswag/test/1243.json,2,2160,971.0,2160.0,4320.0,0.449537037037037,0.2247685185185185,0.449537037037037,0.4902929765206796,0.41075049506293404
llama4_maverick,hellaswag/test/1243.json,4,2160,1205.0,2160.0,8640.0,0.5578703703703703,0.1394675925925926,0.5578703703703703,0.4902929765206796,0.4618361137531422
llama4_maverick,hellaswag/test/1243.json,8,2160,1519.0,2160.0,17280.0,0.7032407407407407,0.08790509259259259,0.7032407407407407,0.4902929765206796,0.513340476707176
llama4_maverick,hellaswag/test/1249.json,1,3072,1002.0,3072.0,3072.0,0.326171875,0.326171875,0.326171875,0.46864020203550655,0.326171875
llama4_maverick,hellaswag/test/1249.json,2,3072,1291.0,3072.0,6144.0,0.4202473958333333,0.21012369791666666,0.4202473958333333,0.46864020203550655,0.3855269216001034
llama4_maverick,hellaswag/test/1249.json,4,3072,1641.0,3072.0,12288.0,0.5341796875,0.133544921875,0.5341796875,0.46864020203550655,0.43870193883776665
llama4_maverick,hellaswag/test/1249.json,8,3072,2146.0,3072.0,24576.0,0.6985677083333334,0.08732096354166667,0.6985677083333334,0.46864020203550655,0.49578410387039185
llama4_maverick,hellaswag/test/1255.json,1,3072,952.0,3072.0,3072.0,0.3098958333333333,0.3098958333333333,0.3098958333333333,0.44563982635736465,0.3098958333333333
llama4_maverick,hellaswag/test/1255.json,2,3072,1245.0,3072.0,6144.0,0.4052734375,0.20263671875,0.4052734375,0.44563982635736465,0.3700724070270856
llama4_maverick,hellaswag/test/1255.json,4,3072,1525.0,3072.0,12288.0,0.4964192708333333,0.12410481770833333,0.4964192708333333,0.44563982635736465,0.4128922348221143
llama4_maverick,hellaswag/test/1255.json,8,3072,1814.0,3072.0,24576.0,0.5904947916666666,0.07381184895833333,0.5904947916666666,0.44563982635736465,0.44611793756484985
llama4_maverick,hellaswag/test/1259.json,1,3072,880.0,3072.0,3072.0,0.2864583333333333,0.2864583333333333,0.2864583333333333,0.42008403812845546,0.2864583333333333
llama4_maverick,hellaswag/test/1259.json,2,3072,1164.0,3072.0,6144.0,0.37890625,0.189453125,0.37890625,0.42008403812845546,0.34478647634387016
llama4_maverick,hellaswag/test/1259.json,4,3072,1426.0,3072.0,12288.0,0.4641927083333333,0.11604817708333333,0.4641927083333333,0.42008403812845546,0.3849925523002942
llama4_maverick,hellaswag/test/1259.json,8,3072,1699.0,3072.0,24576.0,0.5530598958333334,0.06913248697916667,0.5530598958333334,0.42008403812845546,0.41647450750072795
llama4_maverick,hellaswag/test/1274.json,1,3072,883.0,3072.0,3072.0,0.2874348958333333,0.2874348958333333,0.2874348958333333,0.4243151843547821,0.2874348958333333
llama4_maverick,hellaswag/test/1274.json,2,3072,1195.0,3072.0,6144.0,0.3889973958333333,0.19449869791666666,0.3889973958333333,0.4243151843547821,0.35151370118061703
llama4_maverick,hellaswag/test/1274.json,4,3072,1449.0,3072.0,12288.0,0.4716796875,0.117919921875,0.4716796875,0.4243151843547821,0.39059822509686154
llama4_maverick,hellaswag/test/1274.json,8,3072,1717.0,3072.0,24576.0,0.5589192708333334,0.06986490885416667,0.5589192708333334,0.4243151843547821,0.42141421263416606
llama4_maverick,hellaswag/test/128.json,1,3072,861.0,3072.0,3072.0,0.2802734375,0.2802734375,0.2802734375,0.4149361128608386,0.2802734375
llama4_maverick,hellaswag/test/128.json,2,3072,1142.0,3072.0,6144.0,0.3717447916666667,0.18587239583333334,0.3717447916666667,0.4149361128608386,0.3379854417095582
llama4_maverick,hellaswag/test/128.json,4,3072,1405.0,3072.0,12288.0,0.4573567708333333,0.11433919270833333,0.4573567708333333,0.4149361128608386,0.37867020443081856
llama4_maverick,hellaswag/test/128.json,8,3072,1695.0,3072.0,24576.0,0.5517578125,0.0689697265625,0.5517578125,0.4149361128608386,0.41194189712405205
llama4_maverick,hellaswag/test/1283.json,1,3072,1003.0,3072.0,3072.0,0.3264973958333333,0.3264973958333333,0.3264973958333333,0.4598310974737008,0.3264973958333333
llama4_maverick,hellaswag/test/1283.json,2,3072,1297.0,3072.0,6144.0,0.4222005208333333,0.21110026041666666,0.4222005208333333,0.4598310974737008,0.3868793497482936
llama4_maverick,hellaswag/test/1283.json,4,3072,1565.0,3072.0,12288.0,0.5094401041666666,0.12736002604166666,0.5094401041666666,0.4598310974737008,0.42792659377058345
llama4_maverick,hellaswag/test/1283.json,8,3072,1826.0,3072.0,24576.0,0.5944010416666666,0.07430013020833333,0.5944010416666666,0.4598310974737008,0.45799805720647174
llama4_maverick,hellaswag/test/1285.json,1,3072,888.0,3072.0,3072.0,0.2890625,0.2890625,0.2890625,0.43905069554845494,0.2890625
llama4_maverick,hellaswag/test/1285.json,2,3072,1229.0,3072.0,6144.0,0.4000651041666667,0.20003255208333334,0.4000651041666667,0.43905069554845494,0.3590973454217116
llama4_maverick,hellaswag/test/1285.json,4,3072,1597.0,3072.0,12288.0,0.5198567708333334,0.12996419270833334,0.5198567708333334,0.43905069554845494,0.4155631090203921
llama4_maverick,hellaswag/test/1285.json,8,3072,1880.0,3072.0,24576.0,0.6119791666666666,0.07649739583333333,0.6119791666666666,0.43905069554845494,0.4486364771922429
llama4_maverick,hellaswag/test/1287.json,1,3072,896.0,3072.0,3072.0,0.2916666666666667,0.2916666666666667,0.2916666666666667,0.4292040765285492,0.2916666666666667
llama4_maverick,hellaswag/test/1287.json,2,3072,1196.0,3072.0,6144.0,0.3893229166666667,0.19466145833333334,0.3893229166666667,0.4292040765285492,0.3532809043924014
llama4_maverick,hellaswag/test/1287.json,4,3072,1467.0,3072.0,12288.0,0.4775390625,0.119384765625,0.4775390625,0.4292040765285492,0.39492925877372426
llama4_maverick,hellaswag/test/1287.json,8,3072,1745.0,3072.0,24576.0,0.5680338541666666,0.07100423177083333,0.5680338541666666,0.4292040765285492,0.4267902386685212
llama4_maverick,hellaswag/test/1310.json,1,3072,812.0,3072.0,3072.0,0.2643229166666667,0.2643229166666667,0.2643229166666667,0.40555670236547786,0.2643229166666667
llama4_maverick,hellaswag/test/1310.json,2,3072,1117.0,3072.0,6144.0,0.3636067708333333,0.18180338541666666,0.3636067708333333,0.40555670236547786,0.3269640641907851
llama4_maverick,hellaswag/test/1310.json,4,3072,1423.0,3072.0,12288.0,0.4632161458333333,0.11580403645833333,0.4632161458333333,0.40555670236547786,0.37356434017419815
llama4_maverick,hellaswag/test/1310.json,8,3072,1716.0,3072.0,24576.0,0.55859375,0.06982421875,0.55859375,0.40555670236547786,0.40716426198681194
llama4_maverick,hellaswag/test/1311.json,1,3072,998.0,3072.0,3072.0,0.3248697916666667,0.3248697916666667,0.3248697916666667,0.481799129396677,0.3248697916666667
llama4_maverick,hellaswag/test/1311.json,2,3072,1353.0,3072.0,6144.0,0.4404296875,0.22021484375,0.4404296875,0.481799129396677,0.3977799651523431
llama4_maverick,hellaswag/test/1311.json,4,3072,1772.0,3072.0,12288.0,0.5768229166666666,0.14420572916666666,0.5768229166666666,0.481799129396677,0.4617341322203477
llama4_maverick,hellaswag/test/1311.json,8,3072,2274.0,3072.0,24576.0,0.740234375,0.092529296875,0.740234375,0.481799129396677,0.5189612756172816
llama4_maverick,hellaswag/test/1312.json,1,3072,993.0,3072.0,3072.0,0.3232421875,0.3232421875,0.3232421875,0.46425021688143414,0.3232421875
llama4_maverick,hellaswag/test/1312.json,2,3072,1316.0,3072.0,6144.0,0.4283854166666667,0.21419270833333334,0.4283854166666667,0.46425021688143414,0.3895801827311516
llama4_maverick,hellaswag/test/1312.json,4,3072,1629.0,3072.0,12288.0,0.5302734375,0.132568359375,0.5302734375,0.46425021688143414,0.4377485439181328
llama4_maverick,hellaswag/test/1312.json,8,3072,1898.0,3072.0,24576.0,0.6178385416666666,0.07722981770833333,0.6178385416666666,0.46425021688143414,0.468765905747811
llama4_maverick,hellaswag/test/1313.json,1,3072,897.0,3072.0,3072.0,0.2919921875,0.2919921875,0.2919921875,0.4363424504796664,0.2919921875
llama4_maverick,hellaswag/test/1313.json,2,3072,1152.0,3072.0,6144.0,0.375,0.1875,0.375,0.4363424504796664,0.3443642891943455
llama4_maverick,hellaswag/test/1313.json,4,3072,1517.0,3072.0,12288.0,0.4938151041666667,0.12345377604166667,0.4938151041666667,0.4363424504796664,0.40049973626931507
llama4_maverick,hellaswag/test/1313.json,8,3072,2060.0,3072.0,24576.0,0.6705729166666666,0.08382161458333333,0.6705729166666666,0.4363424504796664,0.46184129764636356
llama4_maverick,hellaswag/test/1331.json,1,3072,958.0,3072.0,3072.0,0.3118489583333333,0.3118489583333333,0.3118489583333333,0.45634107291698456,0.3118489583333333
llama4_maverick,hellaswag/test/1331.json,2,3072,1295.0,3072.0,6144.0,0.4215494791666667,0.21077473958333334,0.4215494791666667,0.45634107291698456,0.3810622828702132
llama4_maverick,hellaswag/test/1331.json,4,3072,1605.0,3072.0,12288.0,0.5224609375,0.130615234375,0.5224609375,0.45634107291698456,0.42867466683189076
llama4_maverick,hellaswag/test/1331.json,8,3072,1902.0,3072.0,24576.0,0.619140625,0.077392578125,0.619140625,0.45634107291698456,0.4629448130726814
llama4_maverick,hellaswag/test/1332.json,1,3072,899.0,3072.0,3072.0,0.2926432291666667,0.2926432291666667,0.2926432291666667,0.4336191626886527,0.2926432291666667
llama4_maverick,hellaswag/test/1332.json,2,3072,1190.0,3072.0,6144.0,0.3873697916666667,0.19368489583333334,0.3873697916666667,0.4336191626886527,0.3524090362091859
llama4_maverick,hellaswag/test/1332.json,4,3072,1513.0,3072.0,12288.0,0.4925130208333333,0.12312825520833333,0.4925130208333333,0.4336191626886527,0.4019116411606471
llama4_maverick,hellaswag/test/1332.json,8,3072,1824.0,3072.0,24576.0,0.59375,0.07421875,0.59375,0.4336191626886527,0.4375564021368821
llama4_maverick,hellaswag/test/1344.json,1,3072,878.0,3072.0,3072.0,0.2858072916666667,0.2858072916666667,0.2858072916666667,0.4318200536072254,0.2858072916666667
llama4_maverick,hellaswag/test/1344.json,2,3072,1204.0,3072.0,6144.0,0.3919270833333333,0.19596354166666666,0.3919270833333333,0.4318200536072254,0.3527614288032055
llama4_maverick,hellaswag/test/1344.json,4,3072,1545.0,3072.0,12288.0,0.5029296875,0.125732421875,0.5029296875,0.4318200536072254,0.4053968166311582
llama4_maverick,hellaswag/test/1344.json,8,3072,1832.0,3072.0,24576.0,0.5963541666666666,0.07454427083333333,0.5963541666666666,0.4318200536072254,0.4383403832713763
llama4_maverick,hellaswag/test/1347.json,1,3072,968.0,3072.0,3072.0,0.3151041666666667,0.3151041666666667,0.3151041666666667,0.4619811711211999,0.3151041666666667
llama4_maverick,hellaswag/test/1347.json,2,3072,1300.0,3072.0,6144.0,0.4231770833333333,0.21158854166666666,0.4231770833333333,0.4619811711211999,0.3832905863722165
llama4_maverick,hellaswag/test/1347.json,4,3072,1638.0,3072.0,12288.0,0.533203125,0.13330078125,0.533203125,0.4619811711211999,0.43503150592247647
llama4_maverick,hellaswag/test/1347.json,8,3072,1992.0,3072.0,24576.0,0.6484375,0.0810546875,0.6484375,0.4619811711211999,0.4758744078377883
llama4_maverick,hellaswag/test/1365.json,1,3072,966.0,3072.0,3072.0,0.314453125,0.314453125,0.314453125,0.45184064159790677,0.314453125
llama4_maverick,hellaswag/test/1365.json,2,3072,1278.0,3072.0,6144.0,0.416015625,0.2080078125,0.416015625,0.45184064159790677,0.37853192910552025
llama4_maverick,hellaswag/test/1365.json,4,3072,1554.0,3072.0,12288.0,0.505859375,0.12646484375,0.505859375,0.45184064159790677,0.42094895367821056
llama4_maverick,hellaswag/test/1365.json,8,3072,1808.0,3072.0,24576.0,0.5885416666666666,0.07356770833333333,0.5885416666666666,0.45184064159790677,0.4500982351601124
llama4_maverick,hellaswag/test/1380.json,1,3072,857.0,3072.0,3072.0,0.2789713541666667,0.2789713541666667,0.2789713541666667,0.4159839314719041,0.2789713541666667
llama4_maverick,hellaswag/test/1380.json,2,3072,1137.0,3072.0,6144.0,0.3701171875,0.18505859375,0.3701171875,0.4159839314719041,0.33647798125942546
llama4_maverick,hellaswag/test/1380.json,4,3072,1430.0,3072.0,12288.0,0.4654947916666667,0.11637369791666667,0.4654947916666667,0.4159839314719041,0.3813911347339551
llama4_maverick,hellaswag/test/1380.json,8,3072,1732.0,3072.0,24576.0,0.5638020833333334,0.07047526041666667,0.5638020833333334,0.4159839314719041,0.4161955565214157
llama4_maverick,hellaswag/test/1387.json,1,3072,877.0,3072.0,3072.0,0.2854817708333333,0.2854817708333333,0.2854817708333333,0.4222058989107609,0.2854817708333333
llama4_maverick,hellaswag/test/1387.json,2,3072,1158.0,3072.0,6144.0,0.376953125,0.1884765625,0.376953125,0.4222058989107609,0.34319377318024635
llama4_maverick,hellaswag/test/1387.json,4,3072,1433.0,3072.0,12288.0,0.4664713541666667,0.11661783854166667,0.4664713541666667,0.4222058989107609,0.38531264041860896
llama4_maverick,hellaswag/test/1387.json,8,3072,1765.0,3072.0,24576.0,0.5745442708333334,0.07181803385416667,0.5745442708333334,0.4222058989107609,0.4235878723363082
llama4_maverick,hellaswag/test/1392.json,1,3072,1001.0,3072.0,3072.0,0.3258463541666667,0.3258463541666667,0.3258463541666667,0.46731917311747867,0.3258463541666667
llama4_maverick,hellaswag/test/1392.json,2,3072,1329.0,3072.0,6144.0,0.4326171875,0.21630859375,0.4326171875,0.46731917311747867,0.3932112505038579
llama4_maverick,hellaswag/test/1392.json,4,3072,1622.0,3072.0,12288.0,0.5279947916666666,0.13199869791666666,0.5279947916666666,0.46731917311747867,0.43796644484003383
llama4_maverick,hellaswag/test/1392.json,8,3072,1953.0,3072.0,24576.0,0.6357421875,0.0794677734375,0.6357421875,0.46731917311747867,0.47613132124145824
llama4_maverick,hellaswag/test/1397.json,1,3072,876.0,3072.0,3072.0,0.28515625,0.28515625,0.28515625,0.4228050249318282,0.28515625
llama4_maverick,hellaswag/test/1397.json,2,3072,1170.0,3072.0,6144.0,0.380859375,0.1904296875,0.380859375,0.4228050249318282,0.3455382051567237
llama4_maverick,hellaswag/test/1397.json,4,3072,1427.0,3072.0,12288.0,0.4645182291666667,0.11612955729166667,0.4645182291666667,0.4228050249318282,0.3849304715792338
llama4_maverick,hellaswag/test/1397.json,8,3072,1764.0,3072.0,24576.0,0.57421875,0.07177734375,0.57421875,0.4228050249318282,0.42386598140001297
llama4_maverick,hellaswag/test/1419.json,1,3072,942.0,3072.0,3072.0,0.306640625,0.306640625,0.306640625,0.4407959058880806,0.306640625
llama4_maverick,hellaswag/test/1419.json,2,3072,1241.0,3072.0,6144.0,0.4039713541666667,0.20198567708333334,0.4039713541666667,0.4407959058880806,0.368049477537473
llama4_maverick,hellaswag/test/1419.json,4,3072,1502.0,3072.0,12288.0,0.4889322916666667,0.12223307291666667,0.4889322916666667,0.4407959058880806,0.4080250958601634
llama4_maverick,hellaswag/test/1419.json,8,3072,1761.0,3072.0,24576.0,0.5732421875,0.0716552734375,0.5732421875,0.4407959058880806,0.4378819192449252
llama4_maverick,hellaswag/test/1433.json,1,3072,977.0,3072.0,3072.0,0.3180338541666667,0.3180338541666667,0.3180338541666667,0.46561389168103534,0.3180338541666667
llama4_maverick,hellaswag/test/1433.json,2,3072,1253.0,3072.0,6144.0,0.4078776041666667,0.20393880208333334,0.4078776041666667,0.46561389168103534,0.37471895292401314
llama4_maverick,hellaswag/test/1433.json,4,3072,1646.0,3072.0,12288.0,0.5358072916666666,0.13395182291666666,0.5358072916666666,0.46561389168103534,0.43457674359281856
llama4_maverick,hellaswag/test/1433.json,8,3072,2211.0,3072.0,24576.0,0.7197265625,0.0899658203125,0.7197265625,0.46561389168103534,0.49875297769904137
llama4_maverick,hellaswag/test/1436.json,1,3072,948.0,3072.0,3072.0,0.30859375,0.30859375,0.30859375,0.45072509969274205,0.30859375
llama4_maverick,hellaswag/test/1436.json,2,3072,1243.0,3072.0,6144.0,0.4046223958333333,0.20231119791666666,0.4046223958333333,0.45072509969274205,0.3691810853779316
llama4_maverick,hellaswag/test/1436.json,4,3072,1587.0,3072.0,12288.0,0.5166015625,0.129150390625,0.5166015625,0.45072509969274205,0.42205652718742687
llama4_maverick,hellaswag/test/1436.json,8,3072,1924.0,3072.0,24576.0,0.6263020833333334,0.07828776041666667,0.6263020833333334,0.45072509969274205,0.46084512397646904
llama4_maverick,hellaswag/test/1438.json,1,3072,960.0,3072.0,3072.0,0.3125,0.3125,0.3125,0.45123131076494855,0.3125
llama4_maverick,hellaswag/test/1438.json,2,3072,1266.0,3072.0,6144.0,0.412109375,0.2060546875,0.412109375,0.45123131076494855,0.37534652029474574
llama4_maverick,hellaswag/test/1438.json,4,3072,1573.0,3072.0,12288.0,0.5120442708333334,0.12801106770833334,0.5120442708333334,0.45123131076494855,0.42226752390464145
llama4_maverick,hellaswag/test/1438.json,8,3072,1827.0,3072.0,24576.0,0.5947265625,0.0743408203125,0.5947265625,0.45123131076494855,0.4515296282867591
llama4_maverick,hellaswag/test/1460.json,1,3072,777.0,3072.0,3072.0,0.2529296875,0.2529296875,0.2529296875,0.41097175826629,0.2529296875
llama4_maverick,hellaswag/test/1460.json,2,3072,1111.0,3072.0,6144.0,0.3616536458333333,0.18082682291666666,0.3616536458333333,0.41097175826629,0.32152687137325603
llama4_maverick,hellaswag/test/1460.json,4,3072,1491.0,3072.0,12288.0,0.4853515625,0.121337890625,0.4853515625,0.41097175826629,0.3792687766253948
llama4_maverick,hellaswag/test/1460.json,8,3072,2148.0,3072.0,24576.0,0.69921875,0.08740234375,0.69921875,0.41097175826629,0.4533526288966338
llama4_maverick,hellaswag/test/1462.json,1,3072,786.0,3072.0,3072.0,0.255859375,0.255859375,0.255859375,0.4078832430144151,0.255859375
llama4_maverick,hellaswag/test/1462.json,2,3072,1135.0,3072.0,6144.0,0.3694661458333333,0.18473307291666666,0.3694661458333333,0.4078832430144151,0.32753726840019226
llama4_maverick,hellaswag/test/1462.json,4,3072,1477.0,3072.0,12288.0,0.4807942708333333,0.12019856770833333,0.4807942708333333,0.4078832430144151,0.38031285380323726
llama4_maverick,hellaswag/test/1462.json,8,3072,1806.0,3072.0,24576.0,0.587890625,0.073486328125,0.587890625,0.4078832430144151,0.4180236669878165
llama4_maverick,hellaswag/test/1469.json,1,3072,858.0,3072.0,3072.0,0.279296875,0.279296875,0.279296875,0.4191919428606828,0.279296875
llama4_maverick,hellaswag/test/1469.json,2,3072,1151.0,3072.0,6144.0,0.3746744791666667,0.18733723958333334,0.3746744791666667,0.4191919428606828,0.3394734486937523
llama4_maverick,hellaswag/test/1469.json,4,3072,1455.0,3072.0,12288.0,0.4736328125,0.118408203125,0.4736328125,0.4191919428606828,0.38649289434154827
llama4_maverick,hellaswag/test/1469.json,8,3072,1765.0,3072.0,24576.0,0.5745442708333334,0.07181803385416667,0.5745442708333334,0.4191919428606828,0.4222233407199383
llama4_maverick,hellaswag/test/1477.json,1,3072,815.0,3072.0,3072.0,0.2652994791666667,0.2652994791666667,0.2652994791666667,0.43058600400884944,0.2652994791666667
llama4_maverick,hellaswag/test/1477.json,2,3072,1193.0,3072.0,6144.0,0.3883463541666667,0.19417317708333334,0.3883463541666667,0.43058600400884944,0.34293341388305026
llama4_maverick,hellaswag/test/1477.json,4,3072,1595.0,3072.0,12288.0,0.5192057291666666,0.12980143229166666,0.5192057291666666,0.43058600400884944,0.4041883486012618
llama4_maverick,hellaswag/test/1477.json,8,3072,2111.0,3072.0,24576.0,0.6871744791666666,0.08589680989583333,0.6871744791666666,0.43058600400884944,0.46365097537636757
llama4_maverick,hellaswag/test/1480.json,1,3072,908.0,3072.0,3072.0,0.2955729166666667,0.2955729166666667,0.2955729166666667,0.43256892015536624,0.2955729166666667
llama4_maverick,hellaswag/test/1480.json,2,3072,1209.0,3072.0,6144.0,0.3935546875,0.19677734375,0.3935546875,0.43256892015536624,0.3573925408224265
llama4_maverick,hellaswag/test/1480.json,4,3072,1479.0,3072.0,12288.0,0.4814453125,0.120361328125,0.4814453125,0.43256892015536624,0.3987201613684495
llama4_maverick,hellaswag/test/1480.json,8,3072,1742.0,3072.0,24576.0,0.5670572916666666,0.07088216145833333,0.5670572916666666,0.43256892015536624,0.42900841931502026
llama4_maverick,hellaswag/test/1485.json,1,3072,944.0,3072.0,3072.0,0.3072916666666667,0.3072916666666667,0.3072916666666667,0.44999557361006737,0.3072916666666667
llama4_maverick,hellaswag/test/1485.json,2,3072,1284.0,3072.0,6144.0,0.41796875,0.208984375,0.41796875,0.44999557361006737,0.3771211343506972
llama4_maverick,hellaswag/test/1485.json,4,3072,1582.0,3072.0,12288.0,0.5149739583333334,0.12874348958333334,0.5149739583333334,0.44999557361006737,0.4228932273884614
llama4_maverick,hellaswag/test/1485.json,8,3072,1889.0,3072.0,24576.0,0.6149088541666666,0.07686360677083333,0.6149088541666666,0.44999557361006737,0.45794884115457535
llama4_maverick,hellaswag/test/1490.json,1,3072,936.0,3072.0,3072.0,0.3046875,0.3046875,0.3046875,0.4595549801985423,0.3046875
llama4_maverick,hellaswag/test/1490.json,2,3072,1296.0,3072.0,6144.0,0.421875,0.2109375,0.421875,0.4595549801985423,0.3786245808005333
llama4_maverick,hellaswag/test/1490.json,4,3072,1688.0,3072.0,12288.0,0.5494791666666666,0.13736979166666666,0.5494791666666666,0.4595549801985423,0.43892889842391014
llama4_maverick,hellaswag/test/1490.json,8,3072,2130.0,3072.0,24576.0,0.693359375,0.086669921875,0.693359375,0.4595549801985423,0.4889923209945361
llama4_maverick,hellaswag/test/1493.json,1,3072,818.0,3072.0,3072.0,0.2662760416666667,0.2662760416666667,0.2662760416666667,0.40978821118672687,0.2662760416666667
llama4_maverick,hellaswag/test/1493.json,2,3072,1099.0,3072.0,6144.0,0.3577473958333333,0.17887369791666666,0.3577473958333333,0.40978821118672687,0.32398804028828937
llama4_maverick,hellaswag/test/1493.json,4,3072,1456.0,3072.0,12288.0,0.4739583333333333,0.11848958333333333,0.4739583333333333,0.40978821118672687,0.37934042885899544
llama4_maverick,hellaswag/test/1493.json,8,3072,1830.0,3072.0,24576.0,0.595703125,0.074462890625,0.595703125,0.40978821118672687,0.4217968558271726
llama4_maverick,hellaswag/test/1496.json,1,3072,890.0,3072.0,3072.0,0.2897135416666667,0.2897135416666667,0.2897135416666667,0.4361160695552826,0.2897135416666667
llama4_maverick,hellaswag/test/1496.json,2,3072,1224.0,3072.0,6144.0,0.3984375,0.19921875,0.3984375,0.4361160695552826,0.35831072305639583
llama4_maverick,hellaswag/test/1496.json,4,3072,1540.0,3072.0,12288.0,0.5013020833333334,0.12532552083333334,0.5013020833333334,0.4361160695552826,0.40696736921866733
llama4_maverick,hellaswag/test/1496.json,8,3072,1886.0,3072.0,24576.0,0.6139322916666666,0.07674153645833333,0.6139322916666666,0.4361160695552826,0.44659889737764996
llama4_maverick,hellaswag/test/1499.json,1,3072,975.0,3072.0,3072.0,0.3173828125,0.3173828125,0.3173828125,0.4629419259727001,0.3173828125
llama4_maverick,hellaswag/test/1499.json,2,3072,1318.0,3072.0,6144.0,0.4290364583333333,0.21451822916666666,0.4290364583333333,0.4629419259727001,0.3878284233311812
llama4_maverick,hellaswag/test/1499.json,4,3072,1617.0,3072.0,12288.0,0.5263671875,0.131591796875,0.5263671875,0.4629419259727001,0.4332442507147789
llama4_maverick,hellaswag/test/1499.json,8,3072,2019.0,3072.0,24576.0,0.6572265625,0.0821533203125,0.6572265625,0.4629419259727001,0.4795823469758034
llama4_maverick,hellaswag/test/15.json,1,3072,870.0,3072.0,3072.0,0.283203125,0.283203125,0.283203125,0.42464009920756024,0.283203125
llama4_maverick,hellaswag/test/15.json,2,3072,1204.0,3072.0,6144.0,0.3919270833333333,0.19596354166666666,0.3919270833333333,0.42464009920756024,0.3518003076314926
llama4_maverick,hellaswag/test/15.json,4,3072,1479.0,3072.0,12288.0,0.4814453125,0.120361328125,0.4814453125,0.42464009920756024,0.3941673959294955
llama4_maverick,hellaswag/test/15.json,8,3072,1738.0,3072.0,24576.0,0.5657552083333334,0.07071940104166667,0.5657552083333334,0.42464009920756024,0.4237445431451003
llama4_maverick,hellaswag/test/152.json,1,3072,795.0,3072.0,3072.0,0.2587890625,0.2587890625,0.2587890625,0.4048258885741234,0.2587890625
llama4_maverick,hellaswag/test/152.json,2,3072,1089.0,3072.0,6144.0,0.3544921875,0.17724609375,0.3544921875,0.4048258885741234,0.3191710164149602
llama4_maverick,hellaswag/test/152.json,4,3072,1442.0,3072.0,12288.0,0.4694010416666667,0.11735026041666667,0.4694010416666667,0.4048258885741234,0.37321793908874196
llama4_maverick,hellaswag/test/152.json,8,3072,1793.0,3072.0,24576.0,0.5836588541666666,0.07295735677083333,0.5836588541666666,0.4048258885741234,0.4133976474404335
llama4_maverick,hellaswag/test/1552.json,1,3072,877.0,3072.0,3072.0,0.2854817708333333,0.2854817708333333,0.2854817708333333,0.4289139558871587,0.2854817708333333
llama4_maverick,hellaswag/test/1552.json,2,3072,1205.0,3072.0,6144.0,0.3922526041666667,0.19612630208333334,0.3922526041666667,0.4289139558871587,0.3528466696540515
llama4_maverick,hellaswag/test/1552.json,4,3072,1500.0,3072.0,12288.0,0.48828125,0.1220703125,0.48828125,0.4289139558871587,0.39855923876166344
llama4_maverick,hellaswag/test/1552.json,8,3072,1805.0,3072.0,24576.0,0.5875651041666666,0.07344563802083333,0.5875651041666666,0.4289139558871587,0.4332425904770692
llama4_maverick,hellaswag/test/1556.json,1,3072,781.0,3072.0,3072.0,0.2542317708333333,0.2542317708333333,0.2542317708333333,0.39197052270174026,0.2542317708333333
llama4_maverick,hellaswag/test/1556.json,2,3072,1045.0,3072.0,6144.0,0.3401692708333333,0.17008463541666666,0.3401692708333333,0.39197052270174026,0.3084523019691308
llama4_maverick,hellaswag/test/1556.json,4,3072,1344.0,3072.0,12288.0,0.4375,0.109375,0.4375,0.39197052270174026,0.3539358240862687
llama4_maverick,hellaswag/test/1556.json,8,3072,1734.0,3072.0,24576.0,0.564453125,0.070556640625,0.564453125,0.39197052270174026,0.3984175759057204
llama4_maverick,hellaswag/test/156.json,1,3072,838.0,3072.0,3072.0,0.2727864583333333,0.2727864583333333,0.2727864583333333,0.41972700630625087,0.2727864583333333
llama4_maverick,hellaswag/test/156.json,2,3072,1214.0,3072.0,6144.0,0.3951822916666667,0.19759114583333334,0.3951822916666667,0.41972700630625087,0.35000962888201076
llama4_maverick,hellaswag/test/156.json,4,3072,1475.0,3072.0,12288.0,0.4801432291666667,0.12003580729166667,0.4801432291666667,0.41972700630625087,0.39009808128078777
llama4_maverick,hellaswag/test/156.json,8,3072,1775.0,3072.0,24576.0,0.5777994791666666,0.07222493489583333,0.5777994791666666,0.41972700630625087,0.42444417501489323
llama4_maverick,hellaswag/test/1562.json,1,3072,899.0,3072.0,3072.0,0.2926432291666667,0.2926432291666667,0.2926432291666667,0.4268733275433381,0.2926432291666667
llama4_maverick,hellaswag/test/1562.json,2,3072,1185.0,3072.0,6144.0,0.3857421875,0.19287109375,0.3857421875,0.4268733275433381,0.35138213510314625
llama4_maverick,hellaswag/test/1562.json,4,3072,1438.0,3072.0,12288.0,0.4680989583333333,0.11702473958333333,0.4680989583333333,0.4268733275433381,0.3902587617437045
llama4_maverick,hellaswag/test/1562.json,8,3072,1729.0,3072.0,24576.0,0.5628255208333334,0.07035319010416667,0.5628255208333334,0.4268733275433381,0.4236156481007735
llama4_maverick,hellaswag/test/1564.json,1,3072,959.0,3072.0,3072.0,0.3121744791666667,0.3121744791666667,0.3121744791666667,0.4569927876194318,0.3121744791666667
llama4_maverick,hellaswag/test/1564.json,2,3072,1303.0,3072.0,6144.0,0.4241536458333333,0.21207682291666666,0.4241536458333333,0.4569927876194318,0.3828254745652278
llama4_maverick,hellaswag/test/1564.json,4,3072,1607.0,3072.0,12288.0,0.5231119791666666,0.13077799479166666,0.5231119791666666,0.4569927876194318,0.4294387251138687
llama4_maverick,hellaswag/test/1564.json,8,3072,1899.0,3072.0,24576.0,0.6181640625,0.0772705078125,0.6181640625,0.4569927876194318,0.4627133111159007
llama4_maverick,hellaswag/test/1566.json,1,3072,999.0,3072.0,3072.0,0.3251953125,0.3251953125,0.3251953125,0.4712626437346141,0.3251953125
llama4_maverick,hellaswag/test/1566.json,2,3072,1350.0,3072.0,6144.0,0.439453125,0.2197265625,0.439453125,0.4712626437346141,0.3972839725514253
llama4_maverick,hellaswag/test/1566.json,4,3072,1693.0,3072.0,12288.0,0.5511067708333334,0.13777669270833334,0.5511067708333334,0.4712626437346141,0.45008691524465877
llama4_maverick,hellaswag/test/1566.json,8,3072,1935.0,3072.0,24576.0,0.6298828125,0.0787353515625,0.6298828125,0.4712626437346141,0.4780729052921136
llama4_maverick,hellaswag/test/1570.json,1,3072,890.0,3072.0,3072.0,0.2897135416666667,0.2897135416666667,0.2897135416666667,0.42169083406527835,0.2897135416666667
llama4_maverick,hellaswag/test/1570.json,2,3072,1161.0,3072.0,6144.0,0.3779296875,0.18896484375,0.3779296875,0.42169083406527835,0.3453717405597369
llama4_maverick,hellaswag/test/1570.json,4,3072,1429.0,3072.0,12288.0,0.4651692708333333,0.11629231770833333,0.4651692708333333,0.42169083406527835,0.3864866755902767
llama4_maverick,hellaswag/test/1570.json,8,3072,1697.0,3072.0,24576.0,0.5524088541666666,0.06905110677083333,0.5524088541666666,0.42169083406527835,0.4169485904276371
llama4_maverick,hellaswag/test/1571.json,1,3072,841.0,3072.0,3072.0,0.2737630208333333,0.2737630208333333,0.2737630208333333,0.4112744765977065,0.2737630208333333
llama4_maverick,hellaswag/test/1571.json,2,3072,1128.0,3072.0,6144.0,0.3671875,0.18359375,0.3671875,0.4112744765977065,0.33270731506248313
llama4_maverick,hellaswag/test/1571.json,4,3072,1435.0,3072.0,12288.0,0.4671223958333333,0.11678059895833333,0.4671223958333333,0.4112744765977065,0.3794477805495262
llama4_maverick,hellaswag/test/1571.json,8,3072,1732.0,3072.0,24576.0,0.5638020833333334,0.07047526041666667,0.5638020833333334,0.4112744765977065,0.41319967930515605
llama4_maverick,hellaswag/test/1578.json,1,3072,907.0,3072.0,3072.0,0.2952473958333333,0.2952473958333333,0.2952473958333333,0.43161503846446675,0.2952473958333333
llama4_maverick,hellaswag/test/1578.json,2,3072,1203.0,3072.0,6144.0,0.3916015625,0.19580078125,0.3916015625,0.43161503846446675,0.356040108948946
llama4_maverick,hellaswag/test/1578.json,4,3072,1493.0,3072.0,12288.0,0.4860026041666667,0.12150065104166667,0.4860026041666667,0.43161503846446675,0.40039728706081706
llama4_maverick,hellaswag/test/1578.json,8,3072,1739.0,3072.0,24576.0,0.5660807291666666,0.07076009114583333,0.5660807291666666,0.43161503846446675,0.42870353038112324
llama4_maverick,hellaswag/test/1591.json,1,3072,996.0,3072.0,3072.0,0.32421875,0.32421875,0.32421875,0.4671955195566018,0.32421875
llama4_maverick,hellaswag/test/1591.json,2,3072,1312.0,3072.0,6144.0,0.4270833333333333,0.21354166666666666,0.4270833333333333,0.4671955195566018,0.3891190824409326
llama4_maverick,hellaswag/test/1591.json,4,3072,1634.0,3072.0,12288.0,0.5319010416666666,0.13297526041666666,0.5319010416666666,0.4671955195566018,0.43839122975866
llama4_maverick,hellaswag/test/1591.json,8,3072,2049.0,3072.0,24576.0,0.6669921875,0.0833740234375,0.6669921875,0.4671955195566018,0.48571549728512764
llama4_maverick,hellaswag/test/1593.json,1,3072,975.0,3072.0,3072.0,0.3173828125,0.3173828125,0.3173828125,0.46095432961980504,0.3173828125
llama4_maverick,hellaswag/test/1593.json,2,3072,1308.0,3072.0,6144.0,0.42578125,0.212890625,0.42578125,0.46095432961980504,0.3857746161520481
llama4_maverick,hellaswag/test/1593.json,4,3072,1634.0,3072.0,12288.0,0.5319010416666666,0.13297526041666666,0.5319010416666666,0.46095432961980504,0.43601372838020325
llama4_maverick,hellaswag/test/1593.json,8,3072,1926.0,3072.0,24576.0,0.626953125,0.078369140625,0.626953125,0.46095432961980504,0.46954737852017087
llama4_maverick,hellaswag/test/1596.json,1,3072,1078.0,3072.0,3072.0,0.3509114583333333,0.3509114583333333,0.3509114583333333,0.5004234996934732,0.3509114583333333
llama4_maverick,hellaswag/test/1596.json,2,3072,1393.0,3072.0,6144.0,0.4534505208333333,0.22672526041666666,0.4534505208333333,0.5004234996934732,0.41560641055305797
llama4_maverick,hellaswag/test/1596.json,4,3072,1754.0,3072.0,12288.0,0.5709635416666666,0.14274088541666666,0.5709635416666666,0.5004234996934732,0.4710456853111585
llama4_maverick,hellaswag/test/1596.json,8,3072,2315.0,3072.0,24576.0,0.7535807291666666,0.09419759114583333,0.7535807291666666,0.5004234996934732,0.5358002533515295
llama4_maverick,hellaswag/test/1598.json,1,3072,1034.0,3072.0,3072.0,0.3365885416666667,0.3365885416666667,0.3365885416666667,0.47493071233232814,0.3365885416666667
llama4_maverick,hellaswag/test/1598.json,2,3072,1310.0,3072.0,6144.0,0.4264322916666667,0.21321614583333334,0.4264322916666667,0.47493071233232814,0.39327363669872284
llama4_maverick,hellaswag/test/1598.json,4,3072,1644.0,3072.0,12288.0,0.53515625,0.1337890625,0.53515625,0.47493071233232814,0.4442281164228916
llama4_maverick,hellaswag/test/1598.json,8,3072,2026.0,3072.0,24576.0,0.6595052083333334,0.08243815104166667,0.6595052083333334,0.47493071233232814,0.4880976900458336
llama4_maverick,hellaswag/test/160.json,1,3072,822.0,3072.0,3072.0,0.267578125,0.267578125,0.267578125,0.40637001146872836,0.267578125
llama4_maverick,hellaswag/test/160.json,2,3072,1112.0,3072.0,6144.0,0.3619791666666667,0.18098958333333334,0.3619791666666667,0.40637001146872836,0.3271385555466016
llama4_maverick,hellaswag/test/160.json,4,3072,1406.0,3072.0,12288.0,0.4576822916666667,0.11442057291666667,0.4576822916666667,0.40637001146872836,0.3722370391090711
llama4_maverick,hellaswag/test/160.json,8,3072,1692.0,3072.0,24576.0,0.55078125,0.06884765625,0.55078125,0.40637001146872836,0.4048764059940974
llama4_maverick,hellaswag/test/1600.json,1,3072,839.0,3072.0,3072.0,0.2731119791666667,0.2731119791666667,0.2731119791666667,0.4212852070728938,0.2731119791666667
llama4_maverick,hellaswag/test/1600.json,2,3072,1174.0,3072.0,6144.0,0.3821614583333333,0.19108072916666666,0.3821614583333333,0.4212852070728938,0.3419145407776038
llama4_maverick,hellaswag/test/1600.json,4,3072,1507.0,3072.0,12288.0,0.4905598958333333,0.12263997395833333,0.4905598958333333,0.4212852070728938,0.3934735096991062
llama4_maverick,hellaswag/test/1600.json,8,3072,1832.0,3072.0,24576.0,0.5963541666666666,0.07454427083333333,0.5963541666666666,0.4212852070728938,0.4308173656463623
llama4_maverick,hellaswag/test/1608.json,1,3072,916.0,3072.0,3072.0,0.2981770833333333,0.2981770833333333,0.2981770833333333,0.44065597653388977,0.2981770833333333
llama4_maverick,hellaswag/test/1608.json,2,3072,1229.0,3072.0,6144.0,0.4000651041666667,0.20003255208333334,0.4000651041666667,0.44065597653388977,0.36246127138535184
llama4_maverick,hellaswag/test/1608.json,4,3072,1534.0,3072.0,12288.0,0.4993489583333333,0.12483723958333333,0.4993489583333333,0.44065597653388977,0.40919215232133865
llama4_maverick,hellaswag/test/1608.json,8,3072,1852.0,3072.0,24576.0,0.6028645833333334,0.07535807291666667,0.6028645833333334,0.44065597653388977,0.44588785370190936
llama4_maverick,hellaswag/test/161.json,1,3072,924.0,3072.0,3072.0,0.30078125,0.30078125,0.30078125,0.44819475710392,0.30078125
llama4_maverick,hellaswag/test/161.json,2,3072,1271.0,3072.0,6144.0,0.4137369791666667,0.20686848958333334,0.4137369791666667,0.44819475710392,0.37204838544130325
llama4_maverick,hellaswag/test/161.json,4,3072,1607.0,3072.0,12288.0,0.5231119791666666,0.13077799479166666,0.5231119791666666,0.44819475710392,0.42398280029495555
llama4_maverick,hellaswag/test/161.json,8,3072,1911.0,3072.0,24576.0,0.6220703125,0.0777587890625,0.6220703125,0.44819475710392,0.4587353852887948
llama4_maverick,hellaswag/test/1612.json,1,3072,864.0,3072.0,3072.0,0.28125,0.28125,0.28125,0.4333825247983138,0.28125
llama4_maverick,hellaswag/test/1612.json,2,3072,1224.0,3072.0,6144.0,0.3984375,0.19921875,0.3984375,0.4333825247983138,0.3551870820422967
llama4_maverick,hellaswag/test/1612.json,4,3072,1549.0,3072.0,12288.0,0.5042317708333334,0.12605794270833334,0.5042317708333334,0.4333825247983138,0.40512803941965103
llama4_maverick,hellaswag/test/1612.json,8,3072,1923.0,3072.0,24576.0,0.6259765625,0.0782470703125,0.6259765625,0.4333825247983138,0.447988148778677
llama4_maverick,hellaswag/test/1618.json,1,3072,916.0,3072.0,3072.0,0.2981770833333333,0.2981770833333333,0.2981770833333333,0.4377088099718094,0.2981770833333333
llama4_maverick,hellaswag/test/1618.json,2,3072,1211.0,3072.0,6144.0,0.3942057291666667,0.19710286458333334,0.3942057291666667,0.4377088099718094,0.3587644187112649
llama4_maverick,hellaswag/test/1618.json,4,3072,1530.0,3072.0,12288.0,0.498046875,0.12451171875,0.498046875,0.4377088099718094,0.40730005502700806
llama4_maverick,hellaswag/test/1618.json,8,3072,1834.0,3072.0,24576.0,0.5970052083333334,0.07462565104166667,0.5970052083333334,0.4377088099718094,0.4421893594165643
llama4_maverick,hellaswag/test/1625.json,1,3072,890.0,3072.0,3072.0,0.2897135416666667,0.2897135416666667,0.2897135416666667,0.43593281631668407,0.2897135416666667
llama4_maverick,hellaswag/test/1625.json,2,3072,1219.0,3072.0,6144.0,0.3968098958333333,0.19840494791666666,0.3968098958333333,0.43593281631668407,0.3572838182250659
llama4_maverick,hellaswag/test/1625.json,4,3072,1575.0,3072.0,12288.0,0.5126953125,0.128173828125,0.5126953125,0.43593281631668407,0.41172876581549644
llama4_maverick,hellaswag/test/1625.json,8,3072,1881.0,3072.0,24576.0,0.6123046875,0.0765380859375,0.6123046875,0.43593281631668407,0.44706929723421734
llama4_maverick,hellaswag/test/1649.json,1,3072,894.0,3072.0,3072.0,0.291015625,0.291015625,0.291015625,0.4330260753631592,0.291015625
llama4_maverick,hellaswag/test/1649.json,2,3072,1210.0,3072.0,6144.0,0.3938802083333333,0.19694010416666666,0.3938802083333333,0.4330260753631592,0.3559159537156423
llama4_maverick,hellaswag/test/1649.json,4,3072,1494.0,3072.0,12288.0,0.486328125,0.12158203125,0.486328125,0.4330260753631592,0.39938683062791824
llama4_maverick,hellaswag/test/1649.json,8,3072,1827.0,3072.0,24576.0,0.5947265625,0.0743408203125,0.5947265625,0.4330260753631592,0.43772590160369873
llama4_maverick,hellaswag/test/165.json,1,3072,889.0,3072.0,3072.0,0.2893880208333333,0.2893880208333333,0.2893880208333333,0.42834742243091267,0.2893880208333333
llama4_maverick,hellaswag/test/165.json,2,3072,1192.0,3072.0,6144.0,0.3880208333333333,0.19401041666666666,0.3880208333333333,0.42834742243091267,0.35161839922269184
llama4_maverick,hellaswag/test/165.json,4,3072,1480.0,3072.0,12288.0,0.4817708333333333,0.12044270833333333,0.4817708333333333,0.42834742243091267,0.3954469561576843
llama4_maverick,hellaswag/test/165.json,8,3072,1827.0,3072.0,24576.0,0.5947265625,0.0743408203125,0.5947265625,0.42834742243091267,0.4349071991940339
llama4_maverick,hellaswag/test/1654.json,1,3072,910.0,3072.0,3072.0,0.2962239583333333,0.2962239583333333,0.2962239583333333,0.42784815778334934,0.2962239583333333
llama4_maverick,hellaswag/test/1654.json,2,3072,1185.0,3072.0,6144.0,0.3857421875,0.19287109375,0.3857421875,0.42784815778334934,0.35270367686947185
llama4_maverick,hellaswag/test/1654.json,4,3072,1432.0,3072.0,12288.0,0.4661458333333333,0.11653645833333333,0.4661458333333333,0.42784815778334934,0.39046835030118626
llama4_maverick,hellaswag/test/1654.json,8,3072,1715.0,3072.0,24576.0,0.5582682291666666,0.06978352864583333,0.5582682291666666,0.42784815778334934,0.4232049348453681
llama4_maverick,hellaswag/test/1659.json,1,3072,837.0,3072.0,3072.0,0.2724609375,0.2724609375,0.2724609375,0.4124741392831008,0.2724609375
llama4_maverick,hellaswag/test/1659.json,2,3072,1122.0,3072.0,6144.0,0.365234375,0.1826171875,0.365234375,0.4124741392831008,0.3309944650779168
llama4_maverick,hellaswag/test/1659.json,4,3072,1425.0,3072.0,12288.0,0.4638671875,0.115966796875,0.4638671875,0.4124741392831008,0.3774675168097019
llama4_maverick,hellaswag/test/1659.json,8,3072,1756.0,3072.0,24576.0,0.5716145833333334,0.07145182291666667,0.5716145833333334,0.4124741392831008,0.4151252831021945
llama4_maverick,hellaswag/test/1672.json,1,3072,931.0,3072.0,3072.0,0.3030598958333333,0.3030598958333333,0.3030598958333333,0.4393492117524147,0.3030598958333333
llama4_maverick,hellaswag/test/1672.json,2,3072,1228.0,3072.0,6144.0,0.3997395833333333,0.19986979166666666,0.3997395833333333,0.4393492117524147,0.3640579966207345
llama4_maverick,hellaswag/test/1672.json,4,3072,1497.0,3072.0,12288.0,0.4873046875,0.121826171875,0.4873046875,0.4393492117524147,0.40511002391576767
llama4_maverick,hellaswag/test/1672.json,8,3072,1801.0,3072.0,24576.0,0.5862630208333334,0.07328287760416667,0.5862630208333334,0.4393492117524147,0.4400718957185745
llama4_maverick,hellaswag/test/1673.json,1,3072,1037.0,3072.0,3072.0,0.3375651041666667,0.3375651041666667,0.3375651041666667,0.4738566155234973,0.3375651041666667
llama4_maverick,hellaswag/test/1673.json,2,3072,1313.0,3072.0,6144.0,0.4274088541666667,0.21370442708333334,0.4274088541666667,0.4738566155234973,0.39425020789106685
llama4_maverick,hellaswag/test/1673.json,4,3072,1597.0,3072.0,12288.0,0.5198567708333334,0.12996419270833334,0.5198567708333334,0.4738566155234973,0.43765338013569516
llama4_maverick,hellaswag/test/1673.json,8,3072,2054.0,3072.0,24576.0,0.6686197916666666,0.08357747395833333,0.6686197916666666,0.4738566155234973,0.48968833064039546
llama4_maverick,hellaswag/test/1682.json,1,3072,909.0,3072.0,3072.0,0.2958984375,0.2958984375,0.2958984375,0.43193546930948895,0.2958984375
llama4_maverick,hellaswag/test/1682.json,2,3072,1201.0,3072.0,6144.0,0.3909505208333333,0.19547526041666666,0.3909505208333333,0.43193546930948895,0.35586963407695293
llama4_maverick,hellaswag/test/1682.json,4,3072,1485.0,3072.0,12288.0,0.4833984375,0.120849609375,0.4833984375,0.43193546930948895,0.3996790001789729
llama4_maverick,hellaswag/test/1682.json,8,3072,1753.0,3072.0,24576.0,0.5706380208333334,0.07132975260416667,0.5706380208333334,0.43193546930948895,0.4305548133949439
llama4_maverick,hellaswag/test/1687.json,1,3072,1005.0,3072.0,3072.0,0.3271484375,0.3271484375,0.3271484375,0.45949963356057805,0.3271484375
llama4_maverick,hellaswag/test/1687.json,2,3072,1281.0,3072.0,6144.0,0.4169921875,0.20849609375,0.4169921875,0.45949963356057805,0.38383353998263675
llama4_maverick,hellaswag/test/1687.json,4,3072,1576.0,3072.0,12288.0,0.5130208333333334,0.12825520833333334,0.5130208333333334,0.45949963356057805,0.42902708053588867
llama4_maverick,hellaswag/test/1687.json,8,3072,1843.0,3072.0,24576.0,0.5999348958333334,0.07499186197916667,0.5999348958333334,0.45949963356057805,0.4596147648990154
llama4_maverick,hellaswag/test/1690.json,1,3072,905.0,3072.0,3072.0,0.2945963541666667,0.2945963541666667,0.2945963541666667,0.4455002186199029,0.2945963541666667
llama4_maverick,hellaswag/test/1690.json,2,3072,1222.0,3072.0,6144.0,0.3977864583333333,0.19889322916666666,0.3977864583333333,0.4455002186199029,0.35970206931233406
llama4_maverick,hellaswag/test/1690.json,4,3072,1601.0,3072.0,12288.0,0.5211588541666666,0.13028971354166666,0.5211588541666666,0.4455002186199029,0.4178002302845319
llama4_maverick,hellaswag/test/1690.json,8,3072,2146.0,3072.0,24576.0,0.6985677083333334,0.08732096354166667,0.6985677083333334,0.4455002186199029,0.4791453282038371
llama4_maverick,hellaswag/test/1692.json,1,3072,978.0,3072.0,3072.0,0.318359375,0.318359375,0.318359375,0.4679526624580224,0.318359375
llama4_maverick,hellaswag/test/1692.json,2,3072,1364.0,3072.0,6144.0,0.4440104166666667,0.22200520833333334,0.4440104166666667,0.4679526624580224,0.3976363552113374
llama4_maverick,hellaswag/test/1692.json,4,3072,1661.0,3072.0,12288.0,0.5406901041666666,0.13517252604166666,0.5406901041666666,0.4679526624580224,0.4433359516163667
llama4_maverick,hellaswag/test/1692.json,8,3072,1928.0,3072.0,24576.0,0.6276041666666666,0.07845052083333333,0.6276041666666666,0.4679526624580224,0.4740692476431529
llama4_maverick,hellaswag/test/1696.json,1,3072,855.0,3072.0,3072.0,0.2783203125,0.2783203125,0.2783203125,0.4362828731536865,0.2783203125
llama4_maverick,hellaswag/test/1696.json,2,3072,1175.0,3072.0,6144.0,0.3824869791666667,0.19124348958333334,0.3824869791666667,0.4362828731536865,0.3440421633422375
llama4_maverick,hellaswag/test/1696.json,4,3072,1576.0,3072.0,12288.0,0.5130208333333334,0.12825520833333334,0.5130208333333334,0.4362828731536865,0.4053148676951726
llama4_maverick,hellaswag/test/1696.json,8,3072,2308.0,3072.0,24576.0,0.7513020833333334,0.09391276041666667,0.7513020833333334,0.4362828731536865,0.4878432887295882
llama4_maverick,hellaswag/test/1702.json,1,3072,914.0,3072.0,3072.0,0.2975260416666667,0.2975260416666667,0.2975260416666667,0.44510282948613167,0.2975260416666667
llama4_maverick,hellaswag/test/1702.json,2,3072,1224.0,3072.0,6144.0,0.3984375,0.19921875,0.3984375,0.44510282948613167,0.36119408657153446
llama4_maverick,hellaswag/test/1702.json,4,3072,1617.0,3072.0,12288.0,0.5263671875,0.131591796875,0.5263671875,0.44510282948613167,0.4211872747788827
llama4_maverick,hellaswag/test/1702.json,8,3072,1888.0,3072.0,24576.0,0.6145833333333334,0.07682291666666667,0.6145833333333334,0.44510282948613167,0.4523892489572366
llama4_maverick,hellaswag/test/1716.json,1,3072,920.0,3072.0,3072.0,0.2994791666666667,0.2994791666666667,0.2994791666666667,0.4424343841771285,0.2994791666666667
llama4_maverick,hellaswag/test/1716.json,2,3072,1243.0,3072.0,6144.0,0.4046223958333333,0.20231119791666666,0.4046223958333333,0.4424343841771285,0.3658171594142914
llama4_maverick,hellaswag/test/1716.json,4,3072,1545.0,3072.0,12288.0,0.5029296875,0.125732421875,0.5029296875,0.4424343841771285,0.41248851890365285
llama4_maverick,hellaswag/test/1716.json,8,3072,1840.0,3072.0,24576.0,0.5989583333333334,0.07486979166666667,0.5989583333333334,0.4424343841771285,0.44610881557067233
llama4_maverick,hellaswag/test/1717.json,1,3072,930.0,3072.0,3072.0,0.302734375,0.302734375,0.302734375,0.4357842703660329,0.302734375
llama4_maverick,hellaswag/test/1717.json,2,3072,1200.0,3072.0,6144.0,0.390625,0.1953125,0.390625,0.4357842703660329,0.358187189946572
llama4_maverick,hellaswag/test/1717.json,4,3072,1470.0,3072.0,12288.0,0.478515625,0.11962890625,0.478515625,0.4357842703660329,0.39974047988653183
llama4_maverick,hellaswag/test/1717.json,8,3072,1761.0,3072.0,24576.0,0.5732421875,0.0716552734375,0.5732421875,0.4357842703660329,0.43312981724739075
llama4_maverick,hellaswag/test/1729.json,1,3072,838.0,3072.0,3072.0,0.2727864583333333,0.2727864583333333,0.2727864583333333,0.4107296901444594,0.2727864583333333
llama4_maverick,hellaswag/test/1729.json,2,3072,1125.0,3072.0,6144.0,0.3662109375,0.18310546875,0.3662109375,0.4107296901444594,0.33173074449102086
llama4_maverick,hellaswag/test/1729.json,4,3072,1422.0,3072.0,12288.0,0.462890625,0.11572265625,0.462890625,0.4107296901444594,0.3776560040811698
llama4_maverick,hellaswag/test/1729.json,8,3072,1698.0,3072.0,24576.0,0.552734375,0.069091796875,0.552734375,0.4107296901444594,0.4093540621300538
llama4_maverick,hellaswag/test/1733.json,1,3072,803.0,3072.0,3072.0,0.2613932291666667,0.2613932291666667,0.2613932291666667,0.41245681047439575,0.2613932291666667
llama4_maverick,hellaswag/test/1733.json,2,3072,1137.0,3072.0,6144.0,0.3701171875,0.18505859375,0.3701171875,0.41245681047439575,0.329990408072869
llama4_maverick,hellaswag/test/1733.json,4,3072,1503.0,3072.0,12288.0,0.4892578125,0.122314453125,0.4892578125,0.41245681047439575,0.3857921672364076
llama4_maverick,hellaswag/test/1733.json,8,3072,1847.0,3072.0,24576.0,0.6012369791666666,0.07515462239583333,0.6012369791666666,0.41245681047439575,0.42530201002955437
llama4_maverick,hellaswag/test/1736.json,1,3072,874.0,3072.0,3072.0,0.2845052083333333,0.2845052083333333,0.2845052083333333,0.4216313523550828,0.2845052083333333
llama4_maverick,hellaswag/test/1736.json,2,3072,1176.0,3072.0,6144.0,0.3828125,0.19140625,0.3828125,0.4216313523550828,0.3465302089850108
llama4_maverick,hellaswag/test/1736.json,4,3072,1445.0,3072.0,12288.0,0.4703776041666667,0.11759440104166667,0.4703776041666667,0.4216313523550828,0.387807909399271
llama4_maverick,hellaswag/test/1736.json,8,3072,1743.0,3072.0,24576.0,0.5673828125,0.0709228515625,0.5673828125,0.4216313523550828,0.42195531105001766
llama4_maverick,hellaswag/test/174.json,1,3072,986.0,3072.0,3072.0,0.3209635416666667,0.3209635416666667,0.3209635416666667,0.46341679369409877,0.3209635416666667
llama4_maverick,hellaswag/test/174.json,2,3072,1327.0,3072.0,6144.0,0.4319661458333333,0.21598307291666666,0.4319661458333333,0.46341679369409877,0.39099839081366855
llama4_maverick,hellaswag/test/174.json,4,3072,1620.0,3072.0,12288.0,0.52734375,0.1318359375,0.52734375,0.46341679369409877,0.43618234371145564
llama4_maverick,hellaswag/test/174.json,8,3072,1912.0,3072.0,24576.0,0.6223958333333334,0.07779947916666667,0.6223958333333334,0.46341679369409877,0.4692680537700653
llama4_maverick,hellaswag/test/1742.json,1,3072,943.0,3072.0,3072.0,0.3069661458333333,0.3069661458333333,0.3069661458333333,0.44856632376710576,0.3069661458333333
llama4_maverick,hellaswag/test/1742.json,2,3072,1263.0,3072.0,6144.0,0.4111328125,0.20556640625,0.4111328125,0.44856632376710576,0.37268800226350624
llama4_maverick,hellaswag/test/1742.json,4,3072,1554.0,3072.0,12288.0,0.505859375,0.12646484375,0.505859375,0.44856632376710576,0.4173884615302086
llama4_maverick,hellaswag/test/1742.json,8,3072,1829.0,3072.0,24576.0,0.5953776041666666,0.07442220052083333,0.5953776041666666,0.44856632376710576,0.4491414688527584
llama4_maverick,hellaswag/test/1752.json,1,3072,890.0,3072.0,3072.0,0.2897135416666667,0.2897135416666667,0.2897135416666667,0.43209122866392136,0.2897135416666667
llama4_maverick,hellaswag/test/1752.json,2,3072,1183.0,3072.0,6144.0,0.3850911458333333,0.19254557291666666,0.3850911458333333,0.43209122866392136,0.3498901190857093
llama4_maverick,hellaswag/test/1752.json,4,3072,1501.0,3072.0,12288.0,0.4886067708333333,0.12215169270833333,0.4886067708333333,0.43209122866392136,0.3991430774331093
llama4_maverick,hellaswag/test/1752.json,8,3072,1863.0,3072.0,24576.0,0.6064453125,0.0758056640625,0.6064453125,0.43209122866392136,0.44070549060901004
llama4_maverick,hellaswag/test/176.json,1,3072,986.0,3072.0,3072.0,0.3209635416666667,0.3209635416666667,0.3209635416666667,0.4679665031532447,0.3209635416666667
llama4_maverick,hellaswag/test/176.json,2,3072,1300.0,3072.0,6144.0,0.4231770833333333,0.21158854166666666,0.4231770833333333,0.4679665031532447,0.38545311242341995
llama4_maverick,hellaswag/test/176.json,4,3072,1656.0,3072.0,12288.0,0.5390625,0.134765625,0.5390625,0.4679665031532447,0.43985292067130405
llama4_maverick,hellaswag/test/176.json,8,3072,2132.0,3072.0,24576.0,0.6940104166666666,0.08675130208333333,0.6940104166666666,0.4679665031532447,0.4940263455112775
llama4_maverick,hellaswag/test/1761.json,1,3072,914.0,3072.0,3072.0,0.2975260416666667,0.2975260416666667,0.2975260416666667,0.45912764097253483,0.2975260416666667
llama4_maverick,hellaswag/test/1761.json,2,3072,1314.0,3072.0,6144.0,0.427734375,0.2138671875,0.427734375,0.45912764097253483,0.3796783499419689
llama4_maverick,hellaswag/test/1761.json,4,3072,1680.0,3072.0,12288.0,0.546875,0.13671875,0.546875,0.45912764097253483,0.43552523603041965
llama4_maverick,hellaswag/test/1761.json,8,3072,2155.0,3072.0,24576.0,0.7014973958333334,0.08768717447916667,0.7014973958333334,0.45912764097253483,0.4900299484531085
llama4_maverick,hellaswag/test/1771.json,1,3072,994.0,3072.0,3072.0,0.3235677083333333,0.3235677083333333,0.3235677083333333,0.46299724529186886,0.3235677083333333
llama4_maverick,hellaswag/test/1771.json,2,3072,1290.0,3072.0,6144.0,0.419921875,0.2099609375,0.419921875,0.46299724529186886,0.3843604226907094
llama4_maverick,hellaswag/test/1771.json,4,3072,1602.0,3072.0,12288.0,0.521484375,0.13037109375,0.521484375,0.46299724529186886,0.4320501002172629
llama4_maverick,hellaswag/test/1771.json,8,3072,1945.0,3072.0,24576.0,0.6331380208333334,0.07914225260416667,0.6331380208333334,0.46299724529186886,0.4714960306882858
llama4_maverick,hellaswag/test/1773.json,1,3072,1049.0,3072.0,3072.0,0.3414713541666667,0.3414713541666667,0.3414713541666667,0.48027772704760235,0.3414713541666667
llama4_maverick,hellaswag/test/1773.json,2,3072,1370.0,3072.0,6144.0,0.4459635416666667,0.22298177083333334,0.4459635416666667,0.48027772704760235,0.40739858771363896
llama4_maverick,hellaswag/test/1773.json,4,3072,1673.0,3072.0,12288.0,0.5445963541666666,0.13614908854166666,0.5445963541666666,0.48027772704760235,0.4539167806506157
llama4_maverick,hellaswag/test/1773.json,8,3072,1974.0,3072.0,24576.0,0.642578125,0.080322265625,0.642578125,0.48027772704760235,0.48823613052566844
llama4_maverick,hellaswag/test/1776.json,1,3072,819.0,3072.0,3072.0,0.2666015625,0.2666015625,0.2666015625,0.41991990183790523,0.2666015625
llama4_maverick,hellaswag/test/1776.json,2,3072,1152.0,3072.0,6144.0,0.375,0.1875,0.375,0.41991990183790523,0.3349933649102847
llama4_maverick,hellaswag/test/1776.json,4,3072,1513.0,3072.0,12288.0,0.4925130208333333,0.12312825520833333,0.4925130208333333,0.41991990183790523,0.3902972415089607
llama4_maverick,hellaswag/test/1776.json,8,3072,1910.0,3072.0,24576.0,0.6217447916666666,0.07771809895833333,0.6217447916666666,0.41991990183790523,0.4358422669271628
llama4_maverick,hellaswag/test/1777.json,1,3072,875.0,3072.0,3072.0,0.2848307291666667,0.2848307291666667,0.2848307291666667,0.4443186807135741,0.2848307291666667
llama4_maverick,hellaswag/test/1777.json,2,3072,1284.0,3072.0,6144.0,0.41796875,0.208984375,0.41796875,0.4443186807135741,0.36883146812518436
llama4_maverick,hellaswag/test/1777.json,4,3072,1635.0,3072.0,12288.0,0.5322265625,0.133056640625,0.5322265625,0.4443186807135741,0.4224400433401267
llama4_maverick,hellaswag/test/1777.json,8,3072,1971.0,3072.0,24576.0,0.6416015625,0.0802001953125,0.6416015625,0.4443186807135741,0.4610024380187194
llama4_maverick,hellaswag/test/1785.json,1,3072,911.0,3072.0,3072.0,0.2965494791666667,0.2965494791666667,0.2965494791666667,0.4455006768306096,0.2965494791666667
llama4_maverick,hellaswag/test/1785.json,2,3072,1239.0,3072.0,6144.0,0.4033203125,0.20166015625,0.4033203125,0.4455006768306096,0.3639143767456214
llama4_maverick,hellaswag/test/1785.json,4,3072,1599.0,3072.0,12288.0,0.5205078125,0.130126953125,0.5205078125,0.4455006768306096,0.41889752820134163
llama4_maverick,hellaswag/test/1785.json,8,3072,2022.0,3072.0,24576.0,0.658203125,0.082275390625,0.658203125,0.4455006768306096,0.46687039732933044
llama4_maverick,hellaswag/test/1787.json,1,3072,845.0,3072.0,3072.0,0.2750651041666667,0.2750651041666667,0.2750651041666667,0.4214283215502898,0.2750651041666667
llama4_maverick,hellaswag/test/1787.json,2,3072,1182.0,3072.0,6144.0,0.384765625,0.1923828125,0.384765625,0.4214283215502898,0.34427842932442826
llama4_maverick,hellaswag/test/1787.json,4,3072,1479.0,3072.0,12288.0,0.4814453125,0.120361328125,0.4814453125,0.4214283215502898,0.3897523594399293
llama4_maverick,hellaswag/test/1787.json,8,3072,1816.0,3072.0,24576.0,0.5911458333333334,0.07389322916666667,0.5911458333333334,0.4214283215502898,0.4280532772342364
llama4_maverick,hellaswag/test/1794.json,1,3072,959.0,3072.0,3072.0,0.3121744791666667,0.3121744791666667,0.3121744791666667,0.45893801127870876,0.3121744791666667
llama4_maverick,hellaswag/test/1794.json,2,3072,1276.0,3072.0,6144.0,0.4153645833333333,0.20768229166666666,0.4153645833333333,0.45893801127870876,0.37728019058704376
llama4_maverick,hellaswag/test/1794.json,4,3072,1626.0,3072.0,12288.0,0.529296875,0.13232421875,0.529296875,0.45893801127870876,0.4309967967371146
llama4_maverick,hellaswag/test/1794.json,8,3072,2080.0,3072.0,24576.0,0.6770833333333334,0.08463541666666667,0.6770833333333334,0.45893801127870876,0.4823286570608616
llama4_maverick,hellaswag/test/1815.json,1,3072,1061.0,3072.0,3072.0,0.3453776041666667,0.3453776041666667,0.3453776041666667,0.47991793602705,0.3453776041666667
llama4_maverick,hellaswag/test/1815.json,2,3072,1380.0,3072.0,6144.0,0.44921875,0.224609375,0.44921875,0.47991793602705,0.41089408099651337
llama4_maverick,hellaswag/test/1815.json,4,3072,1649.0,3072.0,12288.0,0.5367838541666666,0.13419596354166666,0.5367838541666666,0.47991793602705,0.4522394773860772
llama4_maverick,hellaswag/test/1815.json,8,3072,1914.0,3072.0,24576.0,0.623046875,0.077880859375,0.623046875,0.47991793602705,0.48263731350501377
llama4_maverick,hellaswag/test/1819.json,1,3072,982.0,3072.0,3072.0,0.3196614583333333,0.3196614583333333,0.3196614583333333,0.45578763137261075,0.3196614583333333
llama4_maverick,hellaswag/test/1819.json,2,3072,1242.0,3072.0,6144.0,0.404296875,0.2021484375,0.404296875,0.45578763137261075,0.3730604685842991
llama4_maverick,hellaswag/test/1819.json,4,3072,1571.0,3072.0,12288.0,0.5113932291666666,0.12784830729166666,0.5113932291666666,0.45578763137261075,0.4235170744359493
llama4_maverick,hellaswag/test/1819.json,8,3072,1943.0,3072.0,24576.0,0.6324869791666666,0.07906087239583333,0.6324869791666666,0.45578763137261075,0.46585067361593246
llama4_maverick,hellaswag/test/1838.json,1,3072,881.0,3072.0,3072.0,0.2867838541666667,0.2867838541666667,0.2867838541666667,0.43780998264749843,0.2867838541666667
llama4_maverick,hellaswag/test/1838.json,2,3072,1205.0,3072.0,6144.0,0.3922526041666667,0.19612630208333334,0.3922526041666667,0.43780998264749843,0.3533272308607896
llama4_maverick,hellaswag/test/1838.json,4,3072,1571.0,3072.0,12288.0,0.5113932291666666,0.12784830729166666,0.5113932291666666,0.43780998264749843,0.4097382687032223
llama4_maverick,hellaswag/test/1838.json,8,3072,1954.0,3072.0,24576.0,0.6360677083333334,0.07950846354166667,0.6360677083333334,0.43780998264749843,0.45393255973855656
llama4_maverick,hellaswag/test/1846.json,1,3072,943.0,3072.0,3072.0,0.3069661458333333,0.3069661458333333,0.3069661458333333,0.46784257764617604,0.3069661458333333
llama4_maverick,hellaswag/test/1846.json,2,3072,1309.0,3072.0,6144.0,0.4261067708333333,0.21305338541666666,0.4261067708333333,0.46784257764617604,0.3821355154116948
llama4_maverick,hellaswag/test/1846.json,4,3072,1718.0,3072.0,12288.0,0.5592447916666666,0.13981119791666666,0.5592447916666666,0.46784257764617604,0.4442589742441972
llama4_maverick,hellaswag/test/1846.json,8,3072,2343.0,3072.0,24576.0,0.7626953125,0.0953369140625,0.7626953125,0.46784257764617604,0.5153146559993426
llama4_maverick,hellaswag/test/1850.json,1,3072,987.0,3072.0,3072.0,0.3212890625,0.3212890625,0.3212890625,0.4526161340375741,0.3212890625
llama4_maverick,hellaswag/test/1850.json,2,3072,1274.0,3072.0,6144.0,0.4147135416666667,0.20735677083333334,0.4147135416666667,0.4526161340375741,0.38023335052033264
llama4_maverick,hellaswag/test/1850.json,4,3072,1540.0,3072.0,12288.0,0.5013020833333334,0.12532552083333334,0.5013020833333334,0.4526161340375741,0.42118073006470996
llama4_maverick,hellaswag/test/1850.json,8,3072,1781.0,3072.0,24576.0,0.5797526041666666,0.07246907552083333,0.5797526041666666,0.4526161340375741,0.4487062009672324
llama4_maverick,hellaswag/test/1853.json,1,3072,1123.0,3072.0,3072.0,0.3655598958333333,0.3655598958333333,0.3655598958333333,0.5109545898934206,0.3655598958333333
llama4_maverick,hellaswag/test/1853.json,2,3072,1450.0,3072.0,6144.0,0.4720052083333333,0.23600260416666666,0.4720052083333333,0.5109545898934206,0.4327194206416607
llama4_maverick,hellaswag/test/1853.json,4,3072,1803.0,3072.0,12288.0,0.5869140625,0.146728515625,0.5869140625,0.5109545898934206,0.48678890739878017
llama4_maverick,hellaswag/test/1853.json,8,3072,2276.0,3072.0,24576.0,0.7408854166666666,0.09261067708333333,0.7408854166666666,0.5109545898934206,0.540416494011879
llama4_maverick,hellaswag/test/1854.json,1,3072,878.0,3072.0,3072.0,0.2858072916666667,0.2858072916666667,0.2858072916666667,0.42647478605310124,0.2858072916666667
llama4_maverick,hellaswag/test/1854.json,2,3072,1155.0,3072.0,6144.0,0.3759765625,0.18798828125,0.3759765625,0.42647478605310124,0.3426977681616942
llama4_maverick,hellaswag/test/1854.json,4,3072,1501.0,3072.0,12288.0,0.4886067708333333,0.12215169270833333,0.4886067708333333,0.42647478605310124,0.3956730713446935
llama4_maverick,hellaswag/test/1854.json,8,3072,1841.0,3072.0,24576.0,0.5992838541666666,0.07491048177083333,0.5992838541666666,0.42647478605310124,0.4348020615677039
llama4_maverick,hellaswag/test/1864.json,1,3072,1005.0,3072.0,3072.0,0.3271484375,0.3271484375,0.3271484375,0.4775732234120369,0.3271484375
llama4_maverick,hellaswag/test/1864.json,2,3072,1310.0,3072.0,6144.0,0.4264322916666667,0.21321614583333334,0.4264322916666667,0.4775732234120369,0.3897895775735378
llama4_maverick,hellaswag/test/1864.json,4,3072,1692.0,3072.0,12288.0,0.55078125,0.1376953125,0.55078125,0.4775732234120369,0.44824063032865524
llama4_maverick,hellaswag/test/1864.json,8,3072,2308.0,3072.0,24576.0,0.7513020833333334,0.09391276041666667,0.7513020833333334,0.4775732234120369,0.5185730941593647
llama4_maverick,hellaswag/test/1865.json,1,3072,981.0,3072.0,3072.0,0.3193359375,0.3193359375,0.3193359375,0.4597449265420437,0.3193359375
llama4_maverick,hellaswag/test/1865.json,2,3072,1299.0,3072.0,6144.0,0.4228515625,0.21142578125,0.4228515625,0.4597449265420437,0.38464702976246673
llama4_maverick,hellaswag/test/1865.json,4,3072,1608.0,3072.0,12288.0,0.5234375,0.130859375,0.5234375,0.4597449265420437,0.43205152327815693
llama4_maverick,hellaswag/test/1865.json,8,3072,1914.0,3072.0,24576.0,0.623046875,0.077880859375,0.623046875,0.4597449265420437,0.4671922984222571
llama4_maverick,hellaswag/test/1866.json,1,3072,847.0,3072.0,3072.0,0.2757161458333333,0.2757161458333333,0.2757161458333333,0.4219318702816963,0.2757161458333333
llama4_maverick,hellaswag/test/1866.json,2,3072,1205.0,3072.0,6144.0,0.3922526041666667,0.19612630208333334,0.3922526041666667,0.4219318702816963,0.3492424724002679
llama4_maverick,hellaswag/test/1866.json,4,3072,1484.0,3072.0,12288.0,0.4830729166666667,0.12076822916666667,0.4830729166666667,0.4219318702816963,0.39228317017356557
llama4_maverick,hellaswag/test/1866.json,8,3072,1758.0,3072.0,24576.0,0.572265625,0.071533203125,0.572265625,0.4219318702816963,0.4239560241500537
llama4_maverick,hellaswag/test/1875.json,1,3072,895.0,3072.0,3072.0,0.2913411458333333,0.2913411458333333,0.2913411458333333,0.4313131545980771,0.2913411458333333
llama4_maverick,hellaswag/test/1875.json,2,3072,1193.0,3072.0,6144.0,0.3883463541666667,0.19417317708333334,0.3883463541666667,0.4313131545980771,0.3525446181495984
llama4_maverick,hellaswag/test/1875.json,4,3072,1506.0,3072.0,12288.0,0.490234375,0.12255859375,0.490234375,0.4313131545980771,0.40091608340541524
llama4_maverick,hellaswag/test/1875.json,8,3072,1801.0,3072.0,24576.0,0.5862630208333334,0.07328287760416667,0.5862630208333334,0.4313131545980771,0.4345710463821888
llama4_maverick,hellaswag/test/1878.json,1,3072,1036.0,3072.0,3072.0,0.3372395833333333,0.3372395833333333,0.3372395833333333,0.47238558654983837,0.3372395833333333
llama4_maverick,hellaswag/test/1878.json,2,3072,1329.0,3072.0,6144.0,0.4326171875,0.21630859375,0.4326171875,0.47238558654983837,0.3974161557853222
llama4_maverick,hellaswag/test/1878.json,4,3072,1611.0,3072.0,12288.0,0.5244140625,0.131103515625,0.5244140625,0.47238558654983837,0.4408774475256602
llama4_maverick,hellaswag/test/1878.json,8,3072,1934.0,3072.0,24576.0,0.6295572916666666,0.07869466145833333,0.6295572916666666,0.47238558654983837,0.4779430379470189
llama4_maverick,hellaswag/test/1885.json,1,3072,928.0,3072.0,3072.0,0.3020833333333333,0.3020833333333333,0.3020833333333333,0.4405302492280801,0.3020833333333333
llama4_maverick,hellaswag/test/1885.json,2,3072,1211.0,3072.0,6144.0,0.3942057291666667,0.19710286458333334,0.3942057291666667,0.4405302492280801,0.3602060986061891
llama4_maverick,hellaswag/test/1885.json,4,3072,1527.0,3072.0,12288.0,0.4970703125,0.124267578125,0.4970703125,0.4405302492280801,0.40899814168612164
llama4_maverick,hellaswag/test/1885.json,8,3072,1839.0,3072.0,24576.0,0.5986328125,0.0748291015625,0.5986328125,0.4405302492280801,0.44482097029685974
llama4_maverick,hellaswag/test/1891.json,1,3072,870.0,3072.0,3072.0,0.283203125,0.283203125,0.283203125,0.42073338727156323,0.283203125
llama4_maverick,hellaswag/test/1891.json,2,3072,1167.0,3072.0,6144.0,0.3798828125,0.18994140625,0.3798828125,0.42073338727156323,0.3442012183368206
llama4_maverick,hellaswag/test/1891.json,4,3072,1442.0,3072.0,12288.0,0.4694010416666667,0.11735026041666667,0.4694010416666667,0.42073338727156323,0.3867939772705237
llama4_maverick,hellaswag/test/1891.json,8,3072,1766.0,3072.0,24576.0,0.5748697916666666,0.07185872395833333,0.5748697916666666,0.42073338727156323,0.42340462158123654
llama4_maverick,hellaswag/test/1894.json,1,3072,962.0,3072.0,3072.0,0.3131510416666667,0.3131510416666667,0.3131510416666667,0.4491863449414571,0.3131510416666667
llama4_maverick,hellaswag/test/1894.json,2,3072,1243.0,3072.0,6144.0,0.4046223958333333,0.20231119791666666,0.4046223958333333,0.4491863449414571,0.37086304649710655
llama4_maverick,hellaswag/test/1894.json,4,3072,1523.0,3072.0,12288.0,0.4957682291666667,0.12394205729166667,0.4957682291666667,0.4491863449414571,0.41368287863830727
llama4_maverick,hellaswag/test/1894.json,8,3072,1904.0,3072.0,24576.0,0.6197916666666666,0.07747395833333333,0.6197916666666666,0.4491863449414571,0.457542451719443
